10/03/2026 10:51:36 -- Generating bare shacl structure
10/03/2026 10:51:39 -- Bare shacl structure done
10/03/2026 10:51:39 -- Adding counts
10/03/2026 10:51:39 -- -------------
10/03/2026 10:51:39 -- http://example.com/shapes/96efe622-1ea0-4672-9bcc-e924c45b55fc ~ http://data.europa.eu/eli/ontology#LegalExpression
10/03/2026 10:51:39 -- 	Nb15e01c2c140485db7a975aa467f154c | http://mu.semte.ch/vocabularies/core/uuid > [no object/datatype]
10/03/2026 10:51:39 -- 		 min: 1 (min found at subject)
10/03/2026 10:51:39 -- 		 max: 1 (max found at subject)
10/03/2026 10:51:39 -- 		 shacl-min: 1
10/03/2026 10:51:39 -- 		 shacl-max: 1
10/03/2026 10:51:39 -- 	N23c08a87d2604852b813fad04be1306e | http://data.europa.eu/eli/ontology#cites > [no object/datatype]
10/03/2026 10:51:39 -- 		 min: 0 (min found at subject)
10/03/2026 10:51:39 -- 		 max: 4 (max found at subject)
10/03/2026 10:51:39 -- 	N9092c21019084c48931d3a9901be80b1 | http://www.w3.org/ns/prov#wasDerivedFrom > http://data.vlaanderen.be/ns/mandaat#Mandataris
10/03/2026 10:51:39 -- 		 min: 0 (min found at subject)
10/03/2026 10:51:39 -- 		 max: 2 (max found at subject)
10/03/2026 10:51:39 -- 	Nb11ab0d88b944be0a6b28706acf0cbf5 | http://www.w3.org/ns/prov#wasDerivedFrom > http://xmlns.com/foaf/0.1/Document
10/03/2026 10:51:39 -- 		 min: 0 (min found at subject)
10/03/2026 10:51:39 -- 		 max: 2091 (max found at subject)
10/03/2026 10:51:39 -- 	Nc96c1141a3f541bfbff877b5ec938476 | http://www.w3.org/ns/prov#wasDerivedFrom > https://data.vlaanderen.be/id/concept/BesluitDocumentType/9d5bfaca-bbf2-49dd-a830-769f91a6377b
10/03/2026 10:51:39 -- 		 min: 0 (min found at subject)
10/03/2026 10:51:39 -- 		 max: 2091 (max found at subject)
10/03/2026 10:51:39 -- http://example.com/shapes/e0de4f65-cecb-4283-b701-bc245e4bc9b4 ~ http://data.vlaanderen.be/ns/mandaat#Mandataris
10/03/2026 10:51:39 -- 	Naa95dc697db543ed863af85ba6543f5e | http://www.w3.org/ns/org#hasMembership > [no object/datatype]
10/03/2026 10:51:39 -- 		 min: 0 (min found at subject)
10/03/2026 10:51:39 -- 		 max: 1 (max found at subject)
10/03/2026 10:51:39 -- 		 shacl-max: 1
10/03/2026 10:51:39 -- 	Nafaf8774615148429c139b25334826fd | http://data.vlaanderen.be/ns/persoon#gebruikteVoornaam > [no object/datatype]
10/03/2026 10:51:39 -- 		 min: 0 (min found at subject)
10/03/2026 10:51:39 -- 		 max: 1 (max found at subject)
10/03/2026 10:51:39 -- 		 shacl-max: 1
10/03/2026 10:51:39 -- 	Ne557cfbddac547b9b937a6a3ee5c9c3d | http://data.vlaanderen.be/ns/besluit#heeftNotulen > http://xmlns.com/foaf/0.1/Document
10/03/2026 10:51:39 -- 		 min: 0 (min found at subject)
10/03/2026 10:51:39 -- 		 max: 1 (max found at subject)
10/03/2026 10:51:39 -- 		 shacl-max: 1
10/03/2026 10:51:39 -- 	N9fe47ecb56c544faae923986724bf0f9 | http://data.vlaanderen.be/ns/besluit#noopener > [no object/datatype]
10/03/2026 10:51:39 -- 		 min: 0 (min found at subject)
10/03/2026 10:51:39 -- 		 max: 1 (max found at subject)
10/03/2026 10:51:39 -- 		 shacl-max: 1
10/03/2026 10:51:39 -- 	Nb3a5f68aca224f9498a1fd773a6cea2a | http://www.w3.org/ns/rdfa#usesVocabulary > [no object/datatype]
10/03/2026 10:51:39 -- 		 min: 0 (min found at subject)
10/03/2026 10:51:39 -- 		 max: 1 (max found at subject)
10/03/2026 10:51:39 -- 		 shacl-max: 1
10/03/2026 10:51:39 -- 	Neeb7b822eb704c95856e58e6dfc87694 | http://data.vlaanderen.be/ns/mandaat#start > [no object/datatype]
10/03/2026 10:51:39 -- 		 min: 0 (min found at subject)
10/03/2026 10:51:39 -- 		 max: 1 (max found at subject)
10/03/2026 10:51:39 -- 		 shacl-max: 1
10/03/2026 10:51:39 -- 	Nd54b97948049456b97b2affadb111a25 | http://data.vlaanderen.be/ns/mandaat#start > [no object/datatype]
10/03/2026 10:51:39 -- 		 min: 0 (min found at subject)
10/03/2026 10:51:39 -- 		 max: 1 (max found at subject)
10/03/2026 10:51:39 -- 		 shacl-max: 1
10/03/2026 10:51:39 -- 	N0642dad0e9a942a0b56773295decd4a2 | http://mu.semte.ch/vocabularies/ext/currentVoorzitterMandaat > [no object/datatype]
10/03/2026 10:51:39 -- 		 min: 0 (min found at subject)
10/03/2026 10:51:39 -- 		 max: 1 (max found at subject)
10/03/2026 10:51:39 -- 		 shacl-max: 1
10/03/2026 10:51:39 -- 	N046c51c2af474f21a61e81768d57b4b6 | http://xmlns.com/foaf/0.1/familyName > [no object/datatype]
10/03/2026 10:51:39 -- 		 min: 0 (min found at subject)
10/03/2026 10:51:39 -- 		 max: 2 (max found at subject)
10/03/2026 10:51:39 -- 	N8661090094d04ca4bf66d04461e79862 | http://mu.semte.ch/vocabularies/ext/oudMandaat > http://data.vlaanderen.be/ns/mandaat#Mandataris
10/03/2026 10:51:39 -- 		 min: 0 (min found at subject)
10/03/2026 10:51:39 -- 		 max: 4 (max found at subject)
10/03/2026 10:51:39 -- 	N15a1f816130545f68843b3b0c58b290d | http://data.vlaanderen.be/ns/mandaat#isBestuurlijkeAliasVan > http://www.w3.org/ns/person#Person
10/03/2026 10:51:40 -- 		 min: 0 (min found at subject)
10/03/2026 10:51:40 -- 		 max: 13 (max found at subject)
10/03/2026 10:51:40 -- 	N66e3e74608f344b695f4c375dd8b4967 | http://data.vlaanderen.be/ns/mandaat#einde > [no object/datatype]
10/03/2026 10:51:40 -- 		 min: 0 (min found at subject)
10/03/2026 10:51:40 -- 		 max: 1 (max found at subject)
10/03/2026 10:51:40 -- 		 shacl-max: 1
10/03/2026 10:51:40 -- 	Ndf7329ae90354e559a2feea9cefaad62 | http://data.vlaanderen.be/ns/mandaat#einde > [no object/datatype]
10/03/2026 10:51:40 -- 		 min: 0 (min found at subject)
10/03/2026 10:51:40 -- 		 max: 1 (max found at subject)
10/03/2026 10:51:40 -- 		 shacl-max: 1
10/03/2026 10:51:40 -- 	N9a225069fcd14302955f3e1b62ad186a | http://www.w3.org/ns/org#holds > http://data.vlaanderen.be/ns/mandaat#Mandaat
10/03/2026 10:51:40 -- 		 min: 0 (min found at subject)
10/03/2026 10:51:40 -- 		 max: 1 (max found at subject)
10/03/2026 10:51:40 -- 		 shacl-max: 1
10/03/2026 10:51:40 -- 	N29ec3137a8764abcae744508ff76cf79 | http://purl.org/dc/terms/type > [no object/datatype]
10/03/2026 10:51:40 -- 		 min: 0 (min found at subject)
10/03/2026 10:51:40 -- 		 max: 1 (max found at subject)
10/03/2026 10:51:40 -- 		 shacl-max: 1
10/03/2026 10:51:40 -- 	N04677e40f9ed4a8e8f59e335fcd3f1c0 | http://data.vlaanderen.be/ns/mandaat#isResultaatVan > http://www.w3.org/ns/person#Person
10/03/2026 10:51:40 -- 		 min: 0 (min found at subject)
10/03/2026 10:51:40 -- 		 max: 1 (max found at subject)
10/03/2026 10:51:40 -- 		 shacl-max: 1
10/03/2026 10:51:40 -- 	N5a024202b944442fa3b3e186f5e7686a | http://mu.semte.ch/vocabularies/ext/currentVoorzitterMandaatBestuursorgaan > http://data.vlaanderen.be/ns/besluit#Bestuursorgaan
10/03/2026 10:51:40 -- 		 min: 0 (min found at subject)
10/03/2026 10:51:40 -- 		 max: 1 (max found at subject)
10/03/2026 10:51:40 -- 		 shacl-max: 1
10/03/2026 10:51:40 -- 	Nb2e644cbf2184e4f8e7ca0cff40a15aa | http://www.w3.org/ns/prov#wasDerivedFrom > http://data.vlaanderen.be/ns/mandaat#Mandataris
10/03/2026 10:51:40 -- 		 min: 0 (min found at subject)
10/03/2026 10:51:40 -- 		 max: 6 (max found at subject)
10/03/2026 10:51:40 -- 	N6dfefbd44409459eb729a2b96eb0b8fb | http://www.w3.org/ns/prov#wasDerivedFrom > http://xmlns.com/foaf/0.1/Document
10/03/2026 10:51:40 -- 		 min: 0 (min found at subject)
10/03/2026 10:51:40 -- 		 max: 507 (max found at subject)
10/03/2026 10:51:40 -- 	N4d4fddfcecee496590e4ab6e731d5c4c | http://www.w3.org/ns/prov#wasDerivedFrom > https://data.vlaanderen.be/id/concept/BesluitDocumentType/9d5bfaca-bbf2-49dd-a830-769f91a6377b
10/03/2026 10:51:40 -- 		 min: 0 (min found at subject)
10/03/2026 10:51:40 -- 		 max: 507 (max found at subject)
10/03/2026 10:51:40 -- 	N7c9d1aa2eb284290b517418339b630b1 | http://www.w3.org/2004/02/skos/core#prefLabel > [no object/datatype]
10/03/2026 10:51:40 -- 		 min: 0 (min found at subject)
10/03/2026 10:51:40 -- 		 max: 1 (max found at subject)
10/03/2026 10:51:40 -- 		 shacl-max: 1
10/03/2026 10:51:40 -- 	Nad813cafdc71426d9041064bb0e3c6cc | http://data.vlaanderen.be/ns/besluit#noreferrer > [no object/datatype]
10/03/2026 10:51:40 -- 		 min: 0 (min found at subject)
10/03/2026 10:51:40 -- 		 max: 1 (max found at subject)
10/03/2026 10:51:40 -- 		 shacl-max: 1
10/03/2026 10:51:40 -- 	N16802c0abe7e499482b24920f8be7a42 | http://data.vlaanderen.be/ns/mandaat#status > [no object/datatype]
10/03/2026 10:51:40 -- 		 min: 0 (min found at subject)
10/03/2026 10:51:40 -- 		 max: 1 (max found at subject)
10/03/2026 10:51:40 -- 		 shacl-max: 1
10/03/2026 10:51:40 -- 	N0ddbea5e5a914ddb80edbb37e3961989 | http://mu.semte.ch/vocabularies/ext/isBurgemeester > [no object/datatype]
10/03/2026 10:51:40 -- 		 min: 0 (min found at subject)
10/03/2026 10:51:40 -- 		 max: 1 (max found at subject)
10/03/2026 10:51:40 -- 		 shacl-max: 1
10/03/2026 10:51:40 -- 	N098114098f714f3c90cd1e92de89520a | http://data.vlaanderen.be/ns/mandaat#rangorde > [no object/datatype]
10/03/2026 10:51:40 -- 		 min: 0 (min found at subject)
10/03/2026 10:51:40 -- 		 max: 1 (max found at subject)
10/03/2026 10:51:40 -- 		 shacl-max: 1
10/03/2026 10:51:40 -- 	Nac91d26c0c6a4f0eb1a2cb523ea70103 | http://mu.semte.ch/vocabularies/core/uuid > [no object/datatype]
10/03/2026 10:51:40 -- 		 min: 1 (min found at subject)
10/03/2026 10:51:40 -- 		 max: 1 (max found at subject)
10/03/2026 10:51:40 -- 		 shacl-min: 1
10/03/2026 10:51:40 -- 		 shacl-max: 1
10/03/2026 10:51:40 -- http://example.com/shapes/1630c71b-0f9c-44ed-b3b1-2a2d82c8c0ea ~ http://xmlns.com/foaf/0.1/Document
10/03/2026 10:51:40 -- 	N57161d96e62640a19854a32d5081ebcf | http://lblod.data.gift/vocabularies/besluit/extractedDecisionContent > [no object/datatype]
10/03/2026 10:51:41 -- 		 min: 0 (min found at subject)
10/03/2026 10:51:41 -- 		 max: 30 (max found at subject)
10/03/2026 10:51:41 -- 	Nfa0c693a851b4c3a8bd228c7431ee1fc | http://www.w3.org/ns/prov#generated > http://data.vlaanderen.be/ns/besluit#Besluit
10/03/2026 10:51:41 -- 		 min: 0 (min found at subject)
10/03/2026 10:51:41 -- 		 max: 1 (max found at subject)
10/03/2026 10:51:41 -- 		 shacl-max: 1
10/03/2026 10:51:41 -- 	N35dd5a32b14f45919a1ba590c099d2a9 | http://mu.semte.ch/vocabularies/ext/createdOnTimestamp > [no object/datatype]
10/03/2026 10:51:41 -- 		 min: 0 (min found at subject)
10/03/2026 10:51:41 -- 		 max: 1 (max found at subject)
10/03/2026 10:51:41 -- 		 shacl-max: 1
10/03/2026 10:51:41 -- 	Nd0154fc98f374a7c9280ae9f0ce4d7dc | http://data.europa.eu/eli/ontology#passed_by > http://data.vlaanderen.be/ns/besluit#Bestuursorgaan
10/03/2026 10:51:41 -- 		 min: 0 (min found at subject)
10/03/2026 10:51:41 -- 		 max: 1 (max found at subject)
10/03/2026 10:51:41 -- 		 shacl-max: 1
10/03/2026 10:51:41 -- 	Ne45120f8803640a4a1768b89b4d1b971 | http://data.vlaanderen.be/ns/besluit#noreferrer > [no object/datatype]
10/03/2026 10:51:41 -- 		 min: 0 (min found at subject)
10/03/2026 10:51:41 -- 		 max: 1 (max found at subject)
10/03/2026 10:51:41 -- 		 shacl-max: 1
10/03/2026 10:51:41 -- 	N831b25a700a04c1c9d5d896809b7778d | http://www.w3.org/ns/prov#wasDerivedFrom > http://xmlns.com/foaf/0.1/Document
10/03/2026 10:51:41 -- 		 min: 0 (min found at subject)
10/03/2026 10:51:41 -- 		 max: 2 (max found at subject)
10/03/2026 10:51:41 -- 	Nf62331404bff48e7975ff7247c01e020 | http://www.w3.org/ns/prov#wasDerivedFrom > https://data.vlaanderen.be/id/concept/BesluitDocumentType/9d5bfaca-bbf2-49dd-a830-769f91a6377b
10/03/2026 10:51:41 -- 		 min: 0 (min found at subject)
10/03/2026 10:51:41 -- 		 max: 2 (max found at subject)
10/03/2026 10:51:41 -- 	N5905003c1cbc408aaed29ef4a0f4ad15 | http://data.vlaanderen.be/ns/besluit#noopener > [no object/datatype]
10/03/2026 10:51:41 -- 		 min: 0 (min found at subject)
10/03/2026 10:51:41 -- 		 max: 1 (max found at subject)
10/03/2026 10:51:41 -- 		 shacl-max: 1
10/03/2026 10:51:41 -- 	Nd4b0cfa363ec4ed597179f9589b62581 | http://purl.org/dc/terms/type > [no object/datatype]
10/03/2026 10:51:41 -- 		 min: 0 (min found at subject)
10/03/2026 10:51:41 -- 		 max: 1 (max found at subject)
10/03/2026 10:51:41 -- 		 shacl-max: 1
10/03/2026 10:51:41 -- 	N25c6fa8290ad4cde9bead946ee824971 | http://www.w3.org/ns/rdfa#usesVocabulary > [no object/datatype]
10/03/2026 10:51:42 -- 		 min: 0 (min found at subject)
10/03/2026 10:51:42 -- 		 max: 1 (max found at subject)
10/03/2026 10:51:42 -- 		 shacl-max: 1
10/03/2026 10:51:42 -- 	Ndef789c026294221bdfe62d585e547ef | http://purl.org/dc/terms/isPartOf > http://data.vlaanderen.be/ns/besluit#Besluit
10/03/2026 10:51:42 -- 		 min: 0 (min found at subject)
10/03/2026 10:51:42 -- 		 max: 1 (max found at subject)
10/03/2026 10:51:42 -- 		 shacl-max: 1
10/03/2026 10:51:42 -- 	N00ac9cd420db4fedab0e4e334b6f165e | http://purl.org/dc/terms/isPartOf > http://mu.semte.ch/vocabularies/ext/BesluitKlassiekeStijl
10/03/2026 10:51:42 -- 		 min: 0 (min found at subject)
10/03/2026 10:51:42 -- 		 max: 1 (max found at subject)
10/03/2026 10:51:42 -- 		 shacl-max: 1
10/03/2026 10:51:42 -- 	N514d499b8b89473e8fd53232d61e836c | http://purl.org/dc/terms/isPartOf > http://mu.semte.ch/vocabularies/ext/BesluitNieuweStijl
10/03/2026 10:51:42 -- 		 min: 0 (min found at subject)
10/03/2026 10:51:42 -- 		 max: 1 (max found at subject)
10/03/2026 10:51:42 -- 		 shacl-max: 1
10/03/2026 10:51:42 -- 	Nf1f37e63c3f34c32bcab16dfd6cd28b8 | http://purl.org/dc/terms/isPartOf > https://data.vlaanderen.be/id/concept/BesluitType/256bd04a-b74b-4f2a-8f5d-14dda4765af9
10/03/2026 10:51:42 -- 		 min: 0 (min found at subject)
10/03/2026 10:51:42 -- 		 max: 1 (max found at subject)
10/03/2026 10:51:42 -- 		 shacl-max: 1
10/03/2026 10:51:42 -- 	N0fb84de2eaa94c3c871c3adec8fb26be | http://purl.org/dc/terms/isPartOf > https://data.vlaanderen.be/id/concept/BesluitType/4d8f678a-6fa4-4d5f-a2a1-80974e43bf34
10/03/2026 10:51:42 -- 		 min: 0 (min found at subject)
10/03/2026 10:51:42 -- 		 max: 1 (max found at subject)
10/03/2026 10:51:42 -- 		 shacl-max: 1
10/03/2026 10:51:42 -- 	Nc3c6e587026349baa80634c97bea1db9 | http://purl.org/dc/terms/isPartOf > https://data.vlaanderen.be/id/concept/BesluitType/67378dd0-5413-474b-8996-d992ef81637a
10/03/2026 10:51:42 -- 		 min: 0 (min found at subject)
10/03/2026 10:51:42 -- 		 max: 1 (max found at subject)
10/03/2026 10:51:42 -- 		 shacl-max: 1
10/03/2026 10:51:42 -- 	N42d4ee36d15945bfa0f94fbf722545ff | http://purl.org/dc/terms/isPartOf > https://data.vlaanderen.be/id/concept/BesluitType/e8aee49e-8762-4db2-acfe-2d5dd3c37619
10/03/2026 10:51:42 -- 		 min: 0 (min found at subject)
10/03/2026 10:51:42 -- 		 max: 1 (max found at subject)
10/03/2026 10:51:42 -- 		 shacl-max: 1
10/03/2026 10:51:42 -- 	N25bb4d7df4144c25a07f6d0ab1be5cb3 | http://purl.org/dc/terms/isPartOf > https://data.vlaanderen.be/id/concept/BesluitType/e8afe7c5-9640-4db8-8f74-3f023bec3241
10/03/2026 10:51:42 -- 		 min: 0 (min found at subject)
10/03/2026 10:51:42 -- 		 max: 1 (max found at subject)
10/03/2026 10:51:42 -- 		 shacl-max: 1
10/03/2026 10:51:42 -- 	N98e3c9993d194b42838a8da198ba6b95 | http://purl.org/dc/terms/isPartOf > https://data.vlaanderen.be/id/concept/BesluitType/f56c645d-b8e1-4066-813d-e213f5bc529f
10/03/2026 10:51:42 -- 		 min: 0 (min found at subject)
10/03/2026 10:51:42 -- 		 max: 1 (max found at subject)
10/03/2026 10:51:42 -- 		 shacl-max: 1
10/03/2026 10:51:42 -- 	N9284e4cfe4fc4305b6ddd3d5f2c350d4 | http://purl.org/dc/terms/isPartOf > https://data.vlaanderen.be/id/concept/BesluitType/fb21d14b-734b-48f4-bd4e-888163fd08e8
10/03/2026 10:51:42 -- 		 min: 0 (min found at subject)
10/03/2026 10:51:42 -- 		 max: 1 (max found at subject)
10/03/2026 10:51:42 -- 		 shacl-max: 1
10/03/2026 10:51:42 -- 	N2b4f1ddceb1742efa87919365f50895c | http://data.europa.eu/eli/ontology#date_publication > [no object/datatype]
10/03/2026 10:51:42 -- 		 min: 0 (min found at subject)
10/03/2026 10:51:42 -- 		 max: 3 (max found at subject)
10/03/2026 10:51:42 -- 	N64db1f1058394009b3d96bb802d5ae9b | http://www.w3.org/ns/prov#value > [no object/datatype]
10/03/2026 10:51:43 -- 		 min: 0 (min found at subject)
10/03/2026 10:51:43 -- 		 max: 3 (max found at subject)
10/03/2026 10:51:43 -- 	N621a6c7fec4545c4bf239130af620211 | http://mu.semte.ch/vocabularies/core/uuid > [no object/datatype]
10/03/2026 10:51:43 -- 		 min: 1 (min found at subject)
10/03/2026 10:51:43 -- 		 max: 1 (max found at subject)
10/03/2026 10:51:43 -- 		 shacl-min: 1
10/03/2026 10:51:43 -- 		 shacl-max: 1
10/03/2026 10:51:43 -- http://example.com/shapes/13ae5a6b-5a8a-4192-8623-a8a38175e3df ~ https://data.vlaanderen.be/id/concept/BesluitDocumentType/9d5bfaca-bbf2-49dd-a830-769f91a6377b
10/03/2026 10:51:43 -- 	Nc1c887a19c964859a8e4aa7ed1cfee58 | http://data.europa.eu/eli/ontology#date_publication > [no object/datatype]
10/03/2026 10:51:43 -- 		 min: 0 (min found at subject)
10/03/2026 10:51:43 -- 		 max: 1 (max found at subject)
10/03/2026 10:51:43 -- 		 shacl-max: 1
10/03/2026 10:51:43 -- 	N4eb22282b9ba49ee82f149ade9b260ce | http://purl.org/dc/terms/type > [no object/datatype]
10/03/2026 10:51:43 -- 		 min: 0 (min found at subject)
10/03/2026 10:51:43 -- 		 max: 1 (max found at subject)
10/03/2026 10:51:43 -- 		 shacl-max: 1
10/03/2026 10:51:43 -- 	N1dbb4ddc44df438b9d8aae05226a4735 | http://data.vlaanderen.be/ns/besluit#noreferrer > [no object/datatype]
10/03/2026 10:51:43 -- 		 min: 0 (min found at subject)
10/03/2026 10:51:43 -- 		 max: 1 (max found at subject)
10/03/2026 10:51:43 -- 		 shacl-max: 1
10/03/2026 10:51:43 -- 	Ndc6056f4ed3048fbb8a86d2f09fe822e | http://mu.semte.ch/vocabularies/core/uuid > [no object/datatype]
10/03/2026 10:51:43 -- 		 min: 1 (min found at subject)
10/03/2026 10:51:43 -- 		 max: 1 (max found at subject)
10/03/2026 10:51:43 -- 		 shacl-min: 1
10/03/2026 10:51:43 -- 		 shacl-max: 1
10/03/2026 10:51:43 -- 	N58e43848870b421599d4553e8fe34e3c | http://data.vlaanderen.be/ns/besluit#noopener > [no object/datatype]
10/03/2026 10:51:43 -- 		 min: 0 (min found at subject)
10/03/2026 10:51:43 -- 		 max: 1 (max found at subject)
10/03/2026 10:51:43 -- 		 shacl-max: 1
10/03/2026 10:51:43 -- 	N6a18ff57c24d4ad5ac0daa462096bc05 | http://www.w3.org/ns/prov#wasDerivedFrom > http://xmlns.com/foaf/0.1/Document
10/03/2026 10:51:43 -- 		 min: 1 (min found at subject)
10/03/2026 10:51:43 -- 		 max: 1 (max found at subject)
10/03/2026 10:51:43 -- 		 shacl-min: 1
10/03/2026 10:51:43 -- 		 shacl-max: 1
10/03/2026 10:51:43 -- 	N93c16eeb9f4c4f7f8878a8ce6a429285 | http://www.w3.org/ns/prov#wasDerivedFrom > https://data.vlaanderen.be/id/concept/BesluitDocumentType/9d5bfaca-bbf2-49dd-a830-769f91a6377b
10/03/2026 10:51:43 -- 		 min: 1 (min found at subject)
10/03/2026 10:51:43 -- 		 max: 1 (max found at subject)
10/03/2026 10:51:43 -- 		 shacl-min: 1
10/03/2026 10:51:43 -- 		 shacl-max: 1
10/03/2026 10:51:43 -- 	N41c67d94630c4353929e73911a4005f2 | http://www.w3.org/ns/rdfa#usesVocabulary > [no object/datatype]
10/03/2026 10:51:43 -- 		 min: 0 (min found at subject)
10/03/2026 10:51:43 -- 		 max: 1 (max found at subject)
10/03/2026 10:51:43 -- 		 shacl-max: 1
10/03/2026 10:51:43 -- 	N37c7d0dd05604136abea20957002e6e9 | http://www.w3.org/ns/prov#value > [no object/datatype]
10/03/2026 10:51:43 -- 		 min: 0 (min found at subject)
10/03/2026 10:51:43 -- 		 max: 2 (max found at subject)
10/03/2026 10:51:43 -- 	Ne351e617e2b1494b946b43929af72cee | http://mu.semte.ch/vocabularies/ext/createdOnTimestamp > [no object/datatype]
10/03/2026 10:51:43 -- 		 min: 0 (min found at subject)
10/03/2026 10:51:43 -- 		 max: 1 (max found at subject)
10/03/2026 10:51:43 -- 		 shacl-max: 1
10/03/2026 10:51:43 -- 	N4893cf451cbd4541853b66e108263d6d | http://lblod.data.gift/vocabularies/besluit/extractedDecisionContent > [no object/datatype]
10/03/2026 10:51:43 -- 		 min: 0 (min found at subject)
10/03/2026 10:51:43 -- 		 max: 30 (max found at subject)
10/03/2026 10:51:43 -- http://example.com/shapes/07126edf-ad08-4c93-a33c-ca86123612e6 ~ http://data.lblod.info/vocabularies/leidinggevenden/Functionaris
10/03/2026 10:51:43 -- 	Nfa8317dc4aeb41a1b406a7250b94f4f2 | http://mu.semte.ch/vocabularies/core/uuid > [no object/datatype]
10/03/2026 10:51:43 -- 		 min: 1 (min found at subject)
10/03/2026 10:51:43 -- 		 max: 1 (max found at subject)
10/03/2026 10:51:43 -- 		 shacl-min: 1
10/03/2026 10:51:43 -- 		 shacl-max: 1
10/03/2026 10:51:43 -- 	Nd3080bbd59b1454182df94b512809ba3 | http://xmlns.com/foaf/0.1/familyName > [no object/datatype]
10/03/2026 10:51:43 -- 		 min: 1 (min found at subject)
10/03/2026 10:51:43 -- 		 max: 1 (max found at subject)
10/03/2026 10:51:43 -- 		 shacl-min: 1
10/03/2026 10:51:43 -- 		 shacl-max: 1
10/03/2026 10:51:43 -- 	Nca53aa0511e44b18b97f4e2724a52500 | http://data.vlaanderen.be/ns/persoon#gebruikteVoornaam > [no object/datatype]
10/03/2026 10:51:43 -- 		 min: 1 (min found at subject)
10/03/2026 10:51:43 -- 		 max: 1 (max found at subject)
10/03/2026 10:51:43 -- 		 shacl-min: 1
10/03/2026 10:51:43 -- 		 shacl-max: 1
10/03/2026 10:51:43 -- 	Nffc5e6f0627a4519a7f050cf34c8665f | http://data.vlaanderen.be/ns/mandaat#isBestuurlijkeAliasVan > [no object/datatype]
10/03/2026 10:51:43 -- 		 min: 1 (min found at subject)
10/03/2026 10:51:43 -- 		 max: 1 (max found at subject)
10/03/2026 10:51:43 -- 		 shacl-min: 1
10/03/2026 10:51:43 -- 		 shacl-max: 1
10/03/2026 10:51:43 -- 	Ne1777574245e4bf09a5256c357f892f5 | http://www.w3.org/ns/prov#wasDerivedFrom > http://data.vlaanderen.be/ns/mandaat#Mandataris
10/03/2026 10:51:43 -- 		 min: 0 (min found at subject)
10/03/2026 10:51:43 -- 		 max: 6 (max found at subject)
10/03/2026 10:51:43 -- 	N1ee46947450e42f5ac07957c8511a7a4 | http://www.w3.org/ns/prov#wasDerivedFrom > http://xmlns.com/foaf/0.1/Document
10/03/2026 10:51:43 -- 		 min: 63 (min found at subject)
10/03/2026 10:51:43 -- 		 max: 304 (max found at subject)
10/03/2026 10:51:43 -- 		 shacl-min: 1
10/03/2026 10:51:43 -- 	N5f29e32fb1374f6882385065f8c651cd | http://www.w3.org/ns/prov#wasDerivedFrom > https://data.vlaanderen.be/id/concept/BesluitDocumentType/9d5bfaca-bbf2-49dd-a830-769f91a6377b
10/03/2026 10:51:43 -- 		 min: 63 (min found at subject)
10/03/2026 10:51:43 -- 		 max: 304 (max found at subject)
10/03/2026 10:51:43 -- 		 shacl-min: 1
10/03/2026 10:51:43 -- http://example.com/shapes/9c3708b0-99b2-40cc-bb24-9bb41717dce5 ~ http://data.vlaanderen.be/ns/besluit#Agendapunt
10/03/2026 10:51:43 -- 	Ne23ff07295fe4446a5e35299edbf5695 | http://data.vlaanderen.be/ns/besluit#noopener > [no object/datatype]
10/03/2026 10:51:43 -- 		 min: 0 (min found at subject)
10/03/2026 10:51:43 -- 		 max: 1 (max found at subject)
10/03/2026 10:51:43 -- 		 shacl-max: 1
10/03/2026 10:51:43 -- 	Ne258d999868d4b6d8f9d091b1b0a8bd2 | http://lblod.data.gift/vocabularies/besluit/linkToPublication > [no object/datatype]
10/03/2026 10:51:43 -- 		 min: 0 (min found at subject)
10/03/2026 10:51:43 -- 		 max: 1 (max found at subject)
10/03/2026 10:51:43 -- 		 shacl-max: 1
10/03/2026 10:51:43 -- 	Ndde0323887864b569db1a90abac7deec | http://data.vlaanderen.be/ns/besluit#Agendapunt.type > http://www.w3.org/2004/02/skos/core#Concept
10/03/2026 10:51:43 -- 		 min: 0 (min found at subject)
10/03/2026 10:51:43 -- 		 max: 1 (max found at subject)
10/03/2026 10:51:43 -- 		 shacl-max: 1
10/03/2026 10:51:43 -- 	N21c400b680fc4f1ca981953a369fd3c5 | http://mu.semte.ch/vocabularies/core/uuid > [no object/datatype]
10/03/2026 10:51:43 -- 		 min: 1 (min found at subject)
10/03/2026 10:51:43 -- 		 max: 1 (max found at subject)
10/03/2026 10:51:43 -- 		 shacl-min: 1
10/03/2026 10:51:43 -- 		 shacl-max: 1
10/03/2026 10:51:43 -- 	N03536ddd33ec4d7fa3077fd89f6dc901 | http://data.vlaanderen.be/ns/besluit#aangebrachtNa > http://data.vlaanderen.be/ns/besluit#Agendapunt
10/03/2026 10:51:43 -- 		 min: 0 (min found at subject)
10/03/2026 10:51:43 -- 		 max: 1 (max found at subject)
10/03/2026 10:51:43 -- 		 shacl-max: 1
10/03/2026 10:51:43 -- 	Nccdba42985784afc965f89a2d49498c4 | http://purl.org/dc/terms/subject > [no object/datatype]
10/03/2026 10:51:43 -- 		 min: 0 (min found at subject)
10/03/2026 10:51:43 -- 		 max: 1 (max found at subject)
10/03/2026 10:51:43 -- 		 shacl-max: 1
10/03/2026 10:51:43 -- 	N9475e021e79140dd805a46e42e348e11 | http://purl.org/dc/terms/description > [no object/datatype]
10/03/2026 10:51:43 -- 		 min: 0 (min found at subject)
10/03/2026 10:51:43 -- 		 max: 3 (max found at subject)
10/03/2026 10:51:43 -- 	Ne3cee0e3db3841238cd7dbed7979f1a1 | http://data.vlaanderen.be/ns/besluit#geplandOpenbaar > [no object/datatype]
10/03/2026 10:51:43 -- 		 min: 0 (min found at subject)
10/03/2026 10:51:43 -- 		 max: 2 (max found at subject)
10/03/2026 10:51:43 -- 	Na24df770c684449fbfb75db970f10547 | http://purl.org/dc/terms/title > [no object/datatype]
10/03/2026 10:51:43 -- 		 min: 0 (min found at subject)
10/03/2026 10:51:43 -- 		 max: 3 (max found at subject)
10/03/2026 10:51:43 -- 	N253f967cb6b44698862a77fa4da43f13 | http://www.w3.org/ns/prov#wasDerivedFrom > http://data.vlaanderen.be/ns/mandaat#Mandataris
10/03/2026 10:51:44 -- 		 min: 0 (min found at subject)
10/03/2026 10:51:44 -- 		 max: 1 (max found at subject)
10/03/2026 10:51:44 -- 		 shacl-max: 1
10/03/2026 10:51:44 -- http://example.com/shapes/50a01ece-cfa7-42f0-9501-2c837047c1a7 ~ http://www.w3.org/2004/02/skos/core#Concept
10/03/2026 10:51:44 -- 	N794b3d4b53b0447aaadb5f521560ca4c | http://www.w3.org/2004/02/skos/core#prefLabel > [no object/datatype]
10/03/2026 10:51:44 -- 		 min: 0 (min found at subject)
10/03/2026 10:51:44 -- 		 max: 2 (max found at subject)
10/03/2026 10:51:44 -- 	Nd8447f3ecfff4553b4aeb641b8f184fb | http://mu.semte.ch/vocabularies/core/uuid > [no object/datatype]
10/03/2026 10:51:44 -- 		 min: 1 (min found at subject)
10/03/2026 10:51:44 -- 		 max: 1 (max found at subject)
10/03/2026 10:51:44 -- 		 shacl-min: 1
10/03/2026 10:51:44 -- 		 shacl-max: 1
10/03/2026 10:51:44 -- 	Nd09269780cae4e2d94f83e32fbb7a562 | http://www.w3.org/ns/prov#wasDerivedFrom > http://data.vlaanderen.be/ns/mandaat#Mandataris
10/03/2026 10:51:44 -- 		 min: 0 (min found at subject)
10/03/2026 10:51:44 -- 		 max: 10 (max found at subject)
10/03/2026 10:51:44 -- 	N5094f38ecdb74e6f8214b10bb83e761b | http://www.w3.org/ns/prov#wasDerivedFrom > http://xmlns.com/foaf/0.1/Document
10/03/2026 10:51:44 -- 		 min: 0 (min found at subject)
10/03/2026 10:51:44 -- 		 max: 2675 (max found at subject)
10/03/2026 10:51:44 -- 	N5a0528ee297f404881c661af14641813 | http://www.w3.org/ns/prov#wasDerivedFrom > https://data.vlaanderen.be/id/concept/BesluitDocumentType/9d5bfaca-bbf2-49dd-a830-769f91a6377b
10/03/2026 10:51:44 -- 		 min: 0 (min found at subject)
10/03/2026 10:51:44 -- 		 max: 2675 (max found at subject)
10/03/2026 10:51:44 -- 	Nfbe7aa56410a4d88925893bde97f8673 | http://data.europa.eu/eli/ontology#date_publication > [no object/datatype]
10/03/2026 10:51:44 -- 		 min: 0 (min found at subject)
10/03/2026 10:51:44 -- 		 max: 1 (max found at subject)
10/03/2026 10:51:44 -- 		 shacl-max: 1
10/03/2026 10:51:44 -- 	N14f2a8987440449bab826e7e38ab10e1 | http://www.w3.org/ns/prov#wasGeneratedBy > http://data.vlaanderen.be/ns/besluit#BehandelingVanAgendapunt
10/03/2026 10:51:44 -- 		 min: 0 (min found at subject)
10/03/2026 10:51:44 -- 		 max: 1 (max found at subject)
10/03/2026 10:51:44 -- 		 shacl-max: 1
10/03/2026 10:51:44 -- 	Nc7dda312062045c9bea9238553da633e | http://data.europa.eu/eli/ontology#passed_by > http://data.vlaanderen.be/ns/besluit#Bestuursorgaan
10/03/2026 10:51:44 -- 		 min: 0 (min found at subject)
10/03/2026 10:51:44 -- 		 max: 1 (max found at subject)
10/03/2026 10:51:44 -- 		 shacl-max: 1
10/03/2026 10:51:44 -- http://example.com/shapes/682e0906-9753-4c0f-ac28-aefef8b045b2 ~ http://data.vlaanderen.be/ns/besluit#Artikel
10/03/2026 10:51:44 -- 	N696b973e741a4721acb401568dd8ab4d | http://lblod.data.gift/vocabularies/editor/isLumpNode > [no object/datatype]
10/03/2026 10:51:44 -- 		 min: 0 (min found at subject)
10/03/2026 10:51:44 -- 		 max: 89 (max found at subject)
10/03/2026 10:51:44 -- 	N54886cd4f33a44389c43a7a05afa7713 | http://data.europa.eu/eli/ontology#language > http://data.vlaanderen.be/ns/besluit#Besluit
10/03/2026 10:51:44 -- 		 min: 0 (min found at subject)
10/03/2026 10:51:44 -- 		 max: 1 (max found at subject)
10/03/2026 10:51:44 -- 		 shacl-max: 1
10/03/2026 10:51:44 -- 	N6943100190f9432f90a7bd8e4533064a | http://data.europa.eu/eli/ontology#language > http://mu.semte.ch/vocabularies/ext/BesluitKlassiekeStijl
10/03/2026 10:51:44 -- 		 min: 0 (min found at subject)
10/03/2026 10:51:44 -- 		 max: 1 (max found at subject)
10/03/2026 10:51:44 -- 		 shacl-max: 1
10/03/2026 10:51:44 -- 	N78faade7e92b4465ad6a17d58d46d0ed | http://data.europa.eu/eli/ontology#language > http://mu.semte.ch/vocabularies/ext/BesluitNieuweStijl
10/03/2026 10:51:44 -- 		 min: 0 (min found at subject)
10/03/2026 10:51:44 -- 		 max: 1 (max found at subject)
10/03/2026 10:51:44 -- 		 shacl-max: 1
10/03/2026 10:51:44 -- 	N78646b05824b45c59cc8837b5518ea2d | http://data.europa.eu/eli/ontology#language > http://www.w3.org/2004/02/skos/core#Concept
10/03/2026 10:51:44 -- 		 min: 0 (min found at subject)
10/03/2026 10:51:44 -- 		 max: 1 (max found at subject)
10/03/2026 10:51:44 -- 		 shacl-max: 1
10/03/2026 10:51:44 -- 	N46e1addf8b134221b57b19387a60d766 | http://data.europa.eu/eli/ontology#language > https://data.vlaanderen.be/id/concept/BesluitType/ba5922c9-cfad-4b2e-b203-36479219ba56
10/03/2026 10:51:44 -- 		 min: 0 (min found at subject)
10/03/2026 10:51:44 -- 		 max: 1 (max found at subject)
10/03/2026 10:51:44 -- 		 shacl-max: 1
10/03/2026 10:51:44 -- 	N5c32c8dcab2341179324b34879273d2e | http://data.europa.eu/eli/ontology#language > https://data.vlaanderen.be/id/concept/BesluitType/e96ec8af-6480-4b32-876a-fefe5f0a3793
10/03/2026 10:51:44 -- 		 min: 0 (min found at subject)
10/03/2026 10:51:44 -- 		 max: 1 (max found at subject)
10/03/2026 10:51:44 -- 		 shacl-max: 1
10/03/2026 10:51:44 -- 	N418e938042ad4907bb75f874b1a3e8f2 | http://www.w3.org/ns/prov#value > [no object/datatype]
10/03/2026 10:51:44 -- 		 min: 0 (min found at subject)
10/03/2026 10:51:44 -- 		 max: 46 (max found at subject)
10/03/2026 10:51:44 -- 	Ne83391f3b1b847e3880dca49e9f7e0d6 | http://mu.semte.ch/vocabularies/core/uuid > [no object/datatype]
10/03/2026 10:51:44 -- 		 min: 1 (min found at subject)
10/03/2026 10:51:44 -- 		 max: 1 (max found at subject)
10/03/2026 10:51:44 -- 		 shacl-min: 1
10/03/2026 10:51:44 -- 		 shacl-max: 1
10/03/2026 10:51:44 -- 	Nd43aeaf8ef9b46dca527c11c66294e15 | http://mu.semte.ch/vocabularies/ext/fractievormingTable > [no object/datatype]
10/03/2026 10:51:44 -- 		 min: 0 (min found at subject)
10/03/2026 10:51:44 -- 		 max: 1 (max found at subject)
10/03/2026 10:51:44 -- 		 shacl-max: 1
10/03/2026 10:51:44 -- 	N5d19886c51da4ef8ad9545266a056cbc | https://say.data.gift/ns/body > [no object/datatype]
10/03/2026 10:51:44 -- 		 min: 0 (min found at subject)
10/03/2026 10:51:44 -- 		 max: 2 (max found at subject)
10/03/2026 10:51:44 -- 	Ne3b5139978b34e72bbbb2eb9b5854247 | https://say.data.gift/ns/body > [no object/datatype]
10/03/2026 10:51:44 -- 		 min: 0 (min found at subject)
10/03/2026 10:51:44 -- 		 max: 2 (max found at subject)
10/03/2026 10:51:44 -- 	Nac8d789462cb47caac7baeee3ca2d2ef | http://mu.semte.ch/vocabularies/ext/bekrachtigtAanstellingVan > http://data.vlaanderen.be/ns/mandaat#Mandataris
10/03/2026 10:51:44 -- 		 min: 0 (min found at subject)
10/03/2026 10:51:44 -- 		 max: 28 (max found at subject)
10/03/2026 10:51:44 -- 	N83122cf1950e4555a3f74450eb876112 | http://mu.semte.ch/vocabularies/ext/insertTableVastBureau > [no object/datatype]
10/03/2026 10:51:44 -- 		 min: 0 (min found at subject)
10/03/2026 10:51:44 -- 		 max: 1 (max found at subject)
10/03/2026 10:51:44 -- 		 shacl-max: 1
10/03/2026 10:51:44 -- 	N1620891882d04631a241bb0bbf02dccf | https://data.vlaanderen.be/ns/mobiliteit#heeftVerkeersmaatregel > [no object/datatype]
10/03/2026 10:51:44 -- 		 min: 0 (min found at subject)
10/03/2026 10:51:44 -- 		 max: 1 (max found at subject)
10/03/2026 10:51:44 -- 		 shacl-max: 1
10/03/2026 10:51:44 -- 	Nc7f85b41b250481d882bd3a784fe58af | http://data.europa.eu/eli/ontology#title > [no object/datatype]
10/03/2026 10:51:44 -- 		 min: 0 (min found at subject)
10/03/2026 10:51:44 -- 		 max: 1 (max found at subject)
10/03/2026 10:51:44 -- 		 shacl-max: 1
10/03/2026 10:51:44 -- 	N7400b600681846468a216081bb6dfe84 | http://mu.semte.ch/vocabularies/ext/bekrachtigdAfwezigheidMetKennisGeving > http://www.w3.org/ns/person#Person
10/03/2026 10:51:44 -- 		 min: 0 (min found at subject)
10/03/2026 10:51:44 -- 		 max: 1 (max found at subject)
10/03/2026 10:51:44 -- 		 shacl-max: 1
10/03/2026 10:51:44 -- 	Ne698cff5078643ff8bdf12f725e2d522 | http://www.w3.org/ns/prov#wasDerivedFrom > http://data.vlaanderen.be/ns/mandaat#Mandataris
10/03/2026 10:51:44 -- 		 min: 0 (min found at subject)
10/03/2026 10:51:44 -- 		 max: 1 (max found at subject)
10/03/2026 10:51:44 -- 		 shacl-max: 1
10/03/2026 10:51:44 -- 	N01464edb917b423ea448fe4ae64c5376 | http://www.w3.org/ns/prov#wasDerivedFrom > http://xmlns.com/foaf/0.1/Document
10/03/2026 10:51:44 -- 		 min: 0 (min found at subject)
10/03/2026 10:51:44 -- 		 max: 138 (max found at subject)
10/03/2026 10:51:44 -- 	N6ec1de4ba5ac4d20a4c87de70108e294 | http://www.w3.org/ns/prov#wasDerivedFrom > https://data.vlaanderen.be/id/concept/BesluitDocumentType/9d5bfaca-bbf2-49dd-a830-769f91a6377b
10/03/2026 10:51:44 -- 		 min: 0 (min found at subject)
10/03/2026 10:51:44 -- 		 max: 138 (max found at subject)
10/03/2026 10:51:44 -- 	N95ca935c4b54434a9e2298d6270715d0 | https://data.vlaanderen.be/ns/mobiliteit#wordtAangeduidDoor > [no object/datatype]
10/03/2026 10:51:44 -- 		 min: 0 (min found at subject)
10/03/2026 10:51:44 -- 		 max: 3 (max found at subject)
10/03/2026 10:51:44 -- 	N93b5c5ce55df4222aaef5c779b3466c2 | http://mu.semte.ch/vocabularies/ext/insertTableRMW > [no object/datatype]
10/03/2026 10:51:44 -- 		 min: 0 (min found at subject)
10/03/2026 10:51:44 -- 		 max: 1 (max found at subject)
10/03/2026 10:51:44 -- 		 shacl-max: 1
10/03/2026 10:51:44 -- 	N39ba8c211eb940faa44b25650a3e7195 | http://data.europa.eu/eli/ontology#number > [no object/datatype]
10/03/2026 10:51:44 -- 		 min: 0 (min found at subject)
10/03/2026 10:51:44 -- 		 max: 62 (max found at subject)
10/03/2026 10:51:44 -- 	N9314a649962f4feca419141df60d3638 | http://mu.semte.ch/vocabularies/ext/bekrachtigdAfstandVanMandaatDoor > http://www.w3.org/ns/person#Person
10/03/2026 10:51:44 -- 		 min: 0 (min found at subject)
10/03/2026 10:51:44 -- 		 max: 1 (max found at subject)
10/03/2026 10:51:44 -- 		 shacl-max: 1
10/03/2026 10:51:44 -- 	Nb6b71caa708c4ea7a1825729d7640919 | http://lblod.data.gift/vocabularies/besluit/extractedDecisionContent > [no object/datatype]
10/03/2026 10:51:44 -- 		 min: 0 (min found at subject)
10/03/2026 10:51:44 -- 		 max: 973 (max found at subject)
10/03/2026 10:51:44 -- http://example.com/shapes/4edb4933-b7a3-49ee-a2ce-cc5311dc04f8 ~ http://data.vlaanderen.be/ns/besluit#Besluit
10/03/2026 10:51:44 -- 	N5ae6243e2e93426d97d6fc889f7894ef | http://lblod.data.gift/vocabularies/editor/isLumpNode > [no object/datatype]
10/03/2026 10:51:45 -- 		 min: 0 (min found at subject)
10/03/2026 10:51:45 -- 		 max: 5 (max found at subject)
10/03/2026 10:51:45 -- 	N0c4b1a27725c4ca5b482012040407bfd | http://mu.semte.ch/vocabularies/ext/insertBesluitAanstellingGemeenteraadsleden > [no object/datatype]
10/03/2026 10:51:45 -- 		 min: 0 (min found at subject)
10/03/2026 10:51:45 -- 		 max: 1 (max found at subject)
10/03/2026 10:51:45 -- 		 shacl-max: 1
10/03/2026 10:51:45 -- 	Nd21f33ae10fb4fb6a02a035badab1067 | http://mu.semte.ch/vocabularies/ext/hiddenBesluitType > [no object/datatype]
10/03/2026 10:51:45 -- 		 min: 0 (min found at subject)
10/03/2026 10:51:45 -- 		 max: 1 (max found at subject)
10/03/2026 10:51:45 -- 		 shacl-max: 1
10/03/2026 10:51:45 -- 	Nbe9be43bf05e4e99bf5205238ef6d383 | http://mu.semte.ch/vocabularies/ext/comiteAanstellingTable > [no object/datatype]
10/03/2026 10:51:45 -- 		 min: 0 (min found at subject)
10/03/2026 10:51:45 -- 		 max: 1 (max found at subject)
10/03/2026 10:51:45 -- 		 shacl-max: 1
10/03/2026 10:51:45 -- 	Nb0826b46604748e199c737cfd75773f5 | http://data.europa.eu/eli/ontology#cites > http://data.europa.eu/eli/ontology#LegalExpression
10/03/2026 10:51:46 -- 		 min: 0 (min found at subject)
10/03/2026 10:51:46 -- 		 max: 12 (max found at subject)
10/03/2026 10:51:46 -- 	Nb62893f8e8124426afc4d43df3933e29 | http://data.europa.eu/eli/ontology#cites > http://data.vlaanderen.be/ns/besluit#Besluit
10/03/2026 10:51:46 -- 		 min: 0 (min found at subject)
10/03/2026 10:51:46 -- 		 max: 1 (max found at subject)
10/03/2026 10:51:46 -- 		 shacl-max: 1
10/03/2026 10:51:46 -- 	Ne2d51813162f4a23ad090e40e6b86972 | http://data.europa.eu/eli/ontology#cites > http://data.vlaanderen.be/ns/mandaat#Aanstellingsbesluit
10/03/2026 10:51:46 -- 		 min: 0 (min found at subject)
10/03/2026 10:51:46 -- 		 max: 1 (max found at subject)
10/03/2026 10:51:46 -- 		 shacl-max: 1
10/03/2026 10:51:46 -- 	N323180dac8ba4d929a19875c9b6675b9 | http://data.europa.eu/eli/ontology#cites > http://mu.semte.ch/vocabularies/ext/BesluitNieuweStijl
10/03/2026 10:51:47 -- 		 min: 0 (min found at subject)
10/03/2026 10:51:47 -- 		 max: 1 (max found at subject)
10/03/2026 10:51:47 -- 		 shacl-max: 1
10/03/2026 10:51:47 -- 	Nd4712a7d792f4279a43f89d3adff66d5 | http://data.europa.eu/eli/ontology#cites > http://mu.semte.ch/vocabularies/ext/BesluitSchepenen
10/03/2026 10:51:47 -- 		 min: 0 (min found at subject)
10/03/2026 10:51:47 -- 		 max: 1 (max found at subject)
10/03/2026 10:51:47 -- 		 shacl-max: 1
10/03/2026 10:51:47 -- 	N6697a16b293f48228991d49a0b9733d5 | http://data.europa.eu/eli/ontology#cites > http://mu.semte.ch/vocabularies/ext/BesluitSchepenenNieuweStijl
10/03/2026 10:51:47 -- 		 min: 0 (min found at subject)
10/03/2026 10:51:47 -- 		 max: 1 (max found at subject)
10/03/2026 10:51:47 -- 		 shacl-max: 1
10/03/2026 10:51:47 -- 	N26b18cd77107426f8569ad250a773ac5 | http://data.europa.eu/eli/ontology#cites > http://mu.semte.ch/vocabularies/ext/BesluitVerkiezingVoorzitter
10/03/2026 10:51:47 -- 		 min: 0 (min found at subject)
10/03/2026 10:51:47 -- 		 max: 1 (max found at subject)
10/03/2026 10:51:47 -- 		 shacl-max: 1
10/03/2026 10:51:47 -- 	N759778f14a184eaa8411d469a43f9c54 | http://data.europa.eu/eli/ontology#cites > http://mu.semte.ch/vocabularies/ext/BesluitVerkiezingVoorzitterNieuweStijl
10/03/2026 10:51:48 -- 		 min: 0 (min found at subject)
10/03/2026 10:51:48 -- 		 max: 1 (max found at subject)
10/03/2026 10:51:48 -- 		 shacl-max: 1
10/03/2026 10:51:48 -- 	N3df34bc7b9934a9b9217f5d994af80a8 | http://data.europa.eu/eli/ontology#cites > https://data.vlaanderen.be/id/concept/BesluitType/256bd04a-b74b-4f2a-8f5d-14dda4765af9
10/03/2026 10:51:48 -- 		 min: 0 (min found at subject)
10/03/2026 10:51:48 -- 		 max: 1 (max found at subject)
10/03/2026 10:51:48 -- 		 shacl-max: 1
10/03/2026 10:51:48 -- 	Nf55d69fd5b374625adb81ca306452a35 | http://data.europa.eu/eli/ontology#cites > https://data.vlaanderen.be/id/concept/BesluitType/67378dd0-5413-474b-8996-d992ef81637a
10/03/2026 10:51:48 -- 		 min: 0 (min found at subject)
10/03/2026 10:51:48 -- 		 max: 1 (max found at subject)
10/03/2026 10:51:48 -- 		 shacl-max: 1
10/03/2026 10:51:48 -- 	N1f469c4713a848779044c1c58a142ef7 | http://data.europa.eu/eli/ontology#cites > [no object/datatype]
10/03/2026 10:51:48 -- 		 min: 0 (min found at subject)
10/03/2026 10:51:48 -- 		 max: 16 (max found at subject)
10/03/2026 10:51:48 -- 	N83e09e18333247d5934f69600db5f584 | ext:content > [no object/datatype]
10/03/2026 10:51:49 -- 		 min: 0 (min found at subject)
10/03/2026 10:51:49 -- 		 max: 4 (max found at subject)
10/03/2026 10:51:49 -- 	N2317109b87a8435a90b53b6dfbfe6c76 | http://mu.semte.ch/vocabularies/ext/mandatarisTabelInput > [no object/datatype]
10/03/2026 10:51:49 -- 		 min: 0 (min found at subject)
10/03/2026 10:51:49 -- 		 max: 1 (max found at subject)
10/03/2026 10:51:49 -- 		 shacl-max: 1
10/03/2026 10:51:49 -- 	N289e992c3d7746909485723c258a9668 | http://data.vlaanderen.be/ns/besluit#nofollow > [no object/datatype]
10/03/2026 10:51:49 -- 		 min: 0 (min found at subject)
10/03/2026 10:51:49 -- 		 max: 2 (max found at subject)
10/03/2026 10:51:49 -- 	N0a509a15d7114addbcc8b6afb54d7315 | http://data.vlaanderen.be/ns/besluit#eli.cites > http://data.europa.eu/eli/ontology#LegalExpression
10/03/2026 10:51:50 -- 		 min: 0 (min found at subject)
10/03/2026 10:51:50 -- 		 max: 1 (max found at subject)
10/03/2026 10:51:50 -- 		 shacl-max: 1
10/03/2026 10:51:50 -- 	Na53ae1ff5941435b9b837b68a5858454 | http://www.w3.org/ns/prov#wasGeneratedBy > http://data.vlaanderen.be/ns/besluit#BehandelingVanAgendapunt
10/03/2026 10:51:50 -- 		 min: 0 (min found at subject)
10/03/2026 10:51:50 -- 		 max: 2 (max found at subject)
10/03/2026 10:51:50 -- 	Nbf17c940e7fd4aff8808f3aa6e755d03 | http://mu.semte.ch/vocabularies/ext/insertBesluitAanstellingSchepenen > [no object/datatype]
10/03/2026 10:51:50 -- 		 min: 0 (min found at subject)
10/03/2026 10:51:50 -- 		 max: 1 (max found at subject)
10/03/2026 10:51:50 -- 		 shacl-max: 1
10/03/2026 10:51:50 -- 	Ne26dc694e72e49d5af8a16cae35dafab | http://data.europa.eu/eli/ontology#date_publication > [no object/datatype]
10/03/2026 10:51:50 -- 		 min: 0 (min found at subject)
10/03/2026 10:51:50 -- 		 max: 2 (max found at subject)
10/03/2026 10:51:50 -- 	N72f2e531eb6e4898893107f3b553d9c3 | http://www.w3.org/2004/02/skos/core#prefLabel > [no object/datatype]
10/03/2026 10:51:51 -- 		 min: 0 (min found at subject)
10/03/2026 10:51:51 -- 		 max: 1 (max found at subject)
10/03/2026 10:51:51 -- 		 shacl-max: 1
10/03/2026 10:51:51 -- 	Ncd03eccf36aa4a5ca21748cfca1df8df | http://www.w3.org/ns/prov#value > [no object/datatype]
10/03/2026 10:51:51 -- 		 min: 0 (min found at subject)
10/03/2026 10:51:51 -- 		 max: 42 (max found at subject)
10/03/2026 10:51:51 -- 	N075cac5cad7649fbad0a86b42b343113 | http://example.com/mobiliteit/wordtAangeduidDoor > [no object/datatype]
10/03/2026 10:51:51 -- 		 min: 0 (min found at subject)
10/03/2026 10:51:51 -- 		 max: 49 (max found at subject)
10/03/2026 10:51:51 -- 	N39c39db8d7d04c7aab0afb506d23e846 | http://data.vlaanderen.be/ns/mandaat#bekrachtigtAanstellingVan > http://data.vlaanderen.be/ns/mandaat#Mandataris
10/03/2026 10:51:51 -- 		 min: 0 (min found at subject)
10/03/2026 10:51:51 -- 		 max: 27 (max found at subject)
10/03/2026 10:51:51 -- 	N246bc04636574ba380ee356b921064cf | http://data.europa.eu/eli/ontology#passed_by > http://data.vlaanderen.be/ns/besluit#Bestuursorgaan
10/03/2026 10:51:52 -- 		 min: 0 (min found at subject)
10/03/2026 10:51:52 -- 		 max: 1 (max found at subject)
10/03/2026 10:51:52 -- 		 shacl-max: 1
10/03/2026 10:51:52 -- 	N326c5095438f45518002d80f50f7a9be | https://data.vlaanderen.be/ns/mobiliteit#plaatsbepaling > [no object/datatype]
10/03/2026 10:51:52 -- 		 min: 0 (min found at subject)
10/03/2026 10:51:52 -- 		 max: 4 (max found at subject)
10/03/2026 10:51:52 -- 	N8b4d9b1d8f84481e949b8e9d0a422503 | http://mu.semte.ch/vocabularies/ext/zonality > [no object/datatype]
10/03/2026 10:51:52 -- 		 min: 0 (min found at subject)
10/03/2026 10:51:52 -- 		 max: 2 (max found at subject)
10/03/2026 10:51:52 -- 	Nfe9df3c0cc2244c8a33cdd1f74b97690 | http://www.w3.org/ns/prov#wasDerivedFrom > http://data.vlaanderen.be/ns/mandaat#Mandataris
10/03/2026 10:51:53 -- 		 min: 0 (min found at subject)
10/03/2026 10:51:53 -- 		 max: 1 (max found at subject)
10/03/2026 10:51:53 -- 		 shacl-max: 1
10/03/2026 10:51:53 -- 	N87dc0c54265f410fb8947905f6a216b4 | http://www.w3.org/ns/prov#wasDerivedFrom > http://xmlns.com/foaf/0.1/Document
10/03/2026 10:51:53 -- 		 min: 0 (min found at subject)
10/03/2026 10:51:53 -- 		 max: 42 (max found at subject)
10/03/2026 10:51:53 -- 	Nbcd11e4f72f847748c08f8651136613e | http://www.w3.org/ns/prov#wasDerivedFrom > https://data.vlaanderen.be/id/concept/BesluitDocumentType/9d5bfaca-bbf2-49dd-a830-769f91a6377b
10/03/2026 10:51:53 -- 		 min: 0 (min found at subject)
10/03/2026 10:51:53 -- 		 max: 42 (max found at subject)
10/03/2026 10:51:53 -- 	Na7b9ef9e68c447289ef04b1d410d6141 | http://mu.semte.ch/vocabularies/core/uuid > [no object/datatype]
10/03/2026 10:51:53 -- 		 min: 1 (min found at subject)
10/03/2026 10:51:53 -- 		 max: 1 (max found at subject)
10/03/2026 10:51:53 -- 		 shacl-min: 1
10/03/2026 10:51:53 -- 		 shacl-max: 1
10/03/2026 10:51:53 -- 	N6cc51d1f808c4baca2d931f3599a2529 | http://data.vlaanderen.be/ns/besluit#noopener > [no object/datatype]
10/03/2026 10:51:54 -- 		 min: 0 (min found at subject)
10/03/2026 10:51:54 -- 		 max: 47 (max found at subject)
10/03/2026 10:51:54 -- 	N6c0a7abd227d484b8d25352efafb2baf | http://mu.semte.ch/vocabularies/ext/insertBurgemeesterOutput > [no object/datatype]
10/03/2026 10:51:54 -- 		 min: 0 (min found at subject)
10/03/2026 10:51:54 -- 		 max: 1 (max found at subject)
10/03/2026 10:51:54 -- 		 shacl-max: 1
10/03/2026 10:51:54 -- 	N315a8ce68f484aad9ced059ad84ccba3 | http://data.vlaanderen.be/ns/besluit#motivering > [no object/datatype]
10/03/2026 10:51:54 -- 		 min: 0 (min found at subject)
10/03/2026 10:51:54 -- 		 max: 42 (max found at subject)
10/03/2026 10:51:54 -- 	N319e7018cf0b4fbf93e4964f5f7b1a6f | http://purl.org/dc/terms/subject > [no object/datatype]
10/03/2026 10:51:55 -- 		 min: 0 (min found at subject)
10/03/2026 10:51:55 -- 		 max: 1 (max found at subject)
10/03/2026 10:51:55 -- 		 shacl-max: 1
10/03/2026 10:51:55 -- 	N9a24bc7f975a4cdf9e2a13294d8dd575 | http://mu.semte.ch/vocabularies/ext/temporal > [no object/datatype]
10/03/2026 10:51:55 -- 		 min: 0 (min found at subject)
10/03/2026 10:51:55 -- 		 max: 2 (max found at subject)
10/03/2026 10:51:55 -- 	Nc6a68e9d9ef1406dae626aed27f5d20c | http://data.europa.eu/eli/ontology#is_about > [no object/datatype]
10/03/2026 10:51:55 -- 		 min: 0 (min found at subject)
10/03/2026 10:51:55 -- 		 max: 1 (max found at subject)
10/03/2026 10:51:55 -- 		 shacl-max: 1
10/03/2026 10:51:55 -- 	N3dd6928132324b6cb5cf8c221b0ca4de | http://data.europa.eu/eli/ontology#description > [no object/datatype]
10/03/2026 10:51:55 -- 		 min: 0 (min found at subject)
10/03/2026 10:51:55 -- 		 max: 44 (max found at subject)
10/03/2026 10:51:55 -- 	Nc11885b6768f4d1e9c8317927c84a688 | http://data.europa.eu/eli/ontology#has_part > http://data.vlaanderen.be/ns/besluit#Artikel
10/03/2026 10:51:56 -- 		 min: 0 (min found at subject)
10/03/2026 10:51:56 -- 		 max: 78 (max found at subject)
10/03/2026 10:51:56 -- 	Naf00ddca703d4bd4afd76e23a766a390 | https://data.vlaanderen.be/ns/mobiliteit#heeftVerkeersmaatregel > [no object/datatype]
10/03/2026 10:51:56 -- 		 min: 0 (min found at subject)
10/03/2026 10:51:56 -- 		 max: 1 (max found at subject)
10/03/2026 10:51:56 -- 		 shacl-max: 1
10/03/2026 10:51:56 -- 	N05e64044161c4b48833245272710f0b8 | http://mu.semte.ch/vocabularies/ext/schepenenAanstellingTable > [no object/datatype]
10/03/2026 10:51:56 -- 		 min: 0 (min found at subject)
10/03/2026 10:51:56 -- 		 max: 1 (max found at subject)
10/03/2026 10:51:56 -- 		 shacl-max: 1
10/03/2026 10:51:56 -- 	N154723ab82d44d6cac3fc36ead693b25 | http://data.vlaanderen.be/ns/besluit#noreferrer > [no object/datatype]
10/03/2026 10:51:56 -- 		 min: 0 (min found at subject)
10/03/2026 10:51:56 -- 		 max: 47 (max found at subject)
10/03/2026 10:51:56 -- 	N52dc9a22aae746d2b24542c069757260 | http://data.europa.eu/eli/ontology#related_to > http://xmlns.com/foaf/0.1/Document
10/03/2026 10:51:57 -- 		 min: 0 (min found at subject)
10/03/2026 10:51:57 -- 		 max: 15 (max found at subject)
10/03/2026 10:51:57 -- 	N5b193108dd1f458dbd97255602eab36c | http://data.europa.eu/eli/ontology#title > [no object/datatype]
10/03/2026 10:51:57 -- 		 min: 0 (min found at subject)
10/03/2026 10:51:57 -- 		 max: 332 (max found at subject)
10/03/2026 10:51:57 -- 	Nde6740301c51462eae3236544eb67607 | http://mu.semte.ch/vocabularies/ext/insertBesluitAanstellingVoorzitterGemeenteraad > [no object/datatype]
10/03/2026 10:51:57 -- 		 min: 0 (min found at subject)
10/03/2026 10:51:57 -- 		 max: 1 (max found at subject)
10/03/2026 10:51:57 -- 		 shacl-max: 1
10/03/2026 10:51:57 -- 	Naed8bf06620e43b6a55f42b0d16314b2 | http://data.europa.eu/eli/ontology#number > [no object/datatype]
10/03/2026 10:51:57 -- 		 min: 0 (min found at subject)
10/03/2026 10:51:57 -- 		 max: 54 (max found at subject)
10/03/2026 10:51:57 -- 	N5cb69ac3c8fc4c91a8d59ed7c0a77ac1 | http://data.europa.eu/eli/ontology#number > [no object/datatype]
10/03/2026 10:51:58 -- 		 min: 0 (min found at subject)
10/03/2026 10:51:58 -- 		 max: 54 (max found at subject)
10/03/2026 10:51:58 -- 	Na9e24d2fc3584ad7a9f0ddfbe91b1291 | http://data.vlaanderen.be/ns/besluit#heeftAanwezigeBijStart > http://data.vlaanderen.be/ns/mandaat#Mandataris
10/03/2026 10:51:58 -- 		 min: 0 (min found at subject)
10/03/2026 10:51:58 -- 		 max: 22 (max found at subject)
10/03/2026 10:51:58 -- 	Naa59af6c8e61409382b972db03c07ca7 | http://data.europa.eu/eli/ontology#language > http://www.w3.org/2004/02/skos/core#Concept
10/03/2026 10:51:58 -- 		 min: 0 (min found at subject)
10/03/2026 10:51:58 -- 		 max: 2 (max found at subject)
10/03/2026 10:51:58 -- 	Ndcad79c00cca40eb8a9b5d2b27c2139e | http://lblod.data.gift/vocabularies/besluit/extractedDecisionContent > [no object/datatype]
10/03/2026 10:51:59 -- 		 min: 0 (min found at subject)
10/03/2026 10:51:59 -- 		 max: 211 (max found at subject)
10/03/2026 10:51:59 -- http://example.com/shapes/d9ba4de1-d376-4f13-b136-5d517d1e26f3 ~ http://mu.semte.ch/vocabularies/ext/BesluitKlassiekeStijl
10/03/2026 10:51:59 -- 	N958a3e77829043c096d5b203a6824adc | http://www.w3.org/ns/prov#wasDerivedFrom > http://data.vlaanderen.be/ns/mandaat#Mandataris
10/03/2026 10:51:59 -- 		 min: 0 (min found at subject)
10/03/2026 10:51:59 -- 		 max: 1 (max found at subject)
10/03/2026 10:51:59 -- 		 shacl-max: 1
10/03/2026 10:51:59 -- 	Na531324c00b44e9f803617534b4df998 | http://www.w3.org/ns/prov#wasDerivedFrom > http://xmlns.com/foaf/0.1/Document
10/03/2026 10:51:59 -- 		 min: 0 (min found at subject)
10/03/2026 10:51:59 -- 		 max: 42 (max found at subject)
10/03/2026 10:51:59 -- 	N736bb5747c044078ba27d6d2b584be33 | http://www.w3.org/ns/prov#wasDerivedFrom > https://data.vlaanderen.be/id/concept/BesluitDocumentType/9d5bfaca-bbf2-49dd-a830-769f91a6377b
10/03/2026 10:51:59 -- 		 min: 0 (min found at subject)
10/03/2026 10:51:59 -- 		 max: 42 (max found at subject)
10/03/2026 10:51:59 -- 	Nc317005d7dbd4ace8c5035a461a29e87 | http://www.w3.org/ns/prov#value > [no object/datatype]
10/03/2026 10:51:59 -- 		 min: 0 (min found at subject)
10/03/2026 10:51:59 -- 		 max: 42 (max found at subject)
10/03/2026 10:51:59 -- 	Nb72903d38c694d29b9ee231ef8f9e893 | http://data.europa.eu/eli/ontology#related_to > http://xmlns.com/foaf/0.1/Document
10/03/2026 10:51:59 -- 		 min: 0 (min found at subject)
10/03/2026 10:51:59 -- 		 max: 15 (max found at subject)
10/03/2026 10:51:59 -- 	N97849ede3d5b4a429e84167a976ac542 | http://lblod.data.gift/vocabularies/editor/isLumpNode > [no object/datatype]
10/03/2026 10:51:59 -- 		 min: 0 (min found at subject)
10/03/2026 10:51:59 -- 		 max: 2 (max found at subject)
10/03/2026 10:51:59 -- 	N04f8640d46ff43adb737d3fa656acb6a | http://data.europa.eu/eli/ontology#passed_by > http://data.vlaanderen.be/ns/besluit#Bestuursorgaan
10/03/2026 10:51:59 -- 		 min: 0 (min found at subject)
10/03/2026 10:51:59 -- 		 max: 1 (max found at subject)
10/03/2026 10:51:59 -- 		 shacl-max: 1
10/03/2026 10:51:59 -- 	Nadb883058bab4369a4a0fc8873d6fe72 | http://mu.semte.ch/vocabularies/core/uuid > [no object/datatype]
10/03/2026 10:51:59 -- 		 min: 1 (min found at subject)
10/03/2026 10:51:59 -- 		 max: 1 (max found at subject)
10/03/2026 10:51:59 -- 		 shacl-min: 1
10/03/2026 10:51:59 -- 		 shacl-max: 1
10/03/2026 10:51:59 -- 	N201bef7264bc4bc3a3d1d404b73f1e1a | http://data.europa.eu/eli/ontology#cites > http://data.europa.eu/eli/ontology#LegalExpression
10/03/2026 10:51:59 -- 		 min: 0 (min found at subject)
10/03/2026 10:51:59 -- 		 max: 9 (max found at subject)
10/03/2026 10:51:59 -- 	N38e27dd1860e4163a1ec8df333bde856 | http://data.europa.eu/eli/ontology#has_part > http://data.vlaanderen.be/ns/besluit#Artikel
10/03/2026 10:51:59 -- 		 min: 0 (min found at subject)
10/03/2026 10:51:59 -- 		 max: 78 (max found at subject)
10/03/2026 10:51:59 -- 	N8ab003ac2cdd402c8270e0e7ef3b8c49 | http://mu.semte.ch/vocabularies/ext/hiddenBesluitType > [no object/datatype]
10/03/2026 10:51:59 -- 		 min: 0 (min found at subject)
10/03/2026 10:51:59 -- 		 max: 1 (max found at subject)
10/03/2026 10:51:59 -- 		 shacl-max: 1
10/03/2026 10:51:59 -- 	N14fa39f7016341ea8fdcf75d90aebbfc | http://lblod.data.gift/vocabularies/besluit/extractedDecisionContent > [no object/datatype]
10/03/2026 10:51:59 -- 		 min: 0 (min found at subject)
10/03/2026 10:51:59 -- 		 max: 211 (max found at subject)
10/03/2026 10:51:59 -- 	Nd2b7f3933f6b49c388dd47d6ef1ab0bd | http://purl.org/dc/terms/subject > [no object/datatype]
10/03/2026 10:51:59 -- 		 min: 0 (min found at subject)
10/03/2026 10:51:59 -- 		 max: 1 (max found at subject)
10/03/2026 10:51:59 -- 		 shacl-max: 1
10/03/2026 10:51:59 -- 	N350471576b344b43a846f62c21eb1b64 | http://data.europa.eu/eli/ontology#number > [no object/datatype]
10/03/2026 10:51:59 -- 		 min: 0 (min found at subject)
10/03/2026 10:51:59 -- 		 max: 3 (max found at subject)
10/03/2026 10:51:59 -- 	N19caac0d68f14883a266bd022b7c107e | http://data.vlaanderen.be/ns/besluit#motivering > [no object/datatype]
10/03/2026 10:51:59 -- 		 min: 0 (min found at subject)
10/03/2026 10:51:59 -- 		 max: 42 (max found at subject)
10/03/2026 10:51:59 -- 	Nc677e02ae503447a9f1b537cf8eb0b7d | http://data.europa.eu/eli/ontology#language > http://www.w3.org/2004/02/skos/core#Concept
10/03/2026 10:51:59 -- 		 min: 1 (min found at subject)
10/03/2026 10:51:59 -- 		 max: 2 (max found at subject)
10/03/2026 10:51:59 -- 		 shacl-min: 1
10/03/2026 10:51:59 -- 	N17275edb99464c2d91783b79a4e6a65e | http://data.europa.eu/eli/ontology#description > [no object/datatype]
10/03/2026 10:51:59 -- 		 min: 0 (min found at subject)
10/03/2026 10:51:59 -- 		 max: 44 (max found at subject)
10/03/2026 10:51:59 -- 	N0ca0349326354c80b5eb96eac4b01a3b | http://data.europa.eu/eli/ontology#date_publication > [no object/datatype]
10/03/2026 10:51:59 -- 		 min: 0 (min found at subject)
10/03/2026 10:51:59 -- 		 max: 2 (max found at subject)
10/03/2026 10:51:59 -- 	N42758fd11a1b46119db6a44ef8b4ce03 | http://www.w3.org/ns/prov#wasGeneratedBy > http://data.vlaanderen.be/ns/besluit#BehandelingVanAgendapunt
10/03/2026 10:51:59 -- 		 min: 0 (min found at subject)
10/03/2026 10:51:59 -- 		 max: 1 (max found at subject)
10/03/2026 10:51:59 -- 		 shacl-max: 1
10/03/2026 10:51:59 -- 	N6cc1572338fb4b56bec6dc10cce319b0 | http://data.europa.eu/eli/ontology#title > [no object/datatype]
10/03/2026 10:51:59 -- 		 min: 1 (min found at subject)
10/03/2026 10:51:59 -- 		 max: 332 (max found at subject)
10/03/2026 10:51:59 -- 		 shacl-min: 1
10/03/2026 10:51:59 -- http://example.com/shapes/aeb31cc5-5434-45c9-be3f-bae9f282f5fa ~ http://mu.semte.ch/vocabularies/ext/BesluitNieuweStijl
10/03/2026 10:51:59 -- 	N44a052e0d86d4047ba60c0c158a17c84 | http://data.europa.eu/eli/ontology#date_publication > [no object/datatype]
10/03/2026 10:51:59 -- 		 min: 0 (min found at subject)
10/03/2026 10:51:59 -- 		 max: 2 (max found at subject)
10/03/2026 10:51:59 -- 	Nc72ec897bcc947428388390d7e46fe2d | http://www.w3.org/ns/prov#wasDerivedFrom > http://data.vlaanderen.be/ns/mandaat#Mandataris
10/03/2026 10:51:59 -- 		 min: 0 (min found at subject)
10/03/2026 10:51:59 -- 		 max: 1 (max found at subject)
10/03/2026 10:51:59 -- 		 shacl-max: 1
10/03/2026 10:51:59 -- 	N0ca461883c724271be5631a38daf9e08 | http://www.w3.org/ns/prov#wasDerivedFrom > http://xmlns.com/foaf/0.1/Document
10/03/2026 10:51:59 -- 		 min: 0 (min found at subject)
10/03/2026 10:51:59 -- 		 max: 4 (max found at subject)
10/03/2026 10:51:59 -- 	Ndeee2420071d41b4a9e17d0acf941d71 | http://www.w3.org/ns/prov#wasDerivedFrom > https://data.vlaanderen.be/id/concept/BesluitDocumentType/9d5bfaca-bbf2-49dd-a830-769f91a6377b
10/03/2026 10:51:59 -- 		 min: 0 (min found at subject)
10/03/2026 10:51:59 -- 		 max: 4 (max found at subject)
10/03/2026 10:51:59 -- 	N6a81aa15469740119ea19d770d15727f | http://data.vlaanderen.be/ns/besluit#eli.cites > http://data.europa.eu/eli/ontology#LegalExpression
10/03/2026 10:51:59 -- 		 min: 0 (min found at subject)
10/03/2026 10:51:59 -- 		 max: 1 (max found at subject)
10/03/2026 10:51:59 -- 		 shacl-max: 1
10/03/2026 10:51:59 -- 	Ne13f557736e14288a66d0e38331cbaa1 | http://purl.org/dc/terms/subject > [no object/datatype]
10/03/2026 10:51:59 -- 		 min: 0 (min found at subject)
10/03/2026 10:51:59 -- 		 max: 1 (max found at subject)
10/03/2026 10:51:59 -- 		 shacl-max: 1
10/03/2026 10:51:59 -- 	N59456ac710a34e0e88081872be48be3f | http://data.europa.eu/eli/ontology#has_part > http://data.vlaanderen.be/ns/besluit#Artikel
10/03/2026 10:51:59 -- 		 min: 0 (min found at subject)
10/03/2026 10:51:59 -- 		 max: 20 (max found at subject)
10/03/2026 10:51:59 -- 	N314575cd9db74c258c520f1fca822871 | http://www.w3.org/ns/prov#value > [no object/datatype]
10/03/2026 10:51:59 -- 		 min: 0 (min found at subject)
10/03/2026 10:51:59 -- 		 max: 2 (max found at subject)
10/03/2026 10:51:59 -- 	N2b62ce4afcd74dd696194ba6a8638854 | http://mu.semte.ch/vocabularies/ext/hiddenBesluitType > [no object/datatype]
10/03/2026 10:51:59 -- 		 min: 0 (min found at subject)
10/03/2026 10:51:59 -- 		 max: 1 (max found at subject)
10/03/2026 10:51:59 -- 		 shacl-max: 1
10/03/2026 10:51:59 -- 	Nf1d45604699042b9bcf13e54f81e32c3 | http://data.europa.eu/eli/ontology#title > [no object/datatype]
10/03/2026 10:51:59 -- 		 min: 1 (min found at subject)
10/03/2026 10:51:59 -- 		 max: 278 (max found at subject)
10/03/2026 10:51:59 -- 		 shacl-min: 1
10/03/2026 10:51:59 -- 	N0238deceb00f4ae68be21e0c395cec66 | http://mu.semte.ch/vocabularies/core/uuid > [no object/datatype]
10/03/2026 10:51:59 -- 		 min: 1 (min found at subject)
10/03/2026 10:51:59 -- 		 max: 1 (max found at subject)
10/03/2026 10:51:59 -- 		 shacl-min: 1
10/03/2026 10:51:59 -- 		 shacl-max: 1
10/03/2026 10:51:59 -- 	N99457d639e48474aaf52701cf7325ab5 | http://data.vlaanderen.be/ns/besluit#motivering > [no object/datatype]
10/03/2026 10:51:59 -- 		 min: 0 (min found at subject)
10/03/2026 10:51:59 -- 		 max: 3 (max found at subject)
10/03/2026 10:51:59 -- 	N7e56723e291e48829b959e117486c76a | http://data.europa.eu/eli/ontology#related_to > http://xmlns.com/foaf/0.1/Document
10/03/2026 10:51:59 -- 		 min: 0 (min found at subject)
10/03/2026 10:51:59 -- 		 max: 11 (max found at subject)
10/03/2026 10:51:59 -- 	Nec24bb1f91e442d2bd705ee7d5825305 | http://data.europa.eu/eli/ontology#description > [no object/datatype]
10/03/2026 10:51:59 -- 		 min: 0 (min found at subject)
10/03/2026 10:51:59 -- 		 max: 11 (max found at subject)
10/03/2026 10:51:59 -- 	N5ef1f284e7e74965a7ca45ca9731d888 | http://data.europa.eu/eli/ontology#passed_by > http://data.vlaanderen.be/ns/besluit#Bestuursorgaan
10/03/2026 10:51:59 -- 		 min: 0 (min found at subject)
10/03/2026 10:51:59 -- 		 max: 1 (max found at subject)
10/03/2026 10:51:59 -- 		 shacl-max: 1
10/03/2026 10:51:59 -- 	N5560de811fa44ac5b5ac8f4a56a8e02d | http://lblod.data.gift/vocabularies/besluit/extractedDecisionContent > [no object/datatype]
10/03/2026 10:51:59 -- 		 min: 0 (min found at subject)
10/03/2026 10:51:59 -- 		 max: 70 (max found at subject)
10/03/2026 10:51:59 -- 	N96ba63b186b144c38430ff1d195225c5 | https://data.vlaanderen.be/ns/mobiliteit#heeftVerkeersmaatregel > [no object/datatype]
10/03/2026 10:51:59 -- 		 min: 0 (min found at subject)
10/03/2026 10:51:59 -- 		 max: 1 (max found at subject)
10/03/2026 10:51:59 -- 		 shacl-max: 1
10/03/2026 10:51:59 -- 	Nb76b632fcc0245e583a8fa3b5a1ae33c | http://lblod.data.gift/vocabularies/editor/isLumpNode > [no object/datatype]
10/03/2026 10:51:59 -- 		 min: 0 (min found at subject)
10/03/2026 10:51:59 -- 		 max: 5 (max found at subject)
10/03/2026 10:51:59 -- 	N4e11951af46c43b9892e128582099a3c | http://www.w3.org/ns/prov#wasGeneratedBy > http://data.vlaanderen.be/ns/besluit#BehandelingVanAgendapunt
10/03/2026 10:51:59 -- 		 min: 0 (min found at subject)
10/03/2026 10:51:59 -- 		 max: 2 (max found at subject)
10/03/2026 10:51:59 -- 	N7cb684061793404e8b567290a2248713 | http://data.europa.eu/eli/ontology#cites > http://data.europa.eu/eli/ontology#LegalExpression
10/03/2026 10:51:59 -- 		 min: 0 (min found at subject)
10/03/2026 10:51:59 -- 		 max: 12 (max found at subject)
10/03/2026 10:51:59 -- 	Nddc31c349a6a4e44865ec8235fc1e94e | http://data.europa.eu/eli/ontology#cites > http://data.vlaanderen.be/ns/besluit#Besluit
10/03/2026 10:51:59 -- 		 min: 0 (min found at subject)
10/03/2026 10:51:59 -- 		 max: 1 (max found at subject)
10/03/2026 10:51:59 -- 		 shacl-max: 1
10/03/2026 10:51:59 -- 	N7ea2a62ea7f44ab5a67fcc61b7723cf8 | http://data.europa.eu/eli/ontology#cites > http://mu.semte.ch/vocabularies/ext/BesluitNieuweStijl
10/03/2026 10:51:59 -- 		 min: 0 (min found at subject)
10/03/2026 10:51:59 -- 		 max: 1 (max found at subject)
10/03/2026 10:51:59 -- 		 shacl-max: 1
10/03/2026 10:51:59 -- 	N21aeca439451474dbedb0c0d21583746 | http://data.europa.eu/eli/ontology#cites > https://data.vlaanderen.be/id/concept/BesluitType/256bd04a-b74b-4f2a-8f5d-14dda4765af9
10/03/2026 10:51:59 -- 		 min: 0 (min found at subject)
10/03/2026 10:51:59 -- 		 max: 1 (max found at subject)
10/03/2026 10:51:59 -- 		 shacl-max: 1
10/03/2026 10:51:59 -- 	N7a14d404ef8745afba395c2e5a1a8509 | http://data.europa.eu/eli/ontology#cites > https://data.vlaanderen.be/id/concept/BesluitType/67378dd0-5413-474b-8996-d992ef81637a
10/03/2026 10:51:59 -- 		 min: 0 (min found at subject)
10/03/2026 10:51:59 -- 		 max: 1 (max found at subject)
10/03/2026 10:51:59 -- 		 shacl-max: 1
10/03/2026 10:51:59 -- 	Nc2c02f7acab1499dadc6b8649cb0ca31 | http://data.europa.eu/eli/ontology#is_about > [no object/datatype]
10/03/2026 10:51:59 -- 		 min: 0 (min found at subject)
10/03/2026 10:51:59 -- 		 max: 1 (max found at subject)
10/03/2026 10:51:59 -- 		 shacl-max: 1
10/03/2026 10:51:59 -- 	N2ec46a6b9ddb435399e01bef0d41f550 | http://data.europa.eu/eli/ontology#language > http://www.w3.org/2004/02/skos/core#Concept
10/03/2026 10:51:59 -- 		 min: 0 (min found at subject)
10/03/2026 10:51:59 -- 		 max: 2 (max found at subject)
10/03/2026 10:51:59 -- http://example.com/shapes/f8456af0-8db3-400c-9757-daf758918f73 ~ https://data.vlaanderen.be/id/concept/BesluitType/ba5922c9-cfad-4b2e-b203-36479219ba56
10/03/2026 10:51:59 -- 	N1f00d3d899414cbfbdd70ae4d78d2ef2 | http://data.europa.eu/eli/ontology#cites > http://data.europa.eu/eli/ontology#LegalExpression
10/03/2026 10:51:59 -- 		 min: 0 (min found at subject)
10/03/2026 10:51:59 -- 		 max: 11 (max found at subject)
10/03/2026 10:51:59 -- 	N31002039c6204ff48e93b615a33656d5 | http://data.vlaanderen.be/ns/besluit#noopener > [no object/datatype]
10/03/2026 10:51:59 -- 		 min: 0 (min found at subject)
10/03/2026 10:51:59 -- 		 max: 2 (max found at subject)
10/03/2026 10:51:59 -- 	N2d4363f743994caeaa06c8b72d22ca8c | http://data.europa.eu/eli/ontology#has_part > http://data.vlaanderen.be/ns/besluit#Artikel
10/03/2026 10:51:59 -- 		 min: 0 (min found at subject)
10/03/2026 10:51:59 -- 		 max: 30 (max found at subject)
10/03/2026 10:51:59 -- 	N8b8112f945014161af1b45e70b14ec29 | http://data.europa.eu/eli/ontology#related_to > http://xmlns.com/foaf/0.1/Document
10/03/2026 10:51:59 -- 		 min: 0 (min found at subject)
10/03/2026 10:51:59 -- 		 max: 2 (max found at subject)
10/03/2026 10:51:59 -- 	Ncb1083f70b9f4077b5f606b46a3db943 | http://data.europa.eu/eli/ontology#language > http://www.w3.org/2004/02/skos/core#Concept
10/03/2026 10:51:59 -- 		 min: 1 (min found at subject)
10/03/2026 10:51:59 -- 		 max: 1 (max found at subject)
10/03/2026 10:51:59 -- 		 shacl-min: 1
10/03/2026 10:51:59 -- 		 shacl-max: 1
10/03/2026 10:51:59 -- 	Ne874b85e47154a81b20e489c64a3c59a | http://mu.semte.ch/vocabularies/core/uuid > [no object/datatype]
10/03/2026 10:51:59 -- 		 min: 1 (min found at subject)
10/03/2026 10:51:59 -- 		 max: 1 (max found at subject)
10/03/2026 10:51:59 -- 		 shacl-min: 1
10/03/2026 10:51:59 -- 		 shacl-max: 1
10/03/2026 10:51:59 -- 	N7653bdf991da488d86a8dfae83a28f22 | http://data.vlaanderen.be/ns/besluit#noreferrer > [no object/datatype]
10/03/2026 10:51:59 -- 		 min: 0 (min found at subject)
10/03/2026 10:51:59 -- 		 max: 1 (max found at subject)
10/03/2026 10:51:59 -- 		 shacl-max: 1
10/03/2026 10:51:59 -- 	N10080beb475745748a5ee5e8d2354fa5 | http://data.europa.eu/eli/ontology#date_publication > [no object/datatype]
10/03/2026 10:51:59 -- 		 min: 0 (min found at subject)
10/03/2026 10:51:59 -- 		 max: 2 (max found at subject)
10/03/2026 10:51:59 -- 	N46b94ee948ae472891eb5fe932affb42 | http://data.vlaanderen.be/ns/besluit#motivering > [no object/datatype]
10/03/2026 10:51:59 -- 		 min: 0 (min found at subject)
10/03/2026 10:51:59 -- 		 max: 3 (max found at subject)
10/03/2026 10:51:59 -- 	N010c967340de498883a96ed7bf18830d | http://lblod.data.gift/vocabularies/besluit/extractedDecisionContent > [no object/datatype]
10/03/2026 10:51:59 -- 		 min: 0 (min found at subject)
10/03/2026 10:51:59 -- 		 max: 43 (max found at subject)
10/03/2026 10:51:59 -- 	Ncd687a557caf40d0a368b698fe208000 | http://data.europa.eu/eli/ontology#description > [no object/datatype]
10/03/2026 10:51:59 -- 		 min: 0 (min found at subject)
10/03/2026 10:51:59 -- 		 max: 3 (max found at subject)
10/03/2026 10:51:59 -- 	N5e906d6c979a49eba54769385c8b7b6f | http://data.vlaanderen.be/ns/besluit#nofollow > [no object/datatype]
10/03/2026 10:51:59 -- 		 min: 0 (min found at subject)
10/03/2026 10:51:59 -- 		 max: 2 (max found at subject)
10/03/2026 10:51:59 -- 	N0171e05694134ec388172d97c274f71b | http://data.europa.eu/eli/ontology#passed_by > http://data.vlaanderen.be/ns/besluit#Bestuursorgaan
10/03/2026 10:51:59 -- 		 min: 0 (min found at subject)
10/03/2026 10:51:59 -- 		 max: 1 (max found at subject)
10/03/2026 10:51:59 -- 		 shacl-max: 1
10/03/2026 10:51:59 -- 	Naf4f1eb4181b4243b4df6b1db80c3ea9 | http://www.w3.org/ns/prov#value > [no object/datatype]
10/03/2026 10:51:59 -- 		 min: 0 (min found at subject)
10/03/2026 10:51:59 -- 		 max: 3 (max found at subject)
10/03/2026 10:51:59 -- 	N9dbb36570b7b4beba5288f951c1db40e | http://www.w3.org/ns/prov#wasGeneratedBy > http://data.vlaanderen.be/ns/besluit#BehandelingVanAgendapunt
10/03/2026 10:51:59 -- 		 min: 0 (min found at subject)
10/03/2026 10:51:59 -- 		 max: 1 (max found at subject)
10/03/2026 10:51:59 -- 		 shacl-max: 1
10/03/2026 10:51:59 -- 	Nf94fb12be7f040d48b2ec3e8d05333ac | http://lblod.data.gift/vocabularies/editor/isLumpNode > [no object/datatype]
10/03/2026 10:51:59 -- 		 min: 0 (min found at subject)
10/03/2026 10:51:59 -- 		 max: 3 (max found at subject)
10/03/2026 10:51:59 -- 	N319ecef5bbe542a086af519943395f8a | http://data.europa.eu/eli/ontology#is_about > [no object/datatype]
10/03/2026 10:51:59 -- 		 min: 0 (min found at subject)
10/03/2026 10:51:59 -- 		 max: 1 (max found at subject)
10/03/2026 10:51:59 -- 		 shacl-max: 1
10/03/2026 10:51:59 -- 	N267665fda448494e8a96925db25e755a | http://www.w3.org/ns/prov#wasDerivedFrom > http://data.vlaanderen.be/ns/mandaat#Mandataris
10/03/2026 10:51:59 -- 		 min: 0 (min found at subject)
10/03/2026 10:51:59 -- 		 max: 1 (max found at subject)
10/03/2026 10:51:59 -- 		 shacl-max: 1
10/03/2026 10:51:59 -- 	N861b06bc43a843d1b4717925d4d3df0d | http://www.w3.org/ns/prov#wasDerivedFrom > http://xmlns.com/foaf/0.1/Document
10/03/2026 10:51:59 -- 		 min: 0 (min found at subject)
10/03/2026 10:51:59 -- 		 max: 2 (max found at subject)
10/03/2026 10:51:59 -- 	N151b292008e74ee2ad4da36e38032d4e | http://www.w3.org/ns/prov#wasDerivedFrom > https://data.vlaanderen.be/id/concept/BesluitDocumentType/9d5bfaca-bbf2-49dd-a830-769f91a6377b
10/03/2026 10:51:59 -- 		 min: 0 (min found at subject)
10/03/2026 10:51:59 -- 		 max: 2 (max found at subject)
10/03/2026 10:51:59 -- 	N5d0ea39b23c84d27ab80375c7bade5d6 | http://data.europa.eu/eli/ontology#title > [no object/datatype]
10/03/2026 10:51:59 -- 		 min: 1 (min found at subject)
10/03/2026 10:51:59 -- 		 max: 2 (max found at subject)
10/03/2026 10:51:59 -- 		 shacl-min: 1
10/03/2026 10:51:59 -- 	N92cab2e60bf0424c9deed953edeb0a9e | http://mu.semte.ch/vocabularies/ext/hiddenBesluitType > [no object/datatype]
10/03/2026 10:51:59 -- 		 min: 0 (min found at subject)
10/03/2026 10:51:59 -- 		 max: 1 (max found at subject)
10/03/2026 10:51:59 -- 		 shacl-max: 1
10/03/2026 10:51:59 -- http://example.com/shapes/8c3d839b-463a-4cd6-9ce4-25c390e0bb51 ~ https://data.vlaanderen.be/id/concept/BesluitType/e96ec8af-6480-4b32-876a-fefe5f0a3793
10/03/2026 10:51:59 -- 	N07c25a36859449f48e3efda8ca3a1a0c | http://data.europa.eu/eli/ontology#related_to > http://xmlns.com/foaf/0.1/Document
10/03/2026 10:51:59 -- 		 min: 0 (min found at subject)
10/03/2026 10:51:59 -- 		 max: 11 (max found at subject)
10/03/2026 10:51:59 -- 	N1afff5f3621d4c2a92c9c058a1be64bc | http://data.europa.eu/eli/ontology#title > [no object/datatype]
10/03/2026 10:51:59 -- 		 min: 1 (min found at subject)
10/03/2026 10:51:59 -- 		 max: 332 (max found at subject)
10/03/2026 10:51:59 -- 		 shacl-min: 1
10/03/2026 10:51:59 -- 	N4628715053434009be4e9a4633f7efc8 | http://data.europa.eu/eli/ontology#passed_by > http://data.vlaanderen.be/ns/besluit#Bestuursorgaan
10/03/2026 10:51:59 -- 		 min: 0 (min found at subject)
10/03/2026 10:51:59 -- 		 max: 1 (max found at subject)
10/03/2026 10:51:59 -- 		 shacl-max: 1
10/03/2026 10:51:59 -- 	Na0e94e4bc48a49f785064015b8e85907 | http://purl.org/dc/terms/subject > [no object/datatype]
10/03/2026 10:51:59 -- 		 min: 0 (min found at subject)
10/03/2026 10:51:59 -- 		 max: 1 (max found at subject)
10/03/2026 10:51:59 -- 		 shacl-max: 1
10/03/2026 10:51:59 -- 	Ne7d33129150146c78b9b8876284e0169 | http://www.w3.org/ns/prov#wasDerivedFrom > http://data.vlaanderen.be/ns/mandaat#Mandataris
10/03/2026 10:51:59 -- 		 min: 0 (min found at subject)
10/03/2026 10:51:59 -- 		 max: 1 (max found at subject)
10/03/2026 10:51:59 -- 		 shacl-max: 1
10/03/2026 10:51:59 -- 	N961789ba25bc457ba977e9ee097f6b40 | http://www.w3.org/ns/prov#wasDerivedFrom > http://xmlns.com/foaf/0.1/Document
10/03/2026 10:51:59 -- 		 min: 0 (min found at subject)
10/03/2026 10:51:59 -- 		 max: 42 (max found at subject)
10/03/2026 10:51:59 -- 	Ne7c77aa59fa745358e2912b641ac0b6a | http://www.w3.org/ns/prov#wasDerivedFrom > https://data.vlaanderen.be/id/concept/BesluitDocumentType/9d5bfaca-bbf2-49dd-a830-769f91a6377b
10/03/2026 10:51:59 -- 		 min: 0 (min found at subject)
10/03/2026 10:51:59 -- 		 max: 42 (max found at subject)
10/03/2026 10:51:59 -- 	N6d806c8965ab42bfb93b0825dcd84e14 | http://data.europa.eu/eli/ontology#language > http://www.w3.org/2004/02/skos/core#Concept
10/03/2026 10:51:59 -- 		 min: 1 (min found at subject)
10/03/2026 10:51:59 -- 		 max: 1 (max found at subject)
10/03/2026 10:51:59 -- 		 shacl-min: 1
10/03/2026 10:51:59 -- 		 shacl-max: 1
10/03/2026 10:51:59 -- 	N0c50fd2d81f942cbacfdaf464358163e | http://data.europa.eu/eli/ontology#description > [no object/datatype]
10/03/2026 10:51:59 -- 		 min: 0 (min found at subject)
10/03/2026 10:51:59 -- 		 max: 44 (max found at subject)
10/03/2026 10:51:59 -- 	N1f2d7baeb5214d60815b2001ab6c40fd | http://lblod.data.gift/vocabularies/editor/isLumpNode > [no object/datatype]
10/03/2026 10:52:00 -- 		 min: 0 (min found at subject)
10/03/2026 10:52:00 -- 		 max: 3 (max found at subject)
10/03/2026 10:52:00 -- 	N3c7141cdd60046a78a52d87b2b40a35a | http://data.vlaanderen.be/ns/mandaat#bekrachtigtAanstellingVan > http://data.vlaanderen.be/ns/mandaat#Mandataris
10/03/2026 10:52:00 -- 		 min: 0 (min found at subject)
10/03/2026 10:52:00 -- 		 max: 27 (max found at subject)
10/03/2026 10:52:00 -- 	N6ebe569c7b0a41af85362ddf23f90c5e | http://data.europa.eu/eli/ontology#cites > http://data.europa.eu/eli/ontology#LegalExpression
10/03/2026 10:52:00 -- 		 min: 0 (min found at subject)
10/03/2026 10:52:00 -- 		 max: 12 (max found at subject)
10/03/2026 10:52:00 -- 	N6070679b11e04a5996ab40d7aa1fdf55 | http://www.w3.org/ns/prov#wasGeneratedBy > http://data.vlaanderen.be/ns/besluit#BehandelingVanAgendapunt
10/03/2026 10:52:00 -- 		 min: 0 (min found at subject)
10/03/2026 10:52:00 -- 		 max: 2 (max found at subject)
10/03/2026 10:52:00 -- 	N952b7545a79d4ac884a7a4b209c7e629 | http://mu.semte.ch/vocabularies/ext/hiddenBesluitType > [no object/datatype]
10/03/2026 10:52:00 -- 		 min: 0 (min found at subject)
10/03/2026 10:52:00 -- 		 max: 1 (max found at subject)
10/03/2026 10:52:00 -- 		 shacl-max: 1
10/03/2026 10:52:00 -- 	N5f4dd27071fd48e0b996f47b661365aa | http://data.europa.eu/eli/ontology#has_part > http://data.vlaanderen.be/ns/besluit#Artikel
10/03/2026 10:52:00 -- 		 min: 0 (min found at subject)
10/03/2026 10:52:00 -- 		 max: 78 (max found at subject)
10/03/2026 10:52:00 -- 	N6376b3d0238c4a2eb2e327e6a9bff62d | http://mu.semte.ch/vocabularies/core/uuid > [no object/datatype]
10/03/2026 10:52:00 -- 		 min: 1 (min found at subject)
10/03/2026 10:52:00 -- 		 max: 1 (max found at subject)
10/03/2026 10:52:00 -- 		 shacl-min: 1
10/03/2026 10:52:00 -- 		 shacl-max: 1
10/03/2026 10:52:00 -- 	N5dc7f55f55cb4fad90af6d4c85d63c24 | http://data.europa.eu/eli/ontology#number > [no object/datatype]
10/03/2026 10:52:00 -- 		 min: 0 (min found at subject)
10/03/2026 10:52:00 -- 		 max: 3 (max found at subject)
10/03/2026 10:52:00 -- 	N8459d280ff914af089ac1b9f5a90f45c | http://data.europa.eu/eli/ontology#date_publication > [no object/datatype]
10/03/2026 10:52:00 -- 		 min: 0 (min found at subject)
10/03/2026 10:52:00 -- 		 max: 2 (max found at subject)
10/03/2026 10:52:00 -- 	N0b0d2fc60a3b44918c612ff70f1d3c90 | http://data.vlaanderen.be/ns/besluit#noopener > [no object/datatype]
10/03/2026 10:52:00 -- 		 min: 0 (min found at subject)
10/03/2026 10:52:00 -- 		 max: 1 (max found at subject)
10/03/2026 10:52:00 -- 		 shacl-max: 1
10/03/2026 10:52:00 -- 	Nccde281db4da42ed8dfd8c5ea4c99422 | http://data.vlaanderen.be/ns/besluit#motivering > [no object/datatype]
10/03/2026 10:52:00 -- 		 min: 0 (min found at subject)
10/03/2026 10:52:00 -- 		 max: 42 (max found at subject)
10/03/2026 10:52:00 -- 	Nca045bb8e83b4e199b58562cb8309a49 | http://www.w3.org/ns/prov#value > [no object/datatype]
10/03/2026 10:52:00 -- 		 min: 0 (min found at subject)
10/03/2026 10:52:00 -- 		 max: 42 (max found at subject)
10/03/2026 10:52:00 -- 	N381b1c8571334246b86171941a288fcb | http://lblod.data.gift/vocabularies/besluit/extractedDecisionContent > [no object/datatype]
10/03/2026 10:52:00 -- 		 min: 0 (min found at subject)
10/03/2026 10:52:00 -- 		 max: 211 (max found at subject)
10/03/2026 10:52:00 -- http://example.com/shapes/4e14b3ad-0179-4751-aadd-fca2d61a1ac9 ~ http://www.w3.org/ns/person#Person
10/03/2026 10:52:00 -- 	N2ce4702379e24074a9e75620d71b08f1 | http://mu.semte.ch/vocabularies/core/uuid > [no object/datatype]
10/03/2026 10:52:00 -- 		 min: 1 (min found at subject)
10/03/2026 10:52:00 -- 		 max: 1 (max found at subject)
10/03/2026 10:52:00 -- 		 shacl-min: 1
10/03/2026 10:52:00 -- 		 shacl-max: 1
10/03/2026 10:52:00 -- 	N4df44950844c41a0b106f6d7555ef137 | http://www.w3.org/ns/prov#wasDerivedFrom > http://data.vlaanderen.be/ns/mandaat#Mandataris
10/03/2026 10:52:00 -- 		 min: 0 (min found at subject)
10/03/2026 10:52:00 -- 		 max: 6 (max found at subject)
10/03/2026 10:52:00 -- 	N406be6288a63475692e33584c10635c1 | http://www.w3.org/ns/prov#wasDerivedFrom > http://xmlns.com/foaf/0.1/Document
10/03/2026 10:52:00 -- 		 min: 0 (min found at subject)
10/03/2026 10:52:00 -- 		 max: 1243 (max found at subject)
10/03/2026 10:52:00 -- 	N8a515bc877fe4a7ba9f4a38cff0d414f | http://www.w3.org/ns/prov#wasDerivedFrom > https://data.vlaanderen.be/id/concept/BesluitDocumentType/9d5bfaca-bbf2-49dd-a830-769f91a6377b
10/03/2026 10:52:00 -- 		 min: 0 (min found at subject)
10/03/2026 10:52:00 -- 		 max: 1243 (max found at subject)
10/03/2026 10:52:00 -- 	N7c87311ddade4a6c8f6108b70626d6a5 | http://data.vlaanderen.be/ns/persoon#gebruikteVoornaam > [no object/datatype]
10/03/2026 10:52:00 -- 		 min: 0 (min found at subject)
10/03/2026 10:52:00 -- 		 max: 7 (max found at subject)
10/03/2026 10:52:00 -- 	N90c827e98b994426b08a5dc074b96f89 | http://xmlns.com/foaf/0.1/familyName > [no object/datatype]
10/03/2026 10:52:00 -- 		 min: 0 (min found at subject)
10/03/2026 10:52:00 -- 		 max: 7 (max found at subject)
10/03/2026 10:52:00 -- http://example.com/shapes/1315f6a5-41ff-4186-b25f-a2a08afe0371 ~ http://data.vlaanderen.be/ns/besluit#BehandelingVanAgendapunt
10/03/2026 10:52:00 -- 	Nd8a498857c8b4c4db9c31e0cde59fba4 | http://example.com/mobiliteit/wordtAangeduidDoor > [no object/datatype]
10/03/2026 10:52:00 -- 		 min: 0 (min found at subject)
10/03/2026 10:52:00 -- 		 max: 2 (max found at subject)
10/03/2026 10:52:00 -- 	Ncc0b882a41bd402eb098f1a70d33062d | http://mu.semte.ch/vocabularies/core/uuid > [no object/datatype]
10/03/2026 10:52:00 -- 		 min: 1 (min found at subject)
10/03/2026 10:52:00 -- 		 max: 1 (max found at subject)
10/03/2026 10:52:00 -- 		 shacl-min: 1
10/03/2026 10:52:00 -- 		 shacl-max: 1
10/03/2026 10:52:00 -- 	N19a534fd1d5f41988f79e680a7a53591 | http://purl.org/dc/terms/subject > http://data.vlaanderen.be/ns/besluit#Agendapunt
10/03/2026 10:52:00 -- 		 min: 0 (min found at subject)
10/03/2026 10:52:00 -- 		 max: 1 (max found at subject)
10/03/2026 10:52:00 -- 		 shacl-max: 1
10/03/2026 10:52:00 -- 	N51784974a3ad4b009139d647d971113b | http://data.vlaanderen.be/ns/besluit#noreferrer > [no object/datatype]
10/03/2026 10:52:00 -- 		 min: 0 (min found at subject)
10/03/2026 10:52:00 -- 		 max: 1 (max found at subject)
10/03/2026 10:52:00 -- 		 shacl-max: 1
10/03/2026 10:52:00 -- 	N52d5d82cf9984c158428cd064dfbf9b1 | http://lblod.data.gift/vocabularies/editor/isLumpNode > [no object/datatype]
10/03/2026 10:52:00 -- 		 min: 0 (min found at subject)
10/03/2026 10:52:00 -- 		 max: 1 (max found at subject)
10/03/2026 10:52:00 -- 		 shacl-max: 1
10/03/2026 10:52:00 -- 	Nf31ab533b6af409fa5976a42d4720d98 | http://data.vlaanderen.be/ns/besluit#heeftStemming > http://data.vlaanderen.be/ns/besluit#Stemming
10/03/2026 10:52:00 -- 		 min: 0 (min found at subject)
10/03/2026 10:52:00 -- 		 max: 39 (max found at subject)
10/03/2026 10:52:00 -- 	N80493abfefb44092bc6f472adf022580 | http://mu.semte.ch/vocabularies/ext/aanwezigenTable > [no object/datatype]
10/03/2026 10:52:00 -- 		 min: 0 (min found at subject)
10/03/2026 10:52:00 -- 		 max: 3 (max found at subject)
10/03/2026 10:52:00 -- 	N15fef109b9584c468385c309ea5e6888 | http://www.w3.org/ns/prov#wasDerivedFrom > http://data.vlaanderen.be/ns/mandaat#Mandataris
10/03/2026 10:52:00 -- 		 min: 0 (min found at subject)
10/03/2026 10:52:00 -- 		 max: 1 (max found at subject)
10/03/2026 10:52:00 -- 		 shacl-max: 1
10/03/2026 10:52:00 -- 	Nf7deecda01624a70832b060e0d0b78d8 | http://www.w3.org/ns/prov#wasDerivedFrom > http://xmlns.com/foaf/0.1/Document
10/03/2026 10:52:00 -- 		 min: 0 (min found at subject)
10/03/2026 10:52:00 -- 		 max: 2 (max found at subject)
10/03/2026 10:52:00 -- 	Na82ca0311c34493a9962fd576d2fdf10 | http://www.w3.org/ns/prov#wasDerivedFrom > https://data.vlaanderen.be/id/concept/BesluitDocumentType/9d5bfaca-bbf2-49dd-a830-769f91a6377b
10/03/2026 10:52:00 -- 		 min: 0 (min found at subject)
10/03/2026 10:52:00 -- 		 max: 2 (max found at subject)
10/03/2026 10:52:00 -- 	N782b3cccd1b84bd2b4e5cbb3a8b8668d | http://mu.semte.ch/vocabularies/ext/secretarisTemporaryAsText > [no object/datatype]
10/03/2026 10:52:01 -- 		 min: 0 (min found at subject)
10/03/2026 10:52:01 -- 		 max: 1 (max found at subject)
10/03/2026 10:52:01 -- 		 shacl-max: 1
10/03/2026 10:52:01 -- 	N04f472895d0a4b639a973b9d7e566995 | http://data.europa.eu/eli/ontology#language > http://www.w3.org/2004/02/skos/core#Concept
10/03/2026 10:52:01 -- 		 min: 0 (min found at subject)
10/03/2026 10:52:01 -- 		 max: 1 (max found at subject)
10/03/2026 10:52:01 -- 		 shacl-max: 1
10/03/2026 10:52:01 -- 	N9259c54f04a74b3ba88257ca3734bfb9 | http://mu.semte.ch/vocabularies/ext/heeftAfwezige > http://data.vlaanderen.be/ns/mandaat#Mandataris
10/03/2026 10:52:01 -- 		 min: 0 (min found at subject)
10/03/2026 10:52:01 -- 		 max: 9 (max found at subject)
10/03/2026 10:52:01 -- 	N68c221f70a7744c98ee48846bdcb60aa | http://www.w3.org/ns/prov#generated > http://data.vlaanderen.be/ns/besluit#Besluit
10/03/2026 10:52:01 -- 		 min: 0 (min found at subject)
10/03/2026 10:52:01 -- 		 max: 3 (max found at subject)
10/03/2026 10:52:01 -- 	N639e1ecb565748ec9bfadcc405882eb5 | http://www.w3.org/ns/prov#generated > http://data.vlaanderen.be/ns/mandaat#Aanstellingsbesluit
10/03/2026 10:52:01 -- 		 min: 0 (min found at subject)
10/03/2026 10:52:01 -- 		 max: 1 (max found at subject)
10/03/2026 10:52:01 -- 		 shacl-max: 1
10/03/2026 10:52:01 -- 	N1413dcc50740467d85b9a0346c6ee777 | http://www.w3.org/ns/prov#generated > http://mu.semte.ch/vocabularies/ext/BesluitKlassiekeStijl
10/03/2026 10:52:01 -- 		 min: 0 (min found at subject)
10/03/2026 10:52:01 -- 		 max: 3 (max found at subject)
10/03/2026 10:52:01 -- 	Nae9fd24b6ddd413bbb14820e4e5de8d9 | http://www.w3.org/ns/prov#generated > http://mu.semte.ch/vocabularies/ext/BesluitNieuweStijl
10/03/2026 10:52:01 -- 		 min: 0 (min found at subject)
10/03/2026 10:52:01 -- 		 max: 3 (max found at subject)
10/03/2026 10:52:01 -- 	N5631ab5c09954f2cae7cd34fdf64f894 | http://www.w3.org/ns/prov#generated > http://mu.semte.ch/vocabularies/ext/BesluitPolitieraad
10/03/2026 10:52:01 -- 		 min: 0 (min found at subject)
10/03/2026 10:52:01 -- 		 max: 1 (max found at subject)
10/03/2026 10:52:01 -- 		 shacl-max: 1
10/03/2026 10:52:01 -- 	N6cf875423807401f9ae1d85d1d11e91f | http://www.w3.org/ns/prov#generated > http://mu.semte.ch/vocabularies/ext/BesluitPolitieraadNieuweStijl
10/03/2026 10:52:01 -- 		 min: 0 (min found at subject)
10/03/2026 10:52:01 -- 		 max: 1 (max found at subject)
10/03/2026 10:52:01 -- 		 shacl-max: 1
10/03/2026 10:52:01 -- 	N6d223d3b146f43da958fb4947ab7780f | http://www.w3.org/ns/prov#generated > http://mu.semte.ch/vocabularies/ext/BesluitSchepenen
10/03/2026 10:52:01 -- 		 min: 0 (min found at subject)
10/03/2026 10:52:01 -- 		 max: 1 (max found at subject)
10/03/2026 10:52:01 -- 		 shacl-max: 1
10/03/2026 10:52:01 -- 	N419de355d163478abea3e95389cdb277 | http://www.w3.org/ns/prov#generated > http://mu.semte.ch/vocabularies/ext/BesluitSchepenenNieuweStijl
10/03/2026 10:52:01 -- 		 min: 0 (min found at subject)
10/03/2026 10:52:01 -- 		 max: 1 (max found at subject)
10/03/2026 10:52:01 -- 		 shacl-max: 1
10/03/2026 10:52:01 -- 	N645fba09cbbc485c9a837c11e0f3c19c | http://www.w3.org/ns/prov#generated > http://mu.semte.ch/vocabularies/ext/BesluitVerkiezingVoorzitter
10/03/2026 10:52:01 -- 		 min: 0 (min found at subject)
10/03/2026 10:52:01 -- 		 max: 1 (max found at subject)
10/03/2026 10:52:01 -- 		 shacl-max: 1
10/03/2026 10:52:01 -- 	N83d3e387d7784c8fbcca06ded7b90d3c | http://www.w3.org/ns/prov#generated > http://mu.semte.ch/vocabularies/ext/BesluitVerkiezingVoorzitterNieuweStijl
10/03/2026 10:52:01 -- 		 min: 0 (min found at subject)
10/03/2026 10:52:01 -- 		 max: 1 (max found at subject)
10/03/2026 10:52:01 -- 		 shacl-max: 1
10/03/2026 10:52:01 -- 	N77b5294d349e4a9c94c7dcbed1a17485 | http://www.w3.org/ns/prov#generated > http://mu.semte.ch/vocabularies/ext/BesluitVoorzitterBCSD
10/03/2026 10:52:01 -- 		 min: 0 (min found at subject)
10/03/2026 10:52:01 -- 		 max: 1 (max found at subject)
10/03/2026 10:52:01 -- 		 shacl-max: 1
10/03/2026 10:52:01 -- 	Nb9087f6d78ea49bb943cce04f1d0d868 | http://www.w3.org/ns/prov#generated > http://mu.semte.ch/vocabularies/ext/BesluitVoorzitterBCSDNieuweStijl
10/03/2026 10:52:01 -- 		 min: 0 (min found at subject)
10/03/2026 10:52:01 -- 		 max: 1 (max found at subject)
10/03/2026 10:52:01 -- 		 shacl-max: 1
10/03/2026 10:52:01 -- 	N94139f54e3ed4c3a8f2fe53c5ab55a7c | http://www.w3.org/ns/prov#generated > https://data.vlaanderen.be/id/concept/BesluitType/00527d30-e60b-4fa5-9152-f42dddd10ff6
10/03/2026 10:52:01 -- 		 min: 0 (min found at subject)
10/03/2026 10:52:01 -- 		 max: 1 (max found at subject)
10/03/2026 10:52:01 -- 		 shacl-max: 1
10/03/2026 10:52:01 -- 	N8031c2f0f19f461eab80f9a3fe1a65e3 | http://www.w3.org/ns/prov#generated > https://data.vlaanderen.be/id/concept/BesluitType/0fc2c27d-a03c-4e3f-9db1-f10f026f76f8
10/03/2026 10:52:01 -- 		 min: 0 (min found at subject)
10/03/2026 10:52:01 -- 		 max: 1 (max found at subject)
10/03/2026 10:52:01 -- 		 shacl-max: 1
10/03/2026 10:52:01 -- 	N155d245d70164222be48e2ce3c47761f | http://www.w3.org/ns/prov#generated > https://data.vlaanderen.be/id/concept/BesluitType/1105564e-30c7-4371-a864-6b7329cdae6f
10/03/2026 10:52:01 -- 		 min: 0 (min found at subject)
10/03/2026 10:52:01 -- 		 max: 1 (max found at subject)
10/03/2026 10:52:01 -- 		 shacl-max: 1
10/03/2026 10:52:01 -- 	N8c3e4e674bea4f6eb93608a94c78c4fd | http://www.w3.org/ns/prov#generated > https://data.vlaanderen.be/id/concept/BesluitType/1869e152-e724-4dd7-927c-a11e7d832858
10/03/2026 10:52:01 -- 		 min: 0 (min found at subject)
10/03/2026 10:52:01 -- 		 max: 1 (max found at subject)
10/03/2026 10:52:01 -- 		 shacl-max: 1
10/03/2026 10:52:01 -- 	N29cabcd35c114fc384437e9599b9cbde | http://www.w3.org/ns/prov#generated > https://data.vlaanderen.be/id/concept/BesluitType/23735395-a487-4f0b-9ffa-f8ee1d3cd84f
10/03/2026 10:52:02 -- 		 min: 0 (min found at subject)
10/03/2026 10:52:02 -- 		 max: 1 (max found at subject)
10/03/2026 10:52:02 -- 		 shacl-max: 1
10/03/2026 10:52:02 -- 	N4f4abd1b24f0435fa0bac334dbd688c4 | http://www.w3.org/ns/prov#generated > https://data.vlaanderen.be/id/concept/BesluitType/256bd04a-b74b-4f2a-8f5d-14dda4765af9
10/03/2026 10:52:02 -- 		 min: 0 (min found at subject)
10/03/2026 10:52:02 -- 		 max: 1 (max found at subject)
10/03/2026 10:52:02 -- 		 shacl-max: 1
10/03/2026 10:52:02 -- 	Nd69838b3f7764c758a0a85cff8c190a3 | http://www.w3.org/ns/prov#generated > https://data.vlaanderen.be/id/concept/BesluitType/25deb453-ae3e-4d40-8027-36cdb48ab738
10/03/2026 10:52:02 -- 		 min: 0 (min found at subject)
10/03/2026 10:52:02 -- 		 max: 1 (max found at subject)
10/03/2026 10:52:02 -- 		 shacl-max: 1
10/03/2026 10:52:02 -- 	Nae5efddf94974dca9e4219a5201ecfbd | http://www.w3.org/ns/prov#generated > https://data.vlaanderen.be/id/concept/BesluitType/2b12630f-8c4e-40a4-8a61-a0c45621a1e6
10/03/2026 10:52:02 -- 		 min: 0 (min found at subject)
10/03/2026 10:52:02 -- 		 max: 1 (max found at subject)
10/03/2026 10:52:02 -- 		 shacl-max: 1
10/03/2026 10:52:02 -- 	N837e059e9d5842d18d0e1ad955af2be8 | http://www.w3.org/ns/prov#generated > https://data.vlaanderen.be/id/concept/BesluitType/2c2f5e3c-827f-4ad7-906a-176f3bda08ce
10/03/2026 10:52:02 -- 		 min: 0 (min found at subject)
10/03/2026 10:52:02 -- 		 max: 1 (max found at subject)
10/03/2026 10:52:02 -- 		 shacl-max: 1
10/03/2026 10:52:02 -- 	N490bcb706a6c4102b97220c87e588f30 | http://www.w3.org/ns/prov#generated > https://data.vlaanderen.be/id/concept/BesluitType/2f189152-1786-4b55-a3a9-d7f06de63f1c
10/03/2026 10:52:02 -- 		 min: 0 (min found at subject)
10/03/2026 10:52:02 -- 		 max: 1 (max found at subject)
10/03/2026 10:52:02 -- 		 shacl-max: 1
10/03/2026 10:52:02 -- 	N01570f62cb644b6b831de93ed1d6eb16 | http://www.w3.org/ns/prov#generated > https://data.vlaanderen.be/id/concept/BesluitType/35c15ea0-d0c3-4ba7-b91f-b1c6264800b1
10/03/2026 10:52:02 -- 		 min: 0 (min found at subject)
10/03/2026 10:52:02 -- 		 max: 1 (max found at subject)
10/03/2026 10:52:02 -- 		 shacl-max: 1
10/03/2026 10:52:02 -- 	N6aa1e50f0d804757bbf4c107e885e4af | http://www.w3.org/ns/prov#generated > https://data.vlaanderen.be/id/concept/BesluitType/35d9d01c-015c-4fb9-8ec1-8227f9f4d28c
10/03/2026 10:52:02 -- 		 min: 0 (min found at subject)
10/03/2026 10:52:02 -- 		 max: 1 (max found at subject)
10/03/2026 10:52:02 -- 		 shacl-max: 1
10/03/2026 10:52:02 -- 	Nda6295c958d54724a3bd6904eb208811 | http://www.w3.org/ns/prov#generated > https://data.vlaanderen.be/id/concept/BesluitType/3fcf7dba-2e5b-4955-a489-6dd8285c013b
10/03/2026 10:52:02 -- 		 min: 0 (min found at subject)
10/03/2026 10:52:02 -- 		 max: 1 (max found at subject)
10/03/2026 10:52:02 -- 		 shacl-max: 1
10/03/2026 10:52:02 -- 	Ne341ea668a594a23832b871c52d52006 | http://www.w3.org/ns/prov#generated > https://data.vlaanderen.be/id/concept/BesluitType/40831a2c-771d-4b41-9720-0399998f1873
10/03/2026 10:52:02 -- 		 min: 0 (min found at subject)
10/03/2026 10:52:02 -- 		 max: 1 (max found at subject)
10/03/2026 10:52:02 -- 		 shacl-max: 1
10/03/2026 10:52:02 -- 	N36da4f8cfe2f4744b92b8dce5110d9f8 | http://www.w3.org/ns/prov#generated > https://data.vlaanderen.be/id/concept/BesluitType/4350cdda-8291-4055-9026-5c7429357fce
10/03/2026 10:52:02 -- 		 min: 0 (min found at subject)
10/03/2026 10:52:02 -- 		 max: 1 (max found at subject)
10/03/2026 10:52:02 -- 		 shacl-max: 1
10/03/2026 10:52:02 -- 	Naacb0d6d167d48cb9889e6e09ee1bc5d | http://www.w3.org/ns/prov#generated > https://data.vlaanderen.be/id/concept/BesluitType/4673d472-8dbc-4cea-b3ab-f92df3807eb3
10/03/2026 10:52:02 -- 		 min: 0 (min found at subject)
10/03/2026 10:52:02 -- 		 max: 1 (max found at subject)
10/03/2026 10:52:02 -- 		 shacl-max: 1
10/03/2026 10:52:02 -- 	N6140235de9514612bb619ad280660fe5 | http://www.w3.org/ns/prov#generated > https://data.vlaanderen.be/id/concept/BesluitType/48c3290d-d9e3-4a38-b14e-e7c417e3a13a
10/03/2026 10:52:02 -- 		 min: 0 (min found at subject)
10/03/2026 10:52:02 -- 		 max: 1 (max found at subject)
10/03/2026 10:52:02 -- 		 shacl-max: 1
10/03/2026 10:52:02 -- 	N8008919904014b5987771f7792c9004d | http://www.w3.org/ns/prov#generated > https://data.vlaanderen.be/id/concept/BesluitType/4c22ef0a-f808-41dd-9c9f-2aff17fd851f
10/03/2026 10:52:02 -- 		 min: 0 (min found at subject)
10/03/2026 10:52:02 -- 		 max: 1 (max found at subject)
10/03/2026 10:52:02 -- 		 shacl-max: 1
10/03/2026 10:52:02 -- 	Nd407e20abc1a440d9fbb71afb2831fd3 | http://www.w3.org/ns/prov#generated > https://data.vlaanderen.be/id/concept/BesluitType/4d8f678a-6fa4-4d5f-a2a1-80974e43bf34
10/03/2026 10:52:02 -- 		 min: 0 (min found at subject)
10/03/2026 10:52:02 -- 		 max: 1 (max found at subject)
10/03/2026 10:52:02 -- 		 shacl-max: 1
10/03/2026 10:52:02 -- 	N523d5f00dc85466bb2fcae8a1cf2dc20 | http://www.w3.org/ns/prov#generated > https://data.vlaanderen.be/id/concept/BesluitType/4efa4632-efc6-40d5-815a-dec785fbceac
10/03/2026 10:52:02 -- 		 min: 0 (min found at subject)
10/03/2026 10:52:02 -- 		 max: 1 (max found at subject)
10/03/2026 10:52:02 -- 		 shacl-max: 1
10/03/2026 10:52:02 -- 	N4dd3dc13f6a847fb9347a11d64afa386 | http://www.w3.org/ns/prov#generated > https://data.vlaanderen.be/id/concept/BesluitType/51982214-0d8b-4cd9-87cf-c46570cd1ed3
10/03/2026 10:52:02 -- 		 min: 0 (min found at subject)
10/03/2026 10:52:02 -- 		 max: 1 (max found at subject)
10/03/2026 10:52:02 -- 		 shacl-max: 1
10/03/2026 10:52:02 -- 	N0ad4b069af074ae1bbc195cb796139f9 | http://www.w3.org/ns/prov#generated > https://data.vlaanderen.be/id/concept/BesluitType/5226e23d-617d-48b9-9c00-3d679ae88fec
10/03/2026 10:52:02 -- 		 min: 0 (min found at subject)
10/03/2026 10:52:02 -- 		 max: 1 (max found at subject)
10/03/2026 10:52:02 -- 		 shacl-max: 1
10/03/2026 10:52:02 -- 	Nb59a24e10e4c471cbaa14b11a9657dc9 | http://www.w3.org/ns/prov#generated > https://data.vlaanderen.be/id/concept/BesluitType/5ee63f84-2fa0-4758-8820-99dca2bdce7c
10/03/2026 10:52:02 -- 		 min: 0 (min found at subject)
10/03/2026 10:52:02 -- 		 max: 1 (max found at subject)
10/03/2026 10:52:02 -- 		 shacl-max: 1
10/03/2026 10:52:02 -- 	N0197d4f7f41f43d98c3aea788074d6e1 | http://www.w3.org/ns/prov#generated > https://data.vlaanderen.be/id/concept/BesluitType/6199a44b-0d6c-407c-833a-73abb104efce
10/03/2026 10:52:03 -- 		 min: 0 (min found at subject)
10/03/2026 10:52:03 -- 		 max: 1 (max found at subject)
10/03/2026 10:52:03 -- 		 shacl-max: 1
10/03/2026 10:52:03 -- 	N518634f373d94081af964d49fb006b37 | http://www.w3.org/ns/prov#generated > https://data.vlaanderen.be/id/concept/BesluitType/67378dd0-5413-474b-8996-d992ef81637a
10/03/2026 10:52:03 -- 		 min: 0 (min found at subject)
10/03/2026 10:52:03 -- 		 max: 1 (max found at subject)
10/03/2026 10:52:03 -- 		 shacl-max: 1
10/03/2026 10:52:03 -- 	N2f8616be9f514c08930766d864058e85 | http://www.w3.org/ns/prov#generated > https://data.vlaanderen.be/id/concept/BesluitType/70ae4d36-de0c-425d-9dbe-3b6deef8343c
10/03/2026 10:52:03 -- 		 min: 0 (min found at subject)
10/03/2026 10:52:03 -- 		 max: 1 (max found at subject)
10/03/2026 10:52:03 -- 		 shacl-max: 1
10/03/2026 10:52:03 -- 	Nd84445f7f69e4a5c964abb3e610d7e9b | http://www.w3.org/ns/prov#generated > https://data.vlaanderen.be/id/concept/BesluitType/73d5d79f-3f70-4ca9-9512-e216300cd3ac
10/03/2026 10:52:03 -- 		 min: 0 (min found at subject)
10/03/2026 10:52:03 -- 		 max: 1 (max found at subject)
10/03/2026 10:52:03 -- 		 shacl-max: 1
10/03/2026 10:52:03 -- 	Nf9ac063caf3d4cd2a181de7f1efd8502 | http://www.w3.org/ns/prov#generated > https://data.vlaanderen.be/id/concept/BesluitType/7927f4f4-ad4c-4460-9207-2a4b5d21a9d7
10/03/2026 10:52:03 -- 		 min: 0 (min found at subject)
10/03/2026 10:52:03 -- 		 max: 1 (max found at subject)
10/03/2026 10:52:03 -- 		 shacl-max: 1
10/03/2026 10:52:03 -- 	N13159ae683d24262af62ec42a94e2884 | http://www.w3.org/ns/prov#generated > https://data.vlaanderen.be/id/concept/BesluitType/79414af4-4f57-4ca3-aaa4-f8f1e015e71c
10/03/2026 10:52:03 -- 		 min: 0 (min found at subject)
10/03/2026 10:52:03 -- 		 max: 2 (max found at subject)
10/03/2026 10:52:03 -- 	N9ca4c023fbd64134b624191c7720a227 | http://www.w3.org/ns/prov#generated > https://data.vlaanderen.be/id/concept/BesluitType/7d95fd2e-3cc9-4a4c-a58e-0fbc408c2f9b
10/03/2026 10:52:03 -- 		 min: 0 (min found at subject)
10/03/2026 10:52:03 -- 		 max: 1 (max found at subject)
10/03/2026 10:52:03 -- 		 shacl-max: 1
10/03/2026 10:52:03 -- 	Nb1f0b28457c3420a857503fe9fb6d171 | http://www.w3.org/ns/prov#generated > https://data.vlaanderen.be/id/concept/BesluitType/84121221-4217-40e3-ada2-cd1379b168e1
10/03/2026 10:52:03 -- 		 min: 0 (min found at subject)
10/03/2026 10:52:03 -- 		 max: 1 (max found at subject)
10/03/2026 10:52:03 -- 		 shacl-max: 1
10/03/2026 10:52:03 -- 	N85d4fe3f37da4678b2a29c8d2257138a | http://www.w3.org/ns/prov#generated > https://data.vlaanderen.be/id/concept/BesluitType/849c66c2-ba33-4ac1-a693-be48d8ac7bc7
10/03/2026 10:52:03 -- 		 min: 0 (min found at subject)
10/03/2026 10:52:03 -- 		 max: 1 (max found at subject)
10/03/2026 10:52:03 -- 		 shacl-max: 1
10/03/2026 10:52:03 -- 	Nb31ae03b31614fb7b1a8afb5fdf24962 | http://www.w3.org/ns/prov#generated > https://data.vlaanderen.be/id/concept/BesluitType/8597e056-b96d-4213-ad4c-37338f2aaf35
10/03/2026 10:52:03 -- 		 min: 0 (min found at subject)
10/03/2026 10:52:03 -- 		 max: 1 (max found at subject)
10/03/2026 10:52:03 -- 		 shacl-max: 1
10/03/2026 10:52:03 -- 	N06dc4a97f9fe4f148294b3ff04f6684c | http://www.w3.org/ns/prov#generated > https://data.vlaanderen.be/id/concept/BesluitType/8bdc614a-d2f2-44c0-8cb1-447b1017d312
10/03/2026 10:52:03 -- 		 min: 0 (min found at subject)
10/03/2026 10:52:03 -- 		 max: 1 (max found at subject)
10/03/2026 10:52:03 -- 		 shacl-max: 1
10/03/2026 10:52:03 -- 	N4f869171b3b447ab9c5afb6502236763 | http://www.w3.org/ns/prov#generated > https://data.vlaanderen.be/id/concept/BesluitType/8d8a75bf-f639-44ae-bcce-50b8f760cc3c
10/03/2026 10:52:03 -- 		 min: 0 (min found at subject)
10/03/2026 10:52:03 -- 		 max: 1 (max found at subject)
10/03/2026 10:52:03 -- 		 shacl-max: 1
10/03/2026 10:52:03 -- 	N44e2e5bb564d4856bf9a01d73fd79e61 | http://www.w3.org/ns/prov#generated > https://data.vlaanderen.be/id/concept/BesluitType/94657ec2-e8a1-411f-bb96-d0ea517d7051
10/03/2026 10:52:03 -- 		 min: 0 (min found at subject)
10/03/2026 10:52:03 -- 		 max: 1 (max found at subject)
10/03/2026 10:52:03 -- 		 shacl-max: 1
10/03/2026 10:52:03 -- 	N3ebf0a791f6149c0bb9d69e0c660ecbc | http://www.w3.org/ns/prov#generated > https://data.vlaanderen.be/id/concept/BesluitType/9a02d21f-fdc4-455e-8892-c2ae1d33759a
10/03/2026 10:52:03 -- 		 min: 0 (min found at subject)
10/03/2026 10:52:03 -- 		 max: 1 (max found at subject)
10/03/2026 10:52:03 -- 		 shacl-max: 1
10/03/2026 10:52:03 -- 	N49b2aef53f524dbab9aa62f6a829ac9d | http://www.w3.org/ns/prov#generated > https://data.vlaanderen.be/id/concept/BesluitType/9f12dc58-18ba-4a1f-9e7a-cf73d0b4f025
10/03/2026 10:52:03 -- 		 min: 0 (min found at subject)
10/03/2026 10:52:03 -- 		 max: 1 (max found at subject)
10/03/2026 10:52:03 -- 		 shacl-max: 1
10/03/2026 10:52:03 -- 	Ne7a93745665a43cb88f03d66dbc86cdc | http://www.w3.org/ns/prov#generated > https://data.vlaanderen.be/id/concept/BesluitType/a0a709a7-ac07-4457-8d40-de4aea9b1432
10/03/2026 10:52:03 -- 		 min: 0 (min found at subject)
10/03/2026 10:52:03 -- 		 max: 1 (max found at subject)
10/03/2026 10:52:03 -- 		 shacl-max: 1
10/03/2026 10:52:03 -- 	N091029b44a174643a3771a6b72028328 | http://www.w3.org/ns/prov#generated > https://data.vlaanderen.be/id/concept/BesluitType/a8486fa3-6375-494d-aa48-e34289b87d5b
10/03/2026 10:52:03 -- 		 min: 0 (min found at subject)
10/03/2026 10:52:03 -- 		 max: 1 (max found at subject)
10/03/2026 10:52:03 -- 		 shacl-max: 1
10/03/2026 10:52:03 -- 	N9dfc68c9d62e438db86d3fe2f4412e48 | http://www.w3.org/ns/prov#generated > https://data.vlaanderen.be/id/concept/BesluitType/a8cdb80d-d409-40ed-bb8b-ddfd0acb28df
10/03/2026 10:52:03 -- 		 min: 0 (min found at subject)
10/03/2026 10:52:03 -- 		 max: 1 (max found at subject)
10/03/2026 10:52:03 -- 		 shacl-max: 1
10/03/2026 10:52:03 -- 	Ne4a09e4603954f2f8543bf7f196deac8 | http://www.w3.org/ns/prov#generated > https://data.vlaanderen.be/id/concept/BesluitType/afdb7387-da47-4dc4-bbbe-e86ea5c3df28
10/03/2026 10:52:03 -- 		 min: 0 (min found at subject)
10/03/2026 10:52:03 -- 		 max: 1 (max found at subject)
10/03/2026 10:52:03 -- 		 shacl-max: 1
10/03/2026 10:52:03 -- 	N0e1ff0e10cba49f9b1f05401f43a0929 | http://www.w3.org/ns/prov#generated > https://data.vlaanderen.be/id/concept/BesluitType/b04bc642-c892-4aae-ac1f-f6ff21362704
10/03/2026 10:52:04 -- 		 min: 0 (min found at subject)
10/03/2026 10:52:04 -- 		 max: 1 (max found at subject)
10/03/2026 10:52:04 -- 		 shacl-max: 1
10/03/2026 10:52:04 -- 	N291ef8fc4ca64da2b0b2e3d7b6bff55e | http://www.w3.org/ns/prov#generated > https://data.vlaanderen.be/id/concept/BesluitType/b0fcc0c3-bb33-427f-8da2-4ef3833c9060
10/03/2026 10:52:04 -- 		 min: 0 (min found at subject)
10/03/2026 10:52:04 -- 		 max: 1 (max found at subject)
10/03/2026 10:52:04 -- 		 shacl-max: 1
10/03/2026 10:52:04 -- 	Na101b18e89294d7d98ddd8b5be18cd14 | http://www.w3.org/ns/prov#generated > https://data.vlaanderen.be/id/concept/BesluitType/b25faa84-3ab5-47ae-98c0-1b389c77b827
10/03/2026 10:52:04 -- 		 min: 0 (min found at subject)
10/03/2026 10:52:04 -- 		 max: 1 (max found at subject)
10/03/2026 10:52:04 -- 		 shacl-max: 1
10/03/2026 10:52:04 -- 	Nea9240f249044aa384b2c088b54ae151 | http://www.w3.org/ns/prov#generated > https://data.vlaanderen.be/id/concept/BesluitType/b2d0734d-13d0-44b4-9af8-1722933c5288
10/03/2026 10:52:04 -- 		 min: 0 (min found at subject)
10/03/2026 10:52:04 -- 		 max: 1 (max found at subject)
10/03/2026 10:52:04 -- 		 shacl-max: 1
10/03/2026 10:52:04 -- 	N2c8500e6dd034eaba06e9e675dde928b | http://www.w3.org/ns/prov#generated > https://data.vlaanderen.be/id/concept/BesluitType/b4c828e4-bcb8-46ff-8abf-5fde227d2459
10/03/2026 10:52:04 -- 		 min: 0 (min found at subject)
10/03/2026 10:52:04 -- 		 max: 1 (max found at subject)
10/03/2026 10:52:04 -- 		 shacl-max: 1
10/03/2026 10:52:04 -- 	N80c69a59e8f443a080aeac3e867e98da | http://www.w3.org/ns/prov#generated > https://data.vlaanderen.be/id/concept/BesluitType/ba5922c9-cfad-4b2e-b203-36479219ba56
10/03/2026 10:52:04 -- 		 min: 0 (min found at subject)
10/03/2026 10:52:04 -- 		 max: 1 (max found at subject)
10/03/2026 10:52:04 -- 		 shacl-max: 1
10/03/2026 10:52:04 -- 	N461c262cf3dc497cb37dd729e431c1f8 | http://www.w3.org/ns/prov#generated > https://data.vlaanderen.be/id/concept/BesluitType/c417f3da-a3bd-47c5-84bf-29007323a362
10/03/2026 10:52:04 -- 		 min: 0 (min found at subject)
10/03/2026 10:52:04 -- 		 max: 1 (max found at subject)
10/03/2026 10:52:04 -- 		 shacl-max: 1
10/03/2026 10:52:04 -- 	N54576dbe7fa747ecb62c78733bc55dce | http://www.w3.org/ns/prov#generated > https://data.vlaanderen.be/id/concept/BesluitType/c6b696c0-26f8-4e87-b7e8-071b81471ddc
10/03/2026 10:52:04 -- 		 min: 0 (min found at subject)
10/03/2026 10:52:04 -- 		 max: 1 (max found at subject)
10/03/2026 10:52:04 -- 		 shacl-max: 1
10/03/2026 10:52:04 -- 	Nf0c45b21aa2440498257d09df6f614bf | http://www.w3.org/ns/prov#generated > https://data.vlaanderen.be/id/concept/BesluitType/c945b531-4742-43fe-af55-b13da6ecc6fe
10/03/2026 10:52:04 -- 		 min: 0 (min found at subject)
10/03/2026 10:52:04 -- 		 max: 1 (max found at subject)
10/03/2026 10:52:04 -- 		 shacl-max: 1
10/03/2026 10:52:04 -- 	N1d745a3231f24a4b9204de4eebbbc045 | http://www.w3.org/ns/prov#generated > https://data.vlaanderen.be/id/concept/BesluitType/cb361927-1aab-4016-bd8a-1a84841391ba
10/03/2026 10:52:04 -- 		 min: 0 (min found at subject)
10/03/2026 10:52:04 -- 		 max: 1 (max found at subject)
10/03/2026 10:52:04 -- 		 shacl-max: 1
10/03/2026 10:52:04 -- 	Nd31116eb7a634b659c4c95f57ce401dc | http://www.w3.org/ns/prov#generated > https://data.vlaanderen.be/id/concept/BesluitType/d7060f97-c417-474c-abc6-ef006cb61f41
10/03/2026 10:52:04 -- 		 min: 0 (min found at subject)
10/03/2026 10:52:04 -- 		 max: 1 (max found at subject)
10/03/2026 10:52:04 -- 		 shacl-max: 1
10/03/2026 10:52:04 -- 	N7af6ec9d210c4adda2393e4a2006177b | http://www.w3.org/ns/prov#generated > https://data.vlaanderen.be/id/concept/BesluitType/d85218e2-a75f-4a30-9182-512b5c9dd1b2
10/03/2026 10:52:04 -- 		 min: 0 (min found at subject)
10/03/2026 10:52:04 -- 		 max: 1 (max found at subject)
10/03/2026 10:52:04 -- 		 shacl-max: 1
10/03/2026 10:52:04 -- 	N106da21569414824890f1d1927083b4c | http://www.w3.org/ns/prov#generated > https://data.vlaanderen.be/id/concept/BesluitType/d9c3d177-6dc6-4775-8c6a-1055a9cbdcc6
10/03/2026 10:52:04 -- 		 min: 0 (min found at subject)
10/03/2026 10:52:04 -- 		 max: 1 (max found at subject)
10/03/2026 10:52:04 -- 		 shacl-max: 1
10/03/2026 10:52:04 -- 	Nf17dcad98de24ca09c6cd70154808c7e | http://www.w3.org/ns/prov#generated > https://data.vlaanderen.be/id/concept/BesluitType/dbc58656-b0a5-4e43-8e9e-701acb75f9b0
10/03/2026 10:52:04 -- 		 min: 0 (min found at subject)
10/03/2026 10:52:04 -- 		 max: 1 (max found at subject)
10/03/2026 10:52:04 -- 		 shacl-max: 1
10/03/2026 10:52:04 -- 	N55e9dfd5b05c4eea8953eef99a82b426 | http://www.w3.org/ns/prov#generated > https://data.vlaanderen.be/id/concept/BesluitType/df261490-cc74-4f80-b783-41c35e720b46
10/03/2026 10:52:04 -- 		 min: 0 (min found at subject)
10/03/2026 10:52:04 -- 		 max: 1 (max found at subject)
10/03/2026 10:52:04 -- 		 shacl-max: 1
10/03/2026 10:52:04 -- 	Nccfc00d4e99443c7a970790fd615346f | http://www.w3.org/ns/prov#generated > https://data.vlaanderen.be/id/concept/BesluitType/e27ef237-29de-49b8-be22-4ee2ab2d4e5b
10/03/2026 10:52:04 -- 		 min: 0 (min found at subject)
10/03/2026 10:52:04 -- 		 max: 1 (max found at subject)
10/03/2026 10:52:04 -- 		 shacl-max: 1
10/03/2026 10:52:04 -- 	N919e75c291484eec993987380bc0079b | http://www.w3.org/ns/prov#generated > https://data.vlaanderen.be/id/concept/BesluitType/e2928231-d377-48c7-98b4-3bb2f7de65db
10/03/2026 10:52:04 -- 		 min: 0 (min found at subject)
10/03/2026 10:52:04 -- 		 max: 1 (max found at subject)
10/03/2026 10:52:04 -- 		 shacl-max: 1
10/03/2026 10:52:04 -- 	Ndc28896bfa634954b364e3d6889204b2 | http://www.w3.org/ns/prov#generated > https://data.vlaanderen.be/id/concept/BesluitType/e44c535d-4339-4d15-bdbf-d4be6046de2c
10/03/2026 10:52:04 -- 		 min: 0 (min found at subject)
10/03/2026 10:52:04 -- 		 max: 2 (max found at subject)
10/03/2026 10:52:04 -- 	Ne0503804027546628914371dd8112718 | http://www.w3.org/ns/prov#generated > https://data.vlaanderen.be/id/concept/BesluitType/e6425cd1-26f2-4cd8-aa0f-1e9b65619c3a
10/03/2026 10:52:04 -- 		 min: 0 (min found at subject)
10/03/2026 10:52:04 -- 		 max: 1 (max found at subject)
10/03/2026 10:52:04 -- 		 shacl-max: 1
10/03/2026 10:52:04 -- 	N7b2f852166464c908c6db4f61113d787 | http://www.w3.org/ns/prov#generated > https://data.vlaanderen.be/id/concept/BesluitType/e8aee49e-8762-4db2-acfe-2d5dd3c37619
10/03/2026 10:52:05 -- 		 min: 0 (min found at subject)
10/03/2026 10:52:05 -- 		 max: 1 (max found at subject)
10/03/2026 10:52:05 -- 		 shacl-max: 1
10/03/2026 10:52:05 -- 	N9af43203de5946d786f489074309d448 | http://www.w3.org/ns/prov#generated > https://data.vlaanderen.be/id/concept/BesluitType/e8afe7c5-9640-4db8-8f74-3f023bec3241
10/03/2026 10:52:05 -- 		 min: 0 (min found at subject)
10/03/2026 10:52:05 -- 		 max: 1 (max found at subject)
10/03/2026 10:52:05 -- 		 shacl-max: 1
10/03/2026 10:52:05 -- 	Nd304a181eea442ef857edcc524862014 | http://www.w3.org/ns/prov#generated > https://data.vlaanderen.be/id/concept/BesluitType/e96ec8af-6480-4b32-876a-fefe5f0a3793
10/03/2026 10:52:05 -- 		 min: 0 (min found at subject)
10/03/2026 10:52:05 -- 		 max: 3 (max found at subject)
10/03/2026 10:52:05 -- 	Nc4d17f0a191d4ff5afa3b68f27f5e8d3 | http://www.w3.org/ns/prov#generated > https://data.vlaanderen.be/id/concept/BesluitType/ec8652a6-2c49-4955-8d59-fd08c8c0a6e1
10/03/2026 10:52:05 -- 		 min: 0 (min found at subject)
10/03/2026 10:52:05 -- 		 max: 1 (max found at subject)
10/03/2026 10:52:05 -- 		 shacl-max: 1
10/03/2026 10:52:05 -- 	N83cedde0a8e44de6949b20fae3ee7768 | http://www.w3.org/ns/prov#generated > https://data.vlaanderen.be/id/concept/BesluitType/efa4ec5a-b006-453f-985f-f986ebae11bc
10/03/2026 10:52:05 -- 		 min: 0 (min found at subject)
10/03/2026 10:52:05 -- 		 max: 1 (max found at subject)
10/03/2026 10:52:05 -- 		 shacl-max: 1
10/03/2026 10:52:05 -- 	N3520788770e04d17a77162c73560ff04 | http://www.w3.org/ns/prov#generated > https://data.vlaanderen.be/id/concept/BesluitType/f1d16307-164c-4278-87b9-1d3b1d968f67
10/03/2026 10:52:05 -- 		 min: 0 (min found at subject)
10/03/2026 10:52:05 -- 		 max: 1 (max found at subject)
10/03/2026 10:52:05 -- 		 shacl-max: 1
10/03/2026 10:52:05 -- 	N90bda50d8c454469b7a0d388d8d01494 | http://www.w3.org/ns/prov#generated > https://data.vlaanderen.be/id/concept/BesluitType/f1fd8f88-95b0-4085-b766-008b5867d992
10/03/2026 10:52:05 -- 		 min: 0 (min found at subject)
10/03/2026 10:52:05 -- 		 max: 1 (max found at subject)
10/03/2026 10:52:05 -- 		 shacl-max: 1
10/03/2026 10:52:05 -- 	Nbef800f16e5f4b24a89018f7895f7ec9 | http://www.w3.org/ns/prov#generated > https://data.vlaanderen.be/id/concept/BesluitType/f276bc3b-2d79-4c55-81b8-092e05619676
10/03/2026 10:52:05 -- 		 min: 0 (min found at subject)
10/03/2026 10:52:05 -- 		 max: 1 (max found at subject)
10/03/2026 10:52:05 -- 		 shacl-max: 1
10/03/2026 10:52:05 -- 	N7dbc0a564b4c4dc4a327dfd3a29c0d37 | http://www.w3.org/ns/prov#generated > https://data.vlaanderen.be/id/concept/BesluitType/f4ba730e-3f12-4c2f-81cf-31922b6da166
10/03/2026 10:52:05 -- 		 min: 0 (min found at subject)
10/03/2026 10:52:05 -- 		 max: 1 (max found at subject)
10/03/2026 10:52:05 -- 		 shacl-max: 1
10/03/2026 10:52:05 -- 	N810d7ae67b33433f8eae8732af2fa13c | http://www.w3.org/ns/prov#generated > https://data.vlaanderen.be/id/concept/BesluitType/f56c645d-b8e1-4066-813d-e213f5bc529f
10/03/2026 10:52:05 -- 		 min: 0 (min found at subject)
10/03/2026 10:52:05 -- 		 max: 1 (max found at subject)
10/03/2026 10:52:05 -- 		 shacl-max: 1
10/03/2026 10:52:05 -- 	N9511da35e0a04f49aeb165aaff80630a | http://www.w3.org/ns/prov#generated > https://data.vlaanderen.be/id/concept/BesluitType/f8c070bd-96e4-43a1-8c6e-532bcd771251
10/03/2026 10:52:05 -- 		 min: 0 (min found at subject)
10/03/2026 10:52:05 -- 		 max: 1 (max found at subject)
10/03/2026 10:52:05 -- 		 shacl-max: 1
10/03/2026 10:52:05 -- 	N471a3d21089a46aeafaaca4abe5b479f | http://www.w3.org/ns/prov#generated > https://data.vlaanderen.be/id/concept/BesluitType/fb21d14b-734b-48f4-bd4e-888163fd08e8
10/03/2026 10:52:05 -- 		 min: 0 (min found at subject)
10/03/2026 10:52:05 -- 		 max: 1 (max found at subject)
10/03/2026 10:52:05 -- 		 shacl-max: 1
10/03/2026 10:52:05 -- 	N06ca088ec2d944cca0ffae67a39ed048 | http://www.w3.org/ns/prov#generated > https://data.vlaanderen.be/id/concept/BesluitType/fb92601a-d189-4482-9922-ab0efc6bc935
10/03/2026 10:52:05 -- 		 min: 0 (min found at subject)
10/03/2026 10:52:05 -- 		 max: 1 (max found at subject)
10/03/2026 10:52:05 -- 		 shacl-max: 1
10/03/2026 10:52:05 -- 	N7648291c55794d1eb2d91a17bfe385cb | http://data.vlaanderen.be/ns/besluit#openbaar > [no object/datatype]
10/03/2026 10:52:05 -- 		 min: 0 (min found at subject)
10/03/2026 10:52:05 -- 		 max: 2 (max found at subject)
10/03/2026 10:52:05 -- 	N08c7f8a128c9440ca9b3556c14f61e93 | http://data.europa.eu/eli/ontology#passed_by > http://data.vlaanderen.be/ns/besluit#Bestuursorgaan
10/03/2026 10:52:05 -- 		 min: 0 (min found at subject)
10/03/2026 10:52:05 -- 		 max: 1 (max found at subject)
10/03/2026 10:52:05 -- 		 shacl-max: 1
10/03/2026 10:52:05 -- 	N53fff3dc2ffe4ca28e4bef5cae56d9f4 | http://purl.org/dc/terms/description > [no object/datatype]
10/03/2026 10:52:05 -- 		 min: 0 (min found at subject)
10/03/2026 10:52:05 -- 		 max: 3 (max found at subject)
10/03/2026 10:52:05 -- 	N1cd9d9460c284cff845669b272a91e0f | http://data.vlaanderen.be/ns/besluit#heeftSecretaris > http://data.lblod.info/vocabularies/leidinggevenden/Functionaris
10/03/2026 10:52:05 -- 		 min: 0 (min found at subject)
10/03/2026 10:52:05 -- 		 max: 1 (max found at subject)
10/03/2026 10:52:05 -- 		 shacl-max: 1
10/03/2026 10:52:05 -- 	Nde6ac8d0cf354d9eb6d619b08076bac5 | http://data.vlaanderen.be/ns/besluit#heeftSecretaris > http://data.vlaanderen.be/ns/mandaat#Mandataris
10/03/2026 10:52:05 -- 		 min: 0 (min found at subject)
10/03/2026 10:52:05 -- 		 max: 1 (max found at subject)
10/03/2026 10:52:05 -- 		 shacl-max: 1
10/03/2026 10:52:05 -- 	N696f373dc0cc41049c698a636669a840 | http://data.vlaanderen.be/ns/besluit#heeftAanwezigeBijStart > http://data.vlaanderen.be/ns/mandaat#Mandataris
10/03/2026 10:52:06 -- 		 min: 0 (min found at subject)
10/03/2026 10:52:06 -- 		 max: 36 (max found at subject)
10/03/2026 10:52:06 -- 	N16ecdc2b314145f3a8e65bc25ec1c420 | http://data.vlaanderen.be/ns/besluit#heeftVoorzitter > http://data.vlaanderen.be/ns/mandaat#Mandataris
10/03/2026 10:52:06 -- 		 min: 0 (min found at subject)
10/03/2026 10:52:06 -- 		 max: 2 (max found at subject)
10/03/2026 10:52:06 -- 	N39d1b73e79cb4474b7af90b5d390e1fc | http://data.vlaanderen.be/ns/besluit#heeftVoorzitter > http://www.w3.org/ns/person#Person
10/03/2026 10:52:06 -- 		 min: 0 (min found at subject)
10/03/2026 10:52:06 -- 		 max: 1 (max found at subject)
10/03/2026 10:52:06 -- 		 shacl-max: 1
10/03/2026 10:52:06 -- 	Na35ec83d502c4dcabaa54a140c4fdcef | http://data.vlaanderen.be/ns/besluit#heeftAanwezige > http://data.vlaanderen.be/ns/mandaat#Mandataris
10/03/2026 10:52:06 -- 		 min: 0 (min found at subject)
10/03/2026 10:52:06 -- 		 max: 36 (max found at subject)
10/03/2026 10:52:06 -- 	N9590ead8a2644baa9354d902aeb5cf29 | http://data.vlaanderen.be/ns/besluit#heeftAanwezige > http://www.w3.org/ns/person#Person
10/03/2026 10:52:06 -- 		 min: 0 (min found at subject)
10/03/2026 10:52:06 -- 		 max: 28 (max found at subject)
10/03/2026 10:52:06 -- 	N41b3613b8c624137862e2b824357ea1b | http://mu.semte.ch/vocabularies/ext/stemmingTable > [no object/datatype]
10/03/2026 10:52:06 -- 		 min: 0 (min found at subject)
10/03/2026 10:52:06 -- 		 max: 3 (max found at subject)
10/03/2026 10:52:06 -- 	N077cb7fc8ac94e5182f23bbee45662c2 | http://data.vlaanderen.be/ns/besluit#noopener > [no object/datatype]
10/03/2026 10:52:06 -- 		 min: 0 (min found at subject)
10/03/2026 10:52:06 -- 		 max: 1 (max found at subject)
10/03/2026 10:52:06 -- 		 shacl-max: 1
10/03/2026 10:52:06 -- 	N2d45f872734646dd92e19d1c3cbe627c | http://data.vlaanderen.be/ns/besluit#gebeurtNa > http://data.vlaanderen.be/ns/besluit#BehandelingVanAgendapunt
10/03/2026 10:52:06 -- 		 min: 0 (min found at subject)
10/03/2026 10:52:06 -- 		 max: 2 (max found at subject)
10/03/2026 10:52:06 -- 	N741ca88f468d4ebca301a147e333e63e | http://data.europa.eu/eli/ontology#date_publication > [no object/datatype]
10/03/2026 10:52:06 -- 		 min: 0 (min found at subject)
10/03/2026 10:52:06 -- 		 max: 1 (max found at subject)
10/03/2026 10:52:06 -- 		 shacl-max: 1
10/03/2026 10:52:06 -- 	Nb3a12541081643059cd9588858c3911f | http://purl.org/dc/terms/title > [no object/datatype]
10/03/2026 10:52:06 -- 		 min: 0 (min found at subject)
10/03/2026 10:52:06 -- 		 max: 2 (max found at subject)
10/03/2026 10:52:06 -- 	N7234711bec0946ad8a0a02a67672ddff | http://data.vlaanderen.be/ns/besluit#Agendapunt.type > http://www.w3.org/2004/02/skos/core#Concept
10/03/2026 10:52:06 -- 		 min: 0 (min found at subject)
10/03/2026 10:52:06 -- 		 max: 1 (max found at subject)
10/03/2026 10:52:06 -- 		 shacl-max: 1
10/03/2026 10:52:06 -- http://example.com/shapes/1ddb22df-4663-4933-9564-652b387e01c2 ~ http://data.vlaanderen.be/ns/besluit#Bestuursorgaan
10/03/2026 10:52:06 -- 	N63173c679f1349dab70c8d531b3d84d6 | http://data.vlaanderen.be/ns/mandaat#isTijdspecialisatieVan > http://data.vlaanderen.be/ns/besluit#Bestuursorgaan
10/03/2026 10:52:06 -- 		 min: 0 (min found at subject)
10/03/2026 10:52:06 -- 		 max: 1 (max found at subject)
10/03/2026 10:52:06 -- 		 shacl-max: 1
10/03/2026 10:52:06 -- 	Nf2a34c0c2ece4dc2a63ce471f26220f6 | http://www.w3.org/ns/org#classification > http://www.w3.org/2004/02/skos/core#Concept
10/03/2026 10:52:06 -- 		 min: 0 (min found at subject)
10/03/2026 10:52:06 -- 		 max: 1 (max found at subject)
10/03/2026 10:52:06 -- 		 shacl-max: 1
10/03/2026 10:52:06 -- 	Nef2fff078e274ce0878742db182ec0ac | http://data.vlaanderen.be/ns/besluit#classificatie > http://www.w3.org/2004/02/skos/core#Concept
10/03/2026 10:52:06 -- 		 min: 0 (min found at subject)
10/03/2026 10:52:06 -- 		 max: 1 (max found at subject)
10/03/2026 10:52:06 -- 		 shacl-max: 1
10/03/2026 10:52:06 -- 	Nf2c8bb5db7fb44c1bf5c434c3db415d1 | http://www.w3.org/2004/02/skos/core#prefLabel > [no object/datatype]
10/03/2026 10:52:06 -- 		 min: 0 (min found at subject)
10/03/2026 10:52:06 -- 		 max: 2 (max found at subject)
10/03/2026 10:52:06 -- 	Nef4e3d9e48414536a1e10719508e97e8 | http://data.vlaanderen.be/ns/besluit#bestuurt > http://data.vlaanderen.be/ns/besluit#Bestuurseenheid
10/03/2026 10:52:06 -- 		 min: 0 (min found at subject)
10/03/2026 10:52:06 -- 		 max: 1 (max found at subject)
10/03/2026 10:52:06 -- 		 shacl-max: 1
10/03/2026 10:52:06 -- 	N1ba77f2ebd37416eb427790b4dfc1b4d | http://mu.semte.ch/vocabularies/core/uuid > [no object/datatype]
10/03/2026 10:52:06 -- 		 min: 1 (min found at subject)
10/03/2026 10:52:06 -- 		 max: 1 (max found at subject)
10/03/2026 10:52:06 -- 		 shacl-min: 1
10/03/2026 10:52:06 -- 		 shacl-max: 1
10/03/2026 10:52:06 -- 	Ne6fa878ff51b44aea599fedea44accda | http://www.w3.org/ns/prov#wasDerivedFrom > http://data.vlaanderen.be/ns/mandaat#Mandataris
10/03/2026 10:52:06 -- 		 min: 0 (min found at subject)
10/03/2026 10:52:06 -- 		 max: 4 (max found at subject)
10/03/2026 10:52:06 -- http://example.com/shapes/36b73823-2434-41ce-81e5-dde0e6cd8c1a ~ http://data.vlaanderen.be/ns/besluit#Stemming
10/03/2026 10:52:06 -- 	N2b7069631c6549139f59e351c5f8ad0d | http://data.vlaanderen.be/ns/besluit#heeftVoorstander > http://data.vlaanderen.be/ns/mandaat#Mandataris
10/03/2026 10:52:07 -- 		 min: 0 (min found at subject)
10/03/2026 10:52:07 -- 		 max: 36 (max found at subject)
10/03/2026 10:52:07 -- 	N88d8a059904a49e7916b08c9812f9e8c | http://data.vlaanderen.be/ns/besluit#aantalVoorstanders > [no object/datatype]
10/03/2026 10:52:07 -- 		 min: 0 (min found at subject)
10/03/2026 10:52:07 -- 		 max: 2 (max found at subject)
10/03/2026 10:52:07 -- 	N96c85cd86c02449d909cd814f5fdd022 | http://data.vlaanderen.be/ns/besluit#heeftOnthouders > http://data.vlaanderen.be/ns/mandaat#Mandataris
10/03/2026 10:52:07 -- 		 min: 0 (min found at subject)
10/03/2026 10:52:07 -- 		 max: 15 (max found at subject)
10/03/2026 10:52:07 -- 	N3dc19f6801ce458d85088d860fcd3e4f | http://data.vlaanderen.be/ns/besluit#heeftStemmer > http://data.vlaanderen.be/ns/mandaat#Mandataris
10/03/2026 10:52:07 -- 		 min: 0 (min found at subject)
10/03/2026 10:52:07 -- 		 max: 36 (max found at subject)
10/03/2026 10:52:07 -- 	N58c65ea51588496f9af55d4928722a77 | http://data.vlaanderen.be/ns/besluit#gevolg > [no object/datatype]
10/03/2026 10:52:07 -- 		 min: 0 (min found at subject)
10/03/2026 10:52:07 -- 		 max: 3 (max found at subject)
10/03/2026 10:52:07 -- 	Nf4d03c6bf2534d51890cb96501df55db | http://data.vlaanderen.be/ns/besluit#geheim > [no object/datatype]
10/03/2026 10:52:07 -- 		 min: 0 (min found at subject)
10/03/2026 10:52:07 -- 		 max: 1 (max found at subject)
10/03/2026 10:52:07 -- 		 shacl-max: 1
10/03/2026 10:52:07 -- 	Ne254f346c508426389a39a267a053724 | http://data.vlaanderen.be/ns/besluit#onderwerp > [no object/datatype]
10/03/2026 10:52:07 -- 		 min: 1 (min found at subject)
10/03/2026 10:52:07 -- 		 max: 3 (max found at subject)
10/03/2026 10:52:07 -- 		 shacl-min: 1
10/03/2026 10:52:07 -- 	N7466f8a3c9e941239cbb341ee70cf78f | http://www.w3.org/ns/prov#wasDerivedFrom > http://data.vlaanderen.be/ns/mandaat#Mandataris
10/03/2026 10:52:07 -- 		 min: 0 (min found at subject)
10/03/2026 10:52:07 -- 		 max: 1 (max found at subject)
10/03/2026 10:52:07 -- 		 shacl-max: 1
10/03/2026 10:52:07 -- 	N171777255076438baff3cdee432713c2 | http://www.w3.org/ns/prov#wasDerivedFrom > http://xmlns.com/foaf/0.1/Document
10/03/2026 10:52:07 -- 		 min: 0 (min found at subject)
10/03/2026 10:52:07 -- 		 max: 2 (max found at subject)
10/03/2026 10:52:07 -- 	N99f476e3f07a488c85b64232959342f6 | http://www.w3.org/ns/prov#wasDerivedFrom > https://data.vlaanderen.be/id/concept/BesluitDocumentType/9d5bfaca-bbf2-49dd-a830-769f91a6377b
10/03/2026 10:52:07 -- 		 min: 0 (min found at subject)
10/03/2026 10:52:07 -- 		 max: 2 (max found at subject)
10/03/2026 10:52:07 -- 	N1f704213e3e1429e907df177ccd232d2 | http://data.vlaanderen.be/ns/besluit#heeftTegenstander > http://data.vlaanderen.be/ns/mandaat#Mandataris
10/03/2026 10:52:07 -- 		 min: 0 (min found at subject)
10/03/2026 10:52:07 -- 		 max: 30 (max found at subject)
10/03/2026 10:52:07 -- 	Nbc0e426ecb9d4a589508f53b138510c1 | http://mu.semte.ch/vocabularies/core/uuid > [no object/datatype]
10/03/2026 10:52:07 -- 		 min: 1 (min found at subject)
10/03/2026 10:52:07 -- 		 max: 1 (max found at subject)
10/03/2026 10:52:07 -- 		 shacl-min: 1
10/03/2026 10:52:07 -- 		 shacl-max: 1
10/03/2026 10:52:07 -- 	N364713d9566e421ab6217365c4fa538d | http://data.vlaanderen.be/ns/besluit#heeftOnthouder > http://data.vlaanderen.be/ns/mandaat#Mandataris
10/03/2026 10:52:07 -- 		 min: 0 (min found at subject)
10/03/2026 10:52:07 -- 		 max: 19 (max found at subject)
10/03/2026 10:52:07 -- 	N9533b3f443254e12b6ce83c74b1f66fa | http://data.vlaanderen.be/ns/besluit#aantalTegenstanders > [no object/datatype]
10/03/2026 10:52:07 -- 		 min: 0 (min found at subject)
10/03/2026 10:52:07 -- 		 max: 2 (max found at subject)
10/03/2026 10:52:07 -- 	N4fa2ee346bbe42d9b49e3b83cc807a74 | http://data.vlaanderen.be/ns/besluit#heeftAanwezige > http://data.vlaanderen.be/ns/mandaat#Mandataris
10/03/2026 10:52:07 -- 		 min: 0 (min found at subject)
10/03/2026 10:52:07 -- 		 max: 36 (max found at subject)
10/03/2026 10:52:07 -- 	Nc264f89a7c354aa0adfb50e7f36f9011 | http://data.vlaanderen.be/ns/besluit#aantalOnthouders > [no object/datatype]
10/03/2026 10:52:07 -- 		 min: 0 (min found at subject)
10/03/2026 10:52:07 -- 		 max: 2 (max found at subject)
10/03/2026 10:52:07 -- http://example.com/shapes/9182584c-a771-4029-b046-41cd1923874e ~ http://data.vlaanderen.be/ns/mandaat#Aanstellingsbesluit
10/03/2026 10:52:07 -- 	Nf654a22965d34c12a5a11824ab9fa913 | http://www.w3.org/ns/prov#wasDerivedFrom > [no object/datatype]
10/03/2026 10:52:07 -- 		 min: 1 (min found at subject)
10/03/2026 10:52:07 -- 		 max: 1 (max found at subject)
10/03/2026 10:52:07 -- 		 shacl-min: 1
10/03/2026 10:52:07 -- 		 shacl-max: 1
10/03/2026 10:52:07 -- 	Nf769dfbc57c44bc69e7d4bf2245db65f | http://data.europa.eu/eli/ontology#cites > [no object/datatype]
10/03/2026 10:52:07 -- 		 min: 3 (min found at subject)
10/03/2026 10:52:07 -- 		 max: 3 (max found at subject)
10/03/2026 10:52:07 -- 		 shacl-min: 3
10/03/2026 10:52:07 -- 	Nae4eba6b98814925b1af26f89d3da184 | http://data.vlaanderen.be/ns/besluit#motivering > [no object/datatype]
10/03/2026 10:52:07 -- 		 min: 1 (min found at subject)
10/03/2026 10:52:07 -- 		 max: 1 (max found at subject)
10/03/2026 10:52:07 -- 		 shacl-min: 1
10/03/2026 10:52:07 -- 		 shacl-max: 1
10/03/2026 10:52:07 -- 	N6b30670210164110856ecca7378a85f1 | http://data.europa.eu/eli/ontology#description > [no object/datatype]
10/03/2026 10:52:07 -- 		 min: 1 (min found at subject)
10/03/2026 10:52:07 -- 		 max: 1 (max found at subject)
10/03/2026 10:52:07 -- 		 shacl-min: 1
10/03/2026 10:52:07 -- 		 shacl-max: 1
10/03/2026 10:52:07 -- 	N64f0db717de84ee1a0b5ffdc6c28f2aa | http://data.europa.eu/eli/ontology#title > [no object/datatype]
10/03/2026 10:52:07 -- 		 min: 1 (min found at subject)
10/03/2026 10:52:07 -- 		 max: 1 (max found at subject)
10/03/2026 10:52:07 -- 		 shacl-min: 1
10/03/2026 10:52:07 -- 		 shacl-max: 1
10/03/2026 10:52:07 -- 	Nb9cdb7625ed64dc4b93bb5111ff7df60 | http://mu.semte.ch/vocabularies/core/uuid > [no object/datatype]
10/03/2026 10:52:07 -- 		 min: 1 (min found at subject)
10/03/2026 10:52:07 -- 		 max: 1 (max found at subject)
10/03/2026 10:52:07 -- 		 shacl-min: 1
10/03/2026 10:52:07 -- 		 shacl-max: 1
10/03/2026 10:52:07 -- 	Ndf625bf1c9fb4fcaaed192cf70c6502e | http://data.europa.eu/eli/ontology#has_part > http://data.vlaanderen.be/ns/besluit#Artikel
10/03/2026 10:52:07 -- 		 min: 2 (min found at subject)
10/03/2026 10:52:07 -- 		 max: 2 (max found at subject)
10/03/2026 10:52:07 -- 		 shacl-min: 2
10/03/2026 10:52:07 -- 	N7c91a3cafc1749fb9bdb73d180c13211 | http://data.europa.eu/eli/ontology#language > http://www.w3.org/2004/02/skos/core#Concept
10/03/2026 10:52:07 -- 		 min: 1 (min found at subject)
10/03/2026 10:52:07 -- 		 max: 1 (max found at subject)
10/03/2026 10:52:07 -- 		 shacl-min: 1
10/03/2026 10:52:07 -- 		 shacl-max: 1
10/03/2026 10:52:07 -- 	Ne5a9d8e8c9e94000afcdff2612d1e2cd | http://www.w3.org/ns/prov#value > [no object/datatype]
10/03/2026 10:52:07 -- 		 min: 1 (min found at subject)
10/03/2026 10:52:07 -- 		 max: 1 (max found at subject)
10/03/2026 10:52:07 -- 		 shacl-min: 1
10/03/2026 10:52:07 -- 		 shacl-max: 1
10/03/2026 10:52:07 -- 	Ncf78a5b7a3e048769edeedc25654b7a6 | http://lblod.data.gift/vocabularies/besluit/extractedDecisionContent > [no object/datatype]
10/03/2026 10:52:07 -- 		 min: 11 (min found at subject)
10/03/2026 10:52:07 -- 		 max: 14 (max found at subject)
10/03/2026 10:52:07 -- 		 shacl-min: 1
10/03/2026 10:52:07 -- http://example.com/shapes/43f4173c-42aa-4404-8240-e28ede137164 ~ http://mu.semte.ch/vocabularies/ext/BesluitPolitieraad
10/03/2026 10:52:07 -- 	Ndbf349b297b04b979d823b8b9cfde2fa | http://data.europa.eu/eli/ontology#has_part > http://data.vlaanderen.be/ns/besluit#Artikel
10/03/2026 10:52:07 -- 		 min: 2 (min found at subject)
10/03/2026 10:52:07 -- 		 max: 3 (max found at subject)
10/03/2026 10:52:07 -- 		 shacl-min: 1
10/03/2026 10:52:07 -- 	Nbf309468896d4f8db0e07d84b77eed5d | http://www.w3.org/ns/prov#value > [no object/datatype]
10/03/2026 10:52:08 -- 		 min: 1 (min found at subject)
10/03/2026 10:52:08 -- 		 max: 1 (max found at subject)
10/03/2026 10:52:08 -- 		 shacl-min: 1
10/03/2026 10:52:08 -- 		 shacl-max: 1
10/03/2026 10:52:08 -- 	N46130a0464274ad9b81296f039068ce3 | http://lblod.data.gift/vocabularies/besluit/extractedDecisionContent > [no object/datatype]
10/03/2026 10:52:08 -- 		 min: 12 (min found at subject)
10/03/2026 10:52:08 -- 		 max: 14 (max found at subject)
10/03/2026 10:52:08 -- 		 shacl-min: 1
10/03/2026 10:52:08 -- 	N32546632308e4635bb4ea1e5c1c80819 | http://www.w3.org/ns/prov#wasDerivedFrom > [no object/datatype]
10/03/2026 10:52:08 -- 		 min: 1 (min found at subject)
10/03/2026 10:52:08 -- 		 max: 1 (max found at subject)
10/03/2026 10:52:08 -- 		 shacl-min: 1
10/03/2026 10:52:08 -- 		 shacl-max: 1
10/03/2026 10:52:08 -- 	N504f285892e74ac493dfd5b0bfe9a75e | http://data.europa.eu/eli/ontology#language > http://www.w3.org/2004/02/skos/core#Concept
10/03/2026 10:52:08 -- 		 min: 1 (min found at subject)
10/03/2026 10:52:08 -- 		 max: 1 (max found at subject)
10/03/2026 10:52:08 -- 		 shacl-min: 1
10/03/2026 10:52:08 -- 		 shacl-max: 1
10/03/2026 10:52:08 -- 	N482df5ec41bc412bb697001abeb25e06 | http://data.vlaanderen.be/ns/besluit#motivering > [no object/datatype]
10/03/2026 10:52:08 -- 		 min: 1 (min found at subject)
10/03/2026 10:52:08 -- 		 max: 1 (max found at subject)
10/03/2026 10:52:08 -- 		 shacl-min: 1
10/03/2026 10:52:08 -- 		 shacl-max: 1
10/03/2026 10:52:08 -- 	N24959023f3f64a1684b26ea1e76fe538 | http://data.europa.eu/eli/ontology#description > [no object/datatype]
10/03/2026 10:52:08 -- 		 min: 1 (min found at subject)
10/03/2026 10:52:08 -- 		 max: 1 (max found at subject)
10/03/2026 10:52:08 -- 		 shacl-min: 1
10/03/2026 10:52:08 -- 		 shacl-max: 1
10/03/2026 10:52:08 -- 	N7598f66092e04fc788c1c64d2d0ad7d4 | http://data.europa.eu/eli/ontology#title > [no object/datatype]
10/03/2026 10:52:08 -- 		 min: 1 (min found at subject)
10/03/2026 10:52:08 -- 		 max: 1 (max found at subject)
10/03/2026 10:52:08 -- 		 shacl-min: 1
10/03/2026 10:52:08 -- 		 shacl-max: 1
10/03/2026 10:52:08 -- 	Na5be5cf56f8f468d9ac23f2c8ceb02e7 | http://mu.semte.ch/vocabularies/core/uuid > [no object/datatype]
10/03/2026 10:52:08 -- 		 min: 1 (min found at subject)
10/03/2026 10:52:08 -- 		 max: 1 (max found at subject)
10/03/2026 10:52:08 -- 		 shacl-min: 1
10/03/2026 10:52:08 -- 		 shacl-max: 1
10/03/2026 10:52:08 -- http://example.com/shapes/5bf8294e-ad56-4d3b-adc9-628dd4303bc1 ~ http://mu.semte.ch/vocabularies/ext/BesluitPolitieraadNieuweStijl
10/03/2026 10:52:08 -- 	N1200da9c360049e7bdab018edeb7f936 | http://data.europa.eu/eli/ontology#description > [no object/datatype]
10/03/2026 10:52:08 -- 		 min: 1 (min found at subject)
10/03/2026 10:52:08 -- 		 max: 1 (max found at subject)
10/03/2026 10:52:08 -- 		 shacl-min: 1
10/03/2026 10:52:08 -- 		 shacl-max: 1
10/03/2026 10:52:08 -- 	N09a387a9ea5446378c23c35a6092dc05 | http://www.w3.org/ns/prov#value > [no object/datatype]
10/03/2026 10:52:08 -- 		 min: 1 (min found at subject)
10/03/2026 10:52:08 -- 		 max: 1 (max found at subject)
10/03/2026 10:52:08 -- 		 shacl-min: 1
10/03/2026 10:52:08 -- 		 shacl-max: 1
10/03/2026 10:52:08 -- 	Neb6ce5696619450a82592a5cfe514650 | http://lblod.data.gift/vocabularies/besluit/extractedDecisionContent > [no object/datatype]
10/03/2026 10:52:08 -- 		 min: 11 (min found at subject)
10/03/2026 10:52:08 -- 		 max: 11 (max found at subject)
10/03/2026 10:52:08 -- 		 shacl-min: 11
10/03/2026 10:52:08 -- 	Ncc49cd5cfa6044289228c94bde1bac94 | http://mu.semte.ch/vocabularies/core/uuid > [no object/datatype]
10/03/2026 10:52:08 -- 		 min: 1 (min found at subject)
10/03/2026 10:52:08 -- 		 max: 1 (max found at subject)
10/03/2026 10:52:08 -- 		 shacl-min: 1
10/03/2026 10:52:08 -- 		 shacl-max: 1
10/03/2026 10:52:08 -- 	Ne8059c2dd1a6488d87b3a35131d3a4f3 | http://data.europa.eu/eli/ontology#title > [no object/datatype]
10/03/2026 10:52:08 -- 		 min: 1 (min found at subject)
10/03/2026 10:52:08 -- 		 max: 1 (max found at subject)
10/03/2026 10:52:08 -- 		 shacl-min: 1
10/03/2026 10:52:08 -- 		 shacl-max: 1
10/03/2026 10:52:08 -- 	Nd4ac94d21d784817bfc88eccebb2e053 | http://data.europa.eu/eli/ontology#has_part > http://data.vlaanderen.be/ns/besluit#Artikel
10/03/2026 10:52:08 -- 		 min: 2 (min found at subject)
10/03/2026 10:52:08 -- 		 max: 2 (max found at subject)
10/03/2026 10:52:08 -- 		 shacl-min: 2
10/03/2026 10:52:08 -- 	N6768c0d517e044478f63cad259c8f5f7 | http://data.vlaanderen.be/ns/besluit#motivering > [no object/datatype]
10/03/2026 10:52:08 -- 		 min: 1 (min found at subject)
10/03/2026 10:52:08 -- 		 max: 1 (max found at subject)
10/03/2026 10:52:08 -- 		 shacl-min: 1
10/03/2026 10:52:08 -- 		 shacl-max: 1
10/03/2026 10:52:08 -- 	Nb1ba332951324fafacd87e8aa67c7c36 | http://www.w3.org/ns/prov#wasDerivedFrom > [no object/datatype]
10/03/2026 10:52:08 -- 		 min: 1 (min found at subject)
10/03/2026 10:52:08 -- 		 max: 1 (max found at subject)
10/03/2026 10:52:08 -- 		 shacl-min: 1
10/03/2026 10:52:08 -- 		 shacl-max: 1
10/03/2026 10:52:08 -- 	N545036d4827c4495a381117ac62af3b0 | http://data.europa.eu/eli/ontology#language > http://www.w3.org/2004/02/skos/core#Concept
10/03/2026 10:52:08 -- 		 min: 1 (min found at subject)
10/03/2026 10:52:08 -- 		 max: 1 (max found at subject)
10/03/2026 10:52:08 -- 		 shacl-min: 1
10/03/2026 10:52:08 -- 		 shacl-max: 1
10/03/2026 10:52:08 -- http://example.com/shapes/1084af4a-9191-479a-8e07-38076840c003 ~ http://mu.semte.ch/vocabularies/ext/BesluitSchepenen
10/03/2026 10:52:08 -- 	N59e43ee153164dd898d3ffe0f72bf999 | http://mu.semte.ch/vocabularies/core/uuid > [no object/datatype]
10/03/2026 10:52:08 -- 		 min: 1 (min found at subject)
10/03/2026 10:52:08 -- 		 max: 1 (max found at subject)
10/03/2026 10:52:08 -- 		 shacl-min: 1
10/03/2026 10:52:08 -- 		 shacl-max: 1
10/03/2026 10:52:08 -- 	Na60b3d7465ff4465a0414a8da275a0d4 | http://www.w3.org/ns/prov#wasDerivedFrom > [no object/datatype]
10/03/2026 10:52:08 -- 		 min: 1 (min found at subject)
10/03/2026 10:52:08 -- 		 max: 1 (max found at subject)
10/03/2026 10:52:08 -- 		 shacl-min: 1
10/03/2026 10:52:08 -- 		 shacl-max: 1
10/03/2026 10:52:08 -- 	N7daa718e7639457eaedca67ad62ad761 | http://lblod.data.gift/vocabularies/besluit/extractedDecisionContent > [no object/datatype]
10/03/2026 10:52:08 -- 		 min: 12 (min found at subject)
10/03/2026 10:52:08 -- 		 max: 14 (max found at subject)
10/03/2026 10:52:08 -- 		 shacl-min: 1
10/03/2026 10:52:08 -- 	N9a43461adeb14979b570191706ee3b4a | http://mu.semte.ch/vocabularies/ext/schepenenAanstellingTable > [no object/datatype]
10/03/2026 10:52:08 -- 		 min: 1 (min found at subject)
10/03/2026 10:52:08 -- 		 max: 1 (max found at subject)
10/03/2026 10:52:08 -- 		 shacl-min: 1
10/03/2026 10:52:08 -- 		 shacl-max: 1
10/03/2026 10:52:08 -- 	N55e35ca075aa45e7816da222440af4d2 | http://data.europa.eu/eli/ontology#title > [no object/datatype]
10/03/2026 10:52:08 -- 		 min: 1 (min found at subject)
10/03/2026 10:52:08 -- 		 max: 1 (max found at subject)
10/03/2026 10:52:08 -- 		 shacl-min: 1
10/03/2026 10:52:08 -- 		 shacl-max: 1
10/03/2026 10:52:08 -- 	Na059ab3a1bf8484492525e9c4a1987f4 | http://data.europa.eu/eli/ontology#language > http://www.w3.org/2004/02/skos/core#Concept
10/03/2026 10:52:08 -- 		 min: 1 (min found at subject)
10/03/2026 10:52:08 -- 		 max: 1 (max found at subject)
10/03/2026 10:52:08 -- 		 shacl-min: 1
10/03/2026 10:52:08 -- 		 shacl-max: 1
10/03/2026 10:52:08 -- 	Nd7f6f833a55f481da571fbf28044683d | http://data.vlaanderen.be/ns/besluit#motivering > [no object/datatype]
10/03/2026 10:52:08 -- 		 min: 1 (min found at subject)
10/03/2026 10:52:08 -- 		 max: 1 (max found at subject)
10/03/2026 10:52:08 -- 		 shacl-min: 1
10/03/2026 10:52:08 -- 		 shacl-max: 1
10/03/2026 10:52:08 -- 	N4acf36feb1a44ded9ccdb0500c441acd | http://data.europa.eu/eli/ontology#has_part > http://data.vlaanderen.be/ns/besluit#Artikel
10/03/2026 10:52:08 -- 		 min: 3 (min found at subject)
10/03/2026 10:52:08 -- 		 max: 3 (max found at subject)
10/03/2026 10:52:08 -- 		 shacl-min: 3
10/03/2026 10:52:08 -- 	N98d2b70d174f4773b7fe369068e02593 | http://data.europa.eu/eli/ontology#description > [no object/datatype]
10/03/2026 10:52:08 -- 		 min: 1 (min found at subject)
10/03/2026 10:52:08 -- 		 max: 1 (max found at subject)
10/03/2026 10:52:08 -- 		 shacl-min: 1
10/03/2026 10:52:08 -- 		 shacl-max: 1
10/03/2026 10:52:08 -- 	Naf834a8681d44767bf8b6d46579116ad | http://data.europa.eu/eli/ontology#cites > [no object/datatype]
10/03/2026 10:52:08 -- 		 min: 5 (min found at subject)
10/03/2026 10:52:08 -- 		 max: 5 (max found at subject)
10/03/2026 10:52:08 -- 		 shacl-min: 5
10/03/2026 10:52:08 -- 	Nbbd2220433dc462382002411265fe307 | http://www.w3.org/ns/prov#value > [no object/datatype]
10/03/2026 10:52:08 -- 		 min: 1 (min found at subject)
10/03/2026 10:52:08 -- 		 max: 1 (max found at subject)
10/03/2026 10:52:08 -- 		 shacl-min: 1
10/03/2026 10:52:08 -- 		 shacl-max: 1
10/03/2026 10:52:08 -- http://example.com/shapes/d2ec784f-54ff-4d21-848c-6eae33562f78 ~ http://mu.semte.ch/vocabularies/ext/BesluitSchepenenNieuweStijl
10/03/2026 10:52:08 -- 	N1b7111e09c26444c905191487e5dbe69 | http://data.europa.eu/eli/ontology#language > http://www.w3.org/2004/02/skos/core#Concept
10/03/2026 10:52:08 -- 		 min: 1 (min found at subject)
10/03/2026 10:52:08 -- 		 max: 1 (max found at subject)
10/03/2026 10:52:08 -- 		 shacl-min: 1
10/03/2026 10:52:08 -- 		 shacl-max: 1
10/03/2026 10:52:08 -- 	Nc41158d3bac74f80888ab97fc882d02b | http://www.w3.org/ns/prov#value > [no object/datatype]
10/03/2026 10:52:08 -- 		 min: 1 (min found at subject)
10/03/2026 10:52:08 -- 		 max: 1 (max found at subject)
10/03/2026 10:52:08 -- 		 shacl-min: 1
10/03/2026 10:52:08 -- 		 shacl-max: 1
10/03/2026 10:52:08 -- 	N5c5532a4471f421db9af1eb2cf25f956 | http://data.europa.eu/eli/ontology#has_part > http://data.vlaanderen.be/ns/besluit#Artikel
10/03/2026 10:52:08 -- 		 min: 3 (min found at subject)
10/03/2026 10:52:08 -- 		 max: 3 (max found at subject)
10/03/2026 10:52:08 -- 		 shacl-min: 3
10/03/2026 10:52:08 -- 	Ne289664e72a9410bad139facbe1a387a | http://lblod.data.gift/vocabularies/besluit/extractedDecisionContent > [no object/datatype]
10/03/2026 10:52:08 -- 		 min: 11 (min found at subject)
10/03/2026 10:52:08 -- 		 max: 11 (max found at subject)
10/03/2026 10:52:08 -- 		 shacl-min: 11
10/03/2026 10:52:08 -- 	Na9487157a4a341f593c5918e176036e7 | http://www.w3.org/ns/prov#wasDerivedFrom > [no object/datatype]
10/03/2026 10:52:08 -- 		 min: 1 (min found at subject)
10/03/2026 10:52:08 -- 		 max: 1 (max found at subject)
10/03/2026 10:52:08 -- 		 shacl-min: 1
10/03/2026 10:52:08 -- 		 shacl-max: 1
10/03/2026 10:52:08 -- 	N697151166c1e419faa53af7327bbec0c | http://data.europa.eu/eli/ontology#title > [no object/datatype]
10/03/2026 10:52:08 -- 		 min: 1 (min found at subject)
10/03/2026 10:52:08 -- 		 max: 1 (max found at subject)
10/03/2026 10:52:08 -- 		 shacl-min: 1
10/03/2026 10:52:08 -- 		 shacl-max: 1
10/03/2026 10:52:08 -- 	N05606f28cea64144901ac82757861dfc | http://data.europa.eu/eli/ontology#cites > [no object/datatype]
10/03/2026 10:52:08 -- 		 min: 5 (min found at subject)
10/03/2026 10:52:08 -- 		 max: 5 (max found at subject)
10/03/2026 10:52:08 -- 		 shacl-min: 5
10/03/2026 10:52:08 -- 	Nf147a08d615e4a6590bc8e0c58586140 | http://mu.semte.ch/vocabularies/ext/schepenenAanstellingTable > [no object/datatype]
10/03/2026 10:52:08 -- 		 min: 1 (min found at subject)
10/03/2026 10:52:08 -- 		 max: 1 (max found at subject)
10/03/2026 10:52:08 -- 		 shacl-min: 1
10/03/2026 10:52:08 -- 		 shacl-max: 1
10/03/2026 10:52:08 -- 	N0166891610964a20abc668dff69b3a14 | http://data.europa.eu/eli/ontology#description > [no object/datatype]
10/03/2026 10:52:08 -- 		 min: 1 (min found at subject)
10/03/2026 10:52:08 -- 		 max: 1 (max found at subject)
10/03/2026 10:52:08 -- 		 shacl-min: 1
10/03/2026 10:52:08 -- 		 shacl-max: 1
10/03/2026 10:52:08 -- 	N5ab7da2ef84549949c07140adc39f36d | http://mu.semte.ch/vocabularies/core/uuid > [no object/datatype]
10/03/2026 10:52:08 -- 		 min: 1 (min found at subject)
10/03/2026 10:52:08 -- 		 max: 1 (max found at subject)
10/03/2026 10:52:08 -- 		 shacl-min: 1
10/03/2026 10:52:08 -- 		 shacl-max: 1
10/03/2026 10:52:08 -- 	N569cc6ccf0874d10b394f3286f335e0f | http://data.vlaanderen.be/ns/besluit#motivering > [no object/datatype]
10/03/2026 10:52:08 -- 		 min: 1 (min found at subject)
10/03/2026 10:52:08 -- 		 max: 1 (max found at subject)
10/03/2026 10:52:08 -- 		 shacl-min: 1
10/03/2026 10:52:08 -- 		 shacl-max: 1
10/03/2026 10:52:08 -- http://example.com/shapes/a566f0c1-31f1-4895-bed8-8e82d7d01200 ~ http://mu.semte.ch/vocabularies/ext/BesluitVerkiezingVoorzitter
10/03/2026 10:52:08 -- 	N1395503791e5474db4d77b9f1812eb04 | http://data.europa.eu/eli/ontology#description > [no object/datatype]
10/03/2026 10:52:08 -- 		 min: 1 (min found at subject)
10/03/2026 10:52:08 -- 		 max: 1 (max found at subject)
10/03/2026 10:52:08 -- 		 shacl-min: 1
10/03/2026 10:52:08 -- 		 shacl-max: 1
10/03/2026 10:52:08 -- 	Nbd7c6ebf1ae24c6f8d308fb2119d26e6 | http://lblod.data.gift/vocabularies/besluit/extractedDecisionContent > [no object/datatype]
10/03/2026 10:52:08 -- 		 min: 12 (min found at subject)
10/03/2026 10:52:08 -- 		 max: 14 (max found at subject)
10/03/2026 10:52:08 -- 		 shacl-min: 1
10/03/2026 10:52:08 -- 	N8d29c7f079794fa3b3ccbeceba5768e9 | http://data.europa.eu/eli/ontology#title > [no object/datatype]
10/03/2026 10:52:08 -- 		 min: 1 (min found at subject)
10/03/2026 10:52:08 -- 		 max: 1 (max found at subject)
10/03/2026 10:52:08 -- 		 shacl-min: 1
10/03/2026 10:52:08 -- 		 shacl-max: 1
10/03/2026 10:52:08 -- 	N5afd5385536d45ccbab54a64e5f5e095 | http://data.europa.eu/eli/ontology#language > http://www.w3.org/2004/02/skos/core#Concept
10/03/2026 10:52:08 -- 		 min: 1 (min found at subject)
10/03/2026 10:52:08 -- 		 max: 1 (max found at subject)
10/03/2026 10:52:08 -- 		 shacl-min: 1
10/03/2026 10:52:08 -- 		 shacl-max: 1
10/03/2026 10:52:08 -- 	Nb3bd921bbc624e20a9d1ad3f8bd8aef4 | http://www.w3.org/ns/prov#value > [no object/datatype]
10/03/2026 10:52:08 -- 		 min: 1 (min found at subject)
10/03/2026 10:52:08 -- 		 max: 1 (max found at subject)
10/03/2026 10:52:08 -- 		 shacl-min: 1
10/03/2026 10:52:08 -- 		 shacl-max: 1
10/03/2026 10:52:08 -- 	Nb585190b5cc34f61b531346956bea023 | http://data.europa.eu/eli/ontology#cites > [no object/datatype]
10/03/2026 10:52:08 -- 		 min: 3 (min found at subject)
10/03/2026 10:52:08 -- 		 max: 3 (max found at subject)
10/03/2026 10:52:08 -- 		 shacl-min: 3
10/03/2026 10:52:08 -- 	N780343bf37574921a8152e9cdbc04e55 | http://data.vlaanderen.be/ns/besluit#motivering > [no object/datatype]
10/03/2026 10:52:08 -- 		 min: 1 (min found at subject)
10/03/2026 10:52:08 -- 		 max: 1 (max found at subject)
10/03/2026 10:52:08 -- 		 shacl-min: 1
10/03/2026 10:52:08 -- 		 shacl-max: 1
10/03/2026 10:52:08 -- 	Ned650b40b5c94115b8d7490a2e6f5aa1 | http://www.w3.org/ns/prov#wasDerivedFrom > [no object/datatype]
10/03/2026 10:52:08 -- 		 min: 1 (min found at subject)
10/03/2026 10:52:08 -- 		 max: 1 (max found at subject)
10/03/2026 10:52:08 -- 		 shacl-min: 1
10/03/2026 10:52:08 -- 		 shacl-max: 1
10/03/2026 10:52:08 -- 	N655941e027ba4815b4a0114cea457559 | http://data.europa.eu/eli/ontology#has_part > http://data.vlaanderen.be/ns/besluit#Artikel
10/03/2026 10:52:08 -- 		 min: 2 (min found at subject)
10/03/2026 10:52:08 -- 		 max: 2 (max found at subject)
10/03/2026 10:52:08 -- 		 shacl-min: 2
10/03/2026 10:52:08 -- 	Nc29c7899a010419b9deb17cbd2bcd313 | http://mu.semte.ch/vocabularies/core/uuid > [no object/datatype]
10/03/2026 10:52:08 -- 		 min: 1 (min found at subject)
10/03/2026 10:52:08 -- 		 max: 1 (max found at subject)
10/03/2026 10:52:08 -- 		 shacl-min: 1
10/03/2026 10:52:08 -- 		 shacl-max: 1
10/03/2026 10:52:08 -- http://example.com/shapes/d3ede212-4b66-4506-8bed-1bf5a810a080 ~ http://mu.semte.ch/vocabularies/ext/BesluitVerkiezingVoorzitterNieuweStijl
10/03/2026 10:52:08 -- 	N0ac6b3c584d44484ab3ad97fe1aa4ce8 | http://www.w3.org/ns/prov#wasDerivedFrom > [no object/datatype]
10/03/2026 10:52:08 -- 		 min: 1 (min found at subject)
10/03/2026 10:52:08 -- 		 max: 1 (max found at subject)
10/03/2026 10:52:08 -- 		 shacl-min: 1
10/03/2026 10:52:08 -- 		 shacl-max: 1
10/03/2026 10:52:08 -- 	Na2e3ba96aba241d9995db0b602de4c2f | http://data.europa.eu/eli/ontology#description > [no object/datatype]
10/03/2026 10:52:08 -- 		 min: 1 (min found at subject)
10/03/2026 10:52:08 -- 		 max: 1 (max found at subject)
10/03/2026 10:52:08 -- 		 shacl-min: 1
10/03/2026 10:52:08 -- 		 shacl-max: 1
10/03/2026 10:52:08 -- 	N9c4d8e0cd8d8451ba7d107c9bfa4e1ff | http://data.europa.eu/eli/ontology#title > [no object/datatype]
10/03/2026 10:52:08 -- 		 min: 1 (min found at subject)
10/03/2026 10:52:08 -- 		 max: 1 (max found at subject)
10/03/2026 10:52:08 -- 		 shacl-min: 1
10/03/2026 10:52:08 -- 		 shacl-max: 1
10/03/2026 10:52:08 -- 	Nd28a713951be4e22a7ede3f5e8843bd2 | http://data.europa.eu/eli/ontology#cites > [no object/datatype]
10/03/2026 10:52:08 -- 		 min: 3 (min found at subject)
10/03/2026 10:52:08 -- 		 max: 3 (max found at subject)
10/03/2026 10:52:08 -- 		 shacl-min: 3
10/03/2026 10:52:08 -- 	N9993dc589e134e7d9fe00a57bf15b19a | http://lblod.data.gift/vocabularies/besluit/extractedDecisionContent > [no object/datatype]
10/03/2026 10:52:08 -- 		 min: 11 (min found at subject)
10/03/2026 10:52:08 -- 		 max: 11 (max found at subject)
10/03/2026 10:52:08 -- 		 shacl-min: 11
10/03/2026 10:52:08 -- 	Nbc3a6f2fa9c54d7b86a8a3b2a557be89 | http://mu.semte.ch/vocabularies/core/uuid > [no object/datatype]
10/03/2026 10:52:08 -- 		 min: 1 (min found at subject)
10/03/2026 10:52:08 -- 		 max: 1 (max found at subject)
10/03/2026 10:52:08 -- 		 shacl-min: 1
10/03/2026 10:52:08 -- 		 shacl-max: 1
10/03/2026 10:52:08 -- 	Na92afe428ebd42229202511ed37a3ac4 | http://data.europa.eu/eli/ontology#has_part > http://data.vlaanderen.be/ns/besluit#Artikel
10/03/2026 10:52:08 -- 		 min: 2 (min found at subject)
10/03/2026 10:52:08 -- 		 max: 2 (max found at subject)
10/03/2026 10:52:08 -- 		 shacl-min: 2
10/03/2026 10:52:08 -- 	Nc9fb60ceb6f041a9bd18f60711d47707 | http://data.europa.eu/eli/ontology#language > http://www.w3.org/2004/02/skos/core#Concept
10/03/2026 10:52:08 -- 		 min: 1 (min found at subject)
10/03/2026 10:52:08 -- 		 max: 1 (max found at subject)
10/03/2026 10:52:08 -- 		 shacl-min: 1
10/03/2026 10:52:08 -- 		 shacl-max: 1
10/03/2026 10:52:08 -- 	N4c740e471022422686fe06a29695315c | http://data.vlaanderen.be/ns/besluit#motivering > [no object/datatype]
10/03/2026 10:52:08 -- 		 min: 1 (min found at subject)
10/03/2026 10:52:08 -- 		 max: 1 (max found at subject)
10/03/2026 10:52:08 -- 		 shacl-min: 1
10/03/2026 10:52:08 -- 		 shacl-max: 1
10/03/2026 10:52:08 -- 	N08f842d8a3ed45a7ab98d1a3de13d0e0 | http://www.w3.org/ns/prov#value > [no object/datatype]
10/03/2026 10:52:08 -- 		 min: 1 (min found at subject)
10/03/2026 10:52:08 -- 		 max: 1 (max found at subject)
10/03/2026 10:52:08 -- 		 shacl-min: 1
10/03/2026 10:52:08 -- 		 shacl-max: 1
10/03/2026 10:52:08 -- http://example.com/shapes/3573772f-d40e-4be0-8db1-00b57c42b2fe ~ http://mu.semte.ch/vocabularies/ext/BesluitVoorzitterBCSD
10/03/2026 10:52:08 -- 	Nfece69e4a9a64b51919c0e57d7a91ba5 | http://www.w3.org/ns/prov#wasDerivedFrom > [no object/datatype]
10/03/2026 10:52:08 -- 		 min: 1 (min found at subject)
10/03/2026 10:52:08 -- 		 max: 1 (max found at subject)
10/03/2026 10:52:08 -- 		 shacl-min: 1
10/03/2026 10:52:08 -- 		 shacl-max: 1
10/03/2026 10:52:08 -- 	N7030bb2445b848ffb8a4fc6255539309 | http://data.europa.eu/eli/ontology#has_part > http://data.vlaanderen.be/ns/besluit#Artikel
10/03/2026 10:52:08 -- 		 min: 3 (min found at subject)
10/03/2026 10:52:08 -- 		 max: 3 (max found at subject)
10/03/2026 10:52:08 -- 		 shacl-min: 3
10/03/2026 10:52:08 -- 	Nba6599ed725742bbae4ca2451a14eb0c | http://data.europa.eu/eli/ontology#cites > [no object/datatype]
10/03/2026 10:52:08 -- 		 min: 2 (min found at subject)
10/03/2026 10:52:08 -- 		 max: 2 (max found at subject)
10/03/2026 10:52:08 -- 		 shacl-min: 2
10/03/2026 10:52:08 -- 	Nd3a1a825c36443ef9749a68f8282768f | http://data.europa.eu/eli/ontology#description > [no object/datatype]
10/03/2026 10:52:08 -- 		 min: 1 (min found at subject)
10/03/2026 10:52:08 -- 		 max: 1 (max found at subject)
10/03/2026 10:52:08 -- 		 shacl-min: 1
10/03/2026 10:52:08 -- 		 shacl-max: 1
10/03/2026 10:52:08 -- 	Ndba9c19c2dd2454c8f70c839fd265ead | http://data.europa.eu/eli/ontology#title > [no object/datatype]
10/03/2026 10:52:08 -- 		 min: 1 (min found at subject)
10/03/2026 10:52:08 -- 		 max: 1 (max found at subject)
10/03/2026 10:52:08 -- 		 shacl-min: 1
10/03/2026 10:52:08 -- 		 shacl-max: 1
10/03/2026 10:52:08 -- 	Nad7cd2edb9b34d2f88bb9ccc3be36d83 | http://www.w3.org/ns/prov#value > [no object/datatype]
10/03/2026 10:52:08 -- 		 min: 1 (min found at subject)
10/03/2026 10:52:08 -- 		 max: 1 (max found at subject)
10/03/2026 10:52:08 -- 		 shacl-min: 1
10/03/2026 10:52:08 -- 		 shacl-max: 1
10/03/2026 10:52:08 -- 	N917804fceef242db9e59ee5ec9f3cbf0 | http://lblod.data.gift/vocabularies/besluit/extractedDecisionContent > [no object/datatype]
10/03/2026 10:52:08 -- 		 min: 13 (min found at subject)
10/03/2026 10:52:08 -- 		 max: 14 (max found at subject)
10/03/2026 10:52:08 -- 		 shacl-min: 1
10/03/2026 10:52:08 -- 	N43ea3634b1af4f988f1028ffbba9274b | http://mu.semte.ch/vocabularies/core/uuid > [no object/datatype]
10/03/2026 10:52:08 -- 		 min: 1 (min found at subject)
10/03/2026 10:52:08 -- 		 max: 1 (max found at subject)
10/03/2026 10:52:08 -- 		 shacl-min: 1
10/03/2026 10:52:08 -- 		 shacl-max: 1
10/03/2026 10:52:08 -- 	N96fa87a1bae14395b8e7b7bae99c82a2 | http://data.europa.eu/eli/ontology#language > http://www.w3.org/2004/02/skos/core#Concept
10/03/2026 10:52:08 -- 		 min: 1 (min found at subject)
10/03/2026 10:52:08 -- 		 max: 1 (max found at subject)
10/03/2026 10:52:08 -- 		 shacl-min: 1
10/03/2026 10:52:08 -- 		 shacl-max: 1
10/03/2026 10:52:08 -- 	N76981bc879e54d8c8e592f07a3ef2ac4 | http://data.vlaanderen.be/ns/besluit#motivering > [no object/datatype]
10/03/2026 10:52:08 -- 		 min: 1 (min found at subject)
10/03/2026 10:52:08 -- 		 max: 1 (max found at subject)
10/03/2026 10:52:08 -- 		 shacl-min: 1
10/03/2026 10:52:08 -- 		 shacl-max: 1
10/03/2026 10:52:08 -- http://example.com/shapes/1ac04961-1b2f-4b06-9e55-1e0e514c3d42 ~ http://mu.semte.ch/vocabularies/ext/BesluitVoorzitterBCSDNieuweStijl
10/03/2026 10:52:08 -- 	Naece339f6fde48e88d059c8d1d1700cc | http://data.europa.eu/eli/ontology#cites > [no object/datatype]
10/03/2026 10:52:08 -- 		 min: 2 (min found at subject)
10/03/2026 10:52:08 -- 		 max: 2 (max found at subject)
10/03/2026 10:52:08 -- 		 shacl-min: 2
10/03/2026 10:52:08 -- 	N195ddf2a9adb415086b35fd6a722c535 | http://www.w3.org/ns/prov#value > [no object/datatype]
10/03/2026 10:52:08 -- 		 min: 1 (min found at subject)
10/03/2026 10:52:08 -- 		 max: 1 (max found at subject)
10/03/2026 10:52:08 -- 		 shacl-min: 1
10/03/2026 10:52:08 -- 		 shacl-max: 1
10/03/2026 10:52:08 -- 	N4b4e2a34e2384a21ae8db1868d918d41 | http://data.europa.eu/eli/ontology#title > [no object/datatype]
10/03/2026 10:52:08 -- 		 min: 1 (min found at subject)
10/03/2026 10:52:08 -- 		 max: 1 (max found at subject)
10/03/2026 10:52:08 -- 		 shacl-min: 1
10/03/2026 10:52:08 -- 		 shacl-max: 1
10/03/2026 10:52:08 -- 	Nd4ac3961237f43dea525426fbc5a50df | http://data.europa.eu/eli/ontology#has_part > http://data.vlaanderen.be/ns/besluit#Artikel
10/03/2026 10:52:08 -- 		 min: 3 (min found at subject)
10/03/2026 10:52:08 -- 		 max: 3 (max found at subject)
10/03/2026 10:52:08 -- 		 shacl-min: 3
10/03/2026 10:52:08 -- 	N0ae58515260b45918237255c38cc7c8c | http://data.europa.eu/eli/ontology#language > http://www.w3.org/2004/02/skos/core#Concept
10/03/2026 10:52:08 -- 		 min: 1 (min found at subject)
10/03/2026 10:52:08 -- 		 max: 1 (max found at subject)
10/03/2026 10:52:08 -- 		 shacl-min: 1
10/03/2026 10:52:08 -- 		 shacl-max: 1
10/03/2026 10:52:08 -- 	Ne42a9b775da2481f9517dea47a5af9e7 | http://lblod.data.gift/vocabularies/besluit/extractedDecisionContent > [no object/datatype]
10/03/2026 10:52:08 -- 		 min: 11 (min found at subject)
10/03/2026 10:52:08 -- 		 max: 11 (max found at subject)
10/03/2026 10:52:08 -- 		 shacl-min: 11
10/03/2026 10:52:08 -- 	Nd0a69df13e6d43d8850b5c293d8531a1 | http://data.europa.eu/eli/ontology#description > [no object/datatype]
10/03/2026 10:52:08 -- 		 min: 1 (min found at subject)
10/03/2026 10:52:08 -- 		 max: 1 (max found at subject)
10/03/2026 10:52:08 -- 		 shacl-min: 1
10/03/2026 10:52:08 -- 		 shacl-max: 1
10/03/2026 10:52:08 -- 	Nb4bc80c58b7e49c7bd32d995e4fd7887 | http://data.vlaanderen.be/ns/besluit#motivering > [no object/datatype]
10/03/2026 10:52:08 -- 		 min: 1 (min found at subject)
10/03/2026 10:52:08 -- 		 max: 1 (max found at subject)
10/03/2026 10:52:08 -- 		 shacl-min: 1
10/03/2026 10:52:08 -- 		 shacl-max: 1
10/03/2026 10:52:08 -- 	N25fe3a231af84adbada753bedc7fdb0b | http://www.w3.org/ns/prov#wasDerivedFrom > [no object/datatype]
10/03/2026 10:52:08 -- 		 min: 1 (min found at subject)
10/03/2026 10:52:08 -- 		 max: 1 (max found at subject)
10/03/2026 10:52:08 -- 		 shacl-min: 1
10/03/2026 10:52:08 -- 		 shacl-max: 1
10/03/2026 10:52:08 -- 	Nada307a0c7d84b11a0f3a4a5b23c388b | http://mu.semte.ch/vocabularies/core/uuid > [no object/datatype]
10/03/2026 10:52:08 -- 		 min: 1 (min found at subject)
10/03/2026 10:52:08 -- 		 max: 1 (max found at subject)
10/03/2026 10:52:08 -- 		 shacl-min: 1
10/03/2026 10:52:08 -- 		 shacl-max: 1
10/03/2026 10:52:08 -- http://example.com/shapes/f38155f3-8226-421c-82cb-a96b731a2307 ~ https://data.vlaanderen.be/id/concept/BesluitType/00527d30-e60b-4fa5-9152-f42dddd10ff6
10/03/2026 10:52:08 -- 	Nfcd824bcc3a649558a8c302f0b1e938b | http://data.europa.eu/eli/ontology#passed_by > http://data.vlaanderen.be/ns/besluit#Bestuursorgaan
10/03/2026 10:52:08 -- 		 min: 1 (min found at subject)
10/03/2026 10:52:08 -- 		 max: 1 (max found at subject)
10/03/2026 10:52:08 -- 		 shacl-min: 1
10/03/2026 10:52:08 -- 		 shacl-max: 1
10/03/2026 10:52:08 -- 	N25998db84f7c4a9ab09264c62d3e8e34 | http://www.w3.org/ns/prov#wasDerivedFrom > [no object/datatype]
10/03/2026 10:52:08 -- 		 min: 2 (min found at subject)
10/03/2026 10:52:08 -- 		 max: 3 (max found at subject)
10/03/2026 10:52:08 -- 		 shacl-min: 1
10/03/2026 10:52:08 -- 	N6dd153eb961b4bfa88a5340540620434 | http://data.europa.eu/eli/ontology#language > http://www.w3.org/2004/02/skos/core#Concept
10/03/2026 10:52:08 -- 		 min: 1 (min found at subject)
10/03/2026 10:52:08 -- 		 max: 1 (max found at subject)
10/03/2026 10:52:08 -- 		 shacl-min: 1
10/03/2026 10:52:08 -- 		 shacl-max: 1
10/03/2026 10:52:08 -- 	Nb0256cad558942c2b438a409f69ac98a | http://www.w3.org/ns/prov#wasGeneratedBy > http://data.vlaanderen.be/ns/besluit#BehandelingVanAgendapunt
10/03/2026 10:52:08 -- 		 min: 1 (min found at subject)
10/03/2026 10:52:08 -- 		 max: 1 (max found at subject)
10/03/2026 10:52:08 -- 		 shacl-min: 1
10/03/2026 10:52:08 -- 		 shacl-max: 1
10/03/2026 10:52:08 -- 	N6659bc509d1743c88adf1ec7a6994521 | http://data.europa.eu/eli/ontology#title > [no object/datatype]
10/03/2026 10:52:08 -- 		 min: 1 (min found at subject)
10/03/2026 10:52:08 -- 		 max: 2 (max found at subject)
10/03/2026 10:52:08 -- 		 shacl-min: 1
10/03/2026 10:52:08 -- 	N96d67ff6c2934e66aa961207ee76be78 | http://lblod.data.gift/vocabularies/besluit/extractedDecisionContent > [no object/datatype]
10/03/2026 10:52:08 -- 		 min: 5 (min found at subject)
10/03/2026 10:52:08 -- 		 max: 41 (max found at subject)
10/03/2026 10:52:08 -- 		 shacl-min: 1
10/03/2026 10:52:08 -- 	N1fa81b1a051d4339af28e86ba787e2e9 | http://mu.semte.ch/vocabularies/core/uuid > [no object/datatype]
10/03/2026 10:52:08 -- 		 min: 1 (min found at subject)
10/03/2026 10:52:08 -- 		 max: 1 (max found at subject)
10/03/2026 10:52:08 -- 		 shacl-min: 1
10/03/2026 10:52:08 -- 		 shacl-max: 1
10/03/2026 10:52:08 -- 	N64a5b127713e4748a4b4133b48d0e643 | http://data.vlaanderen.be/ns/besluit#motivering > [no object/datatype]
10/03/2026 10:52:08 -- 		 min: 1 (min found at subject)
10/03/2026 10:52:08 -- 		 max: 3 (max found at subject)
10/03/2026 10:52:08 -- 		 shacl-min: 1
10/03/2026 10:52:08 -- 	N8834646c559747479786fc60e9562ca3 | http://data.europa.eu/eli/ontology#description > [no object/datatype]
10/03/2026 10:52:08 -- 		 min: 0 (min found at subject)
10/03/2026 10:52:08 -- 		 max: 1 (max found at subject)
10/03/2026 10:52:08 -- 		 shacl-max: 1
10/03/2026 10:52:08 -- 	N02ef6eebafa64ea7875e0c7fcfcfa01c | http://www.w3.org/ns/prov#value > [no object/datatype]
10/03/2026 10:52:08 -- 		 min: 1 (min found at subject)
10/03/2026 10:52:08 -- 		 max: 2 (max found at subject)
10/03/2026 10:52:08 -- 		 shacl-min: 1
10/03/2026 10:52:08 -- http://example.com/shapes/31b0e294-1b42-4524-9360-04fbe7bdc71c ~ https://data.vlaanderen.be/id/concept/BesluitType/0fc2c27d-a03c-4e3f-9db1-f10f026f76f8
10/03/2026 10:52:08 -- 	Nb090e0e3aac141418f9ab1d8ab2b1428 | http://data.europa.eu/eli/ontology#language > http://www.w3.org/2004/02/skos/core#Concept
10/03/2026 10:52:08 -- 		 min: 1 (min found at subject)
10/03/2026 10:52:08 -- 		 max: 1 (max found at subject)
10/03/2026 10:52:08 -- 		 shacl-min: 1
10/03/2026 10:52:08 -- 		 shacl-max: 1
10/03/2026 10:52:08 -- 	N2b158a7ddb94409fb0a39150fcae4ae4 | http://www.w3.org/ns/prov#wasDerivedFrom > [no object/datatype]
10/03/2026 10:52:08 -- 		 min: 2 (min found at subject)
10/03/2026 10:52:08 -- 		 max: 2 (max found at subject)
10/03/2026 10:52:08 -- 		 shacl-min: 2
10/03/2026 10:52:08 -- 	N0121761915ad4c908d828f7c9fc311a2 | http://data.vlaanderen.be/ns/besluit#motivering > [no object/datatype]
10/03/2026 10:52:08 -- 		 min: 1 (min found at subject)
10/03/2026 10:52:08 -- 		 max: 1 (max found at subject)
10/03/2026 10:52:08 -- 		 shacl-min: 1
10/03/2026 10:52:08 -- 		 shacl-max: 1
10/03/2026 10:52:08 -- 	Nca5c3b703f0a4807b67ca4f73e24b744 | http://lblod.data.gift/vocabularies/besluit/extractedDecisionContent > [no object/datatype]
10/03/2026 10:52:08 -- 		 min: 2 (min found at subject)
10/03/2026 10:52:08 -- 		 max: 2 (max found at subject)
10/03/2026 10:52:08 -- 		 shacl-min: 2
10/03/2026 10:52:08 -- 	N4e082b65b3754379acad9e845737853c | http://www.w3.org/ns/prov#value > [no object/datatype]
10/03/2026 10:52:08 -- 		 min: 1 (min found at subject)
10/03/2026 10:52:08 -- 		 max: 1 (max found at subject)
10/03/2026 10:52:08 -- 		 shacl-min: 1
10/03/2026 10:52:08 -- 		 shacl-max: 1
10/03/2026 10:52:08 -- 	N434ecaee1f704144a20b7a897c8e470f | http://www.w3.org/ns/prov#wasGeneratedBy > http://data.vlaanderen.be/ns/besluit#BehandelingVanAgendapunt
10/03/2026 10:52:08 -- 		 min: 1 (min found at subject)
10/03/2026 10:52:08 -- 		 max: 1 (max found at subject)
10/03/2026 10:52:08 -- 		 shacl-min: 1
10/03/2026 10:52:08 -- 		 shacl-max: 1
10/03/2026 10:52:08 -- 	N1571d297551d404d90efd738daee8a01 | http://data.europa.eu/eli/ontology#passed_by > http://data.vlaanderen.be/ns/besluit#Bestuursorgaan
10/03/2026 10:52:08 -- 		 min: 1 (min found at subject)
10/03/2026 10:52:08 -- 		 max: 1 (max found at subject)
10/03/2026 10:52:08 -- 		 shacl-min: 1
10/03/2026 10:52:08 -- 		 shacl-max: 1
10/03/2026 10:52:08 -- 	N8bc8c36f65da4166bab55969fab42db5 | http://data.europa.eu/eli/ontology#title > [no object/datatype]
10/03/2026 10:52:08 -- 		 min: 1 (min found at subject)
10/03/2026 10:52:08 -- 		 max: 1 (max found at subject)
10/03/2026 10:52:08 -- 		 shacl-min: 1
10/03/2026 10:52:08 -- 		 shacl-max: 1
10/03/2026 10:52:08 -- 	N2a0053016cf44a09b6f5c3fdc8fd498c | http://mu.semte.ch/vocabularies/core/uuid > [no object/datatype]
10/03/2026 10:52:08 -- 		 min: 1 (min found at subject)
10/03/2026 10:52:08 -- 		 max: 1 (max found at subject)
10/03/2026 10:52:08 -- 		 shacl-min: 1
10/03/2026 10:52:08 -- 		 shacl-max: 1
10/03/2026 10:52:08 -- http://example.com/shapes/16267bfa-921e-49d9-ba8c-a467a07bc2bb ~ https://data.vlaanderen.be/id/concept/BesluitType/1105564e-30c7-4371-a864-6b7329cdae6f
10/03/2026 10:52:08 -- 	N13c1a38a264a47a28edc753770b7d98b | http://mu.semte.ch/vocabularies/core/uuid > [no object/datatype]
10/03/2026 10:52:08 -- 		 min: 1 (min found at subject)
10/03/2026 10:52:08 -- 		 max: 1 (max found at subject)
10/03/2026 10:52:08 -- 		 shacl-min: 1
10/03/2026 10:52:08 -- 		 shacl-max: 1
10/03/2026 10:52:08 -- 	N2658e6c549f642a28615c42447b83225 | http://www.w3.org/ns/prov#wasDerivedFrom > [no object/datatype]
10/03/2026 10:52:08 -- 		 min: 2 (min found at subject)
10/03/2026 10:52:08 -- 		 max: 3 (max found at subject)
10/03/2026 10:52:08 -- 		 shacl-min: 1
10/03/2026 10:52:08 -- 	Ne82bb34a3b4f482995297e0fb9516a36 | http://data.vlaanderen.be/ns/besluit#motivering > [no object/datatype]
10/03/2026 10:52:08 -- 		 min: 1 (min found at subject)
10/03/2026 10:52:08 -- 		 max: 2 (max found at subject)
10/03/2026 10:52:08 -- 		 shacl-min: 1
10/03/2026 10:52:08 -- 	Ne17bcb15434b43e4b5bfbfeb1241e33c | http://data.europa.eu/eli/ontology#language > http://www.w3.org/2004/02/skos/core#Concept
10/03/2026 10:52:08 -- 		 min: 1 (min found at subject)
10/03/2026 10:52:08 -- 		 max: 1 (max found at subject)
10/03/2026 10:52:08 -- 		 shacl-min: 1
10/03/2026 10:52:08 -- 		 shacl-max: 1
10/03/2026 10:52:08 -- 	Nd81ad3e2443245649016219bd9f5ad27 | http://lblod.data.gift/vocabularies/besluit/extractedDecisionContent > [no object/datatype]
10/03/2026 10:52:08 -- 		 min: 1 (min found at subject)
10/03/2026 10:52:08 -- 		 max: 42 (max found at subject)
10/03/2026 10:52:08 -- 		 shacl-min: 1
10/03/2026 10:52:08 -- 	Na90b293532234d80b581c770a0bed809 | http://data.europa.eu/eli/ontology#description > [no object/datatype]
10/03/2026 10:52:08 -- 		 min: 1 (min found at subject)
10/03/2026 10:52:08 -- 		 max: 1 (max found at subject)
10/03/2026 10:52:08 -- 		 shacl-min: 1
10/03/2026 10:52:08 -- 		 shacl-max: 1
10/03/2026 10:52:08 -- 	Nd858682fb5314bbcac90487488ebf414 | http://www.w3.org/ns/prov#wasGeneratedBy > http://data.vlaanderen.be/ns/besluit#BehandelingVanAgendapunt
10/03/2026 10:52:08 -- 		 min: 1 (min found at subject)
10/03/2026 10:52:08 -- 		 max: 1 (max found at subject)
10/03/2026 10:52:08 -- 		 shacl-min: 1
10/03/2026 10:52:08 -- 		 shacl-max: 1
10/03/2026 10:52:08 -- 	Nd64117a36ea24ed5862089815821f43e | http://data.europa.eu/eli/ontology#title > [no object/datatype]
10/03/2026 10:52:08 -- 		 min: 1 (min found at subject)
10/03/2026 10:52:08 -- 		 max: 2 (max found at subject)
10/03/2026 10:52:08 -- 		 shacl-min: 1
10/03/2026 10:52:08 -- 	N9e18a5eac4854e2db4f47469989fc79c | http://data.europa.eu/eli/ontology#passed_by > http://data.vlaanderen.be/ns/besluit#Bestuursorgaan
10/03/2026 10:52:08 -- 		 min: 1 (min found at subject)
10/03/2026 10:52:08 -- 		 max: 1 (max found at subject)
10/03/2026 10:52:08 -- 		 shacl-min: 1
10/03/2026 10:52:08 -- 		 shacl-max: 1
10/03/2026 10:52:08 -- 	N4261e1b2baa444d99667efdaf9ed4406 | http://www.w3.org/ns/prov#value > [no object/datatype]
10/03/2026 10:52:08 -- 		 min: 1 (min found at subject)
10/03/2026 10:52:08 -- 		 max: 2 (max found at subject)
10/03/2026 10:52:08 -- 		 shacl-min: 1
10/03/2026 10:52:08 -- http://example.com/shapes/cd1e2f5a-2041-46de-86b4-fe1e689daa5f ~ https://data.vlaanderen.be/id/concept/BesluitType/1869e152-e724-4dd7-927c-a11e7d832858
10/03/2026 10:52:08 -- 	N9688a4d5d6ba4666a5992b0bb74e0583 | http://www.w3.org/ns/prov#wasDerivedFrom > [no object/datatype]
10/03/2026 10:52:08 -- 		 min: 1 (min found at subject)
10/03/2026 10:52:08 -- 		 max: 3 (max found at subject)
10/03/2026 10:52:08 -- 		 shacl-min: 1
10/03/2026 10:52:08 -- 	N752c5c187c77461db56b1883f930dcd5 | http://www.w3.org/ns/prov#value > [no object/datatype]
10/03/2026 10:52:08 -- 		 min: 1 (min found at subject)
10/03/2026 10:52:08 -- 		 max: 3 (max found at subject)
10/03/2026 10:52:08 -- 		 shacl-min: 1
10/03/2026 10:52:08 -- 	Nd4cfbd70ad204fc099049bd015b615d4 | http://mu.semte.ch/vocabularies/core/uuid > [no object/datatype]
10/03/2026 10:52:08 -- 		 min: 1 (min found at subject)
10/03/2026 10:52:08 -- 		 max: 1 (max found at subject)
10/03/2026 10:52:08 -- 		 shacl-min: 1
10/03/2026 10:52:08 -- 		 shacl-max: 1
10/03/2026 10:52:08 -- 	N24e92b5d4dc543f0826c7650854737d2 | http://lblod.data.gift/vocabularies/besluit/extractedDecisionContent > [no object/datatype]
10/03/2026 10:52:08 -- 		 min: 1 (min found at subject)
10/03/2026 10:52:08 -- 		 max: 43 (max found at subject)
10/03/2026 10:52:08 -- 		 shacl-min: 1
10/03/2026 10:52:08 -- 	Nebe1abcdafba4e62946e35e6d7006d8c | http://data.europa.eu/eli/ontology#title > [no object/datatype]
10/03/2026 10:52:08 -- 		 min: 1 (min found at subject)
10/03/2026 10:52:08 -- 		 max: 2 (max found at subject)
10/03/2026 10:52:08 -- 		 shacl-min: 1
10/03/2026 10:52:08 -- 	N415763c4dbb348208f8d5651b73d6be7 | http://data.europa.eu/eli/ontology#description > [no object/datatype]
10/03/2026 10:52:08 -- 		 min: 0 (min found at subject)
10/03/2026 10:52:08 -- 		 max: 1 (max found at subject)
10/03/2026 10:52:08 -- 		 shacl-max: 1
10/03/2026 10:52:08 -- 	N14172e0785a04114b2b57993cb6f7049 | http://data.europa.eu/eli/ontology#language > http://www.w3.org/2004/02/skos/core#Concept
10/03/2026 10:52:08 -- 		 min: 1 (min found at subject)
10/03/2026 10:52:08 -- 		 max: 1 (max found at subject)
10/03/2026 10:52:08 -- 		 shacl-min: 1
10/03/2026 10:52:08 -- 		 shacl-max: 1
10/03/2026 10:52:08 -- 	Nd95f457225ba490fb0b315d4ef8ef394 | http://data.europa.eu/eli/ontology#passed_by > http://data.vlaanderen.be/ns/besluit#Bestuursorgaan
10/03/2026 10:52:08 -- 		 min: 0 (min found at subject)
10/03/2026 10:52:08 -- 		 max: 1 (max found at subject)
10/03/2026 10:52:08 -- 		 shacl-max: 1
10/03/2026 10:52:08 -- 	N722245da3eed4c6e9bef83c777ff6a5d | http://data.vlaanderen.be/ns/besluit#motivering > [no object/datatype]
10/03/2026 10:52:08 -- 		 min: 1 (min found at subject)
10/03/2026 10:52:08 -- 		 max: 2 (max found at subject)
10/03/2026 10:52:08 -- 		 shacl-min: 1
10/03/2026 10:52:08 -- 	N5b59a3a5c1b14bbca45258b582a9d6ba | http://www.w3.org/ns/prov#wasGeneratedBy > http://data.vlaanderen.be/ns/besluit#BehandelingVanAgendapunt
10/03/2026 10:52:08 -- 		 min: 1 (min found at subject)
10/03/2026 10:52:08 -- 		 max: 1 (max found at subject)
10/03/2026 10:52:08 -- 		 shacl-min: 1
10/03/2026 10:52:08 -- 		 shacl-max: 1
10/03/2026 10:52:08 -- http://example.com/shapes/532d77c1-6142-4c5c-89d8-b73eb9c9e541 ~ https://data.vlaanderen.be/id/concept/BesluitType/23735395-a487-4f0b-9ffa-f8ee1d3cd84f
10/03/2026 10:52:08 -- 	N9669f652477043cc92e711060ae771ff | http://www.w3.org/ns/prov#wasDerivedFrom > [no object/datatype]
10/03/2026 10:52:08 -- 		 min: 2 (min found at subject)
10/03/2026 10:52:08 -- 		 max: 3 (max found at subject)
10/03/2026 10:52:08 -- 		 shacl-min: 1
10/03/2026 10:52:08 -- 	Na932fcb97ced4833aebd055c34c3c1a6 | http://data.europa.eu/eli/ontology#language > http://www.w3.org/2004/02/skos/core#Concept
10/03/2026 10:52:08 -- 		 min: 1 (min found at subject)
10/03/2026 10:52:08 -- 		 max: 1 (max found at subject)
10/03/2026 10:52:08 -- 		 shacl-min: 1
10/03/2026 10:52:08 -- 		 shacl-max: 1
10/03/2026 10:52:08 -- 	Na46ffcd8f11242f8838f5f1ff412a2cc | http://data.europa.eu/eli/ontology#passed_by > http://data.vlaanderen.be/ns/besluit#Bestuursorgaan
10/03/2026 10:52:08 -- 		 min: 0 (min found at subject)
10/03/2026 10:52:08 -- 		 max: 1 (max found at subject)
10/03/2026 10:52:08 -- 		 shacl-max: 1
10/03/2026 10:52:08 -- 	N64394ced3a65462b952d0231c9e8c7a8 | http://www.w3.org/ns/prov#wasGeneratedBy > http://data.vlaanderen.be/ns/besluit#BehandelingVanAgendapunt
10/03/2026 10:52:08 -- 		 min: 1 (min found at subject)
10/03/2026 10:52:08 -- 		 max: 1 (max found at subject)
10/03/2026 10:52:08 -- 		 shacl-min: 1
10/03/2026 10:52:08 -- 		 shacl-max: 1
10/03/2026 10:52:08 -- 	Nfd45278fa44c43e4a9f24c3f55077c65 | http://data.europa.eu/eli/ontology#title > [no object/datatype]
10/03/2026 10:52:08 -- 		 min: 1 (min found at subject)
10/03/2026 10:52:08 -- 		 max: 2 (max found at subject)
10/03/2026 10:52:08 -- 		 shacl-min: 1
10/03/2026 10:52:08 -- 	Nfb249e5244bb4f3aaa1ab27b8bfba017 | http://www.w3.org/ns/prov#value > [no object/datatype]
10/03/2026 10:52:08 -- 		 min: 1 (min found at subject)
10/03/2026 10:52:08 -- 		 max: 2 (max found at subject)
10/03/2026 10:52:08 -- 		 shacl-min: 1
10/03/2026 10:52:08 -- 	Nb323388e87454dca8aae1bda75d187da | http://lblod.data.gift/vocabularies/besluit/extractedDecisionContent > [no object/datatype]
10/03/2026 10:52:08 -- 		 min: 1 (min found at subject)
10/03/2026 10:52:08 -- 		 max: 42 (max found at subject)
10/03/2026 10:52:08 -- 		 shacl-min: 1
10/03/2026 10:52:08 -- 	N4c846d90f6c8415ea93da3e27acaf51e | http://data.europa.eu/eli/ontology#description > [no object/datatype]
10/03/2026 10:52:08 -- 		 min: 0 (min found at subject)
10/03/2026 10:52:08 -- 		 max: 1 (max found at subject)
10/03/2026 10:52:08 -- 		 shacl-max: 1
10/03/2026 10:52:08 -- 	Nc2e4de00cf204694a1c0fabe97e9ce5a | http://data.vlaanderen.be/ns/besluit#motivering > [no object/datatype]
10/03/2026 10:52:08 -- 		 min: 1 (min found at subject)
10/03/2026 10:52:08 -- 		 max: 3 (max found at subject)
10/03/2026 10:52:08 -- 		 shacl-min: 1
10/03/2026 10:52:08 -- 	Nfa127a5155ea47d5ad2c8afa2337aa38 | http://mu.semte.ch/vocabularies/core/uuid > [no object/datatype]
10/03/2026 10:52:08 -- 		 min: 1 (min found at subject)
10/03/2026 10:52:08 -- 		 max: 1 (max found at subject)
10/03/2026 10:52:08 -- 		 shacl-min: 1
10/03/2026 10:52:08 -- 		 shacl-max: 1
10/03/2026 10:52:08 -- http://example.com/shapes/a15adcd0-840e-442e-aafe-dc9a5da8a304 ~ https://data.vlaanderen.be/id/concept/BesluitType/256bd04a-b74b-4f2a-8f5d-14dda4765af9
10/03/2026 10:52:08 -- 	Nc63831e23bd349fcac4da428e9f77c21 | http://data.europa.eu/eli/ontology#date_publication > [no object/datatype]
10/03/2026 10:52:08 -- 		 min: 0 (min found at subject)
10/03/2026 10:52:08 -- 		 max: 2 (max found at subject)
10/03/2026 10:52:08 -- 	Nec1f377e9353487d98907c02101ff965 | http://data.europa.eu/eli/ontology#title > [no object/datatype]
10/03/2026 10:52:08 -- 		 min: 1 (min found at subject)
10/03/2026 10:52:08 -- 		 max: 3 (max found at subject)
10/03/2026 10:52:08 -- 		 shacl-min: 1
10/03/2026 10:52:08 -- 	N655106978db648efa8ff01c438eeb49f | http://data.europa.eu/eli/ontology#passed_by > http://data.vlaanderen.be/ns/besluit#Bestuursorgaan
10/03/2026 10:52:08 -- 		 min: 0 (min found at subject)
10/03/2026 10:52:08 -- 		 max: 1 (max found at subject)
10/03/2026 10:52:08 -- 		 shacl-max: 1
10/03/2026 10:52:08 -- 	N12fb07e6ff5a4750a42ad815e78fa7ed | http://data.europa.eu/eli/ontology#related_to > http://xmlns.com/foaf/0.1/Document
10/03/2026 10:52:08 -- 		 min: 0 (min found at subject)
10/03/2026 10:52:08 -- 		 max: 7 (max found at subject)
10/03/2026 10:52:08 -- 	Nb18400e64a9e492687d5d71beca7ecbe | http://mu.semte.ch/vocabularies/ext/zonality > [no object/datatype]
10/03/2026 10:52:08 -- 		 min: 0 (min found at subject)
10/03/2026 10:52:08 -- 		 max: 1 (max found at subject)
10/03/2026 10:52:08 -- 		 shacl-max: 1
10/03/2026 10:52:08 -- 	N942ae7a086a04cadbae1b22f94515913 | http://www.w3.org/ns/prov#wasDerivedFrom > http://xmlns.com/foaf/0.1/Document
10/03/2026 10:52:08 -- 		 min: 0 (min found at subject)
10/03/2026 10:52:08 -- 		 max: 4 (max found at subject)
10/03/2026 10:52:08 -- 	N150c216509934f08ad347f2e5efff80b | http://www.w3.org/ns/prov#wasDerivedFrom > https://data.vlaanderen.be/id/concept/BesluitDocumentType/9d5bfaca-bbf2-49dd-a830-769f91a6377b
10/03/2026 10:52:08 -- 		 min: 0 (min found at subject)
10/03/2026 10:52:08 -- 		 max: 4 (max found at subject)
10/03/2026 10:52:08 -- 	Nfc2743763c0446b58a3a34adfe23cbdf | http://mu.semte.ch/vocabularies/core/uuid > [no object/datatype]
10/03/2026 10:52:08 -- 		 min: 1 (min found at subject)
10/03/2026 10:52:08 -- 		 max: 1 (max found at subject)
10/03/2026 10:52:08 -- 		 shacl-min: 1
10/03/2026 10:52:08 -- 		 shacl-max: 1
10/03/2026 10:52:08 -- 	N276a04ed1add47469f0c1070cf87911c | http://mu.semte.ch/vocabularies/ext/temporal > [no object/datatype]
10/03/2026 10:52:08 -- 		 min: 0 (min found at subject)
10/03/2026 10:52:08 -- 		 max: 1 (max found at subject)
10/03/2026 10:52:08 -- 		 shacl-max: 1
10/03/2026 10:52:08 -- 	Nf3f9a8c1f63b43d2a05f9cad3c9312c0 | http://lblod.data.gift/vocabularies/besluit/extractedDecisionContent > [no object/datatype]
10/03/2026 10:52:08 -- 		 min: 0 (min found at subject)
10/03/2026 10:52:08 -- 		 max: 70 (max found at subject)
10/03/2026 10:52:08 -- 	N0d32d429e68f4d7bae6ed59cfba1c7e5 | https://data.vlaanderen.be/ns/mobiliteit#heeftVerkeersmaatregel > [no object/datatype]
10/03/2026 10:52:08 -- 		 min: 0 (min found at subject)
10/03/2026 10:52:08 -- 		 max: 1 (max found at subject)
10/03/2026 10:52:08 -- 		 shacl-max: 1
10/03/2026 10:52:08 -- 	N9b9bac04097240399664a05e120f4b94 | http://data.europa.eu/eli/ontology#language > http://www.w3.org/2004/02/skos/core#Concept
10/03/2026 10:52:08 -- 		 min: 1 (min found at subject)
10/03/2026 10:52:08 -- 		 max: 1 (max found at subject)
10/03/2026 10:52:08 -- 		 shacl-min: 1
10/03/2026 10:52:08 -- 		 shacl-max: 1
10/03/2026 10:52:08 -- 	N9388e704535c46918c9fdd6aa9f464d9 | http://www.w3.org/ns/prov#wasGeneratedBy > http://data.vlaanderen.be/ns/besluit#BehandelingVanAgendapunt
10/03/2026 10:52:08 -- 		 min: 0 (min found at subject)
10/03/2026 10:52:08 -- 		 max: 1 (max found at subject)
10/03/2026 10:52:08 -- 		 shacl-max: 1
10/03/2026 10:52:08 -- 	Nb139f92f494e421eba89a9bbbcf3a900 | http://data.vlaanderen.be/ns/besluit#eli.cites > http://data.europa.eu/eli/ontology#LegalExpression
10/03/2026 10:52:08 -- 		 min: 0 (min found at subject)
10/03/2026 10:52:08 -- 		 max: 1 (max found at subject)
10/03/2026 10:52:08 -- 		 shacl-max: 1
10/03/2026 10:52:08 -- 	N4a61707210ae446c960caf84f40206d5 | ext:content > [no object/datatype]
10/03/2026 10:52:08 -- 		 min: 0 (min found at subject)
10/03/2026 10:52:08 -- 		 max: 1 (max found at subject)
10/03/2026 10:52:08 -- 		 shacl-max: 1
10/03/2026 10:52:08 -- 	N0d6120e3e4d84973b67dcca746203496 | http://data.europa.eu/eli/ontology#number > [no object/datatype]
10/03/2026 10:52:08 -- 		 min: 0 (min found at subject)
10/03/2026 10:52:08 -- 		 max: 2 (max found at subject)
10/03/2026 10:52:08 -- 	N95e259db81e44e64b5de954789782bfd | https://data.vlaanderen.be/ns/mobiliteit#plaatsbepaling > [no object/datatype]
10/03/2026 10:52:08 -- 		 min: 0 (min found at subject)
10/03/2026 10:52:08 -- 		 max: 1 (max found at subject)
10/03/2026 10:52:08 -- 		 shacl-max: 1
10/03/2026 10:52:08 -- 	N6722d225a898402589e29f23c8ae68c7 | http://data.europa.eu/eli/ontology#has_part > http://data.vlaanderen.be/ns/besluit#Artikel
10/03/2026 10:52:09 -- 		 min: 0 (min found at subject)
10/03/2026 10:52:09 -- 		 max: 14 (max found at subject)
10/03/2026 10:52:09 -- 	Nb5db9767739c40e2977c3ea9330a53cc | http://data.europa.eu/eli/ontology#is_about > [no object/datatype]
10/03/2026 10:52:09 -- 		 min: 0 (min found at subject)
10/03/2026 10:52:09 -- 		 max: 1 (max found at subject)
10/03/2026 10:52:09 -- 		 shacl-max: 1
10/03/2026 10:52:09 -- 	Nc2909604594a41b1b35ec2fd809991be | http://www.w3.org/ns/prov#value > [no object/datatype]
10/03/2026 10:52:09 -- 		 min: 0 (min found at subject)
10/03/2026 10:52:09 -- 		 max: 3 (max found at subject)
10/03/2026 10:52:09 -- 	Nc6929ccd5b954cd3b582066be423fa52 | http://data.vlaanderen.be/ns/besluit#noopener > [no object/datatype]
10/03/2026 10:52:09 -- 		 min: 0 (min found at subject)
10/03/2026 10:52:09 -- 		 max: 2 (max found at subject)
10/03/2026 10:52:09 -- 	N4d6ba0319d28444095491a5084f39b96 | http://data.europa.eu/eli/ontology#description > [no object/datatype]
10/03/2026 10:52:09 -- 		 min: 0 (min found at subject)
10/03/2026 10:52:09 -- 		 max: 2 (max found at subject)
10/03/2026 10:52:09 -- 	N22b7d36f9555444e87c74ebf81e1bd30 | http://mu.semte.ch/vocabularies/ext/hiddenBesluitType > [no object/datatype]
10/03/2026 10:52:09 -- 		 min: 0 (min found at subject)
10/03/2026 10:52:09 -- 		 max: 1 (max found at subject)
10/03/2026 10:52:09 -- 		 shacl-max: 1
10/03/2026 10:52:09 -- 	N10c0310a410b419a95388976ea601453 | http://purl.org/dc/terms/subject > [no object/datatype]
10/03/2026 10:52:09 -- 		 min: 0 (min found at subject)
10/03/2026 10:52:09 -- 		 max: 1 (max found at subject)
10/03/2026 10:52:09 -- 		 shacl-max: 1
10/03/2026 10:52:09 -- 	Nb2e8ccd22046462cab4b313a7fc6b871 | http://lblod.data.gift/vocabularies/editor/isLumpNode > [no object/datatype]
10/03/2026 10:52:09 -- 		 min: 0 (min found at subject)
10/03/2026 10:52:09 -- 		 max: 1 (max found at subject)
10/03/2026 10:52:09 -- 		 shacl-max: 1
10/03/2026 10:52:09 -- 	N9dde5e4d810b4e2a8a01f6d996e36879 | http://example.com/mobiliteit/wordtAangeduidDoor > [no object/datatype]
10/03/2026 10:52:09 -- 		 min: 0 (min found at subject)
10/03/2026 10:52:09 -- 		 max: 4 (max found at subject)
10/03/2026 10:52:09 -- 	N02cdfb3ea5314bae883ada68b58584ee | http://data.vlaanderen.be/ns/besluit#noreferrer > [no object/datatype]
10/03/2026 10:52:09 -- 		 min: 0 (min found at subject)
10/03/2026 10:52:09 -- 		 max: 2 (max found at subject)
10/03/2026 10:52:09 -- 	N063858f71fc24a6398a560d81e4dd785 | http://data.vlaanderen.be/ns/besluit#motivering > [no object/datatype]
10/03/2026 10:52:09 -- 		 min: 0 (min found at subject)
10/03/2026 10:52:09 -- 		 max: 3 (max found at subject)
10/03/2026 10:52:09 -- 	N154f1bad43db4f918ab27414acaa3ca6 | http://data.europa.eu/eli/ontology#cites > http://data.europa.eu/eli/ontology#LegalExpression
10/03/2026 10:52:09 -- 		 min: 0 (min found at subject)
10/03/2026 10:52:09 -- 		 max: 8 (max found at subject)
10/03/2026 10:52:09 -- 	N9f6496c9a44c43b58119db070e5f9009 | http://data.europa.eu/eli/ontology#cites > http://data.vlaanderen.be/ns/besluit#Besluit
10/03/2026 10:52:09 -- 		 min: 0 (min found at subject)
10/03/2026 10:52:09 -- 		 max: 1 (max found at subject)
10/03/2026 10:52:09 -- 		 shacl-max: 1
10/03/2026 10:52:09 -- 	N28c1def08d9b446abe5a698728aa4ccf | http://data.europa.eu/eli/ontology#cites > http://mu.semte.ch/vocabularies/ext/BesluitNieuweStijl
10/03/2026 10:52:09 -- 		 min: 0 (min found at subject)
10/03/2026 10:52:09 -- 		 max: 1 (max found at subject)
10/03/2026 10:52:09 -- 		 shacl-max: 1
10/03/2026 10:52:09 -- 	Nb2fe7a3c9b444d7c8549b01ffda14f4a | http://data.europa.eu/eli/ontology#cites > https://data.vlaanderen.be/id/concept/BesluitType/256bd04a-b74b-4f2a-8f5d-14dda4765af9
10/03/2026 10:52:09 -- 		 min: 0 (min found at subject)
10/03/2026 10:52:09 -- 		 max: 1 (max found at subject)
10/03/2026 10:52:09 -- 		 shacl-max: 1
10/03/2026 10:52:09 -- http://example.com/shapes/d0badf07-f55c-4e86-86b8-068dd48ea247 ~ https://data.vlaanderen.be/id/concept/BesluitType/25deb453-ae3e-4d40-8027-36cdb48ab738
10/03/2026 10:52:09 -- 	N9a8a2c3c43a74c838599ee03a4ed7ff0 | http://data.europa.eu/eli/ontology#language > http://www.w3.org/2004/02/skos/core#Concept
10/03/2026 10:52:09 -- 		 min: 1 (min found at subject)
10/03/2026 10:52:09 -- 		 max: 1 (max found at subject)
10/03/2026 10:52:09 -- 		 shacl-min: 1
10/03/2026 10:52:09 -- 		 shacl-max: 1
10/03/2026 10:52:09 -- 	N33863c2797e048cea6217607865181fe | http://data.europa.eu/eli/ontology#has_part > http://data.vlaanderen.be/ns/besluit#Artikel
10/03/2026 10:52:09 -- 		 min: 0 (min found at subject)
10/03/2026 10:52:09 -- 		 max: 2 (max found at subject)
10/03/2026 10:52:09 -- 	N191c6f4412e546ea8205a1111e681a39 | http://www.w3.org/ns/prov#wasGeneratedBy > http://data.vlaanderen.be/ns/besluit#BehandelingVanAgendapunt
10/03/2026 10:52:09 -- 		 min: 0 (min found at subject)
10/03/2026 10:52:09 -- 		 max: 1 (max found at subject)
10/03/2026 10:52:09 -- 		 shacl-max: 1
10/03/2026 10:52:09 -- 	N251c8525c2bc4304b123729ed89c06a2 | http://www.w3.org/ns/prov#wasDerivedFrom > http://xmlns.com/foaf/0.1/Document
10/03/2026 10:52:09 -- 		 min: 0 (min found at subject)
10/03/2026 10:52:09 -- 		 max: 1 (max found at subject)
10/03/2026 10:52:09 -- 		 shacl-max: 1
10/03/2026 10:52:09 -- 	Nf8a7551133ee41a4b232381a60943745 | http://www.w3.org/ns/prov#wasDerivedFrom > https://data.vlaanderen.be/id/concept/BesluitDocumentType/9d5bfaca-bbf2-49dd-a830-769f91a6377b
10/03/2026 10:52:09 -- 		 min: 0 (min found at subject)
10/03/2026 10:52:09 -- 		 max: 1 (max found at subject)
10/03/2026 10:52:09 -- 		 shacl-max: 1
10/03/2026 10:52:09 -- 	Naa8d3566de5744ac978bced54bf2a2fd | http://data.europa.eu/eli/ontology#title > [no object/datatype]
10/03/2026 10:52:09 -- 		 min: 1 (min found at subject)
10/03/2026 10:52:09 -- 		 max: 2 (max found at subject)
10/03/2026 10:52:09 -- 		 shacl-min: 1
10/03/2026 10:52:09 -- 	N11f4b677961f4d5f980a6ef7899ab13f | http://data.europa.eu/eli/ontology#description > [no object/datatype]
10/03/2026 10:52:09 -- 		 min: 0 (min found at subject)
10/03/2026 10:52:09 -- 		 max: 2 (max found at subject)
10/03/2026 10:52:09 -- 	N524c4830efb34ce5a92af05746d28960 | http://lblod.data.gift/vocabularies/besluit/extractedDecisionContent > [no object/datatype]
10/03/2026 10:52:09 -- 		 min: 0 (min found at subject)
10/03/2026 10:52:09 -- 		 max: 41 (max found at subject)
10/03/2026 10:52:09 -- 	Nb689b193adf94e65bdadfb2fd6767b74 | http://mu.semte.ch/vocabularies/core/uuid > [no object/datatype]
10/03/2026 10:52:09 -- 		 min: 1 (min found at subject)
10/03/2026 10:52:09 -- 		 max: 1 (max found at subject)
10/03/2026 10:52:09 -- 		 shacl-min: 1
10/03/2026 10:52:09 -- 		 shacl-max: 1
10/03/2026 10:52:09 -- 	N6296ad6796b448f69254a210e181dbf4 | http://data.europa.eu/eli/ontology#passed_by > http://data.vlaanderen.be/ns/besluit#Bestuursorgaan
10/03/2026 10:52:09 -- 		 min: 0 (min found at subject)
10/03/2026 10:52:09 -- 		 max: 1 (max found at subject)
10/03/2026 10:52:09 -- 		 shacl-max: 1
10/03/2026 10:52:09 -- 	Nbb4e4029f31349deb2b9a64fd7e520b3 | http://data.europa.eu/eli/ontology#cites > http://data.europa.eu/eli/ontology#LegalExpression
10/03/2026 10:52:09 -- 		 min: 0 (min found at subject)
10/03/2026 10:52:09 -- 		 max: 3 (max found at subject)
10/03/2026 10:52:09 -- 	Nefc086067a2140dab1f27777d838b664 | http://data.europa.eu/eli/ontology#date_publication > [no object/datatype]
10/03/2026 10:52:09 -- 		 min: 0 (min found at subject)
10/03/2026 10:52:09 -- 		 max: 1 (max found at subject)
10/03/2026 10:52:09 -- 		 shacl-max: 1
10/03/2026 10:52:09 -- 	Nb88d8ee9977940deb3ebe44d9e3496e2 | http://data.vlaanderen.be/ns/besluit#motivering > [no object/datatype]
10/03/2026 10:52:09 -- 		 min: 0 (min found at subject)
10/03/2026 10:52:09 -- 		 max: 2 (max found at subject)
10/03/2026 10:52:09 -- 	Nff10336ab73b4b7fa06c76f70bc8faa6 | http://www.w3.org/ns/prov#value > [no object/datatype]
10/03/2026 10:52:09 -- 		 min: 0 (min found at subject)
10/03/2026 10:52:09 -- 		 max: 3 (max found at subject)
10/03/2026 10:52:09 -- http://example.com/shapes/7204cb77-2c13-4707-bbce-b168f4274914 ~ https://data.vlaanderen.be/id/concept/BesluitType/2b12630f-8c4e-40a4-8a61-a0c45621a1e6
10/03/2026 10:52:09 -- 	N0f05874c6dff482bb55f92bcdedc6546 | http://data.europa.eu/eli/ontology#passed_by > http://data.vlaanderen.be/ns/besluit#Bestuursorgaan
10/03/2026 10:52:09 -- 		 min: 1 (min found at subject)
10/03/2026 10:52:09 -- 		 max: 1 (max found at subject)
10/03/2026 10:52:09 -- 		 shacl-min: 1
10/03/2026 10:52:09 -- 		 shacl-max: 1
10/03/2026 10:52:09 -- 	N719168af6f03441a851aeb9f63ebc801 | http://data.vlaanderen.be/ns/besluit#motivering > [no object/datatype]
10/03/2026 10:52:09 -- 		 min: 1 (min found at subject)
10/03/2026 10:52:09 -- 		 max: 2 (max found at subject)
10/03/2026 10:52:09 -- 		 shacl-min: 1
10/03/2026 10:52:09 -- 	N68f7f5291aa74b48ac5c7ad092574725 | http://data.europa.eu/eli/ontology#description > [no object/datatype]
10/03/2026 10:52:09 -- 		 min: 1 (min found at subject)
10/03/2026 10:52:09 -- 		 max: 1 (max found at subject)
10/03/2026 10:52:09 -- 		 shacl-min: 1
10/03/2026 10:52:09 -- 		 shacl-max: 1
10/03/2026 10:52:09 -- 	N262c8023b7ae48338dc83edf2425de85 | http://lblod.data.gift/vocabularies/besluit/extractedDecisionContent > [no object/datatype]
10/03/2026 10:52:09 -- 		 min: 18 (min found at subject)
10/03/2026 10:52:09 -- 		 max: 29 (max found at subject)
10/03/2026 10:52:09 -- 		 shacl-min: 1
10/03/2026 10:52:09 -- 	Nae473586ff2d472cbbf787c6df0d5259 | http://www.w3.org/ns/prov#wasDerivedFrom > [no object/datatype]
10/03/2026 10:52:09 -- 		 min: 2 (min found at subject)
10/03/2026 10:52:09 -- 		 max: 3 (max found at subject)
10/03/2026 10:52:09 -- 		 shacl-min: 1
10/03/2026 10:52:09 -- 	N10a0f6494a754ff7b66ecead4632619d | http://mu.semte.ch/vocabularies/core/uuid > [no object/datatype]
10/03/2026 10:52:09 -- 		 min: 1 (min found at subject)
10/03/2026 10:52:09 -- 		 max: 1 (max found at subject)
10/03/2026 10:52:09 -- 		 shacl-min: 1
10/03/2026 10:52:09 -- 		 shacl-max: 1
10/03/2026 10:52:09 -- 	Nf28623d27dbf4ea0824f2e16c66c3172 | http://data.europa.eu/eli/ontology#title > [no object/datatype]
10/03/2026 10:52:09 -- 		 min: 1 (min found at subject)
10/03/2026 10:52:09 -- 		 max: 1 (max found at subject)
10/03/2026 10:52:09 -- 		 shacl-min: 1
10/03/2026 10:52:09 -- 		 shacl-max: 1
10/03/2026 10:52:09 -- 	N5ef1557646f04a6d90f32861f8c47a9f | http://data.europa.eu/eli/ontology#language > http://www.w3.org/2004/02/skos/core#Concept
10/03/2026 10:52:09 -- 		 min: 1 (min found at subject)
10/03/2026 10:52:09 -- 		 max: 1 (max found at subject)
10/03/2026 10:52:09 -- 		 shacl-min: 1
10/03/2026 10:52:09 -- 		 shacl-max: 1
10/03/2026 10:52:09 -- 	N7f57168f32694535a6f4993c0664ce4f | http://www.w3.org/ns/prov#wasGeneratedBy > http://data.vlaanderen.be/ns/besluit#BehandelingVanAgendapunt
10/03/2026 10:52:09 -- 		 min: 1 (min found at subject)
10/03/2026 10:52:09 -- 		 max: 1 (max found at subject)
10/03/2026 10:52:09 -- 		 shacl-min: 1
10/03/2026 10:52:09 -- 		 shacl-max: 1
10/03/2026 10:52:09 -- 	Neb59898409254bf9a1f27a70b6b75b2e | http://www.w3.org/ns/prov#value > [no object/datatype]
10/03/2026 10:52:09 -- 		 min: 1 (min found at subject)
10/03/2026 10:52:09 -- 		 max: 2 (max found at subject)
10/03/2026 10:52:09 -- 		 shacl-min: 1
10/03/2026 10:52:09 -- http://example.com/shapes/6a6d5ade-7d7f-411e-acdb-e26979e62c53 ~ https://data.vlaanderen.be/id/concept/BesluitType/2c2f5e3c-827f-4ad7-906a-176f3bda08ce
10/03/2026 10:52:09 -- 	Nce153e8b87fb43f392048ef77deec78b | http://www.w3.org/ns/prov#value > [no object/datatype]
10/03/2026 10:52:09 -- 		 min: 1 (min found at subject)
10/03/2026 10:52:09 -- 		 max: 1 (max found at subject)
10/03/2026 10:52:09 -- 		 shacl-min: 1
10/03/2026 10:52:09 -- 		 shacl-max: 1
10/03/2026 10:52:09 -- 	N66b46f9c6ae84b208a42db942e1a445d | http://www.w3.org/ns/prov#wasGeneratedBy > http://data.vlaanderen.be/ns/besluit#BehandelingVanAgendapunt
10/03/2026 10:52:09 -- 		 min: 1 (min found at subject)
10/03/2026 10:52:09 -- 		 max: 1 (max found at subject)
10/03/2026 10:52:09 -- 		 shacl-min: 1
10/03/2026 10:52:09 -- 		 shacl-max: 1
10/03/2026 10:52:09 -- 	N094534cd041048f4a20f44888befe447 | http://lblod.data.gift/vocabularies/besluit/extractedDecisionContent > [no object/datatype]
10/03/2026 10:52:09 -- 		 min: 19 (min found at subject)
10/03/2026 10:52:09 -- 		 max: 19 (max found at subject)
10/03/2026 10:52:09 -- 		 shacl-min: 19
10/03/2026 10:52:09 -- 	Nd64161dc5b49405cb17cb1f0fdabb914 | http://data.europa.eu/eli/ontology#passed_by > http://data.vlaanderen.be/ns/besluit#Bestuursorgaan
10/03/2026 10:52:09 -- 		 min: 1 (min found at subject)
10/03/2026 10:52:09 -- 		 max: 1 (max found at subject)
10/03/2026 10:52:09 -- 		 shacl-min: 1
10/03/2026 10:52:09 -- 		 shacl-max: 1
10/03/2026 10:52:09 -- 	N81f616cb38cd45569f41db00639015a5 | http://data.europa.eu/eli/ontology#language > http://www.w3.org/2004/02/skos/core#Concept
10/03/2026 10:52:09 -- 		 min: 1 (min found at subject)
10/03/2026 10:52:09 -- 		 max: 1 (max found at subject)
10/03/2026 10:52:09 -- 		 shacl-min: 1
10/03/2026 10:52:09 -- 		 shacl-max: 1
10/03/2026 10:52:09 -- 	N4ada28cdeeec431e939bbebb256ff6bf | http://www.w3.org/ns/prov#wasDerivedFrom > [no object/datatype]
10/03/2026 10:52:09 -- 		 min: 2 (min found at subject)
10/03/2026 10:52:09 -- 		 max: 2 (max found at subject)
10/03/2026 10:52:09 -- 		 shacl-min: 2
10/03/2026 10:52:09 -- 	Ne9fd70909513428080b7a7a0ab56bd00 | http://data.europa.eu/eli/ontology#description > [no object/datatype]
10/03/2026 10:52:09 -- 		 min: 1 (min found at subject)
10/03/2026 10:52:09 -- 		 max: 1 (max found at subject)
10/03/2026 10:52:09 -- 		 shacl-min: 1
10/03/2026 10:52:09 -- 		 shacl-max: 1
10/03/2026 10:52:09 -- 	Ncaefce055ac24a619dd4e274053788bd | http://data.europa.eu/eli/ontology#title > [no object/datatype]
10/03/2026 10:52:09 -- 		 min: 1 (min found at subject)
10/03/2026 10:52:09 -- 		 max: 1 (max found at subject)
10/03/2026 10:52:09 -- 		 shacl-min: 1
10/03/2026 10:52:09 -- 		 shacl-max: 1
10/03/2026 10:52:09 -- 	N3468fb759e4147c0918939f0f468a520 | http://mu.semte.ch/vocabularies/core/uuid > [no object/datatype]
10/03/2026 10:52:09 -- 		 min: 1 (min found at subject)
10/03/2026 10:52:09 -- 		 max: 1 (max found at subject)
10/03/2026 10:52:09 -- 		 shacl-min: 1
10/03/2026 10:52:09 -- 		 shacl-max: 1
10/03/2026 10:52:09 -- 	N640c5d438119450cb50382229b18f408 | http://data.vlaanderen.be/ns/besluit#motivering > [no object/datatype]
10/03/2026 10:52:09 -- 		 min: 1 (min found at subject)
10/03/2026 10:52:09 -- 		 max: 1 (max found at subject)
10/03/2026 10:52:09 -- 		 shacl-min: 1
10/03/2026 10:52:09 -- 		 shacl-max: 1
10/03/2026 10:52:09 -- http://example.com/shapes/13175a13-2fd1-4ab5-a1d9-e5ba927f57ff ~ https://data.vlaanderen.be/id/concept/BesluitType/2f189152-1786-4b55-a3a9-d7f06de63f1c
10/03/2026 10:52:09 -- 	Ncbe56ba26f7b4a658fbfcd51540b725a | http://www.w3.org/ns/prov#wasGeneratedBy > http://data.vlaanderen.be/ns/besluit#BehandelingVanAgendapunt
10/03/2026 10:52:09 -- 		 min: 1 (min found at subject)
10/03/2026 10:52:09 -- 		 max: 1 (max found at subject)
10/03/2026 10:52:09 -- 		 shacl-min: 1
10/03/2026 10:52:09 -- 		 shacl-max: 1
10/03/2026 10:52:09 -- 	N135f7c28b2ec446c84fb0675b3fbb82f | http://data.europa.eu/eli/ontology#language > http://www.w3.org/2004/02/skos/core#Concept
10/03/2026 10:52:09 -- 		 min: 1 (min found at subject)
10/03/2026 10:52:09 -- 		 max: 1 (max found at subject)
10/03/2026 10:52:09 -- 		 shacl-min: 1
10/03/2026 10:52:09 -- 		 shacl-max: 1
10/03/2026 10:52:09 -- 	Nec65d89e1fd547fd82f153bcd603864d | http://data.europa.eu/eli/ontology#has_part > http://data.vlaanderen.be/ns/besluit#Artikel
10/03/2026 10:52:09 -- 		 min: 0 (min found at subject)
10/03/2026 10:52:09 -- 		 max: 5 (max found at subject)
10/03/2026 10:52:09 -- 	Nefe8522e4b234f1ea910f2cc3c2400ee | http://data.europa.eu/eli/ontology#title > [no object/datatype]
10/03/2026 10:52:09 -- 		 min: 1 (min found at subject)
10/03/2026 10:52:09 -- 		 max: 2 (max found at subject)
10/03/2026 10:52:09 -- 		 shacl-min: 1
10/03/2026 10:52:09 -- 	Na785e36d4c934e58bd306abaf4705a66 | http://www.w3.org/ns/prov#value > [no object/datatype]
10/03/2026 10:52:09 -- 		 min: 1 (min found at subject)
10/03/2026 10:52:09 -- 		 max: 2 (max found at subject)
10/03/2026 10:52:09 -- 		 shacl-min: 1
10/03/2026 10:52:09 -- 	N729211dabf3f488f9c263bfc81cf1381 | http://data.europa.eu/eli/ontology#related_to > http://xmlns.com/foaf/0.1/Document
10/03/2026 10:52:09 -- 		 min: 0 (min found at subject)
10/03/2026 10:52:09 -- 		 max: 3 (max found at subject)
10/03/2026 10:52:09 -- 	Ncac72c651080497186a376f73c75342c | http://lblod.data.gift/vocabularies/besluit/extractedDecisionContent > [no object/datatype]
10/03/2026 10:52:09 -- 		 min: 1 (min found at subject)
10/03/2026 10:52:09 -- 		 max: 45 (max found at subject)
10/03/2026 10:52:09 -- 		 shacl-min: 1
10/03/2026 10:52:09 -- 	N9a181b56dbe74694ad897f27f984968a | http://data.vlaanderen.be/ns/besluit#motivering > [no object/datatype]
10/03/2026 10:52:09 -- 		 min: 1 (min found at subject)
10/03/2026 10:52:09 -- 		 max: 2 (max found at subject)
10/03/2026 10:52:09 -- 		 shacl-min: 1
10/03/2026 10:52:09 -- 	N56f1f763f60e41499d25c64f72d0bd7b | http://data.europa.eu/eli/ontology#description > [no object/datatype]
10/03/2026 10:52:09 -- 		 min: 0 (min found at subject)
10/03/2026 10:52:09 -- 		 max: 2 (max found at subject)
10/03/2026 10:52:09 -- 	Nbe4cda05f7474db8a4d20493ae302e7d | http://data.europa.eu/eli/ontology#passed_by > http://data.vlaanderen.be/ns/besluit#Bestuursorgaan
10/03/2026 10:52:09 -- 		 min: 0 (min found at subject)
10/03/2026 10:52:09 -- 		 max: 1 (max found at subject)
10/03/2026 10:52:09 -- 		 shacl-max: 1
10/03/2026 10:52:09 -- 	N8130fc8a8cc944fa9ac5d53cd50453f6 | http://mu.semte.ch/vocabularies/ext/hiddenBesluitType > [no object/datatype]
10/03/2026 10:52:09 -- 		 min: 0 (min found at subject)
10/03/2026 10:52:09 -- 		 max: 1 (max found at subject)
10/03/2026 10:52:09 -- 		 shacl-max: 1
10/03/2026 10:52:09 -- 	N44e400691b4c4a1999ddff58e7893564 | http://www.w3.org/ns/prov#wasDerivedFrom > http://xmlns.com/foaf/0.1/Document
10/03/2026 10:52:09 -- 		 min: 0 (min found at subject)
10/03/2026 10:52:09 -- 		 max: 1 (max found at subject)
10/03/2026 10:52:09 -- 		 shacl-max: 1
10/03/2026 10:52:09 -- 	N264f76989a854d9194ab23422b8c5580 | http://www.w3.org/ns/prov#wasDerivedFrom > https://data.vlaanderen.be/id/concept/BesluitDocumentType/9d5bfaca-bbf2-49dd-a830-769f91a6377b
10/03/2026 10:52:09 -- 		 min: 0 (min found at subject)
10/03/2026 10:52:09 -- 		 max: 1 (max found at subject)
10/03/2026 10:52:09 -- 		 shacl-max: 1
10/03/2026 10:52:09 -- 	Nae326500d0d14958a21ed4ff377cd52f | http://mu.semte.ch/vocabularies/core/uuid > [no object/datatype]
10/03/2026 10:52:09 -- 		 min: 1 (min found at subject)
10/03/2026 10:52:09 -- 		 max: 1 (max found at subject)
10/03/2026 10:52:09 -- 		 shacl-min: 1
10/03/2026 10:52:09 -- 		 shacl-max: 1
10/03/2026 10:52:09 -- 	N0591b85e0f4e42cfb7c2bfad28056bc2 | http://data.europa.eu/eli/ontology#date_publication > [no object/datatype]
10/03/2026 10:52:09 -- 		 min: 0 (min found at subject)
10/03/2026 10:52:09 -- 		 max: 2 (max found at subject)
10/03/2026 10:52:09 -- 	N94afe696f1b64e2cba2ce8db242ba526 | http://data.europa.eu/eli/ontology#cites > http://data.europa.eu/eli/ontology#LegalExpression
10/03/2026 10:52:09 -- 		 min: 0 (min found at subject)
10/03/2026 10:52:09 -- 		 max: 6 (max found at subject)
10/03/2026 10:52:09 -- http://example.com/shapes/1418ce3f-42a4-4a2a-8c02-79df766c00bb ~ https://data.vlaanderen.be/id/concept/BesluitType/35c15ea0-d0c3-4ba7-b91f-b1c6264800b1
10/03/2026 10:52:09 -- 	N94a4724158cb4ff089b015309d1ac24e | http://www.w3.org/ns/prov#wasGeneratedBy > http://data.vlaanderen.be/ns/besluit#BehandelingVanAgendapunt
10/03/2026 10:52:09 -- 		 min: 1 (min found at subject)
10/03/2026 10:52:09 -- 		 max: 1 (max found at subject)
10/03/2026 10:52:09 -- 		 shacl-min: 1
10/03/2026 10:52:09 -- 		 shacl-max: 1
10/03/2026 10:52:09 -- 	Nd121618da1a2494a9df26b0bddffb02a | http://data.europa.eu/eli/ontology#passed_by > http://data.vlaanderen.be/ns/besluit#Bestuursorgaan
10/03/2026 10:52:09 -- 		 min: 0 (min found at subject)
10/03/2026 10:52:09 -- 		 max: 1 (max found at subject)
10/03/2026 10:52:09 -- 		 shacl-max: 1
10/03/2026 10:52:09 -- 	Nc6fa74222ef246e689d97390664ef919 | http://www.w3.org/ns/prov#value > [no object/datatype]
10/03/2026 10:52:09 -- 		 min: 1 (min found at subject)
10/03/2026 10:52:09 -- 		 max: 2 (max found at subject)
10/03/2026 10:52:09 -- 		 shacl-min: 1
10/03/2026 10:52:09 -- 	N436ebd39cc78492a93955fec9202326e | http://data.vlaanderen.be/ns/besluit#motivering > [no object/datatype]
10/03/2026 10:52:09 -- 		 min: 1 (min found at subject)
10/03/2026 10:52:09 -- 		 max: 2 (max found at subject)
10/03/2026 10:52:09 -- 		 shacl-min: 1
10/03/2026 10:52:09 -- 	Na3434bfb3d3a47e093149bc5278d028a | http://data.europa.eu/eli/ontology#language > http://www.w3.org/2004/02/skos/core#Concept
10/03/2026 10:52:09 -- 		 min: 1 (min found at subject)
10/03/2026 10:52:09 -- 		 max: 1 (max found at subject)
10/03/2026 10:52:09 -- 		 shacl-min: 1
10/03/2026 10:52:09 -- 		 shacl-max: 1
10/03/2026 10:52:09 -- 	N38e21ec4b8fe483e937c8021868e9204 | http://lblod.data.gift/vocabularies/besluit/extractedDecisionContent > [no object/datatype]
10/03/2026 10:52:09 -- 		 min: 15 (min found at subject)
10/03/2026 10:52:09 -- 		 max: 35 (max found at subject)
10/03/2026 10:52:09 -- 		 shacl-min: 1
10/03/2026 10:52:09 -- 	N1140d25d302f456d892f40b6a0cd9db4 | http://www.w3.org/ns/prov#wasDerivedFrom > [no object/datatype]
10/03/2026 10:52:09 -- 		 min: 2 (min found at subject)
10/03/2026 10:52:09 -- 		 max: 3 (max found at subject)
10/03/2026 10:52:09 -- 		 shacl-min: 1
10/03/2026 10:52:09 -- 	N9b6513f8642a419492084e5659d5410a | http://data.europa.eu/eli/ontology#title > [no object/datatype]
10/03/2026 10:52:09 -- 		 min: 1 (min found at subject)
10/03/2026 10:52:09 -- 		 max: 1 (max found at subject)
10/03/2026 10:52:09 -- 		 shacl-min: 1
10/03/2026 10:52:09 -- 		 shacl-max: 1
10/03/2026 10:52:09 -- 	Nae6f7ee166904d95bb6744400ed107ee | http://mu.semte.ch/vocabularies/core/uuid > [no object/datatype]
10/03/2026 10:52:09 -- 		 min: 1 (min found at subject)
10/03/2026 10:52:09 -- 		 max: 1 (max found at subject)
10/03/2026 10:52:09 -- 		 shacl-min: 1
10/03/2026 10:52:09 -- 		 shacl-max: 1
10/03/2026 10:52:09 -- 	N263a0f312997444a999085391d82ff61 | http://data.europa.eu/eli/ontology#description > [no object/datatype]
10/03/2026 10:52:09 -- 		 min: 0 (min found at subject)
10/03/2026 10:52:09 -- 		 max: 1 (max found at subject)
10/03/2026 10:52:09 -- 		 shacl-max: 1
10/03/2026 10:52:09 -- http://example.com/shapes/ab9e2e80-0385-4c49-b08b-8403ec037942 ~ https://data.vlaanderen.be/id/concept/BesluitType/35d9d01c-015c-4fb9-8ec1-8227f9f4d28c
10/03/2026 10:52:09 -- 	Nf604081beb2f453c96d534d9ac922996 | http://www.w3.org/ns/prov#wasGeneratedBy > http://data.vlaanderen.be/ns/besluit#BehandelingVanAgendapunt
10/03/2026 10:52:09 -- 		 min: 1 (min found at subject)
10/03/2026 10:52:09 -- 		 max: 1 (max found at subject)
10/03/2026 10:52:09 -- 		 shacl-min: 1
10/03/2026 10:52:09 -- 		 shacl-max: 1
10/03/2026 10:52:09 -- 	N051ff88e41c24078a1ffc09f686426b2 | http://data.vlaanderen.be/ns/besluit#motivering > [no object/datatype]
10/03/2026 10:52:09 -- 		 min: 1 (min found at subject)
10/03/2026 10:52:09 -- 		 max: 2 (max found at subject)
10/03/2026 10:52:09 -- 		 shacl-min: 1
10/03/2026 10:52:09 -- 	N844ded25d9e341c299ebbe07a31c61fe | http://mu.semte.ch/vocabularies/core/uuid > [no object/datatype]
10/03/2026 10:52:09 -- 		 min: 1 (min found at subject)
10/03/2026 10:52:09 -- 		 max: 1 (max found at subject)
10/03/2026 10:52:09 -- 		 shacl-min: 1
10/03/2026 10:52:09 -- 		 shacl-max: 1
10/03/2026 10:52:09 -- 	Nff630bbe24d34d2a9b225b9e47ec6f56 | http://www.w3.org/ns/prov#wasDerivedFrom > [no object/datatype]
10/03/2026 10:52:09 -- 		 min: 2 (min found at subject)
10/03/2026 10:52:09 -- 		 max: 3 (max found at subject)
10/03/2026 10:52:09 -- 		 shacl-min: 1
10/03/2026 10:52:09 -- 	N761b532e80ce40e28d768a414f1ac6ea | http://data.europa.eu/eli/ontology#description > [no object/datatype]
10/03/2026 10:52:09 -- 		 min: 0 (min found at subject)
10/03/2026 10:52:09 -- 		 max: 1 (max found at subject)
10/03/2026 10:52:09 -- 		 shacl-max: 1
10/03/2026 10:52:09 -- 	N1e0a85555ab8406094a1fed734e9fe4e | http://data.europa.eu/eli/ontology#title > [no object/datatype]
10/03/2026 10:52:09 -- 		 min: 1 (min found at subject)
10/03/2026 10:52:09 -- 		 max: 1 (max found at subject)
10/03/2026 10:52:09 -- 		 shacl-min: 1
10/03/2026 10:52:09 -- 		 shacl-max: 1
10/03/2026 10:52:09 -- 	N2e217078a4674dd6b3424c29b3b7080c | http://data.europa.eu/eli/ontology#passed_by > http://data.vlaanderen.be/ns/besluit#Bestuursorgaan
10/03/2026 10:52:09 -- 		 min: 0 (min found at subject)
10/03/2026 10:52:09 -- 		 max: 1 (max found at subject)
10/03/2026 10:52:09 -- 		 shacl-max: 1
10/03/2026 10:52:09 -- 	N928cb86485d04159a99356b1ad6e242e | http://www.w3.org/ns/prov#value > [no object/datatype]
10/03/2026 10:52:09 -- 		 min: 1 (min found at subject)
10/03/2026 10:52:09 -- 		 max: 2 (max found at subject)
10/03/2026 10:52:09 -- 		 shacl-min: 1
10/03/2026 10:52:09 -- 	Nb5e2dbc724ed41f4af2d4771222353aa | http://data.europa.eu/eli/ontology#language > http://www.w3.org/2004/02/skos/core#Concept
10/03/2026 10:52:09 -- 		 min: 1 (min found at subject)
10/03/2026 10:52:09 -- 		 max: 1 (max found at subject)
10/03/2026 10:52:09 -- 		 shacl-min: 1
10/03/2026 10:52:09 -- 		 shacl-max: 1
10/03/2026 10:52:09 -- 	N2373f437d4dd4608a551ba3b8c1e7ac4 | http://lblod.data.gift/vocabularies/besluit/extractedDecisionContent > [no object/datatype]
10/03/2026 10:52:09 -- 		 min: 2 (min found at subject)
10/03/2026 10:52:09 -- 		 max: 37 (max found at subject)
10/03/2026 10:52:09 -- 		 shacl-min: 1
10/03/2026 10:52:09 -- http://example.com/shapes/4a4308ed-f380-4c5c-a354-3b95b5469c5f ~ https://data.vlaanderen.be/id/concept/BesluitType/3fcf7dba-2e5b-4955-a489-6dd8285c013b
10/03/2026 10:52:09 -- 	N3628be92126644069367f627aa1dc780 | http://www.w3.org/ns/prov#wasDerivedFrom > http://xmlns.com/foaf/0.1/Document
10/03/2026 10:52:09 -- 		 min: 0 (min found at subject)
10/03/2026 10:52:09 -- 		 max: 1 (max found at subject)
10/03/2026 10:52:09 -- 		 shacl-max: 1
10/03/2026 10:52:09 -- 	Nbb5e9fc15e7548ad8a1efa56b8599ce3 | http://www.w3.org/ns/prov#wasDerivedFrom > https://data.vlaanderen.be/id/concept/BesluitDocumentType/9d5bfaca-bbf2-49dd-a830-769f91a6377b
10/03/2026 10:52:09 -- 		 min: 0 (min found at subject)
10/03/2026 10:52:09 -- 		 max: 1 (max found at subject)
10/03/2026 10:52:09 -- 		 shacl-max: 1
10/03/2026 10:52:09 -- 	N80d37b9d97764f88ac73b554e6351922 | http://data.europa.eu/eli/ontology#has_part > http://data.vlaanderen.be/ns/besluit#Artikel
10/03/2026 10:52:09 -- 		 min: 0 (min found at subject)
10/03/2026 10:52:09 -- 		 max: 4 (max found at subject)
10/03/2026 10:52:09 -- 	N1439d9a6bf1b4b97a79985edd7ab7de8 | http://data.europa.eu/eli/ontology#description > [no object/datatype]
10/03/2026 10:52:09 -- 		 min: 0 (min found at subject)
10/03/2026 10:52:09 -- 		 max: 2 (max found at subject)
10/03/2026 10:52:09 -- 	Nf4029cac12a34c419101f934305e5d5b | http://data.europa.eu/eli/ontology#date_publication > [no object/datatype]
10/03/2026 10:52:09 -- 		 min: 0 (min found at subject)
10/03/2026 10:52:09 -- 		 max: 2 (max found at subject)
10/03/2026 10:52:09 -- 	N9206c87f19ca46a58e01477bdb62651f | http://data.vlaanderen.be/ns/besluit#motivering > [no object/datatype]
10/03/2026 10:52:09 -- 		 min: 0 (min found at subject)
10/03/2026 10:52:09 -- 		 max: 2 (max found at subject)
10/03/2026 10:52:09 -- 	N97b8714619e744d8b4db0165e54a0a44 | http://www.w3.org/ns/prov#wasGeneratedBy > http://data.vlaanderen.be/ns/besluit#BehandelingVanAgendapunt
10/03/2026 10:52:09 -- 		 min: 0 (min found at subject)
10/03/2026 10:52:09 -- 		 max: 1 (max found at subject)
10/03/2026 10:52:09 -- 		 shacl-max: 1
10/03/2026 10:52:09 -- 	Nd2164c7946cd4f57aadebddcfe99cf21 | http://www.w3.org/ns/prov#value > [no object/datatype]
10/03/2026 10:52:09 -- 		 min: 0 (min found at subject)
10/03/2026 10:52:09 -- 		 max: 2 (max found at subject)
10/03/2026 10:52:09 -- 	N8703dc4a62444171836270875efc1fad | http://data.europa.eu/eli/ontology#passed_by > http://data.vlaanderen.be/ns/besluit#Bestuursorgaan
10/03/2026 10:52:09 -- 		 min: 0 (min found at subject)
10/03/2026 10:52:09 -- 		 max: 1 (max found at subject)
10/03/2026 10:52:09 -- 		 shacl-max: 1
10/03/2026 10:52:09 -- 	Ne9a8103f43f846df8da87a5d5210680a | http://mu.semte.ch/vocabularies/core/uuid > [no object/datatype]
10/03/2026 10:52:09 -- 		 min: 1 (min found at subject)
10/03/2026 10:52:09 -- 		 max: 1 (max found at subject)
10/03/2026 10:52:09 -- 		 shacl-min: 1
10/03/2026 10:52:09 -- 		 shacl-max: 1
10/03/2026 10:52:09 -- 	Nf473ead4082d4315bac72ccf6a9ddbd3 | http://data.europa.eu/eli/ontology#language > http://www.w3.org/2004/02/skos/core#Concept
10/03/2026 10:52:09 -- 		 min: 1 (min found at subject)
10/03/2026 10:52:09 -- 		 max: 1 (max found at subject)
10/03/2026 10:52:09 -- 		 shacl-min: 1
10/03/2026 10:52:09 -- 		 shacl-max: 1
10/03/2026 10:52:09 -- 	N9350dc55e685430587edd1f209cbab6e | http://data.europa.eu/eli/ontology#cites > http://data.europa.eu/eli/ontology#LegalExpression
10/03/2026 10:52:09 -- 		 min: 0 (min found at subject)
10/03/2026 10:52:09 -- 		 max: 1 (max found at subject)
10/03/2026 10:52:09 -- 		 shacl-max: 1
10/03/2026 10:52:09 -- 	N45d601a1d651475b8d047f9100c9b53e | http://data.europa.eu/eli/ontology#title > [no object/datatype]
10/03/2026 10:52:09 -- 		 min: 1 (min found at subject)
10/03/2026 10:52:09 -- 		 max: 2 (max found at subject)
10/03/2026 10:52:09 -- 		 shacl-min: 1
10/03/2026 10:52:09 -- 	Nf13eb20d3fd347609bf9d3a27890fe27 | http://lblod.data.gift/vocabularies/besluit/extractedDecisionContent > [no object/datatype]
10/03/2026 10:52:09 -- 		 min: 0 (min found at subject)
10/03/2026 10:52:09 -- 		 max: 40 (max found at subject)
10/03/2026 10:52:09 -- http://example.com/shapes/9d325acf-c9de-4dc7-9006-d93f59a2c32b ~ https://data.vlaanderen.be/id/concept/BesluitType/40831a2c-771d-4b41-9720-0399998f1873
10/03/2026 10:52:09 -- 	N5853d0b0c97c493eaeba626360fd8f86 | http://data.europa.eu/eli/ontology#title > [no object/datatype]
10/03/2026 10:52:09 -- 		 min: 1 (min found at subject)
10/03/2026 10:52:09 -- 		 max: 2 (max found at subject)
10/03/2026 10:52:09 -- 		 shacl-min: 1
10/03/2026 10:52:09 -- 	Nc527bf3edaad4d4a948106bbc6f9502d | http://data.europa.eu/eli/ontology#has_part > http://data.vlaanderen.be/ns/besluit#Artikel
10/03/2026 10:52:09 -- 		 min: 0 (min found at subject)
10/03/2026 10:52:09 -- 		 max: 3 (max found at subject)
10/03/2026 10:52:09 -- 	N47db5b52184e4383b71569fb02a29aaa | http://www.w3.org/ns/prov#wasGeneratedBy > http://data.vlaanderen.be/ns/besluit#BehandelingVanAgendapunt
10/03/2026 10:52:09 -- 		 min: 0 (min found at subject)
10/03/2026 10:52:09 -- 		 max: 1 (max found at subject)
10/03/2026 10:52:09 -- 		 shacl-max: 1
10/03/2026 10:52:09 -- 	N2c2135cd3ce04a7a87502effbe2a3d49 | http://data.europa.eu/eli/ontology#passed_by > http://data.vlaanderen.be/ns/besluit#Bestuursorgaan
10/03/2026 10:52:09 -- 		 min: 0 (min found at subject)
10/03/2026 10:52:09 -- 		 max: 1 (max found at subject)
10/03/2026 10:52:09 -- 		 shacl-max: 1
10/03/2026 10:52:09 -- 	Nbf5668b5396544f99103fd6aa9abaf8f | http://www.w3.org/ns/prov#value > [no object/datatype]
10/03/2026 10:52:09 -- 		 min: 0 (min found at subject)
10/03/2026 10:52:09 -- 		 max: 2 (max found at subject)
10/03/2026 10:52:09 -- 	N0fee3529881941a89afcc358fb1e2876 | http://mu.semte.ch/vocabularies/core/uuid > [no object/datatype]
10/03/2026 10:52:09 -- 		 min: 1 (min found at subject)
10/03/2026 10:52:09 -- 		 max: 1 (max found at subject)
10/03/2026 10:52:09 -- 		 shacl-min: 1
10/03/2026 10:52:09 -- 		 shacl-max: 1
10/03/2026 10:52:09 -- 	N161ec2066a034bc68e20d69707cebfc0 | http://www.w3.org/ns/prov#wasDerivedFrom > http://xmlns.com/foaf/0.1/Document
10/03/2026 10:52:09 -- 		 min: 0 (min found at subject)
10/03/2026 10:52:09 -- 		 max: 1 (max found at subject)
10/03/2026 10:52:09 -- 		 shacl-max: 1
10/03/2026 10:52:09 -- 	Nce51f5db3c12435594f4f6b85d428681 | http://www.w3.org/ns/prov#wasDerivedFrom > https://data.vlaanderen.be/id/concept/BesluitDocumentType/9d5bfaca-bbf2-49dd-a830-769f91a6377b
10/03/2026 10:52:09 -- 		 min: 0 (min found at subject)
10/03/2026 10:52:09 -- 		 max: 1 (max found at subject)
10/03/2026 10:52:09 -- 		 shacl-max: 1
10/03/2026 10:52:09 -- 	N55b939632d9043a3bd91ae10bee8bc5a | http://data.europa.eu/eli/ontology#date_publication > [no object/datatype]
10/03/2026 10:52:09 -- 		 min: 0 (min found at subject)
10/03/2026 10:52:09 -- 		 max: 1 (max found at subject)
10/03/2026 10:52:09 -- 		 shacl-max: 1
10/03/2026 10:52:09 -- 	N3f286429881d40e2830be17e7c53fa11 | http://data.europa.eu/eli/ontology#language > http://www.w3.org/2004/02/skos/core#Concept
10/03/2026 10:52:09 -- 		 min: 1 (min found at subject)
10/03/2026 10:52:09 -- 		 max: 1 (max found at subject)
10/03/2026 10:52:09 -- 		 shacl-min: 1
10/03/2026 10:52:09 -- 		 shacl-max: 1
10/03/2026 10:52:09 -- 	N955c42cb30244767bcc1d538df248960 | http://data.europa.eu/eli/ontology#description > [no object/datatype]
10/03/2026 10:52:09 -- 		 min: 0 (min found at subject)
10/03/2026 10:52:09 -- 		 max: 2 (max found at subject)
10/03/2026 10:52:09 -- 	N4a956b5d0bab40f88741fca4ad7ed8d7 | http://data.vlaanderen.be/ns/besluit#motivering > [no object/datatype]
10/03/2026 10:52:09 -- 		 min: 0 (min found at subject)
10/03/2026 10:52:09 -- 		 max: 2 (max found at subject)
10/03/2026 10:52:09 -- 	N7edd47c85d414d41be55060cda60bafd | http://lblod.data.gift/vocabularies/besluit/extractedDecisionContent > [no object/datatype]
10/03/2026 10:52:09 -- 		 min: 0 (min found at subject)
10/03/2026 10:52:09 -- 		 max: 38 (max found at subject)
10/03/2026 10:52:09 -- http://example.com/shapes/c2e0b2b6-7462-4c00-88b9-fe7c0cb77458 ~ https://data.vlaanderen.be/id/concept/BesluitType/4350cdda-8291-4055-9026-5c7429357fce
10/03/2026 10:52:09 -- 	Nb9e51a3c19d24e4c948dcfa5a492ee08 | http://data.vlaanderen.be/ns/besluit#motivering > [no object/datatype]
10/03/2026 10:52:09 -- 		 min: 0 (min found at subject)
10/03/2026 10:52:09 -- 		 max: 2 (max found at subject)
10/03/2026 10:52:09 -- 	Nfccb6b7fef4c4ecebeaea74f6c5dbaf3 | http://www.w3.org/ns/prov#wasDerivedFrom > [no object/datatype]
10/03/2026 10:52:09 -- 		 min: 1 (min found at subject)
10/03/2026 10:52:09 -- 		 max: 3 (max found at subject)
10/03/2026 10:52:09 -- 		 shacl-min: 1
10/03/2026 10:52:09 -- 	Ne5bf7a3600e943368db0211e6da9d884 | http://data.europa.eu/eli/ontology#title > [no object/datatype]
10/03/2026 10:52:09 -- 		 min: 1 (min found at subject)
10/03/2026 10:52:09 -- 		 max: 2 (max found at subject)
10/03/2026 10:52:09 -- 		 shacl-min: 1
10/03/2026 10:52:09 -- 	Nd7d4aaab01cf43adb73ebbc20a2b883c | http://data.europa.eu/eli/ontology#passed_by > http://data.vlaanderen.be/ns/besluit#Bestuursorgaan
10/03/2026 10:52:09 -- 		 min: 0 (min found at subject)
10/03/2026 10:52:09 -- 		 max: 1 (max found at subject)
10/03/2026 10:52:09 -- 		 shacl-max: 1
10/03/2026 10:52:09 -- 	Na071120dbd8b4f3f924df5e1fd03e156 | http://mu.semte.ch/vocabularies/core/uuid > [no object/datatype]
10/03/2026 10:52:09 -- 		 min: 1 (min found at subject)
10/03/2026 10:52:09 -- 		 max: 1 (max found at subject)
10/03/2026 10:52:09 -- 		 shacl-min: 1
10/03/2026 10:52:09 -- 		 shacl-max: 1
10/03/2026 10:52:09 -- 	Ndbbf4dd821ce46e0a7e7a186d9632fe7 | http://data.europa.eu/eli/ontology#language > http://www.w3.org/2004/02/skos/core#Concept
10/03/2026 10:52:09 -- 		 min: 1 (min found at subject)
10/03/2026 10:52:09 -- 		 max: 1 (max found at subject)
10/03/2026 10:52:09 -- 		 shacl-min: 1
10/03/2026 10:52:09 -- 		 shacl-max: 1
10/03/2026 10:52:09 -- 	Na746a774bbfc459abcbd013bb9eaea0b | http://data.europa.eu/eli/ontology#description > [no object/datatype]
10/03/2026 10:52:09 -- 		 min: 0 (min found at subject)
10/03/2026 10:52:09 -- 		 max: 1 (max found at subject)
10/03/2026 10:52:09 -- 		 shacl-max: 1
10/03/2026 10:52:09 -- 	N90c64f102ff44845a08cb3174ffaca78 | http://www.w3.org/ns/prov#wasGeneratedBy > http://data.vlaanderen.be/ns/besluit#BehandelingVanAgendapunt
10/03/2026 10:52:09 -- 		 min: 0 (min found at subject)
10/03/2026 10:52:09 -- 		 max: 1 (max found at subject)
10/03/2026 10:52:09 -- 		 shacl-max: 1
10/03/2026 10:52:09 -- 	N9389b64c83934472898e6f18248a6970 | http://lblod.data.gift/vocabularies/besluit/extractedDecisionContent > [no object/datatype]
10/03/2026 10:52:09 -- 		 min: 0 (min found at subject)
10/03/2026 10:52:09 -- 		 max: 39 (max found at subject)
10/03/2026 10:52:09 -- 	N39be43fdd34245378432676b38798015 | http://www.w3.org/ns/prov#value > [no object/datatype]
10/03/2026 10:52:09 -- 		 min: 0 (min found at subject)
10/03/2026 10:52:09 -- 		 max: 2 (max found at subject)
10/03/2026 10:52:09 -- http://example.com/shapes/370673c0-7274-488c-a733-cf86617783e4 ~ https://data.vlaanderen.be/id/concept/BesluitType/4673d472-8dbc-4cea-b3ab-f92df3807eb3
10/03/2026 10:52:09 -- 	Nb0f90fd77ef84c4285dac8df48a11e0c | http://mu.semte.ch/vocabularies/core/uuid > [no object/datatype]
10/03/2026 10:52:09 -- 		 min: 1 (min found at subject)
10/03/2026 10:52:09 -- 		 max: 1 (max found at subject)
10/03/2026 10:52:09 -- 		 shacl-min: 1
10/03/2026 10:52:09 -- 		 shacl-max: 1
10/03/2026 10:52:09 -- 	Nb36c3f3debdf4429b384211c94375707 | http://data.europa.eu/eli/ontology#date_publication > [no object/datatype]
10/03/2026 10:52:09 -- 		 min: 0 (min found at subject)
10/03/2026 10:52:09 -- 		 max: 2 (max found at subject)
10/03/2026 10:52:09 -- 	N4341020139204ba9982d34454e5b8817 | http://data.europa.eu/eli/ontology#has_part > http://data.vlaanderen.be/ns/besluit#Artikel
10/03/2026 10:52:09 -- 		 min: 0 (min found at subject)
10/03/2026 10:52:09 -- 		 max: 3 (max found at subject)
10/03/2026 10:52:09 -- 	Ne2e128f2a7f04db382fec6035898b40c | http://data.vlaanderen.be/ns/besluit#motivering > [no object/datatype]
10/03/2026 10:52:09 -- 		 min: 0 (min found at subject)
10/03/2026 10:52:09 -- 		 max: 3 (max found at subject)
10/03/2026 10:52:09 -- 	Nda842315e268453db571d882b6b41d02 | http://lblod.data.gift/vocabularies/besluit/extractedDecisionContent > [no object/datatype]
10/03/2026 10:52:09 -- 		 min: 0 (min found at subject)
10/03/2026 10:52:09 -- 		 max: 44 (max found at subject)
10/03/2026 10:52:09 -- 	N572b3fec989445a0a88100ac83348c35 | http://data.europa.eu/eli/ontology#cites > http://data.europa.eu/eli/ontology#LegalExpression
10/03/2026 10:52:09 -- 		 min: 0 (min found at subject)
10/03/2026 10:52:09 -- 		 max: 3 (max found at subject)
10/03/2026 10:52:09 -- 	N3ddbed0895c64fc59f59a5d66e2e3ee9 | http://data.europa.eu/eli/ontology#title > [no object/datatype]
10/03/2026 10:52:09 -- 		 min: 1 (min found at subject)
10/03/2026 10:52:09 -- 		 max: 2 (max found at subject)
10/03/2026 10:52:09 -- 		 shacl-min: 1
10/03/2026 10:52:09 -- 	N28e86bcadad94365b2dae8adfcaf7e3b | http://data.europa.eu/eli/ontology#related_to > http://xmlns.com/foaf/0.1/Document
10/03/2026 10:52:09 -- 		 min: 0 (min found at subject)
10/03/2026 10:52:09 -- 		 max: 2 (max found at subject)
10/03/2026 10:52:09 -- 	Nf89bba51ad32412881340b7ee6aa3e44 | http://www.w3.org/ns/prov#wasGeneratedBy > http://data.vlaanderen.be/ns/besluit#BehandelingVanAgendapunt
10/03/2026 10:52:09 -- 		 min: 0 (min found at subject)
10/03/2026 10:52:09 -- 		 max: 1 (max found at subject)
10/03/2026 10:52:09 -- 		 shacl-max: 1
10/03/2026 10:52:09 -- 	N05dd7ed62bfa4184872911105db23a2b | http://data.europa.eu/eli/ontology#language > http://www.w3.org/2004/02/skos/core#Concept
10/03/2026 10:52:09 -- 		 min: 1 (min found at subject)
10/03/2026 10:52:09 -- 		 max: 1 (max found at subject)
10/03/2026 10:52:09 -- 		 shacl-min: 1
10/03/2026 10:52:09 -- 		 shacl-max: 1
10/03/2026 10:52:09 -- 	N50eaf68d87d647a9861f39d54b4f3f3c | http://www.w3.org/ns/prov#wasDerivedFrom > http://xmlns.com/foaf/0.1/Document
10/03/2026 10:52:09 -- 		 min: 0 (min found at subject)
10/03/2026 10:52:09 -- 		 max: 1 (max found at subject)
10/03/2026 10:52:09 -- 		 shacl-max: 1
10/03/2026 10:52:09 -- 	N267c303cf9f5463ea4fc5446dbc3767b | http://www.w3.org/ns/prov#wasDerivedFrom > https://data.vlaanderen.be/id/concept/BesluitDocumentType/9d5bfaca-bbf2-49dd-a830-769f91a6377b
10/03/2026 10:52:09 -- 		 min: 0 (min found at subject)
10/03/2026 10:52:09 -- 		 max: 1 (max found at subject)
10/03/2026 10:52:09 -- 		 shacl-max: 1
10/03/2026 10:52:09 -- 	N1d0e2c4f35204f1095054db42852091a | http://www.w3.org/ns/prov#value > [no object/datatype]
10/03/2026 10:52:09 -- 		 min: 0 (min found at subject)
10/03/2026 10:52:09 -- 		 max: 2 (max found at subject)
10/03/2026 10:52:09 -- 	Nc45fa06b8b4043e4a88f74bc8e2eee44 | http://data.europa.eu/eli/ontology#description > [no object/datatype]
10/03/2026 10:52:09 -- 		 min: 0 (min found at subject)
10/03/2026 10:52:09 -- 		 max: 2 (max found at subject)
10/03/2026 10:52:09 -- 	N050c10255d31487a93c3f3828f357a9e | http://data.europa.eu/eli/ontology#passed_by > http://data.vlaanderen.be/ns/besluit#Bestuursorgaan
10/03/2026 10:52:09 -- 		 min: 0 (min found at subject)
10/03/2026 10:52:09 -- 		 max: 1 (max found at subject)
10/03/2026 10:52:09 -- 		 shacl-max: 1
10/03/2026 10:52:09 -- http://example.com/shapes/9c635725-3282-4a4e-af1f-1a64a119c2eb ~ https://data.vlaanderen.be/id/concept/BesluitType/48c3290d-d9e3-4a38-b14e-e7c417e3a13a
10/03/2026 10:52:09 -- 	N5d68be297c314870a277dcdf510a432b | http://lblod.data.gift/vocabularies/besluit/extractedDecisionContent > [no object/datatype]
10/03/2026 10:52:09 -- 		 min: 0 (min found at subject)
10/03/2026 10:52:09 -- 		 max: 13 (max found at subject)
10/03/2026 10:52:09 -- 	N6ccb17a92982447bb97adcdbca579a9c | http://www.w3.org/ns/prov#wasDerivedFrom > http://xmlns.com/foaf/0.1/Document
10/03/2026 10:52:09 -- 		 min: 0 (min found at subject)
10/03/2026 10:52:09 -- 		 max: 1 (max found at subject)
10/03/2026 10:52:09 -- 		 shacl-max: 1
10/03/2026 10:52:09 -- 	N8dde3a6d97b24f8bac794a01cb11ad12 | http://www.w3.org/ns/prov#wasDerivedFrom > https://data.vlaanderen.be/id/concept/BesluitDocumentType/9d5bfaca-bbf2-49dd-a830-769f91a6377b
10/03/2026 10:52:09 -- 		 min: 0 (min found at subject)
10/03/2026 10:52:09 -- 		 max: 1 (max found at subject)
10/03/2026 10:52:09 -- 		 shacl-max: 1
10/03/2026 10:52:09 -- 	Nb76dce16a5d542ae923f4059f0f62c33 | http://www.w3.org/ns/prov#value > [no object/datatype]
10/03/2026 10:52:09 -- 		 min: 0 (min found at subject)
10/03/2026 10:52:09 -- 		 max: 2 (max found at subject)
10/03/2026 10:52:09 -- 	Nc437c3a0ba994208b9f1e24f4e7add59 | http://data.europa.eu/eli/ontology#passed_by > http://data.vlaanderen.be/ns/besluit#Bestuursorgaan
10/03/2026 10:52:09 -- 		 min: 0 (min found at subject)
10/03/2026 10:52:09 -- 		 max: 1 (max found at subject)
10/03/2026 10:52:09 -- 		 shacl-max: 1
10/03/2026 10:52:09 -- 	N8a81617865bd4fd2b9acd2aaa7fe58cf | http://data.europa.eu/eli/ontology#description > [no object/datatype]
10/03/2026 10:52:09 -- 		 min: 0 (min found at subject)
10/03/2026 10:52:09 -- 		 max: 2 (max found at subject)
10/03/2026 10:52:09 -- 	N8b179003f13c42fe831978485af805a5 | http://data.europa.eu/eli/ontology#title > [no object/datatype]
10/03/2026 10:52:09 -- 		 min: 1 (min found at subject)
10/03/2026 10:52:09 -- 		 max: 2 (max found at subject)
10/03/2026 10:52:09 -- 		 shacl-min: 1
10/03/2026 10:52:09 -- 	N8a12cb6c8eb147e9a6da226658739c65 | http://mu.semte.ch/vocabularies/core/uuid > [no object/datatype]
10/03/2026 10:52:09 -- 		 min: 1 (min found at subject)
10/03/2026 10:52:09 -- 		 max: 1 (max found at subject)
10/03/2026 10:52:09 -- 		 shacl-min: 1
10/03/2026 10:52:09 -- 		 shacl-max: 1
10/03/2026 10:52:09 -- 	Ndb82781c352a4ae29453bda109d63f0a | http://data.europa.eu/eli/ontology#language > http://www.w3.org/2004/02/skos/core#Concept
10/03/2026 10:52:09 -- 		 min: 1 (min found at subject)
10/03/2026 10:52:09 -- 		 max: 1 (max found at subject)
10/03/2026 10:52:09 -- 		 shacl-min: 1
10/03/2026 10:52:09 -- 		 shacl-max: 1
10/03/2026 10:52:09 -- 	Nb608049e36234daa868eb32802982196 | http://data.europa.eu/eli/ontology#related_to > http://xmlns.com/foaf/0.1/Document
10/03/2026 10:52:09 -- 		 min: 0 (min found at subject)
10/03/2026 10:52:09 -- 		 max: 1 (max found at subject)
10/03/2026 10:52:09 -- 		 shacl-max: 1
10/03/2026 10:52:09 -- 	N0d4df7044b0e44e392c8bb14c26ed5da | http://data.vlaanderen.be/ns/besluit#motivering > [no object/datatype]
10/03/2026 10:52:09 -- 		 min: 0 (min found at subject)
10/03/2026 10:52:09 -- 		 max: 2 (max found at subject)
10/03/2026 10:52:09 -- 	Nec7feeb1b1b549b8971b612ff6afca95 | http://www.w3.org/ns/prov#wasGeneratedBy > http://data.vlaanderen.be/ns/besluit#BehandelingVanAgendapunt
10/03/2026 10:52:09 -- 		 min: 0 (min found at subject)
10/03/2026 10:52:09 -- 		 max: 1 (max found at subject)
10/03/2026 10:52:09 -- 		 shacl-max: 1
10/03/2026 10:52:09 -- 	N1a3d5c7473ba4a288e9b55818ccd37f0 | http://data.europa.eu/eli/ontology#has_part > http://data.vlaanderen.be/ns/besluit#Artikel
10/03/2026 10:52:09 -- 		 min: 0 (min found at subject)
10/03/2026 10:52:09 -- 		 max: 2 (max found at subject)
10/03/2026 10:52:09 -- http://example.com/shapes/314eb072-6bd7-475c-9ec0-11e86e65bd6a ~ https://data.vlaanderen.be/id/concept/BesluitType/4c22ef0a-f808-41dd-9c9f-2aff17fd851f
10/03/2026 10:52:09 -- 	Nd92147f7fae64a639fcd9967fa8b7402 | http://data.europa.eu/eli/ontology#has_part > http://data.vlaanderen.be/ns/besluit#Artikel
10/03/2026 10:52:09 -- 		 min: 0 (min found at subject)
10/03/2026 10:52:10 -- 		 max: 20 (max found at subject)
10/03/2026 10:52:10 -- 	N51bce7285431436c8ebfc6aec6043373 | http://data.europa.eu/eli/ontology#passed_by > http://data.vlaanderen.be/ns/besluit#Bestuursorgaan
10/03/2026 10:52:10 -- 		 min: 0 (min found at subject)
10/03/2026 10:52:10 -- 		 max: 1 (max found at subject)
10/03/2026 10:52:10 -- 		 shacl-max: 1
10/03/2026 10:52:10 -- 	Nf5d0026bccb74073b76f517bda47f87b | http://mu.semte.ch/vocabularies/ext/hiddenBesluitType > [no object/datatype]
10/03/2026 10:52:10 -- 		 min: 0 (min found at subject)
10/03/2026 10:52:10 -- 		 max: 1 (max found at subject)
10/03/2026 10:52:10 -- 		 shacl-max: 1
10/03/2026 10:52:10 -- 	N7915b5aff2b9455d8df1fff7c5a19d03 | http://data.vlaanderen.be/ns/besluit#motivering > [no object/datatype]
10/03/2026 10:52:10 -- 		 min: 1 (min found at subject)
10/03/2026 10:52:10 -- 		 max: 3 (max found at subject)
10/03/2026 10:52:10 -- 		 shacl-min: 1
10/03/2026 10:52:10 -- 	N6f997734c875446c8b111eb8c65421c4 | http://lblod.data.gift/vocabularies/besluit/extractedDecisionContent > [no object/datatype]
10/03/2026 10:52:10 -- 		 min: 1 (min found at subject)
10/03/2026 10:52:10 -- 		 max: 42 (max found at subject)
10/03/2026 10:52:10 -- 		 shacl-min: 1
10/03/2026 10:52:10 -- 	N4bfd715de2c349e5a0fc8afe1f957222 | http://www.w3.org/ns/prov#wasDerivedFrom > http://xmlns.com/foaf/0.1/Document
10/03/2026 10:52:10 -- 		 min: 0 (min found at subject)
10/03/2026 10:52:10 -- 		 max: 1 (max found at subject)
10/03/2026 10:52:10 -- 		 shacl-max: 1
10/03/2026 10:52:10 -- 	N681d1d0032f444a882136a7c0c0af8b7 | http://www.w3.org/ns/prov#wasDerivedFrom > https://data.vlaanderen.be/id/concept/BesluitDocumentType/9d5bfaca-bbf2-49dd-a830-769f91a6377b
10/03/2026 10:52:10 -- 		 min: 0 (min found at subject)
10/03/2026 10:52:10 -- 		 max: 1 (max found at subject)
10/03/2026 10:52:10 -- 		 shacl-max: 1
10/03/2026 10:52:10 -- 	N462c9f77513a41709fc77722b8cea51a | http://data.vlaanderen.be/ns/besluit#noopener > [no object/datatype]
10/03/2026 10:52:10 -- 		 min: 0 (min found at subject)
10/03/2026 10:52:10 -- 		 max: 1 (max found at subject)
10/03/2026 10:52:10 -- 		 shacl-max: 1
10/03/2026 10:52:10 -- 	N4833164342724e588ca95d784f307de1 | http://www.w3.org/ns/prov#wasGeneratedBy > http://data.vlaanderen.be/ns/besluit#BehandelingVanAgendapunt
10/03/2026 10:52:10 -- 		 min: 0 (min found at subject)
10/03/2026 10:52:10 -- 		 max: 1 (max found at subject)
10/03/2026 10:52:10 -- 		 shacl-max: 1
10/03/2026 10:52:10 -- 	Nbbd62550b57f4fe1b38528341e9f4942 | http://www.w3.org/ns/prov#value > [no object/datatype]
10/03/2026 10:52:10 -- 		 min: 1 (min found at subject)
10/03/2026 10:52:10 -- 		 max: 3 (max found at subject)
10/03/2026 10:52:10 -- 		 shacl-min: 1
10/03/2026 10:52:10 -- 	Ncad846c0dfd844a1ac6f089666132a43 | http://data.europa.eu/eli/ontology#date_publication > [no object/datatype]
10/03/2026 10:52:10 -- 		 min: 0 (min found at subject)
10/03/2026 10:52:10 -- 		 max: 2 (max found at subject)
10/03/2026 10:52:10 -- 	N8b308fc51e4e4fc3ab09ec703bee83b4 | http://data.europa.eu/eli/ontology#language > http://www.w3.org/2004/02/skos/core#Concept
10/03/2026 10:52:10 -- 		 min: 1 (min found at subject)
10/03/2026 10:52:10 -- 		 max: 1 (max found at subject)
10/03/2026 10:52:10 -- 		 shacl-min: 1
10/03/2026 10:52:10 -- 		 shacl-max: 1
10/03/2026 10:52:10 -- 	N247b1c81a33549da890651a9dd70035f | http://data.vlaanderen.be/ns/besluit#noreferrer > [no object/datatype]
10/03/2026 10:52:10 -- 		 min: 0 (min found at subject)
10/03/2026 10:52:10 -- 		 max: 1 (max found at subject)
10/03/2026 10:52:10 -- 		 shacl-max: 1
10/03/2026 10:52:10 -- 	N59e07f34c7e24cc7bd248cd4d83b7365 | http://data.europa.eu/eli/ontology#title > [no object/datatype]
10/03/2026 10:52:10 -- 		 min: 1 (min found at subject)
10/03/2026 10:52:10 -- 		 max: 2 (max found at subject)
10/03/2026 10:52:10 -- 		 shacl-min: 1
10/03/2026 10:52:10 -- 	N9cb1dc5fcb584bcbb10554ab678b488d | http://data.europa.eu/eli/ontology#cites > http://data.europa.eu/eli/ontology#LegalExpression
10/03/2026 10:52:10 -- 		 min: 0 (min found at subject)
10/03/2026 10:52:10 -- 		 max: 6 (max found at subject)
10/03/2026 10:52:10 -- 	N6d5c13706bf04ec4b328650d078a5456 | http://mu.semte.ch/vocabularies/core/uuid > [no object/datatype]
10/03/2026 10:52:10 -- 		 min: 1 (min found at subject)
10/03/2026 10:52:10 -- 		 max: 1 (max found at subject)
10/03/2026 10:52:10 -- 		 shacl-min: 1
10/03/2026 10:52:10 -- 		 shacl-max: 1
10/03/2026 10:52:10 -- 	N2d449d73faa4407b97e1b84a801c976d | http://data.europa.eu/eli/ontology#description > [no object/datatype]
10/03/2026 10:52:10 -- 		 min: 0 (min found at subject)
10/03/2026 10:52:10 -- 		 max: 2 (max found at subject)
10/03/2026 10:52:10 -- http://example.com/shapes/2d7df290-3e03-45ae-910c-eb99180f9fef ~ https://data.vlaanderen.be/id/concept/BesluitType/4d8f678a-6fa4-4d5f-a2a1-80974e43bf34
10/03/2026 10:52:10 -- 	N04701a064539466cbeacfe0d95e3eb98 | http://purl.org/dc/terms/subject > [no object/datatype]
10/03/2026 10:52:10 -- 		 min: 0 (min found at subject)
10/03/2026 10:52:10 -- 		 max: 1 (max found at subject)
10/03/2026 10:52:10 -- 		 shacl-max: 1
10/03/2026 10:52:10 -- 	Nf53e5eda0f6441dcb6cfeaa91599c035 | http://example.com/mobiliteit/wordtAangeduidDoor > [no object/datatype]
10/03/2026 10:52:10 -- 		 min: 0 (min found at subject)
10/03/2026 10:52:10 -- 		 max: 49 (max found at subject)
10/03/2026 10:52:10 -- 	N85a3bb21e4514f13b23b948c7ae5b01c | http://www.w3.org/ns/prov#wasGeneratedBy > http://data.vlaanderen.be/ns/besluit#BehandelingVanAgendapunt
10/03/2026 10:52:10 -- 		 min: 0 (min found at subject)
10/03/2026 10:52:10 -- 		 max: 1 (max found at subject)
10/03/2026 10:52:10 -- 		 shacl-max: 1
10/03/2026 10:52:10 -- 	Naab7968c533a432db853263672f12204 | http://data.europa.eu/eli/ontology#date_publication > [no object/datatype]
10/03/2026 10:52:10 -- 		 min: 0 (min found at subject)
10/03/2026 10:52:10 -- 		 max: 2 (max found at subject)
10/03/2026 10:52:10 -- 	N21dbc7539a004ddca5e1ecddfbc1fb46 | http://lblod.data.gift/vocabularies/besluit/extractedDecisionContent > [no object/datatype]
10/03/2026 10:52:10 -- 		 min: 0 (min found at subject)
10/03/2026 10:52:10 -- 		 max: 43 (max found at subject)
10/03/2026 10:52:10 -- 	N58f39ee39d484d50be2dab6ea515acfc | http://data.europa.eu/eli/ontology#passed_by > http://data.vlaanderen.be/ns/besluit#Bestuursorgaan
10/03/2026 10:52:10 -- 		 min: 0 (min found at subject)
10/03/2026 10:52:10 -- 		 max: 1 (max found at subject)
10/03/2026 10:52:10 -- 		 shacl-max: 1
10/03/2026 10:52:10 -- 	N1bcf132dd0b04a249f8a1cc16a504645 | http://mu.semte.ch/vocabularies/core/uuid > [no object/datatype]
10/03/2026 10:52:10 -- 		 min: 1 (min found at subject)
10/03/2026 10:52:10 -- 		 max: 1 (max found at subject)
10/03/2026 10:52:10 -- 		 shacl-min: 1
10/03/2026 10:52:10 -- 		 shacl-max: 1
10/03/2026 10:52:10 -- 	N4c8c942a7f694bdbaf5af1afcb59136e | http://www.w3.org/2004/02/skos/core#prefLabel > [no object/datatype]
10/03/2026 10:52:10 -- 		 min: 0 (min found at subject)
10/03/2026 10:52:10 -- 		 max: 1 (max found at subject)
10/03/2026 10:52:10 -- 		 shacl-max: 1
10/03/2026 10:52:10 -- 	N670da5d3c3c44e7c8ce0626cdb7e7b71 | https://data.vlaanderen.be/ns/mobiliteit#plaatsbepaling > [no object/datatype]
10/03/2026 10:52:10 -- 		 min: 0 (min found at subject)
10/03/2026 10:52:10 -- 		 max: 4 (max found at subject)
10/03/2026 10:52:10 -- 	N400b66be2cbd459992c6ffb56ec3e3e8 | http://data.europa.eu/eli/ontology#description > [no object/datatype]
10/03/2026 10:52:10 -- 		 min: 0 (min found at subject)
10/03/2026 10:52:10 -- 		 max: 3 (max found at subject)
10/03/2026 10:52:10 -- 	N5baa3e180d724a25821e5b79dec5ece9 | http://data.europa.eu/eli/ontology#language > http://www.w3.org/2004/02/skos/core#Concept
10/03/2026 10:52:10 -- 		 min: 1 (min found at subject)
10/03/2026 10:52:10 -- 		 max: 1 (max found at subject)
10/03/2026 10:52:10 -- 		 shacl-min: 1
10/03/2026 10:52:10 -- 		 shacl-max: 1
10/03/2026 10:52:10 -- 	N7e8d434406d448d2b73fbd3a062df0d8 | http://data.europa.eu/eli/ontology#related_to > http://xmlns.com/foaf/0.1/Document
10/03/2026 10:52:10 -- 		 min: 0 (min found at subject)
10/03/2026 10:52:10 -- 		 max: 6 (max found at subject)
10/03/2026 10:52:10 -- 	Nd8fccf22089a41f9a9675437ce2a158a | http://data.europa.eu/eli/ontology#has_part > http://data.vlaanderen.be/ns/besluit#Artikel
10/03/2026 10:52:10 -- 		 min: 0 (min found at subject)
10/03/2026 10:52:10 -- 		 max: 15 (max found at subject)
10/03/2026 10:52:10 -- 	N9fba7c18c9234912a09745820383189b | http://www.w3.org/ns/prov#value > [no object/datatype]
10/03/2026 10:52:10 -- 		 min: 0 (min found at subject)
10/03/2026 10:52:10 -- 		 max: 4 (max found at subject)
10/03/2026 10:52:10 -- 	Nbd9d4410bdf044ca93785ad04dc3cc05 | http://data.europa.eu/eli/ontology#is_about > [no object/datatype]
10/03/2026 10:52:10 -- 		 min: 0 (min found at subject)
10/03/2026 10:52:10 -- 		 max: 1 (max found at subject)
10/03/2026 10:52:10 -- 		 shacl-max: 1
10/03/2026 10:52:10 -- 	N9469722f7d6d4ef38c1fa309b8471c72 | http://mu.semte.ch/vocabularies/ext/temporal > [no object/datatype]
10/03/2026 10:52:10 -- 		 min: 0 (min found at subject)
10/03/2026 10:52:10 -- 		 max: 2 (max found at subject)
10/03/2026 10:52:10 -- 	N464ef2c3096440228af7b8e5fcf3d2ff | http://mu.semte.ch/vocabularies/ext/hiddenBesluitType > [no object/datatype]
10/03/2026 10:52:10 -- 		 min: 0 (min found at subject)
10/03/2026 10:52:10 -- 		 max: 1 (max found at subject)
10/03/2026 10:52:10 -- 		 shacl-max: 1
10/03/2026 10:52:10 -- 	N7a1afded905b4b32bc8d72f8edea4d7f | ext:content > [no object/datatype]
10/03/2026 10:52:10 -- 		 min: 0 (min found at subject)
10/03/2026 10:52:10 -- 		 max: 4 (max found at subject)
10/03/2026 10:52:10 -- 	N59b4ff0ff4424ab2bdcf1d4915e37f72 | http://data.europa.eu/eli/ontology#cites > http://data.europa.eu/eli/ontology#LegalExpression
10/03/2026 10:52:10 -- 		 min: 0 (min found at subject)
10/03/2026 10:52:10 -- 		 max: 10 (max found at subject)
10/03/2026 10:52:10 -- 	N6d5a996ffa4d4ba3a3b23beff59d181d | http://data.europa.eu/eli/ontology#cites > http://data.vlaanderen.be/ns/besluit#Besluit
10/03/2026 10:52:10 -- 		 min: 0 (min found at subject)
10/03/2026 10:52:10 -- 		 max: 1 (max found at subject)
10/03/2026 10:52:10 -- 		 shacl-max: 1
10/03/2026 10:52:10 -- 	N3fe3717163474d79874cd7a9b0488f31 | http://data.europa.eu/eli/ontology#cites > http://mu.semte.ch/vocabularies/ext/BesluitNieuweStijl
10/03/2026 10:52:10 -- 		 min: 0 (min found at subject)
10/03/2026 10:52:10 -- 		 max: 1 (max found at subject)
10/03/2026 10:52:10 -- 		 shacl-max: 1
10/03/2026 10:52:10 -- 	Ned1b2308c3c34597a3552f6e1b817830 | http://data.europa.eu/eli/ontology#cites > https://data.vlaanderen.be/id/concept/BesluitType/67378dd0-5413-474b-8996-d992ef81637a
10/03/2026 10:52:10 -- 		 min: 0 (min found at subject)
10/03/2026 10:52:10 -- 		 max: 1 (max found at subject)
10/03/2026 10:52:10 -- 		 shacl-max: 1
10/03/2026 10:52:10 -- 	N9d9ce12d3ab546a0a32e9bf08aa1a23d | http://data.vlaanderen.be/ns/besluit#motivering > [no object/datatype]
10/03/2026 10:52:10 -- 		 min: 0 (min found at subject)
10/03/2026 10:52:10 -- 		 max: 4 (max found at subject)
10/03/2026 10:52:10 -- 	Ne96f0da780a7414b9afdd01ee4a3dd3a | http://data.europa.eu/eli/ontology#number > [no object/datatype]
10/03/2026 10:52:10 -- 		 min: 0 (min found at subject)
10/03/2026 10:52:10 -- 		 max: 54 (max found at subject)
10/03/2026 10:52:10 -- 	N6d310892439b475686201151cae57711 | http://data.europa.eu/eli/ontology#number > [no object/datatype]
10/03/2026 10:52:10 -- 		 min: 0 (min found at subject)
10/03/2026 10:52:10 -- 		 max: 54 (max found at subject)
10/03/2026 10:52:10 -- 	Nd90e33f1e00b4c5f964f5862137d9b61 | http://mu.semte.ch/vocabularies/ext/zonality > [no object/datatype]
10/03/2026 10:52:10 -- 		 min: 0 (min found at subject)
10/03/2026 10:52:10 -- 		 max: 2 (max found at subject)
10/03/2026 10:52:10 -- 	N339d464ffc144d2a88f0c324834f569d | http://data.europa.eu/eli/ontology#title > [no object/datatype]
10/03/2026 10:52:10 -- 		 min: 1 (min found at subject)
10/03/2026 10:52:10 -- 		 max: 4 (max found at subject)
10/03/2026 10:52:10 -- 		 shacl-min: 1
10/03/2026 10:52:10 -- 	N82d45f28d1104834bcd7278014f2d6ef | http://www.w3.org/ns/prov#wasDerivedFrom > http://xmlns.com/foaf/0.1/Document
10/03/2026 10:52:10 -- 		 min: 0 (min found at subject)
10/03/2026 10:52:10 -- 		 max: 4 (max found at subject)
10/03/2026 10:52:10 -- 	N05e91283f97b451f97106955bd973226 | http://www.w3.org/ns/prov#wasDerivedFrom > https://data.vlaanderen.be/id/concept/BesluitDocumentType/9d5bfaca-bbf2-49dd-a830-769f91a6377b
10/03/2026 10:52:10 -- 		 min: 0 (min found at subject)
10/03/2026 10:52:10 -- 		 max: 4 (max found at subject)
10/03/2026 10:52:10 -- http://example.com/shapes/462d8c99-f522-4090-834a-a641ea4e51bc ~ https://data.vlaanderen.be/id/concept/BesluitType/4efa4632-efc6-40d5-815a-dec785fbceac
10/03/2026 10:52:10 -- 	N10720860a51a4ef3b0e8e9a0882430d9 | http://data.europa.eu/eli/ontology#title > [no object/datatype]
10/03/2026 10:52:10 -- 		 min: 1 (min found at subject)
10/03/2026 10:52:10 -- 		 max: 1 (max found at subject)
10/03/2026 10:52:10 -- 		 shacl-min: 1
10/03/2026 10:52:10 -- 		 shacl-max: 1
10/03/2026 10:52:10 -- 	Nb5b26bddaded4da6aa8e1c419048616e | http://data.vlaanderen.be/ns/besluit#motivering > [no object/datatype]
10/03/2026 10:52:10 -- 		 min: 0 (min found at subject)
10/03/2026 10:52:10 -- 		 max: 2 (max found at subject)
10/03/2026 10:52:10 -- 	N35ecfbdf87354e3aa2e783c0d4b9af76 | http://data.europa.eu/eli/ontology#passed_by > http://data.vlaanderen.be/ns/besluit#Bestuursorgaan
10/03/2026 10:52:10 -- 		 min: 0 (min found at subject)
10/03/2026 10:52:10 -- 		 max: 1 (max found at subject)
10/03/2026 10:52:10 -- 		 shacl-max: 1
10/03/2026 10:52:10 -- 	Nf0ba044d293143f78ee1ea08f24be92a | http://mu.semte.ch/vocabularies/core/uuid > [no object/datatype]
10/03/2026 10:52:10 -- 		 min: 1 (min found at subject)
10/03/2026 10:52:10 -- 		 max: 1 (max found at subject)
10/03/2026 10:52:10 -- 		 shacl-min: 1
10/03/2026 10:52:10 -- 		 shacl-max: 1
10/03/2026 10:52:10 -- 	N26abef80b04f4033a452ccd1a828cd65 | http://www.w3.org/ns/prov#wasGeneratedBy > http://data.vlaanderen.be/ns/besluit#BehandelingVanAgendapunt
10/03/2026 10:52:10 -- 		 min: 0 (min found at subject)
10/03/2026 10:52:10 -- 		 max: 1 (max found at subject)
10/03/2026 10:52:10 -- 		 shacl-max: 1
10/03/2026 10:52:10 -- 	N4d83c7939172428daea9f9b97d228302 | http://www.w3.org/ns/prov#value > [no object/datatype]
10/03/2026 10:52:10 -- 		 min: 0 (min found at subject)
10/03/2026 10:52:10 -- 		 max: 2 (max found at subject)
10/03/2026 10:52:10 -- 	N524ed96d26ee42bfb55e593932f14033 | http://lblod.data.gift/vocabularies/besluit/extractedDecisionContent > [no object/datatype]
10/03/2026 10:52:10 -- 		 min: 0 (min found at subject)
10/03/2026 10:52:10 -- 		 max: 32 (max found at subject)
10/03/2026 10:52:10 -- 	Nb6749fb390cc4782965f9bed9deba334 | http://www.w3.org/ns/prov#wasDerivedFrom > [no object/datatype]
10/03/2026 10:52:10 -- 		 min: 1 (min found at subject)
10/03/2026 10:52:10 -- 		 max: 3 (max found at subject)
10/03/2026 10:52:10 -- 		 shacl-min: 1
10/03/2026 10:52:10 -- 	N45aa58944d624b30921b0fbb1342fb14 | http://data.europa.eu/eli/ontology#description > [no object/datatype]
10/03/2026 10:52:10 -- 		 min: 0 (min found at subject)
10/03/2026 10:52:10 -- 		 max: 1 (max found at subject)
10/03/2026 10:52:10 -- 		 shacl-max: 1
10/03/2026 10:52:10 -- 	Ne335b55100654bc49e89e3c4a5ba2e35 | http://data.europa.eu/eli/ontology#language > http://www.w3.org/2004/02/skos/core#Concept
10/03/2026 10:52:10 -- 		 min: 1 (min found at subject)
10/03/2026 10:52:10 -- 		 max: 1 (max found at subject)
10/03/2026 10:52:10 -- 		 shacl-min: 1
10/03/2026 10:52:10 -- 		 shacl-max: 1
10/03/2026 10:52:10 -- http://example.com/shapes/be561288-0abf-45ba-9d6c-f25b50e38734 ~ https://data.vlaanderen.be/id/concept/BesluitType/51982214-0d8b-4cd9-87cf-c46570cd1ed3
10/03/2026 10:52:10 -- 	N8447cd5f7cad4bd5b0d9e92c433b851e | http://data.europa.eu/eli/ontology#passed_by > http://data.vlaanderen.be/ns/besluit#Bestuursorgaan
10/03/2026 10:52:10 -- 		 min: 1 (min found at subject)
10/03/2026 10:52:10 -- 		 max: 1 (max found at subject)
10/03/2026 10:52:10 -- 		 shacl-min: 1
10/03/2026 10:52:10 -- 		 shacl-max: 1
10/03/2026 10:52:10 -- 	N163abb35804a4dce801cf1351b242a9c | http://data.europa.eu/eli/ontology#title > [no object/datatype]
10/03/2026 10:52:10 -- 		 min: 1 (min found at subject)
10/03/2026 10:52:10 -- 		 max: 1 (max found at subject)
10/03/2026 10:52:10 -- 		 shacl-min: 1
10/03/2026 10:52:10 -- 		 shacl-max: 1
10/03/2026 10:52:10 -- 	N75dc721417eb4e9dbaa98dc7bbbf3a9a | http://data.europa.eu/eli/ontology#description > [no object/datatype]
10/03/2026 10:52:10 -- 		 min: 1 (min found at subject)
10/03/2026 10:52:10 -- 		 max: 1 (max found at subject)
10/03/2026 10:52:10 -- 		 shacl-min: 1
10/03/2026 10:52:10 -- 		 shacl-max: 1
10/03/2026 10:52:10 -- 	N7c6dd6495a6e4f0eaa0f7a37dfab8776 | http://lblod.data.gift/vocabularies/besluit/extractedDecisionContent > [no object/datatype]
10/03/2026 10:52:10 -- 		 min: 13 (min found at subject)
10/03/2026 10:52:10 -- 		 max: 39 (max found at subject)
10/03/2026 10:52:10 -- 		 shacl-min: 1
10/03/2026 10:52:10 -- 	N51d1e061adde48a0a8e09442322314fd | http://www.w3.org/ns/prov#wasGeneratedBy > http://data.vlaanderen.be/ns/besluit#BehandelingVanAgendapunt
10/03/2026 10:52:10 -- 		 min: 1 (min found at subject)
10/03/2026 10:52:10 -- 		 max: 1 (max found at subject)
10/03/2026 10:52:10 -- 		 shacl-min: 1
10/03/2026 10:52:10 -- 		 shacl-max: 1
10/03/2026 10:52:10 -- 	N33146b4ff34b419d86efa8a39b0ba5e4 | http://data.vlaanderen.be/ns/besluit#motivering > [no object/datatype]
10/03/2026 10:52:10 -- 		 min: 1 (min found at subject)
10/03/2026 10:52:10 -- 		 max: 2 (max found at subject)
10/03/2026 10:52:10 -- 		 shacl-min: 1
10/03/2026 10:52:10 -- 	N360c755123e145d387478bc36b975abc | http://mu.semte.ch/vocabularies/core/uuid > [no object/datatype]
10/03/2026 10:52:10 -- 		 min: 1 (min found at subject)
10/03/2026 10:52:10 -- 		 max: 1 (max found at subject)
10/03/2026 10:52:10 -- 		 shacl-min: 1
10/03/2026 10:52:10 -- 		 shacl-max: 1
10/03/2026 10:52:10 -- 	N211777b083294a3b8cee5814c4c08426 | http://data.europa.eu/eli/ontology#language > http://www.w3.org/2004/02/skos/core#Concept
10/03/2026 10:52:10 -- 		 min: 1 (min found at subject)
10/03/2026 10:52:10 -- 		 max: 1 (max found at subject)
10/03/2026 10:52:10 -- 		 shacl-min: 1
10/03/2026 10:52:10 -- 		 shacl-max: 1
10/03/2026 10:52:10 -- 	Nd858400b01b04a0aa281acc75610e431 | http://www.w3.org/ns/prov#wasDerivedFrom > [no object/datatype]
10/03/2026 10:52:10 -- 		 min: 2 (min found at subject)
10/03/2026 10:52:10 -- 		 max: 3 (max found at subject)
10/03/2026 10:52:10 -- 		 shacl-min: 1
10/03/2026 10:52:10 -- 	Nddcd1448ad3944bbab27e0b193df1054 | http://www.w3.org/ns/prov#value > [no object/datatype]
10/03/2026 10:52:10 -- 		 min: 1 (min found at subject)
10/03/2026 10:52:10 -- 		 max: 2 (max found at subject)
10/03/2026 10:52:10 -- 		 shacl-min: 1
10/03/2026 10:52:10 -- http://example.com/shapes/02f8cf02-bc7d-4069-a7ba-be55397d4077 ~ https://data.vlaanderen.be/id/concept/BesluitType/5226e23d-617d-48b9-9c00-3d679ae88fec
10/03/2026 10:52:10 -- 	Nbc745ca9f199483aa32dbb8ed6cfee1a | http://data.vlaanderen.be/ns/besluit#motivering > [no object/datatype]
10/03/2026 10:52:10 -- 		 min: 1 (min found at subject)
10/03/2026 10:52:10 -- 		 max: 2 (max found at subject)
10/03/2026 10:52:10 -- 		 shacl-min: 1
10/03/2026 10:52:10 -- 	N803668a23af243468c2a1e405144e59b | http://data.europa.eu/eli/ontology#language > http://www.w3.org/2004/02/skos/core#Concept
10/03/2026 10:52:10 -- 		 min: 1 (min found at subject)
10/03/2026 10:52:10 -- 		 max: 1 (max found at subject)
10/03/2026 10:52:10 -- 		 shacl-min: 1
10/03/2026 10:52:10 -- 		 shacl-max: 1
10/03/2026 10:52:10 -- 	N65fe2158f02a407192c0f35b4cad7b9d | http://mu.semte.ch/vocabularies/core/uuid > [no object/datatype]
10/03/2026 10:52:10 -- 		 min: 1 (min found at subject)
10/03/2026 10:52:10 -- 		 max: 1 (max found at subject)
10/03/2026 10:52:10 -- 		 shacl-min: 1
10/03/2026 10:52:10 -- 		 shacl-max: 1
10/03/2026 10:52:10 -- 	N893ec3648943495c85c3101f279301f4 | http://www.w3.org/ns/prov#wasGeneratedBy > http://data.vlaanderen.be/ns/besluit#BehandelingVanAgendapunt
10/03/2026 10:52:10 -- 		 min: 1 (min found at subject)
10/03/2026 10:52:10 -- 		 max: 1 (max found at subject)
10/03/2026 10:52:10 -- 		 shacl-min: 1
10/03/2026 10:52:10 -- 		 shacl-max: 1
10/03/2026 10:52:10 -- 	N07bc064056df4d838815d10cf04ac240 | http://lblod.data.gift/vocabularies/besluit/extractedDecisionContent > [no object/datatype]
10/03/2026 10:52:10 -- 		 min: 13 (min found at subject)
10/03/2026 10:52:10 -- 		 max: 35 (max found at subject)
10/03/2026 10:52:10 -- 		 shacl-min: 1
10/03/2026 10:52:10 -- 	N6daacc23f852413cb89cada60e8c2b76 | http://data.europa.eu/eli/ontology#description > [no object/datatype]
10/03/2026 10:52:10 -- 		 min: 1 (min found at subject)
10/03/2026 10:52:10 -- 		 max: 1 (max found at subject)
10/03/2026 10:52:10 -- 		 shacl-min: 1
10/03/2026 10:52:10 -- 		 shacl-max: 1
10/03/2026 10:52:10 -- 	Nabdda57e81ce4e9aa8992e8169524617 | http://data.europa.eu/eli/ontology#passed_by > http://data.vlaanderen.be/ns/besluit#Bestuursorgaan
10/03/2026 10:52:10 -- 		 min: 0 (min found at subject)
10/03/2026 10:52:10 -- 		 max: 1 (max found at subject)
10/03/2026 10:52:10 -- 		 shacl-max: 1
10/03/2026 10:52:10 -- 	Nd8a810e4ec44415a9f9bf5134d36db4a | http://data.europa.eu/eli/ontology#title > [no object/datatype]
10/03/2026 10:52:10 -- 		 min: 1 (min found at subject)
10/03/2026 10:52:10 -- 		 max: 2 (max found at subject)
10/03/2026 10:52:10 -- 		 shacl-min: 1
10/03/2026 10:52:10 -- 	N90e8bc864f8c48f7aacd20583f594aa3 | http://www.w3.org/ns/prov#wasDerivedFrom > [no object/datatype]
10/03/2026 10:52:10 -- 		 min: 2 (min found at subject)
10/03/2026 10:52:10 -- 		 max: 3 (max found at subject)
10/03/2026 10:52:10 -- 		 shacl-min: 1
10/03/2026 10:52:10 -- 	Neee519d1db0d40bc8b2abb68780df662 | http://www.w3.org/ns/prov#value > [no object/datatype]
10/03/2026 10:52:10 -- 		 min: 1 (min found at subject)
10/03/2026 10:52:10 -- 		 max: 2 (max found at subject)
10/03/2026 10:52:10 -- 		 shacl-min: 1
10/03/2026 10:52:10 -- http://example.com/shapes/cbbab112-7057-40fa-8df7-eb7283ea348d ~ https://data.vlaanderen.be/id/concept/BesluitType/5ee63f84-2fa0-4758-8820-99dca2bdce7c
10/03/2026 10:52:10 -- 	N016df32b0f3b4f128ec5fc89085fcda5 | http://data.europa.eu/eli/ontology#date_publication > [no object/datatype]
10/03/2026 10:52:10 -- 		 min: 0 (min found at subject)
10/03/2026 10:52:10 -- 		 max: 1 (max found at subject)
10/03/2026 10:52:10 -- 		 shacl-max: 1
10/03/2026 10:52:10 -- 	N07b17cd97f764d38a0e496e7a731b209 | http://www.w3.org/ns/prov#wasDerivedFrom > http://xmlns.com/foaf/0.1/Document
10/03/2026 10:52:10 -- 		 min: 0 (min found at subject)
10/03/2026 10:52:10 -- 		 max: 1 (max found at subject)
10/03/2026 10:52:10 -- 		 shacl-max: 1
10/03/2026 10:52:10 -- 	N486c8e0912164798bc5a500f62e98fda | http://www.w3.org/ns/prov#wasDerivedFrom > https://data.vlaanderen.be/id/concept/BesluitDocumentType/9d5bfaca-bbf2-49dd-a830-769f91a6377b
10/03/2026 10:52:10 -- 		 min: 0 (min found at subject)
10/03/2026 10:52:10 -- 		 max: 1 (max found at subject)
10/03/2026 10:52:10 -- 		 shacl-max: 1
10/03/2026 10:52:10 -- 	N6102bdee4424443c8915f77aa1c4cc18 | http://lblod.data.gift/vocabularies/besluit/extractedDecisionContent > [no object/datatype]
10/03/2026 10:52:10 -- 		 min: 1 (min found at subject)
10/03/2026 10:52:10 -- 		 max: 40 (max found at subject)
10/03/2026 10:52:10 -- 		 shacl-min: 1
10/03/2026 10:52:10 -- 	Ncce0e9cd693c407a9c71fdbcc703605f | http://data.europa.eu/eli/ontology#passed_by > http://data.vlaanderen.be/ns/besluit#Bestuursorgaan
10/03/2026 10:52:10 -- 		 min: 0 (min found at subject)
10/03/2026 10:52:10 -- 		 max: 1 (max found at subject)
10/03/2026 10:52:10 -- 		 shacl-max: 1
10/03/2026 10:52:10 -- 	Ne793c76982104a77859c3f168a03e788 | http://data.europa.eu/eli/ontology#language > http://www.w3.org/2004/02/skos/core#Concept
10/03/2026 10:52:10 -- 		 min: 1 (min found at subject)
10/03/2026 10:52:10 -- 		 max: 1 (max found at subject)
10/03/2026 10:52:10 -- 		 shacl-min: 1
10/03/2026 10:52:10 -- 		 shacl-max: 1
10/03/2026 10:52:10 -- 	Nea405717b6e942a1a04a9cdad3a31de6 | http://www.w3.org/ns/prov#value > [no object/datatype]
10/03/2026 10:52:10 -- 		 min: 1 (min found at subject)
10/03/2026 10:52:10 -- 		 max: 3 (max found at subject)
10/03/2026 10:52:10 -- 		 shacl-min: 1
10/03/2026 10:52:10 -- 	N52ff2d7ccfa64ed293b749aad0ff65d6 | http://www.w3.org/ns/prov#wasGeneratedBy > http://data.vlaanderen.be/ns/besluit#BehandelingVanAgendapunt
10/03/2026 10:52:10 -- 		 min: 0 (min found at subject)
10/03/2026 10:52:10 -- 		 max: 1 (max found at subject)
10/03/2026 10:52:10 -- 		 shacl-max: 1
10/03/2026 10:52:10 -- 	N4e4c7f52b0344beaa7091124fb41dcc6 | http://data.europa.eu/eli/ontology#cites > http://data.europa.eu/eli/ontology#LegalExpression
10/03/2026 10:52:10 -- 		 min: 0 (min found at subject)
10/03/2026 10:52:10 -- 		 max: 3 (max found at subject)
10/03/2026 10:52:10 -- 	N9aea4c20e9a541e39a9d3ca45febfbb9 | http://data.europa.eu/eli/ontology#has_part > http://data.vlaanderen.be/ns/besluit#Artikel
10/03/2026 10:52:10 -- 		 min: 0 (min found at subject)
10/03/2026 10:52:10 -- 		 max: 3 (max found at subject)
10/03/2026 10:52:10 -- 	Ncb7c6af544d242f985adc1403ed2de62 | http://data.vlaanderen.be/ns/besluit#motivering > [no object/datatype]
10/03/2026 10:52:10 -- 		 min: 1 (min found at subject)
10/03/2026 10:52:10 -- 		 max: 2 (max found at subject)
10/03/2026 10:52:10 -- 		 shacl-min: 1
10/03/2026 10:52:10 -- 	N1bce74e740144387bf6f33ecac200563 | http://mu.semte.ch/vocabularies/core/uuid > [no object/datatype]
10/03/2026 10:52:10 -- 		 min: 1 (min found at subject)
10/03/2026 10:52:10 -- 		 max: 1 (max found at subject)
10/03/2026 10:52:10 -- 		 shacl-min: 1
10/03/2026 10:52:10 -- 		 shacl-max: 1
10/03/2026 10:52:10 -- 	Nc00dad8fd8e74af99c7b02d1967ed024 | http://lblod.data.gift/vocabularies/editor/isLumpNode > [no object/datatype]
10/03/2026 10:52:10 -- 		 min: 0 (min found at subject)
10/03/2026 10:52:10 -- 		 max: 1 (max found at subject)
10/03/2026 10:52:10 -- 		 shacl-max: 1
10/03/2026 10:52:10 -- 	Nb0f61f4fda074f6aba4eb04d4cb59d1e | http://data.europa.eu/eli/ontology#description > [no object/datatype]
10/03/2026 10:52:10 -- 		 min: 0 (min found at subject)
10/03/2026 10:52:10 -- 		 max: 2 (max found at subject)
10/03/2026 10:52:10 -- 	N241a6716785e46a3a833a727d4bb68b8 | http://data.europa.eu/eli/ontology#title > [no object/datatype]
10/03/2026 10:52:10 -- 		 min: 1 (min found at subject)
10/03/2026 10:52:10 -- 		 max: 2 (max found at subject)
10/03/2026 10:52:10 -- 		 shacl-min: 1
10/03/2026 10:52:10 -- http://example.com/shapes/1e317e9a-cf95-4962-b12a-16fc5ec1bf16 ~ https://data.vlaanderen.be/id/concept/BesluitType/6199a44b-0d6c-407c-833a-73abb104efce
10/03/2026 10:52:10 -- 	N8b32914bb71e467899e8d9138aa5ed91 | http://data.europa.eu/eli/ontology#title > [no object/datatype]
10/03/2026 10:52:10 -- 		 min: 1 (min found at subject)
10/03/2026 10:52:10 -- 		 max: 1 (max found at subject)
10/03/2026 10:52:10 -- 		 shacl-min: 1
10/03/2026 10:52:10 -- 		 shacl-max: 1
10/03/2026 10:52:10 -- 	N258435f7420a46fcadf3e01316d81a53 | http://mu.semte.ch/vocabularies/core/uuid > [no object/datatype]
10/03/2026 10:52:10 -- 		 min: 1 (min found at subject)
10/03/2026 10:52:10 -- 		 max: 1 (max found at subject)
10/03/2026 10:52:10 -- 		 shacl-min: 1
10/03/2026 10:52:10 -- 		 shacl-max: 1
10/03/2026 10:52:10 -- 	N915f7aea3f2e4b7ea7c1dada088a6a06 | http://data.europa.eu/eli/ontology#passed_by > http://data.vlaanderen.be/ns/besluit#Bestuursorgaan
10/03/2026 10:52:10 -- 		 min: 1 (min found at subject)
10/03/2026 10:52:10 -- 		 max: 1 (max found at subject)
10/03/2026 10:52:10 -- 		 shacl-min: 1
10/03/2026 10:52:10 -- 		 shacl-max: 1
10/03/2026 10:52:10 -- 	N3cceba9c1261456c874f77d6f38316ca | http://www.w3.org/ns/prov#value > [no object/datatype]
10/03/2026 10:52:10 -- 		 min: 2 (min found at subject)
10/03/2026 10:52:10 -- 		 max: 2 (max found at subject)
10/03/2026 10:52:10 -- 		 shacl-min: 2
10/03/2026 10:52:10 -- 	Nf5390b0fe6784d29b174740433334b0b | http://lblod.data.gift/vocabularies/besluit/extractedDecisionContent > [no object/datatype]
10/03/2026 10:52:10 -- 		 min: 31 (min found at subject)
10/03/2026 10:52:10 -- 		 max: 33 (max found at subject)
10/03/2026 10:52:10 -- 		 shacl-min: 1
10/03/2026 10:52:10 -- 	N7c521eb4cb8f462996bfde3b52cfa26b | http://www.w3.org/ns/prov#wasDerivedFrom > [no object/datatype]
10/03/2026 10:52:10 -- 		 min: 3 (min found at subject)
10/03/2026 10:52:10 -- 		 max: 3 (max found at subject)
10/03/2026 10:52:10 -- 		 shacl-min: 3
10/03/2026 10:52:10 -- 	N145d8e1349e047469df4567dd12249ea | http://data.europa.eu/eli/ontology#description > [no object/datatype]
10/03/2026 10:52:10 -- 		 min: 1 (min found at subject)
10/03/2026 10:52:10 -- 		 max: 1 (max found at subject)
10/03/2026 10:52:10 -- 		 shacl-min: 1
10/03/2026 10:52:10 -- 		 shacl-max: 1
10/03/2026 10:52:10 -- 	N989074c84d314a379711cceaced3bed2 | http://www.w3.org/ns/prov#wasGeneratedBy > http://data.vlaanderen.be/ns/besluit#BehandelingVanAgendapunt
10/03/2026 10:52:10 -- 		 min: 1 (min found at subject)
10/03/2026 10:52:10 -- 		 max: 1 (max found at subject)
10/03/2026 10:52:10 -- 		 shacl-min: 1
10/03/2026 10:52:10 -- 		 shacl-max: 1
10/03/2026 10:52:10 -- 	Ne862417639a547aa9bef972b64a32b4e | http://data.europa.eu/eli/ontology#language > http://www.w3.org/2004/02/skos/core#Concept
10/03/2026 10:52:10 -- 		 min: 1 (min found at subject)
10/03/2026 10:52:10 -- 		 max: 1 (max found at subject)
10/03/2026 10:52:10 -- 		 shacl-min: 1
10/03/2026 10:52:10 -- 		 shacl-max: 1
10/03/2026 10:52:10 -- 	Nc5d63a7d9c944ff58fa65797693ac112 | http://data.vlaanderen.be/ns/besluit#motivering > [no object/datatype]
10/03/2026 10:52:10 -- 		 min: 2 (min found at subject)
10/03/2026 10:52:10 -- 		 max: 2 (max found at subject)
10/03/2026 10:52:10 -- 		 shacl-min: 2
10/03/2026 10:52:10 -- http://example.com/shapes/ef51912d-5a12-47f2-88c0-bd7de252a828 ~ https://data.vlaanderen.be/id/concept/BesluitType/67378dd0-5413-474b-8996-d992ef81637a
10/03/2026 10:52:10 -- 	N2197411a098949958a8ec234d9e2d8a8 | http://mu.semte.ch/vocabularies/core/uuid > [no object/datatype]
10/03/2026 10:52:10 -- 		 min: 1 (min found at subject)
10/03/2026 10:52:10 -- 		 max: 1 (max found at subject)
10/03/2026 10:52:10 -- 		 shacl-min: 1
10/03/2026 10:52:10 -- 		 shacl-max: 1
10/03/2026 10:52:10 -- 	N9746799293d047479b27087b13456b49 | http://www.w3.org/ns/prov#wasGeneratedBy > http://data.vlaanderen.be/ns/besluit#BehandelingVanAgendapunt
10/03/2026 10:52:10 -- 		 min: 0 (min found at subject)
10/03/2026 10:52:10 -- 		 max: 1 (max found at subject)
10/03/2026 10:52:10 -- 		 shacl-max: 1
10/03/2026 10:52:10 -- 	N5c8b4f76bb04414ca05538a184b97a3f | http://data.europa.eu/eli/ontology#passed_by > http://data.vlaanderen.be/ns/besluit#Bestuursorgaan
10/03/2026 10:52:10 -- 		 min: 0 (min found at subject)
10/03/2026 10:52:10 -- 		 max: 1 (max found at subject)
10/03/2026 10:52:10 -- 		 shacl-max: 1
10/03/2026 10:52:10 -- 	N2c6d46fe7bb74d448e028d7dd9ae25fe | http://data.europa.eu/eli/ontology#related_to > http://xmlns.com/foaf/0.1/Document
10/03/2026 10:52:10 -- 		 min: 0 (min found at subject)
10/03/2026 10:52:10 -- 		 max: 7 (max found at subject)
10/03/2026 10:52:10 -- 	N298c0a6e96c24cc8a3ff58aefe8dec23 | http://lblod.data.gift/vocabularies/besluit/extractedDecisionContent > [no object/datatype]
10/03/2026 10:52:10 -- 		 min: 0 (min found at subject)
10/03/2026 10:52:10 -- 		 max: 44 (max found at subject)
10/03/2026 10:52:10 -- 	Ndda72ff0714647398ed775fc473c698a | http://data.vlaanderen.be/ns/besluit#noreferrer > [no object/datatype]
10/03/2026 10:52:10 -- 		 min: 0 (min found at subject)
10/03/2026 10:52:10 -- 		 max: 1 (max found at subject)
10/03/2026 10:52:10 -- 		 shacl-max: 1
10/03/2026 10:52:10 -- 	Nc9e21a4f95584099bd2c5c5e873335db | http://mu.semte.ch/vocabularies/ext/zonality > [no object/datatype]
10/03/2026 10:52:10 -- 		 min: 0 (min found at subject)
10/03/2026 10:52:10 -- 		 max: 1 (max found at subject)
10/03/2026 10:52:10 -- 		 shacl-max: 1
10/03/2026 10:52:10 -- 	N5ba25ae7c9d744b7b9e2cee25a6c409d | http://data.vlaanderen.be/ns/besluit#noopener > [no object/datatype]
10/03/2026 10:52:10 -- 		 min: 0 (min found at subject)
10/03/2026 10:52:10 -- 		 max: 1 (max found at subject)
10/03/2026 10:52:10 -- 		 shacl-max: 1
10/03/2026 10:52:10 -- 	N8bbe27c485d04dda85f7810caa11adc9 | http://www.w3.org/ns/prov#wasDerivedFrom > http://xmlns.com/foaf/0.1/Document
10/03/2026 10:52:10 -- 		 min: 0 (min found at subject)
10/03/2026 10:52:10 -- 		 max: 2 (max found at subject)
10/03/2026 10:52:10 -- 	N55a8e8aa63924b4f910cbaac75e9b08a | http://www.w3.org/ns/prov#wasDerivedFrom > https://data.vlaanderen.be/id/concept/BesluitDocumentType/9d5bfaca-bbf2-49dd-a830-769f91a6377b
10/03/2026 10:52:10 -- 		 min: 0 (min found at subject)
10/03/2026 10:52:10 -- 		 max: 2 (max found at subject)
10/03/2026 10:52:10 -- 	Ne7bee209df7944b09c2a45812760face | http://data.vlaanderen.be/ns/besluit#motivering > [no object/datatype]
10/03/2026 10:52:10 -- 		 min: 0 (min found at subject)
10/03/2026 10:52:10 -- 		 max: 3 (max found at subject)
10/03/2026 10:52:10 -- 	N0b366dd744764398b2eb48507d69169d | http://data.europa.eu/eli/ontology#has_part > http://data.vlaanderen.be/ns/besluit#Artikel
10/03/2026 10:52:10 -- 		 min: 0 (min found at subject)
10/03/2026 10:52:10 -- 		 max: 8 (max found at subject)
10/03/2026 10:52:10 -- 	N3efaee7ee2e549d3bddf907ec566ab1b | http://www.w3.org/ns/prov#value > [no object/datatype]
10/03/2026 10:52:10 -- 		 min: 0 (min found at subject)
10/03/2026 10:52:10 -- 		 max: 2 (max found at subject)
10/03/2026 10:52:10 -- 	N6c7978db96814cc3999f07d79f609502 | http://mu.semte.ch/vocabularies/ext/temporal > [no object/datatype]
10/03/2026 10:52:10 -- 		 min: 0 (min found at subject)
10/03/2026 10:52:10 -- 		 max: 2 (max found at subject)
10/03/2026 10:52:10 -- 	Na1b86dc9dc964b3bbce680fc94db3e35 | http://data.europa.eu/eli/ontology#date_publication > [no object/datatype]
10/03/2026 10:52:10 -- 		 min: 0 (min found at subject)
10/03/2026 10:52:10 -- 		 max: 2 (max found at subject)
10/03/2026 10:52:10 -- 	Nff4b1961d61249a9a17ba2a5eaa8a499 | http://data.europa.eu/eli/ontology#description > [no object/datatype]
10/03/2026 10:52:10 -- 		 min: 0 (min found at subject)
10/03/2026 10:52:10 -- 		 max: 2 (max found at subject)
10/03/2026 10:52:10 -- 	N4f4b26b1af314fcca0611863ceb3c332 | http://example.com/mobiliteit/wordtAangeduidDoor > [no object/datatype]
10/03/2026 10:52:10 -- 		 min: 0 (min found at subject)
10/03/2026 10:52:10 -- 		 max: 1 (max found at subject)
10/03/2026 10:52:10 -- 		 shacl-max: 1
10/03/2026 10:52:10 -- 	N42ccaeeec05043a9952843a28b13b3d6 | http://data.europa.eu/eli/ontology#cites > http://data.europa.eu/eli/ontology#LegalExpression
10/03/2026 10:52:10 -- 		 min: 0 (min found at subject)
10/03/2026 10:52:10 -- 		 max: 10 (max found at subject)
10/03/2026 10:52:10 -- 	N6924813c4d4e4996bffd2e96f4e0fb5b | http://data.europa.eu/eli/ontology#language > http://www.w3.org/2004/02/skos/core#Concept
10/03/2026 10:52:10 -- 		 min: 1 (min found at subject)
10/03/2026 10:52:10 -- 		 max: 2 (max found at subject)
10/03/2026 10:52:10 -- 		 shacl-min: 1
10/03/2026 10:52:10 -- 	N3ca9295d7ec94a2eba8e1c3c03f975e3 | http://data.europa.eu/eli/ontology#title > [no object/datatype]
10/03/2026 10:52:10 -- 		 min: 1 (min found at subject)
10/03/2026 10:52:10 -- 		 max: 3 (max found at subject)
10/03/2026 10:52:10 -- 		 shacl-min: 1
10/03/2026 10:52:10 -- 	N00eb0bd0e6364eefba0fb86efd41e689 | http://data.vlaanderen.be/ns/besluit#heeftAanwezigeBijStart > http://data.vlaanderen.be/ns/mandaat#Mandataris
10/03/2026 10:52:10 -- 		 min: 0 (min found at subject)
10/03/2026 10:52:10 -- 		 max: 22 (max found at subject)
10/03/2026 10:52:10 -- http://example.com/shapes/b172576a-79e8-46d8-81fd-e6b06d1c8114 ~ https://data.vlaanderen.be/id/concept/BesluitType/70ae4d36-de0c-425d-9dbe-3b6deef8343c
10/03/2026 10:52:10 -- 	N97d31dcf6fa84ec49aae4b3d5ff36d9d | http://data.europa.eu/eli/ontology#language > http://www.w3.org/2004/02/skos/core#Concept
10/03/2026 10:52:10 -- 		 min: 1 (min found at subject)
10/03/2026 10:52:10 -- 		 max: 1 (max found at subject)
10/03/2026 10:52:10 -- 		 shacl-min: 1
10/03/2026 10:52:10 -- 		 shacl-max: 1
10/03/2026 10:52:10 -- 	N70e77fe608f540e9bc9b28d03f3dd8b2 | http://data.europa.eu/eli/ontology#title > [no object/datatype]
10/03/2026 10:52:10 -- 		 min: 1 (min found at subject)
10/03/2026 10:52:10 -- 		 max: 1 (max found at subject)
10/03/2026 10:52:10 -- 		 shacl-min: 1
10/03/2026 10:52:10 -- 		 shacl-max: 1
10/03/2026 10:52:10 -- 	N53ec5201daac47b4b17ba7c4d8deaa2b | http://data.europa.eu/eli/ontology#description > [no object/datatype]
10/03/2026 10:52:10 -- 		 min: 1 (min found at subject)
10/03/2026 10:52:10 -- 		 max: 1 (max found at subject)
10/03/2026 10:52:10 -- 		 shacl-min: 1
10/03/2026 10:52:10 -- 		 shacl-max: 1
10/03/2026 10:52:10 -- 	N0d077037b494463e906d65e94ef9ad32 | http://mu.semte.ch/vocabularies/core/uuid > [no object/datatype]
10/03/2026 10:52:10 -- 		 min: 1 (min found at subject)
10/03/2026 10:52:10 -- 		 max: 1 (max found at subject)
10/03/2026 10:52:10 -- 		 shacl-min: 1
10/03/2026 10:52:10 -- 		 shacl-max: 1
10/03/2026 10:52:10 -- 	N79895feb640d451681dbdf0a5e8aad2f | http://www.w3.org/ns/prov#value > [no object/datatype]
10/03/2026 10:52:10 -- 		 min: 1 (min found at subject)
10/03/2026 10:52:10 -- 		 max: 2 (max found at subject)
10/03/2026 10:52:10 -- 		 shacl-min: 1
10/03/2026 10:52:10 -- 	N5fb6466d8c9340d6b884599b79467d99 | http://data.vlaanderen.be/ns/besluit#motivering > [no object/datatype]
10/03/2026 10:52:10 -- 		 min: 1 (min found at subject)
10/03/2026 10:52:10 -- 		 max: 2 (max found at subject)
10/03/2026 10:52:10 -- 		 shacl-min: 1
10/03/2026 10:52:10 -- 	Nce45a85f0f534687acae121a52f8fc26 | http://lblod.data.gift/vocabularies/besluit/extractedDecisionContent > [no object/datatype]
10/03/2026 10:52:10 -- 		 min: 19 (min found at subject)
10/03/2026 10:52:10 -- 		 max: 27 (max found at subject)
10/03/2026 10:52:10 -- 		 shacl-min: 1
10/03/2026 10:52:10 -- 	Ncc0920ae4b5143cb9beed73531e7fb37 | http://www.w3.org/ns/prov#wasDerivedFrom > [no object/datatype]
10/03/2026 10:52:10 -- 		 min: 2 (min found at subject)
10/03/2026 10:52:10 -- 		 max: 3 (max found at subject)
10/03/2026 10:52:10 -- 		 shacl-min: 1
10/03/2026 10:52:10 -- 	N23ddd1eec2e24acc85ec41317ef4a9e7 | http://data.europa.eu/eli/ontology#passed_by > http://data.vlaanderen.be/ns/besluit#Bestuursorgaan
10/03/2026 10:52:10 -- 		 min: 1 (min found at subject)
10/03/2026 10:52:10 -- 		 max: 1 (max found at subject)
10/03/2026 10:52:10 -- 		 shacl-min: 1
10/03/2026 10:52:10 -- 		 shacl-max: 1
10/03/2026 10:52:10 -- 	Ne4063e039c30497a9b9ba8fb70207c11 | http://www.w3.org/ns/prov#wasGeneratedBy > http://data.vlaanderen.be/ns/besluit#BehandelingVanAgendapunt
10/03/2026 10:52:10 -- 		 min: 1 (min found at subject)
10/03/2026 10:52:10 -- 		 max: 1 (max found at subject)
10/03/2026 10:52:10 -- 		 shacl-min: 1
10/03/2026 10:52:10 -- 		 shacl-max: 1
10/03/2026 10:52:10 -- http://example.com/shapes/1f542acd-9777-4553-b3a2-b294105de3bd ~ https://data.vlaanderen.be/id/concept/BesluitType/73d5d79f-3f70-4ca9-9512-e216300cd3ac
10/03/2026 10:52:10 -- 	Nd716ee3661a1435d8182d9ba4a391a7b | http://www.w3.org/ns/prov#wasGeneratedBy > http://data.vlaanderen.be/ns/besluit#BehandelingVanAgendapunt
10/03/2026 10:52:10 -- 		 min: 1 (min found at subject)
10/03/2026 10:52:10 -- 		 max: 1 (max found at subject)
10/03/2026 10:52:10 -- 		 shacl-min: 1
10/03/2026 10:52:10 -- 		 shacl-max: 1
10/03/2026 10:52:10 -- 	Nf94768779bcb46a088b300cc2258ba46 | http://data.europa.eu/eli/ontology#title > [no object/datatype]
10/03/2026 10:52:10 -- 		 min: 1 (min found at subject)
10/03/2026 10:52:10 -- 		 max: 1 (max found at subject)
10/03/2026 10:52:10 -- 		 shacl-min: 1
10/03/2026 10:52:10 -- 		 shacl-max: 1
10/03/2026 10:52:10 -- 	N835e5224db2c464bbe7444e6859e55a8 | http://data.europa.eu/eli/ontology#description > [no object/datatype]
10/03/2026 10:52:10 -- 		 min: 1 (min found at subject)
10/03/2026 10:52:10 -- 		 max: 1 (max found at subject)
10/03/2026 10:52:10 -- 		 shacl-min: 1
10/03/2026 10:52:10 -- 		 shacl-max: 1
10/03/2026 10:52:10 -- 	N3790d821ba5c44588cb8ad656312e434 | http://data.europa.eu/eli/ontology#language > http://www.w3.org/2004/02/skos/core#Concept
10/03/2026 10:52:10 -- 		 min: 1 (min found at subject)
10/03/2026 10:52:10 -- 		 max: 1 (max found at subject)
10/03/2026 10:52:10 -- 		 shacl-min: 1
10/03/2026 10:52:10 -- 		 shacl-max: 1
10/03/2026 10:52:10 -- 	N05d44ec0736648aeb8aaa35645e482f2 | http://www.w3.org/ns/prov#value > [no object/datatype]
10/03/2026 10:52:10 -- 		 min: 2 (min found at subject)
10/03/2026 10:52:10 -- 		 max: 2 (max found at subject)
10/03/2026 10:52:10 -- 		 shacl-min: 2
10/03/2026 10:52:10 -- 	N679a59f0fd7f482295fe6659c5544113 | http://data.vlaanderen.be/ns/besluit#motivering > [no object/datatype]
10/03/2026 10:52:10 -- 		 min: 2 (min found at subject)
10/03/2026 10:52:10 -- 		 max: 2 (max found at subject)
10/03/2026 10:52:10 -- 		 shacl-min: 2
10/03/2026 10:52:10 -- 	N2504d677182648ae92408d12fe4b0897 | http://www.w3.org/ns/prov#wasDerivedFrom > [no object/datatype]
10/03/2026 10:52:10 -- 		 min: 3 (min found at subject)
10/03/2026 10:52:10 -- 		 max: 3 (max found at subject)
10/03/2026 10:52:10 -- 		 shacl-min: 3
10/03/2026 10:52:10 -- 	N4d0b28ce029a4e6c8632f0f55f380c07 | http://lblod.data.gift/vocabularies/besluit/extractedDecisionContent > [no object/datatype]
10/03/2026 10:52:10 -- 		 min: 35 (min found at subject)
10/03/2026 10:52:10 -- 		 max: 35 (max found at subject)
10/03/2026 10:52:10 -- 		 shacl-min: 35
10/03/2026 10:52:10 -- 	N46373a639946424b9eb0582102d7407e | http://data.europa.eu/eli/ontology#passed_by > http://data.vlaanderen.be/ns/besluit#Bestuursorgaan
10/03/2026 10:52:10 -- 		 min: 1 (min found at subject)
10/03/2026 10:52:10 -- 		 max: 1 (max found at subject)
10/03/2026 10:52:10 -- 		 shacl-min: 1
10/03/2026 10:52:10 -- 		 shacl-max: 1
10/03/2026 10:52:10 -- 	N790120a1081e4ca59ff6f552b5d5d16c | http://mu.semte.ch/vocabularies/core/uuid > [no object/datatype]
10/03/2026 10:52:10 -- 		 min: 1 (min found at subject)
10/03/2026 10:52:10 -- 		 max: 1 (max found at subject)
10/03/2026 10:52:10 -- 		 shacl-min: 1
10/03/2026 10:52:10 -- 		 shacl-max: 1
10/03/2026 10:52:10 -- http://example.com/shapes/b4aca86e-07ae-42c5-bb71-87c336c5e5d4 ~ https://data.vlaanderen.be/id/concept/BesluitType/7927f4f4-ad4c-4460-9207-2a4b5d21a9d7
10/03/2026 10:52:10 -- 	N997d88a087a542c8b4d00315146ce5e0 | http://data.europa.eu/eli/ontology#title > [no object/datatype]
10/03/2026 10:52:10 -- 		 min: 1 (min found at subject)
10/03/2026 10:52:10 -- 		 max: 2 (max found at subject)
10/03/2026 10:52:10 -- 		 shacl-min: 1
10/03/2026 10:52:10 -- 	Ne31a447af41741f79b614a9dde3ec9f9 | http://mu.semte.ch/vocabularies/core/uuid > [no object/datatype]
10/03/2026 10:52:10 -- 		 min: 1 (min found at subject)
10/03/2026 10:52:10 -- 		 max: 1 (max found at subject)
10/03/2026 10:52:10 -- 		 shacl-min: 1
10/03/2026 10:52:10 -- 		 shacl-max: 1
10/03/2026 10:52:10 -- 	N9937d63167c84344b6edf00bdaec0d74 | http://data.europa.eu/eli/ontology#description > [no object/datatype]
10/03/2026 10:52:10 -- 		 min: 0 (min found at subject)
10/03/2026 10:52:10 -- 		 max: 2 (max found at subject)
10/03/2026 10:52:10 -- 	N8ca0d5f1b3fe42acab1e4f074b2fd047 | http://data.europa.eu/eli/ontology#number > [no object/datatype]
10/03/2026 10:52:10 -- 		 min: 0 (min found at subject)
10/03/2026 10:52:10 -- 		 max: 1 (max found at subject)
10/03/2026 10:52:10 -- 		 shacl-max: 1
10/03/2026 10:52:10 -- 	N47b108ac38264a83b65b21dfcb835a1e | http://data.europa.eu/eli/ontology#has_part > http://data.vlaanderen.be/ns/besluit#Artikel
10/03/2026 10:52:10 -- 		 min: 0 (min found at subject)
10/03/2026 10:52:10 -- 		 max: 2 (max found at subject)
10/03/2026 10:52:10 -- 	Nc3186b823cd14eaab7a4aced877ccb67 | http://data.europa.eu/eli/ontology#language > http://www.w3.org/2004/02/skos/core#Concept
10/03/2026 10:52:10 -- 		 min: 1 (min found at subject)
10/03/2026 10:52:10 -- 		 max: 1 (max found at subject)
10/03/2026 10:52:10 -- 		 shacl-min: 1
10/03/2026 10:52:10 -- 		 shacl-max: 1
10/03/2026 10:52:10 -- 	N2ee028762c6b46d4b8a02710c5eaad82 | http://www.w3.org/ns/prov#wasGeneratedBy > http://data.vlaanderen.be/ns/besluit#BehandelingVanAgendapunt
10/03/2026 10:52:10 -- 		 min: 0 (min found at subject)
10/03/2026 10:52:10 -- 		 max: 1 (max found at subject)
10/03/2026 10:52:10 -- 		 shacl-max: 1
10/03/2026 10:52:10 -- 	N8cf7cd280457455e8a96542770c2cf3c | http://www.w3.org/ns/prov#value > [no object/datatype]
10/03/2026 10:52:10 -- 		 min: 0 (min found at subject)
10/03/2026 10:52:10 -- 		 max: 2 (max found at subject)
10/03/2026 10:52:10 -- 	Nf65ee798ed2a4d04be85b18f228a9fa4 | http://data.vlaanderen.be/ns/besluit#motivering > [no object/datatype]
10/03/2026 10:52:10 -- 		 min: 0 (min found at subject)
10/03/2026 10:52:10 -- 		 max: 2 (max found at subject)
10/03/2026 10:52:10 -- 	Nc0b4c2db09b447f1b6b51f5217445cec | http://lblod.data.gift/vocabularies/besluit/extractedDecisionContent > [no object/datatype]
10/03/2026 10:52:10 -- 		 min: 0 (min found at subject)
10/03/2026 10:52:10 -- 		 max: 39 (max found at subject)
10/03/2026 10:52:10 -- 	N975273bf975c4c2694bf35ebe86af957 | http://www.w3.org/ns/prov#wasDerivedFrom > http://xmlns.com/foaf/0.1/Document
10/03/2026 10:52:10 -- 		 min: 0 (min found at subject)
10/03/2026 10:52:10 -- 		 max: 1 (max found at subject)
10/03/2026 10:52:10 -- 		 shacl-max: 1
10/03/2026 10:52:10 -- 	N7dd26d9004964cda901369e138286de1 | http://www.w3.org/ns/prov#wasDerivedFrom > https://data.vlaanderen.be/id/concept/BesluitDocumentType/9d5bfaca-bbf2-49dd-a830-769f91a6377b
10/03/2026 10:52:10 -- 		 min: 0 (min found at subject)
10/03/2026 10:52:10 -- 		 max: 1 (max found at subject)
10/03/2026 10:52:10 -- 		 shacl-max: 1
10/03/2026 10:52:10 -- 	N8d62dc353a3a469ebf9953a4e666f501 | http://data.europa.eu/eli/ontology#passed_by > http://data.vlaanderen.be/ns/besluit#Bestuursorgaan
10/03/2026 10:52:10 -- 		 min: 0 (min found at subject)
10/03/2026 10:52:10 -- 		 max: 1 (max found at subject)
10/03/2026 10:52:10 -- 		 shacl-max: 1
10/03/2026 10:52:10 -- http://example.com/shapes/baada4ce-3b84-4ec8-9469-e15d1e480d78 ~ https://data.vlaanderen.be/id/concept/BesluitType/79414af4-4f57-4ca3-aaa4-f8f1e015e71c
10/03/2026 10:52:10 -- 	Ne64810e9b1774a268ce043c6e2aec634 | http://www.w3.org/ns/prov#wasGeneratedBy > http://data.vlaanderen.be/ns/besluit#BehandelingVanAgendapunt
10/03/2026 10:52:10 -- 		 min: 0 (min found at subject)
10/03/2026 10:52:10 -- 		 max: 1 (max found at subject)
10/03/2026 10:52:10 -- 		 shacl-max: 1
10/03/2026 10:52:10 -- 	N4fb5f5b2de97401e818d8e3761eae8d9 | http://lblod.data.gift/vocabularies/besluit/extractedDecisionContent > [no object/datatype]
10/03/2026 10:52:10 -- 		 min: 0 (min found at subject)
10/03/2026 10:52:10 -- 		 max: 45 (max found at subject)
10/03/2026 10:52:10 -- 	N7c4fba7351eb4c469d19e95d2ed327ee | http://data.europa.eu/eli/ontology#has_part > http://data.vlaanderen.be/ns/besluit#Artikel
10/03/2026 10:52:10 -- 		 min: 0 (min found at subject)
10/03/2026 10:52:10 -- 		 max: 3 (max found at subject)
10/03/2026 10:52:10 -- 	N5f5d5ecbbf704f7c8442a52884cacd45 | http://data.europa.eu/eli/ontology#passed_by > http://data.vlaanderen.be/ns/besluit#Bestuursorgaan
10/03/2026 10:52:10 -- 		 min: 0 (min found at subject)
10/03/2026 10:52:10 -- 		 max: 1 (max found at subject)
10/03/2026 10:52:10 -- 		 shacl-max: 1
10/03/2026 10:52:10 -- 	N824d4259f9074bf598c24cd94f1b11f1 | http://www.w3.org/ns/prov#wasDerivedFrom > http://data.vlaanderen.be/ns/mandaat#Mandataris
10/03/2026 10:52:10 -- 		 min: 0 (min found at subject)
10/03/2026 10:52:10 -- 		 max: 1 (max found at subject)
10/03/2026 10:52:10 -- 		 shacl-max: 1
10/03/2026 10:52:10 -- 	N49539e03092945f4b3cd83bc07a10d5c | http://www.w3.org/ns/prov#wasDerivedFrom > http://xmlns.com/foaf/0.1/Document
10/03/2026 10:52:10 -- 		 min: 0 (min found at subject)
10/03/2026 10:52:10 -- 		 max: 1 (max found at subject)
10/03/2026 10:52:10 -- 		 shacl-max: 1
10/03/2026 10:52:10 -- 	Ne370a66b492a4e268f50e7c15e4d8abe | http://www.w3.org/ns/prov#wasDerivedFrom > https://data.vlaanderen.be/id/concept/BesluitDocumentType/9d5bfaca-bbf2-49dd-a830-769f91a6377b
10/03/2026 10:52:10 -- 		 min: 0 (min found at subject)
10/03/2026 10:52:10 -- 		 max: 1 (max found at subject)
10/03/2026 10:52:10 -- 		 shacl-max: 1
10/03/2026 10:52:10 -- 	N18783dc5ea0844f88856bac18bc1cd39 | http://data.europa.eu/eli/ontology#date_publication > [no object/datatype]
10/03/2026 10:52:10 -- 		 min: 0 (min found at subject)
10/03/2026 10:52:10 -- 		 max: 2 (max found at subject)
10/03/2026 10:52:10 -- 	Naad9a2ab15384a88bf7353cbb56e37b6 | http://data.europa.eu/eli/ontology#language > http://www.w3.org/2004/02/skos/core#Concept
10/03/2026 10:52:10 -- 		 min: 1 (min found at subject)
10/03/2026 10:52:10 -- 		 max: 1 (max found at subject)
10/03/2026 10:52:10 -- 		 shacl-min: 1
10/03/2026 10:52:10 -- 		 shacl-max: 1
10/03/2026 10:52:10 -- 	N91f57c5b89564a09ac553603a90915e7 | http://www.w3.org/ns/prov#value > [no object/datatype]
10/03/2026 10:52:10 -- 		 min: 0 (min found at subject)
10/03/2026 10:52:10 -- 		 max: 3 (max found at subject)
10/03/2026 10:52:10 -- 	N9fa9d3403c76403ca470b27f9890ead7 | http://data.europa.eu/eli/ontology#cites > http://data.europa.eu/eli/ontology#LegalExpression
10/03/2026 10:52:10 -- 		 min: 0 (min found at subject)
10/03/2026 10:52:10 -- 		 max: 5 (max found at subject)
10/03/2026 10:52:10 -- 	N77125997987940f8adaf1f023791e8b2 | http://data.europa.eu/eli/ontology#title > [no object/datatype]
10/03/2026 10:52:10 -- 		 min: 1 (min found at subject)
10/03/2026 10:52:10 -- 		 max: 278 (max found at subject)
10/03/2026 10:52:10 -- 		 shacl-min: 1
10/03/2026 10:52:10 -- 	N7e549e2b862543deaff765de5f0cb31f | http://data.vlaanderen.be/ns/besluit#motivering > [no object/datatype]
10/03/2026 10:52:10 -- 		 min: 0 (min found at subject)
10/03/2026 10:52:10 -- 		 max: 3 (max found at subject)
10/03/2026 10:52:10 -- 	N486e30200b0740f08c1365f3b4b3d51d | http://mu.semte.ch/vocabularies/core/uuid > [no object/datatype]
10/03/2026 10:52:10 -- 		 min: 1 (min found at subject)
10/03/2026 10:52:10 -- 		 max: 1 (max found at subject)
10/03/2026 10:52:10 -- 		 shacl-min: 1
10/03/2026 10:52:10 -- 		 shacl-max: 1
10/03/2026 10:52:10 -- 	N20995a2a5fb2494a988932828b28a6a5 | http://data.europa.eu/eli/ontology#related_to > http://xmlns.com/foaf/0.1/Document
10/03/2026 10:52:10 -- 		 min: 0 (min found at subject)
10/03/2026 10:52:10 -- 		 max: 11 (max found at subject)
10/03/2026 10:52:10 -- 	Nd5fb0e6503f6460b8f28b01df10e34ce | http://data.europa.eu/eli/ontology#description > [no object/datatype]
10/03/2026 10:52:10 -- 		 min: 0 (min found at subject)
10/03/2026 10:52:10 -- 		 max: 2 (max found at subject)
10/03/2026 10:52:10 -- http://example.com/shapes/84b0491f-30ec-4469-b9e7-8ab727fd2057 ~ https://data.vlaanderen.be/id/concept/BesluitType/7d95fd2e-3cc9-4a4c-a58e-0fbc408c2f9b
10/03/2026 10:52:10 -- 	Na60933e1ec7b4022a47a2e3735b5c418 | http://data.europa.eu/eli/ontology#has_part > http://data.vlaanderen.be/ns/besluit#Artikel
10/03/2026 10:52:10 -- 		 min: 0 (min found at subject)
10/03/2026 10:52:10 -- 		 max: 17 (max found at subject)
10/03/2026 10:52:10 -- 	N831954329ff348699922e9e2b6d14a44 | http://www.w3.org/ns/prov#value > [no object/datatype]
10/03/2026 10:52:11 -- 		 min: 0 (min found at subject)
10/03/2026 10:52:11 -- 		 max: 2 (max found at subject)
10/03/2026 10:52:11 -- 	N6a7bf5083ba94ace8fe6db9a02d0d6bc | http://data.europa.eu/eli/ontology#related_to > http://xmlns.com/foaf/0.1/Document
10/03/2026 10:52:11 -- 		 min: 0 (min found at subject)
10/03/2026 10:52:11 -- 		 max: 5 (max found at subject)
10/03/2026 10:52:11 -- 	N5240815238ff476da0edfd3b9bb85874 | http://data.europa.eu/eli/ontology#language > http://www.w3.org/2004/02/skos/core#Concept
10/03/2026 10:52:11 -- 		 min: 1 (min found at subject)
10/03/2026 10:52:11 -- 		 max: 1 (max found at subject)
10/03/2026 10:52:11 -- 		 shacl-min: 1
10/03/2026 10:52:11 -- 		 shacl-max: 1
10/03/2026 10:52:11 -- 	N5e5d1d09f5424206a2a858184916524e | http://data.europa.eu/eli/ontology#passed_by > http://data.vlaanderen.be/ns/besluit#Bestuursorgaan
10/03/2026 10:52:11 -- 		 min: 0 (min found at subject)
10/03/2026 10:52:11 -- 		 max: 1 (max found at subject)
10/03/2026 10:52:11 -- 		 shacl-max: 1
10/03/2026 10:52:11 -- 	Nc451f4961f9c4558a7443de10cf9cddb | http://data.europa.eu/eli/ontology#date_publication > [no object/datatype]
10/03/2026 10:52:11 -- 		 min: 0 (min found at subject)
10/03/2026 10:52:11 -- 		 max: 1 (max found at subject)
10/03/2026 10:52:11 -- 		 shacl-max: 1
10/03/2026 10:52:11 -- 	Nf284ec8e3d79461fafc2ef25dccc7325 | http://data.europa.eu/eli/ontology#number > [no object/datatype]
10/03/2026 10:52:11 -- 		 min: 0 (min found at subject)
10/03/2026 10:52:11 -- 		 max: 2 (max found at subject)
10/03/2026 10:52:11 -- 	N64db3b257ce445df9f536ecfdf9a49a7 | http://www.w3.org/ns/prov#wasGeneratedBy > http://data.vlaanderen.be/ns/besluit#BehandelingVanAgendapunt
10/03/2026 10:52:11 -- 		 min: 0 (min found at subject)
10/03/2026 10:52:11 -- 		 max: 1 (max found at subject)
10/03/2026 10:52:11 -- 		 shacl-max: 1
10/03/2026 10:52:11 -- 	Nb9e972e239174d9fac20fe25af2006f6 | http://mu.semte.ch/vocabularies/core/uuid > [no object/datatype]
10/03/2026 10:52:11 -- 		 min: 1 (min found at subject)
10/03/2026 10:52:11 -- 		 max: 1 (max found at subject)
10/03/2026 10:52:11 -- 		 shacl-min: 1
10/03/2026 10:52:11 -- 		 shacl-max: 1
10/03/2026 10:52:11 -- 	N597036e2ccd44a6fb7b8cee9d2147f0f | http://www.w3.org/ns/prov#wasDerivedFrom > http://xmlns.com/foaf/0.1/Document
10/03/2026 10:52:11 -- 		 min: 0 (min found at subject)
10/03/2026 10:52:11 -- 		 max: 1 (max found at subject)
10/03/2026 10:52:11 -- 		 shacl-max: 1
10/03/2026 10:52:11 -- 	N16fda6a064474a55966eb258b89fdf3f | http://www.w3.org/ns/prov#wasDerivedFrom > https://data.vlaanderen.be/id/concept/BesluitDocumentType/9d5bfaca-bbf2-49dd-a830-769f91a6377b
10/03/2026 10:52:11 -- 		 min: 0 (min found at subject)
10/03/2026 10:52:11 -- 		 max: 1 (max found at subject)
10/03/2026 10:52:11 -- 		 shacl-max: 1
10/03/2026 10:52:11 -- 	Nd3077ac1a948406d9c71c1031cf4c93f | http://mu.semte.ch/vocabularies/ext/zonality > [no object/datatype]
10/03/2026 10:52:11 -- 		 min: 0 (min found at subject)
10/03/2026 10:52:11 -- 		 max: 1 (max found at subject)
10/03/2026 10:52:11 -- 		 shacl-max: 1
10/03/2026 10:52:11 -- 	N279d924467d64c25a95803ee020484c7 | http://example.com/mobiliteit/wordtAangeduidDoor > [no object/datatype]
10/03/2026 10:52:11 -- 		 min: 0 (min found at subject)
10/03/2026 10:52:11 -- 		 max: 4 (max found at subject)
10/03/2026 10:52:11 -- 	N997f65b597f545e48be1867335ae2f23 | http://purl.org/dc/terms/subject > [no object/datatype]
10/03/2026 10:52:11 -- 		 min: 0 (min found at subject)
10/03/2026 10:52:11 -- 		 max: 1 (max found at subject)
10/03/2026 10:52:11 -- 		 shacl-max: 1
10/03/2026 10:52:11 -- 	N5de6f068c8354b42bf0daa52b4034f6e | http://data.vlaanderen.be/ns/besluit#motivering > [no object/datatype]
10/03/2026 10:52:11 -- 		 min: 1 (min found at subject)
10/03/2026 10:52:11 -- 		 max: 3 (max found at subject)
10/03/2026 10:52:11 -- 		 shacl-min: 1
10/03/2026 10:52:11 -- 	N96bcff6fe91e4eb28d04e1c0cdc684fc | http://mu.semte.ch/vocabularies/ext/temporal > [no object/datatype]
10/03/2026 10:52:11 -- 		 min: 0 (min found at subject)
10/03/2026 10:52:11 -- 		 max: 2 (max found at subject)
10/03/2026 10:52:11 -- 	N2b657e3f26244612a5718f959095a1e1 | http://data.europa.eu/eli/ontology#title > [no object/datatype]
10/03/2026 10:52:11 -- 		 min: 1 (min found at subject)
10/03/2026 10:52:11 -- 		 max: 2 (max found at subject)
10/03/2026 10:52:11 -- 		 shacl-min: 1
10/03/2026 10:52:11 -- 	Nba620aa8b74d4315bd3135b4148d7885 | http://data.europa.eu/eli/ontology#is_about > [no object/datatype]
10/03/2026 10:52:11 -- 		 min: 0 (min found at subject)
10/03/2026 10:52:11 -- 		 max: 1 (max found at subject)
10/03/2026 10:52:11 -- 		 shacl-max: 1
10/03/2026 10:52:11 -- 	N07850bfca78f49ac954aa9aa0e9c2e77 | http://data.europa.eu/eli/ontology#cites > http://data.europa.eu/eli/ontology#LegalExpression
10/03/2026 10:52:11 -- 		 min: 0 (min found at subject)
10/03/2026 10:52:11 -- 		 max: 8 (max found at subject)
10/03/2026 10:52:11 -- 	Ndab57cb06aba45c3861c9a8eece40c41 | http://data.europa.eu/eli/ontology#description > [no object/datatype]
10/03/2026 10:52:11 -- 		 min: 0 (min found at subject)
10/03/2026 10:52:11 -- 		 max: 2 (max found at subject)
10/03/2026 10:52:11 -- 	Nc80ab290303648caa0047c11fb2870d2 | http://data.vlaanderen.be/ns/besluit#eli.cites > http://data.europa.eu/eli/ontology#LegalExpression
10/03/2026 10:52:11 -- 		 min: 0 (min found at subject)
10/03/2026 10:52:11 -- 		 max: 1 (max found at subject)
10/03/2026 10:52:11 -- 		 shacl-max: 1
10/03/2026 10:52:11 -- 	N927ed8cd53ed406794a272897cc963ed | http://www.w3.org/2004/02/skos/core#prefLabel > [no object/datatype]
10/03/2026 10:52:11 -- 		 min: 0 (min found at subject)
10/03/2026 10:52:11 -- 		 max: 1 (max found at subject)
10/03/2026 10:52:11 -- 		 shacl-max: 1
10/03/2026 10:52:11 -- 	N6aa8decbf7f849a99196fe271c3050da | http://lblod.data.gift/vocabularies/besluit/extractedDecisionContent > [no object/datatype]
10/03/2026 10:52:11 -- 		 min: 0 (min found at subject)
10/03/2026 10:52:11 -- 		 max: 42 (max found at subject)
10/03/2026 10:52:11 -- http://example.com/shapes/d41359fc-3f00-4626-aa87-18e606e1d4d5 ~ https://data.vlaanderen.be/id/concept/BesluitType/84121221-4217-40e3-ada2-cd1379b168e1
10/03/2026 10:52:11 -- 	Ne991ebd6f3194a9a8df3238048ebf6e3 | http://data.europa.eu/eli/ontology#related_to > http://xmlns.com/foaf/0.1/Document
10/03/2026 10:52:11 -- 		 min: 0 (min found at subject)
10/03/2026 10:52:11 -- 		 max: 8 (max found at subject)
10/03/2026 10:52:11 -- 	N7abeffba13eb4f1fa8e18e16d4d85fca | http://data.europa.eu/eli/ontology#title > [no object/datatype]
10/03/2026 10:52:11 -- 		 min: 1 (min found at subject)
10/03/2026 10:52:11 -- 		 max: 2 (max found at subject)
10/03/2026 10:52:11 -- 		 shacl-min: 1
10/03/2026 10:52:11 -- 	Nfd16df2cbbf34298bc67ff4eb5ce3b12 | http://data.vlaanderen.be/ns/besluit#motivering > [no object/datatype]
10/03/2026 10:52:11 -- 		 min: 0 (min found at subject)
10/03/2026 10:52:11 -- 		 max: 3 (max found at subject)
10/03/2026 10:52:11 -- 	N1bdc17647ef24d98b511d135be7805f5 | http://www.w3.org/ns/prov#wasDerivedFrom > http://data.vlaanderen.be/ns/mandaat#Mandataris
10/03/2026 10:52:11 -- 		 min: 0 (min found at subject)
10/03/2026 10:52:11 -- 		 max: 1 (max found at subject)
10/03/2026 10:52:11 -- 		 shacl-max: 1
10/03/2026 10:52:11 -- 	N071a99c9f74349a5913dc7aa39ec5bd0 | http://www.w3.org/ns/prov#wasDerivedFrom > http://xmlns.com/foaf/0.1/Document
10/03/2026 10:52:11 -- 		 min: 0 (min found at subject)
10/03/2026 10:52:11 -- 		 max: 1 (max found at subject)
10/03/2026 10:52:11 -- 		 shacl-max: 1
10/03/2026 10:52:11 -- 	N647d86136385433280688a97cb300b07 | http://www.w3.org/ns/prov#wasDerivedFrom > https://data.vlaanderen.be/id/concept/BesluitDocumentType/9d5bfaca-bbf2-49dd-a830-769f91a6377b
10/03/2026 10:52:11 -- 		 min: 0 (min found at subject)
10/03/2026 10:52:11 -- 		 max: 1 (max found at subject)
10/03/2026 10:52:11 -- 		 shacl-max: 1
10/03/2026 10:52:11 -- 	N5a7ee04863ed474fb1fb45c73aff6bfe | http://mu.semte.ch/vocabularies/core/uuid > [no object/datatype]
10/03/2026 10:52:11 -- 		 min: 1 (min found at subject)
10/03/2026 10:52:11 -- 		 max: 1 (max found at subject)
10/03/2026 10:52:11 -- 		 shacl-min: 1
10/03/2026 10:52:11 -- 		 shacl-max: 1
10/03/2026 10:52:11 -- 	Ne770e05cedea4a19bb2d364e564abe54 | http://data.europa.eu/eli/ontology#number > [no object/datatype]
10/03/2026 10:52:11 -- 		 min: 0 (min found at subject)
10/03/2026 10:52:11 -- 		 max: 1 (max found at subject)
10/03/2026 10:52:11 -- 		 shacl-max: 1
10/03/2026 10:52:11 -- 	Nd79755f564594e0d8265ec8e42e9fb10 | http://mu.semte.ch/vocabularies/ext/hiddenBesluitType > [no object/datatype]
10/03/2026 10:52:11 -- 		 min: 0 (min found at subject)
10/03/2026 10:52:11 -- 		 max: 1 (max found at subject)
10/03/2026 10:52:11 -- 		 shacl-max: 1
10/03/2026 10:52:11 -- 	Nb7bdffa14e074cabb986d65d068a969f | http://data.vlaanderen.be/ns/besluit#noreferrer > [no object/datatype]
10/03/2026 10:52:11 -- 		 min: 0 (min found at subject)
10/03/2026 10:52:11 -- 		 max: 4 (max found at subject)
10/03/2026 10:52:11 -- 	Nae6ad598f5db4720bf4525f2520ca80f | http://www.w3.org/ns/prov#value > [no object/datatype]
10/03/2026 10:52:11 -- 		 min: 0 (min found at subject)
10/03/2026 10:52:11 -- 		 max: 3 (max found at subject)
10/03/2026 10:52:11 -- 	N5b74e1862eac411c8ef28aad566a6b15 | http://data.europa.eu/eli/ontology#has_part > http://data.vlaanderen.be/ns/besluit#Artikel
10/03/2026 10:52:11 -- 		 min: 0 (min found at subject)
10/03/2026 10:52:11 -- 		 max: 14 (max found at subject)
10/03/2026 10:52:11 -- 	N79b92a8cd9804c67b0b887cf0c74d41d | http://lblod.data.gift/vocabularies/besluit/extractedDecisionContent > [no object/datatype]
10/03/2026 10:52:11 -- 		 min: 0 (min found at subject)
10/03/2026 10:52:11 -- 		 max: 72 (max found at subject)
10/03/2026 10:52:11 -- 	N357601195d164fd4a2c30aa8181ab29f | http://lblod.data.gift/vocabularies/editor/isLumpNode > [no object/datatype]
10/03/2026 10:52:11 -- 		 min: 0 (min found at subject)
10/03/2026 10:52:11 -- 		 max: 5 (max found at subject)
10/03/2026 10:52:11 -- 	Nebda2c32337f420993380624f947a653 | http://www.w3.org/ns/prov#wasGeneratedBy > http://data.vlaanderen.be/ns/besluit#BehandelingVanAgendapunt
10/03/2026 10:52:11 -- 		 min: 0 (min found at subject)
10/03/2026 10:52:11 -- 		 max: 1 (max found at subject)
10/03/2026 10:52:11 -- 		 shacl-max: 1
10/03/2026 10:52:11 -- 	N79fbc20f997f43d2942eb5037e7e11d2 | http://data.europa.eu/eli/ontology#cites > http://data.europa.eu/eli/ontology#LegalExpression
10/03/2026 10:52:11 -- 		 min: 0 (min found at subject)
10/03/2026 10:52:11 -- 		 max: 9 (max found at subject)
10/03/2026 10:52:11 -- 	Nee33a5ddee134dfbbe8fb9650747e28f | http://data.europa.eu/eli/ontology#date_publication > [no object/datatype]
10/03/2026 10:52:11 -- 		 min: 0 (min found at subject)
10/03/2026 10:52:11 -- 		 max: 2 (max found at subject)
10/03/2026 10:52:11 -- 	Nf93e382b7ec54670a81c857e74cc40e7 | http://data.europa.eu/eli/ontology#language > http://www.w3.org/2004/02/skos/core#Concept
10/03/2026 10:52:11 -- 		 min: 1 (min found at subject)
10/03/2026 10:52:11 -- 		 max: 1 (max found at subject)
10/03/2026 10:52:11 -- 		 shacl-min: 1
10/03/2026 10:52:11 -- 		 shacl-max: 1
10/03/2026 10:52:11 -- 	N7e6592829de14a0eb26309c20f86c0a2 | http://data.vlaanderen.be/ns/besluit#noopener > [no object/datatype]
10/03/2026 10:52:11 -- 		 min: 0 (min found at subject)
10/03/2026 10:52:11 -- 		 max: 4 (max found at subject)
10/03/2026 10:52:11 -- 	N56cd71ffbd094cca8b9674bb2f095f6c | http://data.europa.eu/eli/ontology#description > [no object/datatype]
10/03/2026 10:52:11 -- 		 min: 0 (min found at subject)
10/03/2026 10:52:11 -- 		 max: 2 (max found at subject)
10/03/2026 10:52:11 -- 	N47666d0292ba4f6ab393c82ff337330f | http://data.europa.eu/eli/ontology#passed_by > http://data.vlaanderen.be/ns/besluit#Bestuursorgaan
10/03/2026 10:52:11 -- 		 min: 0 (min found at subject)
10/03/2026 10:52:11 -- 		 max: 1 (max found at subject)
10/03/2026 10:52:11 -- 		 shacl-max: 1
10/03/2026 10:52:11 -- http://example.com/shapes/e35333f9-e1e1-4e2a-9ec3-16ce28ecdfdd ~ https://data.vlaanderen.be/id/concept/BesluitType/849c66c2-ba33-4ac1-a693-be48d8ac7bc7
10/03/2026 10:52:11 -- 	Nbcf71ee67ae747d7a2ced4456c8e8d58 | http://data.europa.eu/eli/ontology#has_part > http://data.vlaanderen.be/ns/besluit#Artikel
10/03/2026 10:52:11 -- 		 min: 0 (min found at subject)
10/03/2026 10:52:11 -- 		 max: 3 (max found at subject)
10/03/2026 10:52:11 -- 	N87a656b4c42847f485b0bd7783a86dfb | http://data.europa.eu/eli/ontology#title > [no object/datatype]
10/03/2026 10:52:11 -- 		 min: 1 (min found at subject)
10/03/2026 10:52:11 -- 		 max: 2 (max found at subject)
10/03/2026 10:52:11 -- 		 shacl-min: 1
10/03/2026 10:52:11 -- 	Ndd70f9976b9643fab801d2b806117da6 | http://www.w3.org/ns/prov#wasGeneratedBy > http://data.vlaanderen.be/ns/besluit#BehandelingVanAgendapunt
10/03/2026 10:52:11 -- 		 min: 0 (min found at subject)
10/03/2026 10:52:11 -- 		 max: 1 (max found at subject)
10/03/2026 10:52:11 -- 		 shacl-max: 1
10/03/2026 10:52:11 -- 	N7f26376591e145c698f23197919a3ce1 | http://mu.semte.ch/vocabularies/core/uuid > [no object/datatype]
10/03/2026 10:52:11 -- 		 min: 1 (min found at subject)
10/03/2026 10:52:11 -- 		 max: 1 (max found at subject)
10/03/2026 10:52:11 -- 		 shacl-min: 1
10/03/2026 10:52:11 -- 		 shacl-max: 1
10/03/2026 10:52:11 -- 	N2c2460a66cd042b3b242b26ae30c9de9 | http://data.europa.eu/eli/ontology#language > http://www.w3.org/2004/02/skos/core#Concept
10/03/2026 10:52:11 -- 		 min: 1 (min found at subject)
10/03/2026 10:52:11 -- 		 max: 1 (max found at subject)
10/03/2026 10:52:11 -- 		 shacl-min: 1
10/03/2026 10:52:11 -- 		 shacl-max: 1
10/03/2026 10:52:11 -- 	N30a2f9403bb14c1bb99a9032c4831da1 | http://data.europa.eu/eli/ontology#passed_by > http://data.vlaanderen.be/ns/besluit#Bestuursorgaan
10/03/2026 10:52:11 -- 		 min: 0 (min found at subject)
10/03/2026 10:52:11 -- 		 max: 1 (max found at subject)
10/03/2026 10:52:11 -- 		 shacl-max: 1
10/03/2026 10:52:11 -- 	Nc35319b0708f4251b4e6722286ffd452 | http://data.vlaanderen.be/ns/besluit#motivering > [no object/datatype]
10/03/2026 10:52:11 -- 		 min: 0 (min found at subject)
10/03/2026 10:52:11 -- 		 max: 2 (max found at subject)
10/03/2026 10:52:11 -- 	Na5a9ac8eb90e4b8ab4b26710496e1b74 | http://www.w3.org/ns/prov#wasDerivedFrom > http://xmlns.com/foaf/0.1/Document
10/03/2026 10:52:11 -- 		 min: 0 (min found at subject)
10/03/2026 10:52:11 -- 		 max: 1 (max found at subject)
10/03/2026 10:52:11 -- 		 shacl-max: 1
10/03/2026 10:52:11 -- 	N5351514504cd4716ad8df6fa6e3abc9d | http://www.w3.org/ns/prov#wasDerivedFrom > https://data.vlaanderen.be/id/concept/BesluitDocumentType/9d5bfaca-bbf2-49dd-a830-769f91a6377b
10/03/2026 10:52:11 -- 		 min: 0 (min found at subject)
10/03/2026 10:52:11 -- 		 max: 1 (max found at subject)
10/03/2026 10:52:11 -- 		 shacl-max: 1
10/03/2026 10:52:11 -- 	N6062b141736548ed999d34c41cd5eae1 | http://data.europa.eu/eli/ontology#cites > http://data.europa.eu/eli/ontology#LegalExpression
10/03/2026 10:52:11 -- 		 min: 0 (min found at subject)
10/03/2026 10:52:11 -- 		 max: 6 (max found at subject)
10/03/2026 10:52:11 -- 	N0418e763ca674c96a83c04559dc3d37e | http://lblod.data.gift/vocabularies/besluit/extractedDecisionContent > [no object/datatype]
10/03/2026 10:52:11 -- 		 min: 0 (min found at subject)
10/03/2026 10:52:11 -- 		 max: 42 (max found at subject)
10/03/2026 10:52:11 -- 	N9f4f73ca9bdf4b8e9817b23fd383cee7 | http://data.vlaanderen.be/ns/besluit#noopener > [no object/datatype]
10/03/2026 10:52:11 -- 		 min: 0 (min found at subject)
10/03/2026 10:52:11 -- 		 max: 1 (max found at subject)
10/03/2026 10:52:11 -- 		 shacl-max: 1
10/03/2026 10:52:11 -- 	Nb7b67c9446fd4004bd0f58b14cbd0682 | http://data.europa.eu/eli/ontology#date_publication > [no object/datatype]
10/03/2026 10:52:11 -- 		 min: 0 (min found at subject)
10/03/2026 10:52:11 -- 		 max: 1 (max found at subject)
10/03/2026 10:52:11 -- 		 shacl-max: 1
10/03/2026 10:52:11 -- 	N122cc66fd4674548bb6ac067d82fcc76 | http://data.europa.eu/eli/ontology#description > [no object/datatype]
10/03/2026 10:52:11 -- 		 min: 0 (min found at subject)
10/03/2026 10:52:11 -- 		 max: 2 (max found at subject)
10/03/2026 10:52:11 -- 	N8716a881f72946378c63933a913c2034 | http://www.w3.org/ns/prov#value > [no object/datatype]
10/03/2026 10:52:11 -- 		 min: 0 (min found at subject)
10/03/2026 10:52:11 -- 		 max: 2 (max found at subject)
10/03/2026 10:52:11 -- 	Nc6d7843f803249e8b1a1600305017516 | http://data.europa.eu/eli/ontology#related_to > http://xmlns.com/foaf/0.1/Document
10/03/2026 10:52:11 -- 		 min: 0 (min found at subject)
10/03/2026 10:52:11 -- 		 max: 3 (max found at subject)
10/03/2026 10:52:11 -- http://example.com/shapes/ed17b322-3cae-4ea4-8d21-fc63ab994d60 ~ https://data.vlaanderen.be/id/concept/BesluitType/8597e056-b96d-4213-ad4c-37338f2aaf35
10/03/2026 10:52:11 -- 	Nfad1e25e52d246aa830bf9508edcfbe5 | http://data.europa.eu/eli/ontology#cites > http://data.europa.eu/eli/ontology#LegalExpression
10/03/2026 10:52:11 -- 		 min: 0 (min found at subject)
10/03/2026 10:52:11 -- 		 max: 9 (max found at subject)
10/03/2026 10:52:11 -- 	N8b49ff3667cb4cf59b5d84f4512bfd62 | http://data.europa.eu/eli/ontology#title > [no object/datatype]
10/03/2026 10:52:11 -- 		 min: 1 (min found at subject)
10/03/2026 10:52:11 -- 		 max: 3 (max found at subject)
10/03/2026 10:52:11 -- 		 shacl-min: 1
10/03/2026 10:52:11 -- 	N11f3d5745a7c4d6481ff82f54af1191a | http://data.europa.eu/eli/ontology#description > [no object/datatype]
10/03/2026 10:52:11 -- 		 min: 0 (min found at subject)
10/03/2026 10:52:11 -- 		 max: 2 (max found at subject)
10/03/2026 10:52:11 -- 	N95dfb68ad7b347b8948dcaa42e102869 | http://www.w3.org/ns/prov#value > [no object/datatype]
10/03/2026 10:52:11 -- 		 min: 1 (min found at subject)
10/03/2026 10:52:11 -- 		 max: 3 (max found at subject)
10/03/2026 10:52:11 -- 		 shacl-min: 1
10/03/2026 10:52:11 -- 	N0d481d21e2a44d47942c33a239955758 | http://www.w3.org/ns/prov#wasGeneratedBy > http://data.vlaanderen.be/ns/besluit#BehandelingVanAgendapunt
10/03/2026 10:52:11 -- 		 min: 0 (min found at subject)
10/03/2026 10:52:11 -- 		 max: 1 (max found at subject)
10/03/2026 10:52:11 -- 		 shacl-max: 1
10/03/2026 10:52:11 -- 	N8099b3373ac24bf5b9e81748dac2a994 | http://www.w3.org/ns/prov#wasDerivedFrom > http://xmlns.com/foaf/0.1/Document
10/03/2026 10:52:11 -- 		 min: 0 (min found at subject)
10/03/2026 10:52:11 -- 		 max: 2 (max found at subject)
10/03/2026 10:52:11 -- 	N7f46d1a9b935439b942564bd2b7eb991 | http://www.w3.org/ns/prov#wasDerivedFrom > https://data.vlaanderen.be/id/concept/BesluitDocumentType/9d5bfaca-bbf2-49dd-a830-769f91a6377b
10/03/2026 10:52:11 -- 		 min: 0 (min found at subject)
10/03/2026 10:52:11 -- 		 max: 2 (max found at subject)
10/03/2026 10:52:11 -- 	N38eefbf3d64244be9b76c7f5a3b95109 | http://mu.semte.ch/vocabularies/core/uuid > [no object/datatype]
10/03/2026 10:52:11 -- 		 min: 1 (min found at subject)
10/03/2026 10:52:11 -- 		 max: 1 (max found at subject)
10/03/2026 10:52:11 -- 		 shacl-min: 1
10/03/2026 10:52:11 -- 		 shacl-max: 1
10/03/2026 10:52:11 -- 	N4d0e2c39404d4c9a955f901d5a2ae6f9 | http://data.europa.eu/eli/ontology#date_publication > [no object/datatype]
10/03/2026 10:52:11 -- 		 min: 0 (min found at subject)
10/03/2026 10:52:11 -- 		 max: 2 (max found at subject)
10/03/2026 10:52:11 -- 	N019944af126f419da820682951d70521 | http://data.europa.eu/eli/ontology#language > http://www.w3.org/2004/02/skos/core#Concept
10/03/2026 10:52:11 -- 		 min: 1 (min found at subject)
10/03/2026 10:52:11 -- 		 max: 2 (max found at subject)
10/03/2026 10:52:11 -- 		 shacl-min: 1
10/03/2026 10:52:11 -- 	Nc12803d76eaf4870b55b3cddd37f427c | http://lblod.data.gift/vocabularies/besluit/extractedDecisionContent > [no object/datatype]
10/03/2026 10:52:11 -- 		 min: 1 (min found at subject)
10/03/2026 10:52:11 -- 		 max: 44 (max found at subject)
10/03/2026 10:52:11 -- 		 shacl-min: 1
10/03/2026 10:52:11 -- 	N7506d79614934445b941f8755d1975d4 | http://data.europa.eu/eli/ontology#related_to > http://xmlns.com/foaf/0.1/Document
10/03/2026 10:52:11 -- 		 min: 0 (min found at subject)
10/03/2026 10:52:11 -- 		 max: 1 (max found at subject)
10/03/2026 10:52:11 -- 		 shacl-max: 1
10/03/2026 10:52:11 -- 	N80dbee6304044a7e823bd2ae8b715ae7 | http://data.europa.eu/eli/ontology#passed_by > http://data.vlaanderen.be/ns/besluit#Bestuursorgaan
10/03/2026 10:52:11 -- 		 min: 0 (min found at subject)
10/03/2026 10:52:11 -- 		 max: 1 (max found at subject)
10/03/2026 10:52:11 -- 		 shacl-max: 1
10/03/2026 10:52:11 -- 	Nbddce543505948c4960a98690125d99a | http://lblod.data.gift/vocabularies/editor/isLumpNode > [no object/datatype]
10/03/2026 10:52:11 -- 		 min: 0 (min found at subject)
10/03/2026 10:52:11 -- 		 max: 1 (max found at subject)
10/03/2026 10:52:11 -- 		 shacl-max: 1
10/03/2026 10:52:11 -- 	Nc086ebfb62894639bb52834a89711002 | http://data.vlaanderen.be/ns/besluit#motivering > [no object/datatype]
10/03/2026 10:52:11 -- 		 min: 1 (min found at subject)
10/03/2026 10:52:11 -- 		 max: 3 (max found at subject)
10/03/2026 10:52:11 -- 		 shacl-min: 1
10/03/2026 10:52:11 -- 	N11affac3f12040519ff48faf63f5f460 | http://data.europa.eu/eli/ontology#has_part > http://data.vlaanderen.be/ns/besluit#Artikel
10/03/2026 10:52:11 -- 		 min: 0 (min found at subject)
10/03/2026 10:52:11 -- 		 max: 18 (max found at subject)
10/03/2026 10:52:11 -- http://example.com/shapes/7a1e61e5-dd58-4ad5-b1d9-7f15e6fc0363 ~ https://data.vlaanderen.be/id/concept/BesluitType/8bdc614a-d2f2-44c0-8cb1-447b1017d312
10/03/2026 10:52:11 -- 	N4ad1f1b0ee6641a3806cd9733c7553b4 | http://data.europa.eu/eli/ontology#language > http://www.w3.org/2004/02/skos/core#Concept
10/03/2026 10:52:11 -- 		 min: 1 (min found at subject)
10/03/2026 10:52:11 -- 		 max: 1 (max found at subject)
10/03/2026 10:52:11 -- 		 shacl-min: 1
10/03/2026 10:52:11 -- 		 shacl-max: 1
10/03/2026 10:52:11 -- 	Ne98c1e099537476f918935bf0f76f13a | http://www.w3.org/ns/prov#value > [no object/datatype]
10/03/2026 10:52:11 -- 		 min: 0 (min found at subject)
10/03/2026 10:52:11 -- 		 max: 1 (max found at subject)
10/03/2026 10:52:11 -- 		 shacl-max: 1
10/03/2026 10:52:11 -- 	N98da8703c3b143c59c7aef4cf3914a72 | http://data.europa.eu/eli/ontology#has_part > http://data.vlaanderen.be/ns/besluit#Artikel
10/03/2026 10:52:11 -- 		 min: 0 (min found at subject)
10/03/2026 10:52:11 -- 		 max: 6 (max found at subject)
10/03/2026 10:52:11 -- 	N72c412b50b954cb58d01c5cefb7248fc | http://data.europa.eu/eli/ontology#description > [no object/datatype]
10/03/2026 10:52:11 -- 		 min: 1 (min found at subject)
10/03/2026 10:52:11 -- 		 max: 2 (max found at subject)
10/03/2026 10:52:11 -- 		 shacl-min: 1
10/03/2026 10:52:11 -- 	N40c67ddc857842dcb957c8a1ff3a3ee6 | http://data.vlaanderen.be/ns/besluit#motivering > [no object/datatype]
10/03/2026 10:52:11 -- 		 min: 0 (min found at subject)
10/03/2026 10:52:11 -- 		 max: 1 (max found at subject)
10/03/2026 10:52:11 -- 		 shacl-max: 1
10/03/2026 10:52:11 -- 	N9470a2e54bb84b8fbaeb0738c6e6e049 | http://data.europa.eu/eli/ontology#passed_by > http://data.vlaanderen.be/ns/besluit#Bestuursorgaan
10/03/2026 10:52:11 -- 		 min: 0 (min found at subject)
10/03/2026 10:52:11 -- 		 max: 1 (max found at subject)
10/03/2026 10:52:11 -- 		 shacl-max: 1
10/03/2026 10:52:11 -- 	N67768739f96c4ce484f422146205817e | http://data.europa.eu/eli/ontology#date_publication > [no object/datatype]
10/03/2026 10:52:11 -- 		 min: 0 (min found at subject)
10/03/2026 10:52:11 -- 		 max: 2 (max found at subject)
10/03/2026 10:52:11 -- 	Nec6feb86d11c4c7d943891a2d7045aaa | http://www.w3.org/ns/prov#wasDerivedFrom > http://xmlns.com/foaf/0.1/Document
10/03/2026 10:52:11 -- 		 min: 0 (min found at subject)
10/03/2026 10:52:11 -- 		 max: 1 (max found at subject)
10/03/2026 10:52:11 -- 		 shacl-max: 1
10/03/2026 10:52:11 -- 	N5887d9fb1888408c8048ffd573f253c0 | http://www.w3.org/ns/prov#wasDerivedFrom > https://data.vlaanderen.be/id/concept/BesluitDocumentType/9d5bfaca-bbf2-49dd-a830-769f91a6377b
10/03/2026 10:52:11 -- 		 min: 0 (min found at subject)
10/03/2026 10:52:11 -- 		 max: 1 (max found at subject)
10/03/2026 10:52:11 -- 		 shacl-max: 1
10/03/2026 10:52:11 -- 	N066350b407374e328d7af4222bbb2065 | http://data.europa.eu/eli/ontology#title > [no object/datatype]
10/03/2026 10:52:11 -- 		 min: 1 (min found at subject)
10/03/2026 10:52:11 -- 		 max: 2 (max found at subject)
10/03/2026 10:52:11 -- 		 shacl-min: 1
10/03/2026 10:52:11 -- 	N66c45751c25f4b66ba235cefbea1bbaa | http://lblod.data.gift/vocabularies/besluit/extractedDecisionContent > [no object/datatype]
10/03/2026 10:52:11 -- 		 min: 0 (min found at subject)
10/03/2026 10:52:11 -- 		 max: 39 (max found at subject)
10/03/2026 10:52:11 -- 	N6b3445bbea464f3788222077543cf482 | http://www.w3.org/ns/prov#wasGeneratedBy > http://data.vlaanderen.be/ns/besluit#BehandelingVanAgendapunt
10/03/2026 10:52:11 -- 		 min: 0 (min found at subject)
10/03/2026 10:52:11 -- 		 max: 1 (max found at subject)
10/03/2026 10:52:11 -- 		 shacl-max: 1
10/03/2026 10:52:11 -- 	Naa47dd9d7fb14f2cabc03478f729bc6e | http://mu.semte.ch/vocabularies/core/uuid > [no object/datatype]
10/03/2026 10:52:11 -- 		 min: 1 (min found at subject)
10/03/2026 10:52:11 -- 		 max: 1 (max found at subject)
10/03/2026 10:52:11 -- 		 shacl-min: 1
10/03/2026 10:52:11 -- 		 shacl-max: 1
10/03/2026 10:52:11 -- http://example.com/shapes/cd905d9f-a08b-46b2-9d3b-9c6d9aa7d993 ~ https://data.vlaanderen.be/id/concept/BesluitType/8d8a75bf-f639-44ae-bcce-50b8f760cc3c
10/03/2026 10:52:11 -- 	Nf92421a21e474e0383f4c0ff88112adb | http://lblod.data.gift/vocabularies/besluit/extractedDecisionContent > [no object/datatype]
10/03/2026 10:52:11 -- 		 min: 7 (min found at subject)
10/03/2026 10:52:11 -- 		 max: 34 (max found at subject)
10/03/2026 10:52:11 -- 		 shacl-min: 1
10/03/2026 10:52:11 -- 	Na1a414b385c94c6ab6b65ebf2543ddc5 | http://www.w3.org/ns/prov#value > [no object/datatype]
10/03/2026 10:52:11 -- 		 min: 1 (min found at subject)
10/03/2026 10:52:11 -- 		 max: 2 (max found at subject)
10/03/2026 10:52:11 -- 		 shacl-min: 1
10/03/2026 10:52:11 -- 	N5146bc58e8fb4956a848c446264c7b57 | http://data.europa.eu/eli/ontology#title > [no object/datatype]
10/03/2026 10:52:11 -- 		 min: 1 (min found at subject)
10/03/2026 10:52:11 -- 		 max: 1 (max found at subject)
10/03/2026 10:52:11 -- 		 shacl-min: 1
10/03/2026 10:52:11 -- 		 shacl-max: 1
10/03/2026 10:52:11 -- 	N152f1840566545d2b8464226a34ce63f | http://data.europa.eu/eli/ontology#description > [no object/datatype]
10/03/2026 10:52:11 -- 		 min: 0 (min found at subject)
10/03/2026 10:52:11 -- 		 max: 1 (max found at subject)
10/03/2026 10:52:11 -- 		 shacl-max: 1
10/03/2026 10:52:11 -- 	N9a08df1bb1b54c84b70b21f5d7db6a67 | http://www.w3.org/ns/prov#wasGeneratedBy > http://data.vlaanderen.be/ns/besluit#BehandelingVanAgendapunt
10/03/2026 10:52:11 -- 		 min: 1 (min found at subject)
10/03/2026 10:52:11 -- 		 max: 1 (max found at subject)
10/03/2026 10:52:11 -- 		 shacl-min: 1
10/03/2026 10:52:11 -- 		 shacl-max: 1
10/03/2026 10:52:11 -- 	N12f52eec6b784e179a98201ad4394bca | http://www.w3.org/ns/prov#wasDerivedFrom > [no object/datatype]
10/03/2026 10:52:11 -- 		 min: 2 (min found at subject)
10/03/2026 10:52:11 -- 		 max: 3 (max found at subject)
10/03/2026 10:52:11 -- 		 shacl-min: 1
10/03/2026 10:52:11 -- 	Nea2f7b369a4e40aa980d962604641ad0 | http://data.vlaanderen.be/ns/besluit#motivering > [no object/datatype]
10/03/2026 10:52:11 -- 		 min: 1 (min found at subject)
10/03/2026 10:52:11 -- 		 max: 2 (max found at subject)
10/03/2026 10:52:11 -- 		 shacl-min: 1
10/03/2026 10:52:11 -- 	Nd3b77e499c6f4caba9922f0a13e7a163 | http://mu.semte.ch/vocabularies/core/uuid > [no object/datatype]
10/03/2026 10:52:11 -- 		 min: 1 (min found at subject)
10/03/2026 10:52:11 -- 		 max: 1 (max found at subject)
10/03/2026 10:52:11 -- 		 shacl-min: 1
10/03/2026 10:52:11 -- 		 shacl-max: 1
10/03/2026 10:52:11 -- 	N9ab12e7fb3114b0dafced4361d5df450 | http://data.europa.eu/eli/ontology#passed_by > http://data.vlaanderen.be/ns/besluit#Bestuursorgaan
10/03/2026 10:52:11 -- 		 min: 1 (min found at subject)
10/03/2026 10:52:11 -- 		 max: 1 (max found at subject)
10/03/2026 10:52:11 -- 		 shacl-min: 1
10/03/2026 10:52:11 -- 		 shacl-max: 1
10/03/2026 10:52:11 -- 	Nf85817cf05be4865bb2ce0dbbd34bb2a | http://data.europa.eu/eli/ontology#language > http://www.w3.org/2004/02/skos/core#Concept
10/03/2026 10:52:11 -- 		 min: 1 (min found at subject)
10/03/2026 10:52:11 -- 		 max: 1 (max found at subject)
10/03/2026 10:52:11 -- 		 shacl-min: 1
10/03/2026 10:52:11 -- 		 shacl-max: 1
10/03/2026 10:52:11 -- http://example.com/shapes/3824384c-ff28-45cd-bb7c-2b597d541974 ~ https://data.vlaanderen.be/id/concept/BesluitType/94657ec2-e8a1-411f-bb96-d0ea517d7051
10/03/2026 10:52:11 -- 	Nccea86f4f9af4edd9f76f525e084529c | http://www.w3.org/ns/prov#wasDerivedFrom > [no object/datatype]
10/03/2026 10:52:11 -- 		 min: 2 (min found at subject)
10/03/2026 10:52:11 -- 		 max: 2 (max found at subject)
10/03/2026 10:52:11 -- 		 shacl-min: 2
10/03/2026 10:52:11 -- 	N488607606edd41b0988d838bf4df17be | http://data.europa.eu/eli/ontology#passed_by > http://data.vlaanderen.be/ns/besluit#Bestuursorgaan
10/03/2026 10:52:11 -- 		 min: 1 (min found at subject)
10/03/2026 10:52:11 -- 		 max: 1 (max found at subject)
10/03/2026 10:52:11 -- 		 shacl-min: 1
10/03/2026 10:52:11 -- 		 shacl-max: 1
10/03/2026 10:52:11 -- 	N5ae60f81ed6248c5b47f489dc6d3ca61 | http://www.w3.org/ns/prov#wasGeneratedBy > http://data.vlaanderen.be/ns/besluit#BehandelingVanAgendapunt
10/03/2026 10:52:11 -- 		 min: 1 (min found at subject)
10/03/2026 10:52:11 -- 		 max: 1 (max found at subject)
10/03/2026 10:52:11 -- 		 shacl-min: 1
10/03/2026 10:52:11 -- 		 shacl-max: 1
10/03/2026 10:52:11 -- 	Ncc9fbbf5faf9407c9e3072beebc95f7f | http://data.vlaanderen.be/ns/besluit#motivering > [no object/datatype]
10/03/2026 10:52:11 -- 		 min: 1 (min found at subject)
10/03/2026 10:52:11 -- 		 max: 1 (max found at subject)
10/03/2026 10:52:11 -- 		 shacl-min: 1
10/03/2026 10:52:11 -- 		 shacl-max: 1
10/03/2026 10:52:11 -- 	N489860f700e643248aff8057c8be8726 | http://www.w3.org/ns/prov#value > [no object/datatype]
10/03/2026 10:52:11 -- 		 min: 1 (min found at subject)
10/03/2026 10:52:11 -- 		 max: 1 (max found at subject)
10/03/2026 10:52:11 -- 		 shacl-min: 1
10/03/2026 10:52:11 -- 		 shacl-max: 1
10/03/2026 10:52:11 -- 	N0f0e9214d2c4429baf733dc288de677a | http://lblod.data.gift/vocabularies/besluit/extractedDecisionContent > [no object/datatype]
10/03/2026 10:52:11 -- 		 min: 15 (min found at subject)
10/03/2026 10:52:11 -- 		 max: 21 (max found at subject)
10/03/2026 10:52:11 -- 		 shacl-min: 1
10/03/2026 10:52:11 -- 	Nf18154e238174f2b9b799bbfb23a0ccc | http://data.europa.eu/eli/ontology#title > [no object/datatype]
10/03/2026 10:52:11 -- 		 min: 1 (min found at subject)
10/03/2026 10:52:11 -- 		 max: 1 (max found at subject)
10/03/2026 10:52:11 -- 		 shacl-min: 1
10/03/2026 10:52:11 -- 		 shacl-max: 1
10/03/2026 10:52:11 -- 	N5397913b3d874ae5ac4c63aaafa931d1 | http://data.europa.eu/eli/ontology#description > [no object/datatype]
10/03/2026 10:52:11 -- 		 min: 1 (min found at subject)
10/03/2026 10:52:11 -- 		 max: 1 (max found at subject)
10/03/2026 10:52:11 -- 		 shacl-min: 1
10/03/2026 10:52:11 -- 		 shacl-max: 1
10/03/2026 10:52:11 -- 	N2a5a6bf2affe4e1e969b48af5f1893db | http://data.europa.eu/eli/ontology#language > http://www.w3.org/2004/02/skos/core#Concept
10/03/2026 10:52:11 -- 		 min: 1 (min found at subject)
10/03/2026 10:52:11 -- 		 max: 1 (max found at subject)
10/03/2026 10:52:11 -- 		 shacl-min: 1
10/03/2026 10:52:11 -- 		 shacl-max: 1
10/03/2026 10:52:11 -- 	N8c82f7487fc64bea870c766ab5aa9371 | http://mu.semte.ch/vocabularies/core/uuid > [no object/datatype]
10/03/2026 10:52:11 -- 		 min: 1 (min found at subject)
10/03/2026 10:52:11 -- 		 max: 1 (max found at subject)
10/03/2026 10:52:11 -- 		 shacl-min: 1
10/03/2026 10:52:11 -- 		 shacl-max: 1
10/03/2026 10:52:11 -- http://example.com/shapes/39987571-3ef5-4b42-9fef-ae380af21311 ~ https://data.vlaanderen.be/id/concept/BesluitType/9a02d21f-fdc4-455e-8892-c2ae1d33759a
10/03/2026 10:52:11 -- 	N3c31264168734dd38ddbe4ab455f485c | http://data.europa.eu/eli/ontology#title > [no object/datatype]
10/03/2026 10:52:11 -- 		 min: 1 (min found at subject)
10/03/2026 10:52:11 -- 		 max: 2 (max found at subject)
10/03/2026 10:52:11 -- 		 shacl-min: 1
10/03/2026 10:52:11 -- 	N8182609745804a45884bd80a64e5a57a | http://lblod.data.gift/vocabularies/besluit/extractedDecisionContent > [no object/datatype]
10/03/2026 10:52:11 -- 		 min: 15 (min found at subject)
10/03/2026 10:52:11 -- 		 max: 33 (max found at subject)
10/03/2026 10:52:11 -- 		 shacl-min: 1
10/03/2026 10:52:11 -- 	Nac9e73bc19874536b7a48ff1b2db7cdf | http://www.w3.org/ns/prov#wasDerivedFrom > [no object/datatype]
10/03/2026 10:52:11 -- 		 min: 2 (min found at subject)
10/03/2026 10:52:11 -- 		 max: 3 (max found at subject)
10/03/2026 10:52:11 -- 		 shacl-min: 1
10/03/2026 10:52:11 -- 	N444b50149efb4349a06f433fa9897ab5 | http://www.w3.org/ns/prov#value > [no object/datatype]
10/03/2026 10:52:11 -- 		 min: 1 (min found at subject)
10/03/2026 10:52:11 -- 		 max: 2 (max found at subject)
10/03/2026 10:52:11 -- 		 shacl-min: 1
10/03/2026 10:52:11 -- 	Nc5795bbb5069417bbeee479a7ed1b991 | http://data.vlaanderen.be/ns/besluit#motivering > [no object/datatype]
10/03/2026 10:52:11 -- 		 min: 1 (min found at subject)
10/03/2026 10:52:11 -- 		 max: 2 (max found at subject)
10/03/2026 10:52:11 -- 		 shacl-min: 1
10/03/2026 10:52:11 -- 	Ne7be188d51404838b80ebfe5bc37146d | http://mu.semte.ch/vocabularies/core/uuid > [no object/datatype]
10/03/2026 10:52:11 -- 		 min: 1 (min found at subject)
10/03/2026 10:52:11 -- 		 max: 1 (max found at subject)
10/03/2026 10:52:11 -- 		 shacl-min: 1
10/03/2026 10:52:11 -- 		 shacl-max: 1
10/03/2026 10:52:11 -- 	Na89af93d17d64a769504d6f42a3d5f14 | http://data.europa.eu/eli/ontology#description > [no object/datatype]
10/03/2026 10:52:11 -- 		 min: 0 (min found at subject)
10/03/2026 10:52:11 -- 		 max: 1 (max found at subject)
10/03/2026 10:52:11 -- 		 shacl-max: 1
10/03/2026 10:52:11 -- 	N3cd54c16778942bdbf1b15b37aabb72d | http://data.europa.eu/eli/ontology#language > http://www.w3.org/2004/02/skos/core#Concept
10/03/2026 10:52:11 -- 		 min: 1 (min found at subject)
10/03/2026 10:52:11 -- 		 max: 1 (max found at subject)
10/03/2026 10:52:11 -- 		 shacl-min: 1
10/03/2026 10:52:11 -- 		 shacl-max: 1
10/03/2026 10:52:11 -- 	Na1ead5c0cf16480588ae71fc4d7ab760 | http://data.europa.eu/eli/ontology#passed_by > http://data.vlaanderen.be/ns/besluit#Bestuursorgaan
10/03/2026 10:52:11 -- 		 min: 1 (min found at subject)
10/03/2026 10:52:11 -- 		 max: 1 (max found at subject)
10/03/2026 10:52:11 -- 		 shacl-min: 1
10/03/2026 10:52:11 -- 		 shacl-max: 1
10/03/2026 10:52:11 -- 	N974b1989a76940b182e853dc99c0d2b1 | http://www.w3.org/ns/prov#wasGeneratedBy > http://data.vlaanderen.be/ns/besluit#BehandelingVanAgendapunt
10/03/2026 10:52:11 -- 		 min: 1 (min found at subject)
10/03/2026 10:52:11 -- 		 max: 1 (max found at subject)
10/03/2026 10:52:11 -- 		 shacl-min: 1
10/03/2026 10:52:11 -- 		 shacl-max: 1
10/03/2026 10:52:11 -- http://example.com/shapes/8fb7cb9c-be82-454c-a616-7261be56f181 ~ https://data.vlaanderen.be/id/concept/BesluitType/9f12dc58-18ba-4a1f-9e7a-cf73d0b4f025
10/03/2026 10:52:11 -- 	N620b28e420274e16a4c312b49c9b63eb | http://data.europa.eu/eli/ontology#description > [no object/datatype]
10/03/2026 10:52:11 -- 		 min: 1 (min found at subject)
10/03/2026 10:52:11 -- 		 max: 2 (max found at subject)
10/03/2026 10:52:11 -- 		 shacl-min: 1
10/03/2026 10:52:11 -- 	Nf54083f176e64794bc6a75cbe0136f80 | http://www.w3.org/ns/prov#value > [no object/datatype]
10/03/2026 10:52:11 -- 		 min: 1 (min found at subject)
10/03/2026 10:52:11 -- 		 max: 2 (max found at subject)
10/03/2026 10:52:11 -- 		 shacl-min: 1
10/03/2026 10:52:11 -- 	N536157ad245d4aaf99813b099011bc8b | http://data.europa.eu/eli/ontology#has_part > http://data.vlaanderen.be/ns/besluit#Artikel
10/03/2026 10:52:11 -- 		 min: 0 (min found at subject)
10/03/2026 10:52:11 -- 		 max: 3 (max found at subject)
10/03/2026 10:52:11 -- 	N10d2caf1ec2d49dcad913536e2b7c7e8 | http://mu.semte.ch/vocabularies/core/uuid > [no object/datatype]
10/03/2026 10:52:11 -- 		 min: 1 (min found at subject)
10/03/2026 10:52:11 -- 		 max: 1 (max found at subject)
10/03/2026 10:52:11 -- 		 shacl-min: 1
10/03/2026 10:52:11 -- 		 shacl-max: 1
10/03/2026 10:52:11 -- 	N0a76e8252e784bc7bc8a38e705e5a8c5 | http://data.europa.eu/eli/ontology#passed_by > http://data.vlaanderen.be/ns/besluit#Bestuursorgaan
10/03/2026 10:52:11 -- 		 min: 1 (min found at subject)
10/03/2026 10:52:11 -- 		 max: 1 (max found at subject)
10/03/2026 10:52:11 -- 		 shacl-min: 1
10/03/2026 10:52:11 -- 		 shacl-max: 1
10/03/2026 10:52:11 -- 	N52595b5f14474bb3aead2b54df18ec10 | http://data.europa.eu/eli/ontology#date_publication > [no object/datatype]
10/03/2026 10:52:11 -- 		 min: 0 (min found at subject)
10/03/2026 10:52:11 -- 		 max: 1 (max found at subject)
10/03/2026 10:52:11 -- 		 shacl-max: 1
10/03/2026 10:52:11 -- 	Nb0c772fc0f40494fb00ad2357002c5b1 | http://www.w3.org/ns/prov#wasGeneratedBy > http://data.vlaanderen.be/ns/besluit#BehandelingVanAgendapunt
10/03/2026 10:52:11 -- 		 min: 1 (min found at subject)
10/03/2026 10:52:11 -- 		 max: 1 (max found at subject)
10/03/2026 10:52:11 -- 		 shacl-min: 1
10/03/2026 10:52:11 -- 		 shacl-max: 1
10/03/2026 10:52:11 -- 	Nb5a9301823b84de7a4357e5266f19b20 | http://www.w3.org/ns/prov#wasDerivedFrom > http://data.vlaanderen.be/ns/mandaat#Mandataris
10/03/2026 10:52:11 -- 		 min: 0 (min found at subject)
10/03/2026 10:52:11 -- 		 max: 1 (max found at subject)
10/03/2026 10:52:11 -- 		 shacl-max: 1
10/03/2026 10:52:11 -- 	Nf388c78ef00e491f8492176d4c0f5188 | http://www.w3.org/ns/prov#wasDerivedFrom > http://xmlns.com/foaf/0.1/Document
10/03/2026 10:52:11 -- 		 min: 0 (min found at subject)
10/03/2026 10:52:11 -- 		 max: 1 (max found at subject)
10/03/2026 10:52:11 -- 		 shacl-max: 1
10/03/2026 10:52:11 -- 	N52737750d58e4d9ebc91258055c055f3 | http://www.w3.org/ns/prov#wasDerivedFrom > https://data.vlaanderen.be/id/concept/BesluitDocumentType/9d5bfaca-bbf2-49dd-a830-769f91a6377b
10/03/2026 10:52:11 -- 		 min: 0 (min found at subject)
10/03/2026 10:52:11 -- 		 max: 1 (max found at subject)
10/03/2026 10:52:11 -- 		 shacl-max: 1
10/03/2026 10:52:11 -- 	Nfd120a95159a42da8d8c003d6b5251ae | http://data.europa.eu/eli/ontology#title > [no object/datatype]
10/03/2026 10:52:11 -- 		 min: 1 (min found at subject)
10/03/2026 10:52:11 -- 		 max: 2 (max found at subject)
10/03/2026 10:52:11 -- 		 shacl-min: 1
10/03/2026 10:52:11 -- 	Nec8943e2b1714e1681d8c8f341609066 | http://lblod.data.gift/vocabularies/besluit/extractedDecisionContent > [no object/datatype]
10/03/2026 10:52:11 -- 		 min: 6 (min found at subject)
10/03/2026 10:52:11 -- 		 max: 24 (max found at subject)
10/03/2026 10:52:11 -- 		 shacl-min: 1
10/03/2026 10:52:11 -- 	Ne83dc799dfd946bf9d0d10d53a2d593e | http://data.vlaanderen.be/ns/besluit#motivering > [no object/datatype]
10/03/2026 10:52:11 -- 		 min: 1 (min found at subject)
10/03/2026 10:52:11 -- 		 max: 2 (max found at subject)
10/03/2026 10:52:11 -- 		 shacl-min: 1
10/03/2026 10:52:11 -- 	N1e2fcc6f234f450f9c41e0b4d4d1bbe9 | http://data.europa.eu/eli/ontology#language > http://www.w3.org/2004/02/skos/core#Concept
10/03/2026 10:52:11 -- 		 min: 1 (min found at subject)
10/03/2026 10:52:11 -- 		 max: 1 (max found at subject)
10/03/2026 10:52:11 -- 		 shacl-min: 1
10/03/2026 10:52:11 -- 		 shacl-max: 1
10/03/2026 10:52:11 -- http://example.com/shapes/482a20e8-1ec9-453e-a7ba-bdc1c94be98e ~ https://data.vlaanderen.be/id/concept/BesluitType/a0a709a7-ac07-4457-8d40-de4aea9b1432
10/03/2026 10:52:11 -- 	N35fb58ad0c7b4519a6058ec3c8b0fbe0 | http://data.europa.eu/eli/ontology#cites > http://data.europa.eu/eli/ontology#LegalExpression
10/03/2026 10:52:11 -- 		 min: 0 (min found at subject)
10/03/2026 10:52:11 -- 		 max: 5 (max found at subject)
10/03/2026 10:52:11 -- 	N2b2bb26266984ca59517e24dfbdfd43f | http://data.vlaanderen.be/ns/besluit#motivering > [no object/datatype]
10/03/2026 10:52:11 -- 		 min: 1 (min found at subject)
10/03/2026 10:52:11 -- 		 max: 2 (max found at subject)
10/03/2026 10:52:11 -- 		 shacl-min: 1
10/03/2026 10:52:11 -- 	N64445b3c57f34267a902e7e12b2c3b36 | http://mu.semte.ch/vocabularies/core/uuid > [no object/datatype]
10/03/2026 10:52:11 -- 		 min: 1 (min found at subject)
10/03/2026 10:52:11 -- 		 max: 1 (max found at subject)
10/03/2026 10:52:11 -- 		 shacl-min: 1
10/03/2026 10:52:11 -- 		 shacl-max: 1
10/03/2026 10:52:11 -- 	N6e621392874b4c2085e223dc8a85ee10 | http://www.w3.org/ns/prov#wasGeneratedBy > http://data.vlaanderen.be/ns/besluit#BehandelingVanAgendapunt
10/03/2026 10:52:11 -- 		 min: 0 (min found at subject)
10/03/2026 10:52:11 -- 		 max: 1 (max found at subject)
10/03/2026 10:52:11 -- 		 shacl-max: 1
10/03/2026 10:52:11 -- 	Nc0157929295145098ec48197cb0ae5ae | http://data.europa.eu/eli/ontology#has_part > http://data.vlaanderen.be/ns/besluit#Artikel
10/03/2026 10:52:11 -- 		 min: 0 (min found at subject)
10/03/2026 10:52:11 -- 		 max: 1 (max found at subject)
10/03/2026 10:52:11 -- 		 shacl-max: 1
10/03/2026 10:52:11 -- 	Nea96dca39d204b8487be508ba3ade8d5 | http://www.w3.org/ns/prov#wasDerivedFrom > http://xmlns.com/foaf/0.1/Document
10/03/2026 10:52:11 -- 		 min: 0 (min found at subject)
10/03/2026 10:52:11 -- 		 max: 1 (max found at subject)
10/03/2026 10:52:11 -- 		 shacl-max: 1
10/03/2026 10:52:11 -- 	Nacbae3c8c3e145c1a236c47fce782bdb | http://www.w3.org/ns/prov#wasDerivedFrom > https://data.vlaanderen.be/id/concept/BesluitDocumentType/9d5bfaca-bbf2-49dd-a830-769f91a6377b
10/03/2026 10:52:11 -- 		 min: 0 (min found at subject)
10/03/2026 10:52:11 -- 		 max: 1 (max found at subject)
10/03/2026 10:52:11 -- 		 shacl-max: 1
10/03/2026 10:52:11 -- 	Nb7c0a94a0ca640859ead5cacde18370f | http://data.europa.eu/eli/ontology#passed_by > http://data.vlaanderen.be/ns/besluit#Bestuursorgaan
10/03/2026 10:52:11 -- 		 min: 0 (min found at subject)
10/03/2026 10:52:11 -- 		 max: 1 (max found at subject)
10/03/2026 10:52:11 -- 		 shacl-max: 1
10/03/2026 10:52:11 -- 	N80ad9d07edc54c7a83afcbc25403dc1b | http://data.europa.eu/eli/ontology#description > [no object/datatype]
10/03/2026 10:52:11 -- 		 min: 0 (min found at subject)
10/03/2026 10:52:11 -- 		 max: 2 (max found at subject)
10/03/2026 10:52:11 -- 	N92f7d4f84c8f43649a2abd4cccbf80ff | http://lblod.data.gift/vocabularies/besluit/extractedDecisionContent > [no object/datatype]
10/03/2026 10:52:11 -- 		 min: 0 (min found at subject)
10/03/2026 10:52:11 -- 		 max: 40 (max found at subject)
10/03/2026 10:52:11 -- 	N5edc3f022cc245aaa2a4538eb5916d5c | http://data.europa.eu/eli/ontology#date_publication > [no object/datatype]
10/03/2026 10:52:11 -- 		 min: 0 (min found at subject)
10/03/2026 10:52:11 -- 		 max: 1 (max found at subject)
10/03/2026 10:52:11 -- 		 shacl-max: 1
10/03/2026 10:52:11 -- 	N9ecccac67e4f4132ab4d24ad5c76e6ee | http://data.europa.eu/eli/ontology#related_to > http://xmlns.com/foaf/0.1/Document
10/03/2026 10:52:11 -- 		 min: 0 (min found at subject)
10/03/2026 10:52:11 -- 		 max: 6 (max found at subject)
10/03/2026 10:52:11 -- 	N311068bf68f04eb5badf257c1eb3d77f | http://data.europa.eu/eli/ontology#language > http://www.w3.org/2004/02/skos/core#Concept
10/03/2026 10:52:11 -- 		 min: 1 (min found at subject)
10/03/2026 10:52:11 -- 		 max: 1 (max found at subject)
10/03/2026 10:52:11 -- 		 shacl-min: 1
10/03/2026 10:52:11 -- 		 shacl-max: 1
10/03/2026 10:52:11 -- 	N7678404b010b492fb4fd52c625ca009f | http://www.w3.org/ns/prov#value > [no object/datatype]
10/03/2026 10:52:11 -- 		 min: 0 (min found at subject)
10/03/2026 10:52:11 -- 		 max: 2 (max found at subject)
10/03/2026 10:52:11 -- 	Nd83724607898408ba179d044f6331931 | http://data.europa.eu/eli/ontology#title > [no object/datatype]
10/03/2026 10:52:11 -- 		 min: 1 (min found at subject)
10/03/2026 10:52:11 -- 		 max: 2 (max found at subject)
10/03/2026 10:52:11 -- 		 shacl-min: 1
10/03/2026 10:52:11 -- http://example.com/shapes/1d4b2055-017d-45dd-b3a0-c88ed6dfe3f8 ~ https://data.vlaanderen.be/id/concept/BesluitType/a8486fa3-6375-494d-aa48-e34289b87d5b
10/03/2026 10:52:11 -- 	N067f4861b0ea4e868a1d900c5ccafc37 | http://data.vlaanderen.be/ns/besluit#noreferrer > [no object/datatype]
10/03/2026 10:52:11 -- 		 min: 0 (min found at subject)
10/03/2026 10:52:11 -- 		 max: 9 (max found at subject)
10/03/2026 10:52:11 -- 	N17957b675297436fb10962c636dc2792 | http://data.vlaanderen.be/ns/besluit#noopener > [no object/datatype]
10/03/2026 10:52:11 -- 		 min: 0 (min found at subject)
10/03/2026 10:52:11 -- 		 max: 9 (max found at subject)
10/03/2026 10:52:11 -- 	N1b546f86242446cdbd81744183e41bc0 | http://lblod.data.gift/vocabularies/besluit/extractedDecisionContent > [no object/datatype]
10/03/2026 10:52:11 -- 		 min: 0 (min found at subject)
10/03/2026 10:52:11 -- 		 max: 43 (max found at subject)
10/03/2026 10:52:11 -- 	N05670dc64e1545b2bf85eebc58d32a56 | http://www.w3.org/ns/prov#value > [no object/datatype]
10/03/2026 10:52:11 -- 		 min: 0 (min found at subject)
10/03/2026 10:52:11 -- 		 max: 3 (max found at subject)
10/03/2026 10:52:11 -- 	Nca44c8867dd1413ab9def1e7351de54e | http://data.europa.eu/eli/ontology#cites > http://data.europa.eu/eli/ontology#LegalExpression
10/03/2026 10:52:11 -- 		 min: 0 (min found at subject)
10/03/2026 10:52:11 -- 		 max: 4 (max found at subject)
10/03/2026 10:52:11 -- 	N7ee4a7a0d34a4457882e2023cf6c662f | http://data.europa.eu/eli/ontology#date_publication > [no object/datatype]
10/03/2026 10:52:11 -- 		 min: 0 (min found at subject)
10/03/2026 10:52:11 -- 		 max: 2 (max found at subject)
10/03/2026 10:52:11 -- 	Nf174d0252b7f455480fc939b0752ee6e | http://www.w3.org/ns/prov#wasGeneratedBy > http://data.vlaanderen.be/ns/besluit#BehandelingVanAgendapunt
10/03/2026 10:52:11 -- 		 min: 0 (min found at subject)
10/03/2026 10:52:11 -- 		 max: 1 (max found at subject)
10/03/2026 10:52:11 -- 		 shacl-max: 1
10/03/2026 10:52:11 -- 	N2cbc2083efc642fca967f30670415f55 | http://data.europa.eu/eli/ontology#passed_by > http://data.vlaanderen.be/ns/besluit#Bestuursorgaan
10/03/2026 10:52:11 -- 		 min: 0 (min found at subject)
10/03/2026 10:52:11 -- 		 max: 1 (max found at subject)
10/03/2026 10:52:11 -- 		 shacl-max: 1
10/03/2026 10:52:11 -- 	N8352f142eee34dd4a72ea2980ba163b9 | http://data.europa.eu/eli/ontology#has_part > http://data.vlaanderen.be/ns/besluit#Artikel
10/03/2026 10:52:11 -- 		 min: 0 (min found at subject)
10/03/2026 10:52:11 -- 		 max: 5 (max found at subject)
10/03/2026 10:52:11 -- 	N6d1f35be95514f949b336638a11b3402 | http://data.europa.eu/eli/ontology#title > [no object/datatype]
10/03/2026 10:52:11 -- 		 min: 1 (min found at subject)
10/03/2026 10:52:11 -- 		 max: 2 (max found at subject)
10/03/2026 10:52:11 -- 		 shacl-min: 1
10/03/2026 10:52:11 -- 	N94cd0b11c531427cba36a1c1e124fb58 | http://data.europa.eu/eli/ontology#description > [no object/datatype]
10/03/2026 10:52:11 -- 		 min: 0 (min found at subject)
10/03/2026 10:52:11 -- 		 max: 2 (max found at subject)
10/03/2026 10:52:11 -- 	N30fbc1187a92472eb855a783e1f7d0d2 | http://data.europa.eu/eli/ontology#related_to > http://xmlns.com/foaf/0.1/Document
10/03/2026 10:52:11 -- 		 min: 0 (min found at subject)
10/03/2026 10:52:11 -- 		 max: 1 (max found at subject)
10/03/2026 10:52:11 -- 		 shacl-max: 1
10/03/2026 10:52:11 -- 	N9aeca3f8cfa94467be19191f020b38e7 | http://mu.semte.ch/vocabularies/core/uuid > [no object/datatype]
10/03/2026 10:52:11 -- 		 min: 1 (min found at subject)
10/03/2026 10:52:11 -- 		 max: 1 (max found at subject)
10/03/2026 10:52:11 -- 		 shacl-min: 1
10/03/2026 10:52:11 -- 		 shacl-max: 1
10/03/2026 10:52:11 -- 	Nf5cd6b52402b49739cad59e90fc0dba2 | http://data.europa.eu/eli/ontology#language > http://www.w3.org/2004/02/skos/core#Concept
10/03/2026 10:52:11 -- 		 min: 1 (min found at subject)
10/03/2026 10:52:11 -- 		 max: 1 (max found at subject)
10/03/2026 10:52:11 -- 		 shacl-min: 1
10/03/2026 10:52:11 -- 		 shacl-max: 1
10/03/2026 10:52:11 -- 	N899b1993ca4f4daf9d6f371a342e9317 | http://www.w3.org/ns/prov#wasDerivedFrom > http://xmlns.com/foaf/0.1/Document
10/03/2026 10:52:11 -- 		 min: 0 (min found at subject)
10/03/2026 10:52:11 -- 		 max: 1 (max found at subject)
10/03/2026 10:52:11 -- 		 shacl-max: 1
10/03/2026 10:52:11 -- 	N1308d0483a1d40b7b0be8926634a3745 | http://www.w3.org/ns/prov#wasDerivedFrom > https://data.vlaanderen.be/id/concept/BesluitDocumentType/9d5bfaca-bbf2-49dd-a830-769f91a6377b
10/03/2026 10:52:11 -- 		 min: 0 (min found at subject)
10/03/2026 10:52:11 -- 		 max: 1 (max found at subject)
10/03/2026 10:52:11 -- 		 shacl-max: 1
10/03/2026 10:52:11 -- 	N77e66ea1da804bb0af0cff95ea7da380 | http://data.vlaanderen.be/ns/besluit#motivering > [no object/datatype]
10/03/2026 10:52:11 -- 		 min: 0 (min found at subject)
10/03/2026 10:52:11 -- 		 max: 3 (max found at subject)
10/03/2026 10:52:11 -- http://example.com/shapes/302e9f26-cac9-4119-8b0c-dd8d226f115e ~ https://data.vlaanderen.be/id/concept/BesluitType/a8cdb80d-d409-40ed-bb8b-ddfd0acb28df
10/03/2026 10:52:11 -- 	N8b83e8abdd8c4809aa2893770a99c3a3 | http://www.w3.org/ns/prov#value > [no object/datatype]
10/03/2026 10:52:11 -- 		 min: 2 (min found at subject)
10/03/2026 10:52:11 -- 		 max: 2 (max found at subject)
10/03/2026 10:52:11 -- 		 shacl-min: 2
10/03/2026 10:52:11 -- 	N5a417374bfc74f358e34caf94cb58f62 | http://www.w3.org/ns/prov#wasDerivedFrom > [no object/datatype]
10/03/2026 10:52:11 -- 		 min: 3 (min found at subject)
10/03/2026 10:52:11 -- 		 max: 3 (max found at subject)
10/03/2026 10:52:11 -- 		 shacl-min: 3
10/03/2026 10:52:11 -- 	N95aca7ea234c4b8f93372ce1d56d1bcf | http://data.europa.eu/eli/ontology#title > [no object/datatype]
10/03/2026 10:52:11 -- 		 min: 1 (min found at subject)
10/03/2026 10:52:11 -- 		 max: 1 (max found at subject)
10/03/2026 10:52:11 -- 		 shacl-min: 1
10/03/2026 10:52:11 -- 		 shacl-max: 1
10/03/2026 10:52:11 -- 	N7bc495faee2340dcaf52515ce7cc292f | http://mu.semte.ch/vocabularies/core/uuid > [no object/datatype]
10/03/2026 10:52:11 -- 		 min: 1 (min found at subject)
10/03/2026 10:52:11 -- 		 max: 1 (max found at subject)
10/03/2026 10:52:11 -- 		 shacl-min: 1
10/03/2026 10:52:11 -- 		 shacl-max: 1
10/03/2026 10:52:11 -- 	Na6268354ec60419ba9787c5afd4928f3 | http://www.w3.org/ns/prov#wasGeneratedBy > http://data.vlaanderen.be/ns/besluit#BehandelingVanAgendapunt
10/03/2026 10:52:12 -- 		 min: 1 (min found at subject)
10/03/2026 10:52:12 -- 		 max: 1 (max found at subject)
10/03/2026 10:52:12 -- 		 shacl-min: 1
10/03/2026 10:52:12 -- 		 shacl-max: 1
10/03/2026 10:52:12 -- 	N9d8b13acdc674b14abc3d18183751beb | http://lblod.data.gift/vocabularies/besluit/extractedDecisionContent > [no object/datatype]
10/03/2026 10:52:12 -- 		 min: 39 (min found at subject)
10/03/2026 10:52:12 -- 		 max: 39 (max found at subject)
10/03/2026 10:52:12 -- 		 shacl-min: 39
10/03/2026 10:52:12 -- 	Na5da8a5cbfc94846a6a34f31a63f5998 | http://data.europa.eu/eli/ontology#language > http://www.w3.org/2004/02/skos/core#Concept
10/03/2026 10:52:12 -- 		 min: 1 (min found at subject)
10/03/2026 10:52:12 -- 		 max: 1 (max found at subject)
10/03/2026 10:52:12 -- 		 shacl-min: 1
10/03/2026 10:52:12 -- 		 shacl-max: 1
10/03/2026 10:52:12 -- 	N97b4834d557c4f9b925bebd617fb43fd | http://data.europa.eu/eli/ontology#passed_by > http://data.vlaanderen.be/ns/besluit#Bestuursorgaan
10/03/2026 10:52:12 -- 		 min: 1 (min found at subject)
10/03/2026 10:52:12 -- 		 max: 1 (max found at subject)
10/03/2026 10:52:12 -- 		 shacl-min: 1
10/03/2026 10:52:12 -- 		 shacl-max: 1
10/03/2026 10:52:12 -- 	Nd85c2d1b590743d9b20d77e050933770 | http://data.vlaanderen.be/ns/besluit#motivering > [no object/datatype]
10/03/2026 10:52:12 -- 		 min: 2 (min found at subject)
10/03/2026 10:52:12 -- 		 max: 2 (max found at subject)
10/03/2026 10:52:12 -- 		 shacl-min: 2
10/03/2026 10:52:12 -- http://example.com/shapes/a9c18c96-c52b-4397-9e40-5552ba3b479e ~ https://data.vlaanderen.be/id/concept/BesluitType/afdb7387-da47-4dc4-bbbe-e86ea5c3df28
10/03/2026 10:52:12 -- 	N5e968c4de99542b896d6347869b5cb11 | http://data.europa.eu/eli/ontology#language > http://www.w3.org/2004/02/skos/core#Concept
10/03/2026 10:52:12 -- 		 min: 1 (min found at subject)
10/03/2026 10:52:12 -- 		 max: 1 (max found at subject)
10/03/2026 10:52:12 -- 		 shacl-min: 1
10/03/2026 10:52:12 -- 		 shacl-max: 1
10/03/2026 10:52:12 -- 	Nc3990ecb503347f2be60564c17b9042b | http://data.europa.eu/eli/ontology#passed_by > http://data.vlaanderen.be/ns/besluit#Bestuursorgaan
10/03/2026 10:52:12 -- 		 min: 1 (min found at subject)
10/03/2026 10:52:12 -- 		 max: 1 (max found at subject)
10/03/2026 10:52:12 -- 		 shacl-min: 1
10/03/2026 10:52:12 -- 		 shacl-max: 1
10/03/2026 10:52:12 -- 	N8e3b0d5cf26145b5adda8128844f0990 | http://lblod.data.gift/vocabularies/besluit/extractedDecisionContent > [no object/datatype]
10/03/2026 10:52:12 -- 		 min: 5 (min found at subject)
10/03/2026 10:52:12 -- 		 max: 5 (max found at subject)
10/03/2026 10:52:12 -- 		 shacl-min: 5
10/03/2026 10:52:12 -- 	N479e2fad20e44f8f90ae8581c662345c | http://data.vlaanderen.be/ns/besluit#motivering > [no object/datatype]
10/03/2026 10:52:12 -- 		 min: 2 (min found at subject)
10/03/2026 10:52:12 -- 		 max: 2 (max found at subject)
10/03/2026 10:52:12 -- 		 shacl-min: 2
10/03/2026 10:52:12 -- 	N6d0edb2557714f988f3daa3c30e0bae3 | http://www.w3.org/ns/prov#wasDerivedFrom > [no object/datatype]
10/03/2026 10:52:12 -- 		 min: 3 (min found at subject)
10/03/2026 10:52:12 -- 		 max: 3 (max found at subject)
10/03/2026 10:52:12 -- 		 shacl-min: 3
10/03/2026 10:52:12 -- 	Nd6cc9872329d4ba0b86aeb5ad9b9ed29 | http://www.w3.org/ns/prov#value > [no object/datatype]
10/03/2026 10:52:12 -- 		 min: 2 (min found at subject)
10/03/2026 10:52:12 -- 		 max: 2 (max found at subject)
10/03/2026 10:52:12 -- 		 shacl-min: 2
10/03/2026 10:52:12 -- 	N90fe29bc96a7404093eeac24b6e5af19 | http://www.w3.org/ns/prov#wasGeneratedBy > http://data.vlaanderen.be/ns/besluit#BehandelingVanAgendapunt
10/03/2026 10:52:12 -- 		 min: 1 (min found at subject)
10/03/2026 10:52:12 -- 		 max: 1 (max found at subject)
10/03/2026 10:52:12 -- 		 shacl-min: 1
10/03/2026 10:52:12 -- 		 shacl-max: 1
10/03/2026 10:52:12 -- 	N105fd5a293f344cfae4f343dc2321014 | http://mu.semte.ch/vocabularies/core/uuid > [no object/datatype]
10/03/2026 10:52:12 -- 		 min: 1 (min found at subject)
10/03/2026 10:52:12 -- 		 max: 1 (max found at subject)
10/03/2026 10:52:12 -- 		 shacl-min: 1
10/03/2026 10:52:12 -- 		 shacl-max: 1
10/03/2026 10:52:12 -- 	N0f9f9362d0ee45fca3447ddd04df8e93 | http://data.europa.eu/eli/ontology#title > [no object/datatype]
10/03/2026 10:52:12 -- 		 min: 1 (min found at subject)
10/03/2026 10:52:12 -- 		 max: 1 (max found at subject)
10/03/2026 10:52:12 -- 		 shacl-min: 1
10/03/2026 10:52:12 -- 		 shacl-max: 1
10/03/2026 10:52:12 -- http://example.com/shapes/83a318f5-e668-49c0-8fdc-fc155b221538 ~ https://data.vlaanderen.be/id/concept/BesluitType/b04bc642-c892-4aae-ac1f-f6ff21362704
10/03/2026 10:52:12 -- 	Ne626c774e5cb4cceaf80688fb42783e2 | http://www.w3.org/ns/prov#value > [no object/datatype]
10/03/2026 10:52:12 -- 		 min: 2 (min found at subject)
10/03/2026 10:52:12 -- 		 max: 2 (max found at subject)
10/03/2026 10:52:12 -- 		 shacl-min: 2
10/03/2026 10:52:12 -- 	N16470a2b60134429bc7364a81fef5e5d | http://data.vlaanderen.be/ns/besluit#motivering > [no object/datatype]
10/03/2026 10:52:12 -- 		 min: 2 (min found at subject)
10/03/2026 10:52:12 -- 		 max: 2 (max found at subject)
10/03/2026 10:52:12 -- 		 shacl-min: 2
10/03/2026 10:52:12 -- 	Nb94652d1ad7b4dee97d53200300732bb | http://lblod.data.gift/vocabularies/besluit/extractedDecisionContent > [no object/datatype]
10/03/2026 10:52:12 -- 		 min: 12 (min found at subject)
10/03/2026 10:52:12 -- 		 max: 19 (max found at subject)
10/03/2026 10:52:12 -- 		 shacl-min: 1
10/03/2026 10:52:12 -- 	Nb9ba730856654e3bb7c0a219c69724ba | http://data.europa.eu/eli/ontology#title > [no object/datatype]
10/03/2026 10:52:12 -- 		 min: 1 (min found at subject)
10/03/2026 10:52:12 -- 		 max: 1 (max found at subject)
10/03/2026 10:52:12 -- 		 shacl-min: 1
10/03/2026 10:52:12 -- 		 shacl-max: 1
10/03/2026 10:52:12 -- 	N382f999886704f7b893225c4b912ab2f | http://data.europa.eu/eli/ontology#language > http://www.w3.org/2004/02/skos/core#Concept
10/03/2026 10:52:12 -- 		 min: 1 (min found at subject)
10/03/2026 10:52:12 -- 		 max: 1 (max found at subject)
10/03/2026 10:52:12 -- 		 shacl-min: 1
10/03/2026 10:52:12 -- 		 shacl-max: 1
10/03/2026 10:52:12 -- 	N8b4ba1a416f24176a3e735bbdf3a9101 | http://data.europa.eu/eli/ontology#passed_by > http://data.vlaanderen.be/ns/besluit#Bestuursorgaan
10/03/2026 10:52:12 -- 		 min: 1 (min found at subject)
10/03/2026 10:52:12 -- 		 max: 1 (max found at subject)
10/03/2026 10:52:12 -- 		 shacl-min: 1
10/03/2026 10:52:12 -- 		 shacl-max: 1
10/03/2026 10:52:12 -- 	Nb4a94f3c021b469f91098b8dff13dbf5 | http://mu.semte.ch/vocabularies/core/uuid > [no object/datatype]
10/03/2026 10:52:12 -- 		 min: 1 (min found at subject)
10/03/2026 10:52:12 -- 		 max: 1 (max found at subject)
10/03/2026 10:52:12 -- 		 shacl-min: 1
10/03/2026 10:52:12 -- 		 shacl-max: 1
10/03/2026 10:52:12 -- 	N1a373d25cd904ef29251f86562e9bf68 | http://data.europa.eu/eli/ontology#description > [no object/datatype]
10/03/2026 10:52:12 -- 		 min: 1 (min found at subject)
10/03/2026 10:52:12 -- 		 max: 1 (max found at subject)
10/03/2026 10:52:12 -- 		 shacl-min: 1
10/03/2026 10:52:12 -- 		 shacl-max: 1
10/03/2026 10:52:12 -- 	N0f9b9fd8a6ae403090358ddfe986f1eb | http://www.w3.org/ns/prov#wasDerivedFrom > [no object/datatype]
10/03/2026 10:52:12 -- 		 min: 3 (min found at subject)
10/03/2026 10:52:12 -- 		 max: 3 (max found at subject)
10/03/2026 10:52:12 -- 		 shacl-min: 3
10/03/2026 10:52:12 -- 	N36b3c5c6144549a9b3b62bd62c83d0e2 | http://www.w3.org/ns/prov#wasGeneratedBy > http://data.vlaanderen.be/ns/besluit#BehandelingVanAgendapunt
10/03/2026 10:52:12 -- 		 min: 1 (min found at subject)
10/03/2026 10:52:12 -- 		 max: 1 (max found at subject)
10/03/2026 10:52:12 -- 		 shacl-min: 1
10/03/2026 10:52:12 -- 		 shacl-max: 1
10/03/2026 10:52:12 -- http://example.com/shapes/e33566c9-046b-4c91-84e3-69f6e57abf4f ~ https://data.vlaanderen.be/id/concept/BesluitType/b0fcc0c3-bb33-427f-8da2-4ef3833c9060
10/03/2026 10:52:12 -- 	N765ffa7c238a4bbd9674f0044656a74b | http://data.europa.eu/eli/ontology#description > [no object/datatype]
10/03/2026 10:52:12 -- 		 min: 0 (min found at subject)
10/03/2026 10:52:12 -- 		 max: 2 (max found at subject)
10/03/2026 10:52:12 -- 	Na0f86c12641b48fa8e17129c5a8ef907 | http://data.europa.eu/eli/ontology#passed_by > http://data.vlaanderen.be/ns/besluit#Bestuursorgaan
10/03/2026 10:52:12 -- 		 min: 0 (min found at subject)
10/03/2026 10:52:12 -- 		 max: 1 (max found at subject)
10/03/2026 10:52:12 -- 		 shacl-max: 1
10/03/2026 10:52:12 -- 	Nfb303b8a939547e4b12c866dc06f2565 | http://data.europa.eu/eli/ontology#language > http://www.w3.org/2004/02/skos/core#Concept
10/03/2026 10:52:12 -- 		 min: 1 (min found at subject)
10/03/2026 10:52:12 -- 		 max: 1 (max found at subject)
10/03/2026 10:52:12 -- 		 shacl-min: 1
10/03/2026 10:52:12 -- 		 shacl-max: 1
10/03/2026 10:52:12 -- 	Nc67de125d6934f40995e9ead231d825a | http://data.vlaanderen.be/ns/besluit#motivering > [no object/datatype]
10/03/2026 10:52:12 -- 		 min: 1 (min found at subject)
10/03/2026 10:52:12 -- 		 max: 2 (max found at subject)
10/03/2026 10:52:12 -- 		 shacl-min: 1
10/03/2026 10:52:12 -- 	N733f7c72993546a5b3429f8c9d6ef14b | http://www.w3.org/ns/prov#value > [no object/datatype]
10/03/2026 10:52:12 -- 		 min: 1 (min found at subject)
10/03/2026 10:52:12 -- 		 max: 2 (max found at subject)
10/03/2026 10:52:12 -- 		 shacl-min: 1
10/03/2026 10:52:12 -- 	N09dca3b7c3de4152b5677a92f6bd5c0a | http://lblod.data.gift/vocabularies/besluit/extractedDecisionContent > [no object/datatype]
10/03/2026 10:52:12 -- 		 min: 12 (min found at subject)
10/03/2026 10:52:12 -- 		 max: 32 (max found at subject)
10/03/2026 10:52:12 -- 		 shacl-min: 1
10/03/2026 10:52:12 -- 	N2c429578fe7d4c1999c863cfd2e7fb40 | http://mu.semte.ch/vocabularies/core/uuid > [no object/datatype]
10/03/2026 10:52:12 -- 		 min: 1 (min found at subject)
10/03/2026 10:52:12 -- 		 max: 1 (max found at subject)
10/03/2026 10:52:12 -- 		 shacl-min: 1
10/03/2026 10:52:12 -- 		 shacl-max: 1
10/03/2026 10:52:12 -- 	Naadc3c94657b49098e0361d69de99134 | http://data.europa.eu/eli/ontology#title > [no object/datatype]
10/03/2026 10:52:12 -- 		 min: 1 (min found at subject)
10/03/2026 10:52:12 -- 		 max: 1 (max found at subject)
10/03/2026 10:52:12 -- 		 shacl-min: 1
10/03/2026 10:52:12 -- 		 shacl-max: 1
10/03/2026 10:52:12 -- 	N85f24c462b224c469895f7dc1e848832 | http://www.w3.org/ns/prov#wasGeneratedBy > http://data.vlaanderen.be/ns/besluit#BehandelingVanAgendapunt
10/03/2026 10:52:12 -- 		 min: 0 (min found at subject)
10/03/2026 10:52:12 -- 		 max: 1 (max found at subject)
10/03/2026 10:52:12 -- 		 shacl-max: 1
10/03/2026 10:52:12 -- 	Ncb16d20dacb741c591c5f9c9e7d9abbf | http://data.europa.eu/eli/ontology#has_part > http://data.vlaanderen.be/ns/besluit#Artikel
10/03/2026 10:52:12 -- 		 min: 0 (min found at subject)
10/03/2026 10:52:12 -- 		 max: 5 (max found at subject)
10/03/2026 10:52:12 -- 	Nc179debe7a8e47a084e5b763831a25df | http://www.w3.org/ns/prov#wasDerivedFrom > http://xmlns.com/foaf/0.1/Document
10/03/2026 10:52:12 -- 		 min: 0 (min found at subject)
10/03/2026 10:52:12 -- 		 max: 1 (max found at subject)
10/03/2026 10:52:12 -- 		 shacl-max: 1
10/03/2026 10:52:12 -- 	N20514108c03e42f8821e9297ca0cfdc2 | http://www.w3.org/ns/prov#wasDerivedFrom > https://data.vlaanderen.be/id/concept/BesluitDocumentType/9d5bfaca-bbf2-49dd-a830-769f91a6377b
10/03/2026 10:52:12 -- 		 min: 0 (min found at subject)
10/03/2026 10:52:12 -- 		 max: 1 (max found at subject)
10/03/2026 10:52:12 -- 		 shacl-max: 1
10/03/2026 10:52:12 -- http://example.com/shapes/f961f602-75ec-4625-8124-baff12041007 ~ https://data.vlaanderen.be/id/concept/BesluitType/b25faa84-3ab5-47ae-98c0-1b389c77b827
10/03/2026 10:52:12 -- 	N86f2b321a30e4f42abb8ea426b1453b0 | http://data.europa.eu/eli/ontology#passed_by > http://data.vlaanderen.be/ns/besluit#Bestuursorgaan
10/03/2026 10:52:12 -- 		 min: 1 (min found at subject)
10/03/2026 10:52:12 -- 		 max: 1 (max found at subject)
10/03/2026 10:52:12 -- 		 shacl-min: 1
10/03/2026 10:52:12 -- 		 shacl-max: 1
10/03/2026 10:52:12 -- 	Nedf6365be44e4da9bf2caf70500969c7 | http://data.europa.eu/eli/ontology#description > [no object/datatype]
10/03/2026 10:52:12 -- 		 min: 1 (min found at subject)
10/03/2026 10:52:12 -- 		 max: 1 (max found at subject)
10/03/2026 10:52:12 -- 		 shacl-min: 1
10/03/2026 10:52:12 -- 		 shacl-max: 1
10/03/2026 10:52:12 -- 	Nead7f5f8cc1743ac8024307c669a3b2f | http://mu.semte.ch/vocabularies/core/uuid > [no object/datatype]
10/03/2026 10:52:12 -- 		 min: 1 (min found at subject)
10/03/2026 10:52:12 -- 		 max: 1 (max found at subject)
10/03/2026 10:52:12 -- 		 shacl-min: 1
10/03/2026 10:52:12 -- 		 shacl-max: 1
10/03/2026 10:52:12 -- 	N7f8b89debd1f403086ef32e4e17ee05d | http://data.europa.eu/eli/ontology#language > http://www.w3.org/2004/02/skos/core#Concept
10/03/2026 10:52:12 -- 		 min: 1 (min found at subject)
10/03/2026 10:52:12 -- 		 max: 1 (max found at subject)
10/03/2026 10:52:12 -- 		 shacl-min: 1
10/03/2026 10:52:12 -- 		 shacl-max: 1
10/03/2026 10:52:12 -- 	N8820f529bd7c43548f8768642c82a93c | http://data.vlaanderen.be/ns/besluit#motivering > [no object/datatype]
10/03/2026 10:52:12 -- 		 min: 1 (min found at subject)
10/03/2026 10:52:12 -- 		 max: 1 (max found at subject)
10/03/2026 10:52:12 -- 		 shacl-min: 1
10/03/2026 10:52:12 -- 		 shacl-max: 1
10/03/2026 10:52:12 -- 	Nbc3ec0929a8644aeba3f6bd0e1ed3973 | http://lblod.data.gift/vocabularies/besluit/extractedDecisionContent > [no object/datatype]
10/03/2026 10:52:12 -- 		 min: 7 (min found at subject)
10/03/2026 10:52:12 -- 		 max: 7 (max found at subject)
10/03/2026 10:52:12 -- 		 shacl-min: 7
10/03/2026 10:52:12 -- 	N582f10867a8240539fa5fb139843fa6c | http://www.w3.org/ns/prov#wasDerivedFrom > [no object/datatype]
10/03/2026 10:52:12 -- 		 min: 2 (min found at subject)
10/03/2026 10:52:12 -- 		 max: 2 (max found at subject)
10/03/2026 10:52:12 -- 		 shacl-min: 2
10/03/2026 10:52:12 -- 	N0e5f98079d594237ad513151e59307b7 | http://www.w3.org/ns/prov#value > [no object/datatype]
10/03/2026 10:52:12 -- 		 min: 1 (min found at subject)
10/03/2026 10:52:12 -- 		 max: 1 (max found at subject)
10/03/2026 10:52:12 -- 		 shacl-min: 1
10/03/2026 10:52:12 -- 		 shacl-max: 1
10/03/2026 10:52:12 -- 	N3a58eb867dbb4143a2c13feb22a93939 | http://www.w3.org/ns/prov#wasGeneratedBy > http://data.vlaanderen.be/ns/besluit#BehandelingVanAgendapunt
10/03/2026 10:52:12 -- 		 min: 1 (min found at subject)
10/03/2026 10:52:12 -- 		 max: 1 (max found at subject)
10/03/2026 10:52:12 -- 		 shacl-min: 1
10/03/2026 10:52:12 -- 		 shacl-max: 1
10/03/2026 10:52:12 -- 	N0988a91daa614c349ce815323fc1a20f | http://data.europa.eu/eli/ontology#title > [no object/datatype]
10/03/2026 10:52:12 -- 		 min: 2 (min found at subject)
10/03/2026 10:52:12 -- 		 max: 2 (max found at subject)
10/03/2026 10:52:12 -- 		 shacl-min: 2
10/03/2026 10:52:12 -- http://example.com/shapes/3a5fa84d-dabb-4f03-aaa4-a3b0007fd3c9 ~ https://data.vlaanderen.be/id/concept/BesluitType/b2d0734d-13d0-44b4-9af8-1722933c5288
10/03/2026 10:52:12 -- 	N5c6727eabfb5406a98faef2d888f77f3 | http://data.europa.eu/eli/ontology#date_publication > [no object/datatype]
10/03/2026 10:52:12 -- 		 min: 0 (min found at subject)
10/03/2026 10:52:12 -- 		 max: 2 (max found at subject)
10/03/2026 10:52:12 -- 	N14ee6b3701f2421d943a5652a74f0d82 | http://www.w3.org/ns/prov#wasGeneratedBy > http://data.vlaanderen.be/ns/besluit#BehandelingVanAgendapunt
10/03/2026 10:52:12 -- 		 min: 0 (min found at subject)
10/03/2026 10:52:12 -- 		 max: 1 (max found at subject)
10/03/2026 10:52:12 -- 		 shacl-max: 1
10/03/2026 10:52:12 -- 	N9ced3924e3df44c7a1d49b6ed1e508a3 | http://data.vlaanderen.be/ns/besluit#motivering > [no object/datatype]
10/03/2026 10:52:12 -- 		 min: 1 (min found at subject)
10/03/2026 10:52:12 -- 		 max: 3 (max found at subject)
10/03/2026 10:52:12 -- 		 shacl-min: 1
10/03/2026 10:52:12 -- 	Ne2de05d232e44fd89986257cf0cf7de3 | http://data.europa.eu/eli/ontology#title > [no object/datatype]
10/03/2026 10:52:12 -- 		 min: 1 (min found at subject)
10/03/2026 10:52:12 -- 		 max: 2 (max found at subject)
10/03/2026 10:52:12 -- 		 shacl-min: 1
10/03/2026 10:52:12 -- 	N0c3f24f62cbe426a8f9e0c073f480775 | http://data.europa.eu/eli/ontology#description > [no object/datatype]
10/03/2026 10:52:12 -- 		 min: 0 (min found at subject)
10/03/2026 10:52:12 -- 		 max: 2 (max found at subject)
10/03/2026 10:52:12 -- 	N1237362a48be4921b358e2030a61eefe | http://data.europa.eu/eli/ontology#cites > http://data.europa.eu/eli/ontology#LegalExpression
10/03/2026 10:52:12 -- 		 min: 0 (min found at subject)
10/03/2026 10:52:12 -- 		 max: 5 (max found at subject)
10/03/2026 10:52:12 -- 	N93eb192955ed447399c61b236e411b65 | http://mu.semte.ch/vocabularies/core/uuid > [no object/datatype]
10/03/2026 10:52:12 -- 		 min: 1 (min found at subject)
10/03/2026 10:52:12 -- 		 max: 1 (max found at subject)
10/03/2026 10:52:12 -- 		 shacl-min: 1
10/03/2026 10:52:12 -- 		 shacl-max: 1
10/03/2026 10:52:12 -- 	N07114a9fb6b649beb7ce8730f2f5292f | http://data.europa.eu/eli/ontology#language > http://www.w3.org/2004/02/skos/core#Concept
10/03/2026 10:52:12 -- 		 min: 1 (min found at subject)
10/03/2026 10:52:12 -- 		 max: 1 (max found at subject)
10/03/2026 10:52:12 -- 		 shacl-min: 1
10/03/2026 10:52:12 -- 		 shacl-max: 1
10/03/2026 10:52:12 -- 	N7eb6056152b04810903a0b2a2011c854 | http://data.europa.eu/eli/ontology#passed_by > http://data.vlaanderen.be/ns/besluit#Bestuursorgaan
10/03/2026 10:52:12 -- 		 min: 0 (min found at subject)
10/03/2026 10:52:12 -- 		 max: 1 (max found at subject)
10/03/2026 10:52:12 -- 		 shacl-max: 1
10/03/2026 10:52:12 -- 	N9d5094170c9a42fe936e5db4372bc54a | http://data.europa.eu/eli/ontology#has_part > http://data.vlaanderen.be/ns/besluit#Artikel
10/03/2026 10:52:12 -- 		 min: 0 (min found at subject)
10/03/2026 10:52:12 -- 		 max: 5 (max found at subject)
10/03/2026 10:52:12 -- 	Nd367676b78ce43188653a0692c4a4035 | http://www.w3.org/ns/prov#value > [no object/datatype]
10/03/2026 10:52:12 -- 		 min: 1 (min found at subject)
10/03/2026 10:52:12 -- 		 max: 3 (max found at subject)
10/03/2026 10:52:12 -- 		 shacl-min: 1
10/03/2026 10:52:12 -- 	N31ec330b7004458fa5f25a3d67c97de0 | http://www.w3.org/ns/prov#wasDerivedFrom > http://xmlns.com/foaf/0.1/Document
10/03/2026 10:52:12 -- 		 min: 0 (min found at subject)
10/03/2026 10:52:12 -- 		 max: 1 (max found at subject)
10/03/2026 10:52:12 -- 		 shacl-max: 1
10/03/2026 10:52:12 -- 	N249927875cc34380a38af1bf25bf5f99 | http://www.w3.org/ns/prov#wasDerivedFrom > https://data.vlaanderen.be/id/concept/BesluitDocumentType/9d5bfaca-bbf2-49dd-a830-769f91a6377b
10/03/2026 10:52:12 -- 		 min: 0 (min found at subject)
10/03/2026 10:52:12 -- 		 max: 1 (max found at subject)
10/03/2026 10:52:12 -- 		 shacl-max: 1
10/03/2026 10:52:12 -- 	N8fee5bff70e54626af2815b69fb707d8 | http://lblod.data.gift/vocabularies/besluit/extractedDecisionContent > [no object/datatype]
10/03/2026 10:52:12 -- 		 min: 1 (min found at subject)
10/03/2026 10:52:12 -- 		 max: 40 (max found at subject)
10/03/2026 10:52:12 -- 		 shacl-min: 1
10/03/2026 10:52:12 -- http://example.com/shapes/0338c687-c309-4700-8703-87a655ee7be1 ~ https://data.vlaanderen.be/id/concept/BesluitType/b4c828e4-bcb8-46ff-8abf-5fde227d2459
10/03/2026 10:52:12 -- 	N7c5d64e882ad4c3091771f567ef42823 | http://data.europa.eu/eli/ontology#passed_by > http://data.vlaanderen.be/ns/besluit#Bestuursorgaan
10/03/2026 10:52:12 -- 		 min: 0 (min found at subject)
10/03/2026 10:52:12 -- 		 max: 1 (max found at subject)
10/03/2026 10:52:12 -- 		 shacl-max: 1
10/03/2026 10:52:12 -- 	Nb8d7a80be973486c972c1cd40df06979 | http://data.vlaanderen.be/ns/mandaat#bekrachtigtAanstellingVan > http://data.vlaanderen.be/ns/mandaat#Mandataris
10/03/2026 10:52:12 -- 		 min: 0 (min found at subject)
10/03/2026 10:52:12 -- 		 max: 9 (max found at subject)
10/03/2026 10:52:12 -- 	N5784f30fe33040d9b83f89fd559ff4ff | http://www.w3.org/ns/prov#value > [no object/datatype]
10/03/2026 10:52:12 -- 		 min: 0 (min found at subject)
10/03/2026 10:52:12 -- 		 max: 2 (max found at subject)
10/03/2026 10:52:12 -- 	N22a649c647464c3aac4f9b7c768be179 | http://lblod.data.gift/vocabularies/besluit/extractedDecisionContent > [no object/datatype]
10/03/2026 10:52:12 -- 		 min: 0 (min found at subject)
10/03/2026 10:52:12 -- 		 max: 36 (max found at subject)
10/03/2026 10:52:12 -- 	N843e19d63c90416498bea8b9799c3c7f | http://www.w3.org/ns/prov#wasGeneratedBy > http://data.vlaanderen.be/ns/besluit#BehandelingVanAgendapunt
10/03/2026 10:52:12 -- 		 min: 0 (min found at subject)
10/03/2026 10:52:12 -- 		 max: 1 (max found at subject)
10/03/2026 10:52:12 -- 		 shacl-max: 1
10/03/2026 10:52:12 -- 	N1c5f806f29644c15b62db1f15f191298 | http://data.vlaanderen.be/ns/besluit#motivering > [no object/datatype]
10/03/2026 10:52:12 -- 		 min: 0 (min found at subject)
10/03/2026 10:52:12 -- 		 max: 2 (max found at subject)
10/03/2026 10:52:12 -- 	N955610e6e3e442cb96ef3caebab18cbe | http://mu.semte.ch/vocabularies/core/uuid > [no object/datatype]
10/03/2026 10:52:12 -- 		 min: 1 (min found at subject)
10/03/2026 10:52:12 -- 		 max: 1 (max found at subject)
10/03/2026 10:52:12 -- 		 shacl-min: 1
10/03/2026 10:52:12 -- 		 shacl-max: 1
10/03/2026 10:52:12 -- 	N79d1d86504394a90a1357a2fcce5eba0 | http://data.europa.eu/eli/ontology#cites > [no object/datatype]
10/03/2026 10:52:12 -- 		 min: 0 (min found at subject)
10/03/2026 10:52:12 -- 		 max: 2 (max found at subject)
10/03/2026 10:52:12 -- 	Neac899d266864705a19daee2343eeba8 | http://www.w3.org/ns/prov#wasDerivedFrom > http://xmlns.com/foaf/0.1/Document
10/03/2026 10:52:12 -- 		 min: 0 (min found at subject)
10/03/2026 10:52:12 -- 		 max: 1 (max found at subject)
10/03/2026 10:52:12 -- 		 shacl-max: 1
10/03/2026 10:52:12 -- 	Naf4914016a0441bdab9afb74cdaf47ad | http://www.w3.org/ns/prov#wasDerivedFrom > https://data.vlaanderen.be/id/concept/BesluitDocumentType/9d5bfaca-bbf2-49dd-a830-769f91a6377b
10/03/2026 10:52:12 -- 		 min: 0 (min found at subject)
10/03/2026 10:52:12 -- 		 max: 1 (max found at subject)
10/03/2026 10:52:12 -- 		 shacl-max: 1
10/03/2026 10:52:12 -- 	N309ba18a12674a5abb40a8e2f2f1ba71 | http://data.europa.eu/eli/ontology#language > http://www.w3.org/2004/02/skos/core#Concept
10/03/2026 10:52:12 -- 		 min: 1 (min found at subject)
10/03/2026 10:52:12 -- 		 max: 1 (max found at subject)
10/03/2026 10:52:12 -- 		 shacl-min: 1
10/03/2026 10:52:12 -- 		 shacl-max: 1
10/03/2026 10:52:12 -- 	N0f3207a1a78742009d5cdbf338743aa6 | http://data.europa.eu/eli/ontology#description > [no object/datatype]
10/03/2026 10:52:12 -- 		 min: 0 (min found at subject)
10/03/2026 10:52:12 -- 		 max: 2 (max found at subject)
10/03/2026 10:52:12 -- 	N0115fd21d4f74d1f94bea34bf1e87899 | http://data.vlaanderen.be/ns/besluit#noopener > [no object/datatype]
10/03/2026 10:52:12 -- 		 min: 0 (min found at subject)
10/03/2026 10:52:12 -- 		 max: 1 (max found at subject)
10/03/2026 10:52:12 -- 		 shacl-max: 1
10/03/2026 10:52:12 -- 	N6378f24f4daf41ccb976ce4790f35939 | http://data.europa.eu/eli/ontology#title > [no object/datatype]
10/03/2026 10:52:12 -- 		 min: 1 (min found at subject)
10/03/2026 10:52:12 -- 		 max: 2 (max found at subject)
10/03/2026 10:52:12 -- 		 shacl-min: 1
10/03/2026 10:52:12 -- http://example.com/shapes/38492961-5f4d-400e-8e79-ee64c13bf97e ~ https://data.vlaanderen.be/id/concept/BesluitType/c417f3da-a3bd-47c5-84bf-29007323a362
10/03/2026 10:52:12 -- 	N7057e8748cf6492ca2c5dafbfbf2268f | http://lblod.data.gift/vocabularies/besluit/extractedDecisionContent > [no object/datatype]
10/03/2026 10:52:12 -- 		 min: 0 (min found at subject)
10/03/2026 10:52:12 -- 		 max: 38 (max found at subject)
10/03/2026 10:52:12 -- 	N297ea9f57bac4ee3a4994615449ba1e6 | http://www.w3.org/ns/prov#wasGeneratedBy > http://data.vlaanderen.be/ns/besluit#BehandelingVanAgendapunt
10/03/2026 10:52:12 -- 		 min: 0 (min found at subject)
10/03/2026 10:52:12 -- 		 max: 1 (max found at subject)
10/03/2026 10:52:12 -- 		 shacl-max: 1
10/03/2026 10:52:12 -- 	Nb1ba90b74a6142528d4d3d2e2c7aef53 | http://data.europa.eu/eli/ontology#title > [no object/datatype]
10/03/2026 10:52:12 -- 		 min: 1 (min found at subject)
10/03/2026 10:52:12 -- 		 max: 2 (max found at subject)
10/03/2026 10:52:12 -- 		 shacl-min: 1
10/03/2026 10:52:12 -- 	N48af7d5cc42046848dcb8fa99f21d909 | http://data.europa.eu/eli/ontology#has_part > http://data.vlaanderen.be/ns/besluit#Artikel
10/03/2026 10:52:12 -- 		 min: 0 (min found at subject)
10/03/2026 10:52:12 -- 		 max: 1 (max found at subject)
10/03/2026 10:52:12 -- 		 shacl-max: 1
10/03/2026 10:52:12 -- 	N1cd85eb6a0a64e96a35020320b0f53e5 | http://data.europa.eu/eli/ontology#passed_by > http://data.vlaanderen.be/ns/besluit#Bestuursorgaan
10/03/2026 10:52:12 -- 		 min: 0 (min found at subject)
10/03/2026 10:52:12 -- 		 max: 1 (max found at subject)
10/03/2026 10:52:12 -- 		 shacl-max: 1
10/03/2026 10:52:12 -- 	N7b6a5426256241809f0b19e4887f9dbd | http://data.europa.eu/eli/ontology#language > http://www.w3.org/2004/02/skos/core#Concept
10/03/2026 10:52:12 -- 		 min: 1 (min found at subject)
10/03/2026 10:52:12 -- 		 max: 1 (max found at subject)
10/03/2026 10:52:12 -- 		 shacl-min: 1
10/03/2026 10:52:12 -- 		 shacl-max: 1
10/03/2026 10:52:12 -- 	N2ed2ec5c579b4dc99e94dcc40e81b3ec | http://data.europa.eu/eli/ontology#description > [no object/datatype]
10/03/2026 10:52:12 -- 		 min: 1 (min found at subject)
10/03/2026 10:52:12 -- 		 max: 2 (max found at subject)
10/03/2026 10:52:12 -- 		 shacl-min: 1
10/03/2026 10:52:12 -- 	Nc746d2ba2bb647d1af60b207616b3f41 | http://mu.semte.ch/vocabularies/core/uuid > [no object/datatype]
10/03/2026 10:52:12 -- 		 min: 1 (min found at subject)
10/03/2026 10:52:12 -- 		 max: 1 (max found at subject)
10/03/2026 10:52:12 -- 		 shacl-min: 1
10/03/2026 10:52:12 -- 		 shacl-max: 1
10/03/2026 10:52:12 -- 	N24f256dbbb9a41658ea06bee659ede97 | http://data.vlaanderen.be/ns/besluit#motivering > [no object/datatype]
10/03/2026 10:52:12 -- 		 min: 0 (min found at subject)
10/03/2026 10:52:12 -- 		 max: 2 (max found at subject)
10/03/2026 10:52:12 -- 	N8e7f76da3823401eb5b2851189333f58 | http://www.w3.org/ns/prov#wasDerivedFrom > http://xmlns.com/foaf/0.1/Document
10/03/2026 10:52:12 -- 		 min: 0 (min found at subject)
10/03/2026 10:52:12 -- 		 max: 1 (max found at subject)
10/03/2026 10:52:12 -- 		 shacl-max: 1
10/03/2026 10:52:12 -- 	Nf626302968ea4a33b419776815b25e37 | http://www.w3.org/ns/prov#wasDerivedFrom > https://data.vlaanderen.be/id/concept/BesluitDocumentType/9d5bfaca-bbf2-49dd-a830-769f91a6377b
10/03/2026 10:52:12 -- 		 min: 0 (min found at subject)
10/03/2026 10:52:12 -- 		 max: 1 (max found at subject)
10/03/2026 10:52:12 -- 		 shacl-max: 1
10/03/2026 10:52:12 -- 	N2a8d4a3583ee4c5db7db4fc76979909f | http://www.w3.org/ns/prov#value > [no object/datatype]
10/03/2026 10:52:12 -- 		 min: 0 (min found at subject)
10/03/2026 10:52:12 -- 		 max: 2 (max found at subject)
10/03/2026 10:52:12 -- 	N9e4fe57a63734053b47659865395ff14 | http://data.europa.eu/eli/ontology#date_publication > [no object/datatype]
10/03/2026 10:52:12 -- 		 min: 0 (min found at subject)
10/03/2026 10:52:12 -- 		 max: 2 (max found at subject)
10/03/2026 10:52:12 -- http://example.com/shapes/c1a5c70e-5cf8-4169-8700-303c02ec3361 ~ https://data.vlaanderen.be/id/concept/BesluitType/c6b696c0-26f8-4e87-b7e8-071b81471ddc
10/03/2026 10:52:12 -- 	Nf2d8afc2db4e47708c1f053b904d6b4b | http://lblod.data.gift/vocabularies/besluit/extractedDecisionContent > [no object/datatype]
10/03/2026 10:52:12 -- 		 min: 3 (min found at subject)
10/03/2026 10:52:12 -- 		 max: 35 (max found at subject)
10/03/2026 10:52:12 -- 		 shacl-min: 1
10/03/2026 10:52:12 -- 	N3f865cdac90b48f7ab55058d85ddaa35 | http://mu.semte.ch/vocabularies/core/uuid > [no object/datatype]
10/03/2026 10:52:12 -- 		 min: 1 (min found at subject)
10/03/2026 10:52:12 -- 		 max: 1 (max found at subject)
10/03/2026 10:52:12 -- 		 shacl-min: 1
10/03/2026 10:52:12 -- 		 shacl-max: 1
10/03/2026 10:52:12 -- 	N0f5675537ff248f99eb3342081b35a9b | http://www.w3.org/ns/prov#value > [no object/datatype]
10/03/2026 10:52:12 -- 		 min: 1 (min found at subject)
10/03/2026 10:52:12 -- 		 max: 2 (max found at subject)
10/03/2026 10:52:12 -- 		 shacl-min: 1
10/03/2026 10:52:12 -- 	Nb5a8b589fe31408fb6cd5ee415c23eb2 | http://www.w3.org/ns/prov#wasDerivedFrom > [no object/datatype]
10/03/2026 10:52:12 -- 		 min: 2 (min found at subject)
10/03/2026 10:52:12 -- 		 max: 3 (max found at subject)
10/03/2026 10:52:12 -- 		 shacl-min: 1
10/03/2026 10:52:12 -- 	N29f642a465724bef860bdc8f8fdf9227 | http://data.europa.eu/eli/ontology#description > [no object/datatype]
10/03/2026 10:52:12 -- 		 min: 1 (min found at subject)
10/03/2026 10:52:12 -- 		 max: 1 (max found at subject)
10/03/2026 10:52:12 -- 		 shacl-min: 1
10/03/2026 10:52:12 -- 		 shacl-max: 1
10/03/2026 10:52:12 -- 	N3bfaa5b0b6674456a58388c36ba05170 | http://data.europa.eu/eli/ontology#language > http://www.w3.org/2004/02/skos/core#Concept
10/03/2026 10:52:12 -- 		 min: 1 (min found at subject)
10/03/2026 10:52:12 -- 		 max: 1 (max found at subject)
10/03/2026 10:52:12 -- 		 shacl-min: 1
10/03/2026 10:52:12 -- 		 shacl-max: 1
10/03/2026 10:52:12 -- 	N4ffa050c6b30454cbdf7aa1db94b4542 | http://www.w3.org/ns/prov#wasGeneratedBy > http://data.vlaanderen.be/ns/besluit#BehandelingVanAgendapunt
10/03/2026 10:52:12 -- 		 min: 1 (min found at subject)
10/03/2026 10:52:12 -- 		 max: 1 (max found at subject)
10/03/2026 10:52:12 -- 		 shacl-min: 1
10/03/2026 10:52:12 -- 		 shacl-max: 1
10/03/2026 10:52:12 -- 	N7c3bc71118974a99915d73cdb22e15e7 | http://data.vlaanderen.be/ns/besluit#motivering > [no object/datatype]
10/03/2026 10:52:12 -- 		 min: 1 (min found at subject)
10/03/2026 10:52:12 -- 		 max: 2 (max found at subject)
10/03/2026 10:52:12 -- 		 shacl-min: 1
10/03/2026 10:52:12 -- 	N2bccad507e5a45d08891e4256adc6429 | http://data.europa.eu/eli/ontology#passed_by > http://data.vlaanderen.be/ns/besluit#Bestuursorgaan
10/03/2026 10:52:12 -- 		 min: 1 (min found at subject)
10/03/2026 10:52:12 -- 		 max: 1 (max found at subject)
10/03/2026 10:52:12 -- 		 shacl-min: 1
10/03/2026 10:52:12 -- 		 shacl-max: 1
10/03/2026 10:52:12 -- 	Nea103dc235f64eab947a9d7b0d95808d | http://data.europa.eu/eli/ontology#title > [no object/datatype]
10/03/2026 10:52:12 -- 		 min: 1 (min found at subject)
10/03/2026 10:52:12 -- 		 max: 1 (max found at subject)
10/03/2026 10:52:12 -- 		 shacl-min: 1
10/03/2026 10:52:12 -- 		 shacl-max: 1
10/03/2026 10:52:12 -- http://example.com/shapes/7958fbc9-8070-4b74-a6c5-3b293f4c7382 ~ https://data.vlaanderen.be/id/concept/BesluitType/c945b531-4742-43fe-af55-b13da6ecc6fe
10/03/2026 10:52:12 -- 	Nfb9fc39a22704e3bb9ac3f4fb28210b7 | http://lblod.data.gift/vocabularies/besluit/extractedDecisionContent > [no object/datatype]
10/03/2026 10:52:12 -- 		 min: 0 (min found at subject)
10/03/2026 10:52:12 -- 		 max: 42 (max found at subject)
10/03/2026 10:52:12 -- 	N4d7df261d3434a738c33eaf6581b6a56 | http://data.europa.eu/eli/ontology#passed_by > http://data.vlaanderen.be/ns/besluit#Bestuursorgaan
10/03/2026 10:52:12 -- 		 min: 0 (min found at subject)
10/03/2026 10:52:12 -- 		 max: 1 (max found at subject)
10/03/2026 10:52:12 -- 		 shacl-max: 1
10/03/2026 10:52:12 -- 	N5dbabeb3da174deb8312956d6c999905 | http://www.w3.org/ns/prov#value > [no object/datatype]
10/03/2026 10:52:12 -- 		 min: 0 (min found at subject)
10/03/2026 10:52:12 -- 		 max: 2 (max found at subject)
10/03/2026 10:52:12 -- 	N23a210b9ab9f42c38014715c6530f8c2 | http://data.europa.eu/eli/ontology#description > [no object/datatype]
10/03/2026 10:52:12 -- 		 min: 1 (min found at subject)
10/03/2026 10:52:12 -- 		 max: 1 (max found at subject)
10/03/2026 10:52:12 -- 		 shacl-min: 1
10/03/2026 10:52:12 -- 		 shacl-max: 1
10/03/2026 10:52:12 -- 	N49e55650eab945cba5c036fc5f84db37 | http://data.vlaanderen.be/ns/besluit#motivering > [no object/datatype]
10/03/2026 10:52:12 -- 		 min: 0 (min found at subject)
10/03/2026 10:52:12 -- 		 max: 2 (max found at subject)
10/03/2026 10:52:12 -- 	Nca9bcc5f5cf8431db957d0edd573de89 | http://data.europa.eu/eli/ontology#language > http://www.w3.org/2004/02/skos/core#Concept
10/03/2026 10:52:12 -- 		 min: 1 (min found at subject)
10/03/2026 10:52:12 -- 		 max: 1 (max found at subject)
10/03/2026 10:52:12 -- 		 shacl-min: 1
10/03/2026 10:52:12 -- 		 shacl-max: 1
10/03/2026 10:52:12 -- 	N44faf4976827481593a84bfa9dcd381b | http://www.w3.org/ns/prov#wasDerivedFrom > [no object/datatype]
10/03/2026 10:52:12 -- 		 min: 1 (min found at subject)
10/03/2026 10:52:12 -- 		 max: 3 (max found at subject)
10/03/2026 10:52:12 -- 		 shacl-min: 1
10/03/2026 10:52:12 -- 	Nc66310deec254b388cb0b794f9b088f4 | http://mu.semte.ch/vocabularies/core/uuid > [no object/datatype]
10/03/2026 10:52:12 -- 		 min: 1 (min found at subject)
10/03/2026 10:52:12 -- 		 max: 1 (max found at subject)
10/03/2026 10:52:12 -- 		 shacl-min: 1
10/03/2026 10:52:12 -- 		 shacl-max: 1
10/03/2026 10:52:12 -- 	N43a83a94decf4050b3a906b446ceefa4 | http://data.europa.eu/eli/ontology#title > [no object/datatype]
10/03/2026 10:52:12 -- 		 min: 1 (min found at subject)
10/03/2026 10:52:12 -- 		 max: 1 (max found at subject)
10/03/2026 10:52:12 -- 		 shacl-min: 1
10/03/2026 10:52:12 -- 		 shacl-max: 1
10/03/2026 10:52:12 -- 	Ndf4f8e0896cc42aaa4154122a15120eb | http://www.w3.org/ns/prov#wasGeneratedBy > http://data.vlaanderen.be/ns/besluit#BehandelingVanAgendapunt
10/03/2026 10:52:12 -- 		 min: 0 (min found at subject)
10/03/2026 10:52:12 -- 		 max: 1 (max found at subject)
10/03/2026 10:52:12 -- 		 shacl-max: 1
10/03/2026 10:52:12 -- http://example.com/shapes/223d6b33-16a1-450b-bac8-1eab44ec6f36 ~ https://data.vlaanderen.be/id/concept/BesluitType/cb361927-1aab-4016-bd8a-1a84841391ba
10/03/2026 10:52:12 -- 	N8b07d9df52d84b57a3f64e7a4a3b1f53 | http://mu.semte.ch/vocabularies/core/uuid > [no object/datatype]
10/03/2026 10:52:12 -- 		 min: 1 (min found at subject)
10/03/2026 10:52:12 -- 		 max: 1 (max found at subject)
10/03/2026 10:52:12 -- 		 shacl-min: 1
10/03/2026 10:52:12 -- 		 shacl-max: 1
10/03/2026 10:52:12 -- 	N32af03f861ca4caa988e3a9b580b79e7 | http://data.europa.eu/eli/ontology#language > http://www.w3.org/2004/02/skos/core#Concept
10/03/2026 10:52:12 -- 		 min: 1 (min found at subject)
10/03/2026 10:52:12 -- 		 max: 1 (max found at subject)
10/03/2026 10:52:12 -- 		 shacl-min: 1
10/03/2026 10:52:12 -- 		 shacl-max: 1
10/03/2026 10:52:12 -- 	Nb67ec727cfe34b149c31e4377892131e | http://data.europa.eu/eli/ontology#title > [no object/datatype]
10/03/2026 10:52:12 -- 		 min: 1 (min found at subject)
10/03/2026 10:52:12 -- 		 max: 1 (max found at subject)
10/03/2026 10:52:12 -- 		 shacl-min: 1
10/03/2026 10:52:12 -- 		 shacl-max: 1
10/03/2026 10:52:12 -- 	N796084043f68414d9dd248fb295d5035 | http://www.w3.org/ns/prov#value > [no object/datatype]
10/03/2026 10:52:12 -- 		 min: 1 (min found at subject)
10/03/2026 10:52:12 -- 		 max: 2 (max found at subject)
10/03/2026 10:52:12 -- 		 shacl-min: 1
10/03/2026 10:52:12 -- 	Nac114dbae8f34c8197f17fb3527d49a5 | http://lblod.data.gift/vocabularies/besluit/extractedDecisionContent > [no object/datatype]
10/03/2026 10:52:12 -- 		 min: 18 (min found at subject)
10/03/2026 10:52:12 -- 		 max: 36 (max found at subject)
10/03/2026 10:52:12 -- 		 shacl-min: 1
10/03/2026 10:52:12 -- 	N1fd6cefe903e4d87973da481c496358e | http://www.w3.org/ns/prov#wasGeneratedBy > http://data.vlaanderen.be/ns/besluit#BehandelingVanAgendapunt
10/03/2026 10:52:12 -- 		 min: 1 (min found at subject)
10/03/2026 10:52:12 -- 		 max: 1 (max found at subject)
10/03/2026 10:52:12 -- 		 shacl-min: 1
10/03/2026 10:52:12 -- 		 shacl-max: 1
10/03/2026 10:52:12 -- 	N0acec748376b4b6f95f2e393a364fea9 | http://www.w3.org/ns/prov#wasDerivedFrom > [no object/datatype]
10/03/2026 10:52:12 -- 		 min: 2 (min found at subject)
10/03/2026 10:52:12 -- 		 max: 3 (max found at subject)
10/03/2026 10:52:12 -- 		 shacl-min: 1
10/03/2026 10:52:12 -- 	Nfb0a6299282f4f3fb31925dec670238f | http://data.europa.eu/eli/ontology#passed_by > http://data.vlaanderen.be/ns/besluit#Bestuursorgaan
10/03/2026 10:52:12 -- 		 min: 1 (min found at subject)
10/03/2026 10:52:12 -- 		 max: 1 (max found at subject)
10/03/2026 10:52:12 -- 		 shacl-min: 1
10/03/2026 10:52:12 -- 		 shacl-max: 1
10/03/2026 10:52:12 -- 	N8ba57fbc017c4e94a4349eee53f6a08c | http://data.vlaanderen.be/ns/besluit#motivering > [no object/datatype]
10/03/2026 10:52:12 -- 		 min: 1 (min found at subject)
10/03/2026 10:52:12 -- 		 max: 2 (max found at subject)
10/03/2026 10:52:12 -- 		 shacl-min: 1
10/03/2026 10:52:12 -- http://example.com/shapes/7e14d70c-144e-4761-a71b-2f74ecc6db75 ~ https://data.vlaanderen.be/id/concept/BesluitType/d7060f97-c417-474c-abc6-ef006cb61f41
10/03/2026 10:52:12 -- 	N63c9b054fb01471aba658b37f0aa9140 | http://data.europa.eu/eli/ontology#description > [no object/datatype]
10/03/2026 10:52:12 -- 		 min: 0 (min found at subject)
10/03/2026 10:52:12 -- 		 max: 2 (max found at subject)
10/03/2026 10:52:12 -- 	N65f3762c63be4d1ca4d83f351cecb8c1 | http://www.w3.org/ns/prov#wasDerivedFrom > http://xmlns.com/foaf/0.1/Document
10/03/2026 10:52:12 -- 		 min: 0 (min found at subject)
10/03/2026 10:52:12 -- 		 max: 1 (max found at subject)
10/03/2026 10:52:12 -- 		 shacl-max: 1
10/03/2026 10:52:12 -- 	N1e34d7a6a5d04c289b373268e0cef5dd | http://www.w3.org/ns/prov#wasDerivedFrom > https://data.vlaanderen.be/id/concept/BesluitDocumentType/9d5bfaca-bbf2-49dd-a830-769f91a6377b
10/03/2026 10:52:12 -- 		 min: 0 (min found at subject)
10/03/2026 10:52:12 -- 		 max: 1 (max found at subject)
10/03/2026 10:52:12 -- 		 shacl-max: 1
10/03/2026 10:52:12 -- 	N2ced54dbe2374f2aa36f5e3f19d3441d | http://data.europa.eu/eli/ontology#title > [no object/datatype]
10/03/2026 10:52:12 -- 		 min: 1 (min found at subject)
10/03/2026 10:52:12 -- 		 max: 3 (max found at subject)
10/03/2026 10:52:12 -- 		 shacl-min: 1
10/03/2026 10:52:12 -- 	Ncf88df79679d4936909ad9a583e548f2 | http://data.europa.eu/eli/ontology#language > http://www.w3.org/2004/02/skos/core#Concept
10/03/2026 10:52:12 -- 		 min: 1 (min found at subject)
10/03/2026 10:52:12 -- 		 max: 1 (max found at subject)
10/03/2026 10:52:12 -- 		 shacl-min: 1
10/03/2026 10:52:12 -- 		 shacl-max: 1
10/03/2026 10:52:12 -- 	N321db83875324e9794b9041e611afbb8 | http://data.europa.eu/eli/ontology#passed_by > http://data.vlaanderen.be/ns/besluit#Bestuursorgaan
10/03/2026 10:52:12 -- 		 min: 0 (min found at subject)
10/03/2026 10:52:12 -- 		 max: 1 (max found at subject)
10/03/2026 10:52:12 -- 		 shacl-max: 1
10/03/2026 10:52:12 -- 	N81455240bfd1410eba46a94a210ee0f7 | http://data.vlaanderen.be/ns/besluit#noreferrer > [no object/datatype]
10/03/2026 10:52:12 -- 		 min: 0 (min found at subject)
10/03/2026 10:52:12 -- 		 max: 1 (max found at subject)
10/03/2026 10:52:12 -- 		 shacl-max: 1
10/03/2026 10:52:12 -- 	Ncbd16e412e82473082544485e45ac601 | http://www.w3.org/ns/prov#wasGeneratedBy > http://data.vlaanderen.be/ns/besluit#BehandelingVanAgendapunt
10/03/2026 10:52:12 -- 		 min: 0 (min found at subject)
10/03/2026 10:52:12 -- 		 max: 1 (max found at subject)
10/03/2026 10:52:12 -- 		 shacl-max: 1
10/03/2026 10:52:12 -- 	N77931758fb6c461e85dffaba199a77ef | http://data.europa.eu/eli/ontology#has_part > http://data.vlaanderen.be/ns/besluit#Artikel
10/03/2026 10:52:12 -- 		 min: 0 (min found at subject)
10/03/2026 10:52:12 -- 		 max: 23 (max found at subject)
10/03/2026 10:52:12 -- 	N5de4a3fab16c471eb464422a3b6c02cd | http://data.vlaanderen.be/ns/besluit#motivering > [no object/datatype]
10/03/2026 10:52:12 -- 		 min: 0 (min found at subject)
10/03/2026 10:52:12 -- 		 max: 3 (max found at subject)
10/03/2026 10:52:12 -- 	N3644ac257eb1496ea605845651f30d50 | http://data.europa.eu/eli/ontology#related_to > http://xmlns.com/foaf/0.1/Document
10/03/2026 10:52:12 -- 		 min: 0 (min found at subject)
10/03/2026 10:52:12 -- 		 max: 3 (max found at subject)
10/03/2026 10:52:12 -- 	N16eee3cc0d394753bb4817820742fa2b | http://mu.semte.ch/vocabularies/core/uuid > [no object/datatype]
10/03/2026 10:52:12 -- 		 min: 1 (min found at subject)
10/03/2026 10:52:12 -- 		 max: 1 (max found at subject)
10/03/2026 10:52:12 -- 		 shacl-min: 1
10/03/2026 10:52:12 -- 		 shacl-max: 1
10/03/2026 10:52:12 -- 	N62770d3f8e4048c7b2174524df6d117c | http://www.w3.org/ns/prov#value > [no object/datatype]
10/03/2026 10:52:12 -- 		 min: 0 (min found at subject)
10/03/2026 10:52:12 -- 		 max: 3 (max found at subject)
10/03/2026 10:52:12 -- 	N8b19b06aa07b4d37ab1b39bbf10cd8f6 | http://data.vlaanderen.be/ns/besluit#noopener > [no object/datatype]
10/03/2026 10:52:12 -- 		 min: 0 (min found at subject)
10/03/2026 10:52:12 -- 		 max: 1 (max found at subject)
10/03/2026 10:52:12 -- 		 shacl-max: 1
10/03/2026 10:52:12 -- 	Nfbf00016a85c45e8b9d6711584e6575f | http://data.europa.eu/eli/ontology#date_publication > [no object/datatype]
10/03/2026 10:52:12 -- 		 min: 0 (min found at subject)
10/03/2026 10:52:12 -- 		 max: 2 (max found at subject)
10/03/2026 10:52:12 -- 	N3ee06412606847ed9691fba399c91267 | http://mu.semte.ch/vocabularies/ext/hiddenBesluitType > [no object/datatype]
10/03/2026 10:52:12 -- 		 min: 0 (min found at subject)
10/03/2026 10:52:12 -- 		 max: 1 (max found at subject)
10/03/2026 10:52:12 -- 		 shacl-max: 1
10/03/2026 10:52:12 -- 	N824f9efb61b842b68ca60b65f46ebc3c | http://lblod.data.gift/vocabularies/besluit/extractedDecisionContent > [no object/datatype]
10/03/2026 10:52:12 -- 		 min: 0 (min found at subject)
10/03/2026 10:52:12 -- 		 max: 43 (max found at subject)
10/03/2026 10:52:12 -- 	Nc6023978a3cf4a6b8a90d8a489e16fd0 | http://data.europa.eu/eli/ontology#cites > http://data.europa.eu/eli/ontology#LegalExpression
10/03/2026 10:52:12 -- 		 min: 0 (min found at subject)
10/03/2026 10:52:12 -- 		 max: 4 (max found at subject)
10/03/2026 10:52:12 -- http://example.com/shapes/cf0bb3c0-99f0-4094-a05d-fa910d823052 ~ https://data.vlaanderen.be/id/concept/BesluitType/d85218e2-a75f-4a30-9182-512b5c9dd1b2
10/03/2026 10:52:12 -- 	N178ea265efb448b6aeed8f659fc7d15c | http://mu.semte.ch/vocabularies/core/uuid > [no object/datatype]
10/03/2026 10:52:12 -- 		 min: 1 (min found at subject)
10/03/2026 10:52:12 -- 		 max: 1 (max found at subject)
10/03/2026 10:52:12 -- 		 shacl-min: 1
10/03/2026 10:52:12 -- 		 shacl-max: 1
10/03/2026 10:52:12 -- 	N48d1e4fcaf114d3bad3582863982d107 | http://data.europa.eu/eli/ontology#language > http://www.w3.org/2004/02/skos/core#Concept
10/03/2026 10:52:12 -- 		 min: 1 (min found at subject)
10/03/2026 10:52:12 -- 		 max: 1 (max found at subject)
10/03/2026 10:52:12 -- 		 shacl-min: 1
10/03/2026 10:52:12 -- 		 shacl-max: 1
10/03/2026 10:52:12 -- 	N287c74a51ea94281a1cc4f3e7a4dda7b | http://www.w3.org/ns/prov#wasDerivedFrom > [no object/datatype]
10/03/2026 10:52:12 -- 		 min: 2 (min found at subject)
10/03/2026 10:52:12 -- 		 max: 3 (max found at subject)
10/03/2026 10:52:12 -- 		 shacl-min: 1
10/03/2026 10:52:12 -- 	N3f6431f1e4c54408aeaa555d3643b84d | http://lblod.data.gift/vocabularies/besluit/extractedDecisionContent > [no object/datatype]
10/03/2026 10:52:12 -- 		 min: 1 (min found at subject)
10/03/2026 10:52:12 -- 		 max: 30 (max found at subject)
10/03/2026 10:52:12 -- 		 shacl-min: 1
10/03/2026 10:52:12 -- 	N2c0ac2e062fb41d79bdfc1a012093919 | http://data.vlaanderen.be/ns/besluit#motivering > [no object/datatype]
10/03/2026 10:52:12 -- 		 min: 1 (min found at subject)
10/03/2026 10:52:12 -- 		 max: 2 (max found at subject)
10/03/2026 10:52:12 -- 		 shacl-min: 1
10/03/2026 10:52:12 -- 	N93012816d4f94a27bb1a7688a86e1b78 | http://www.w3.org/ns/prov#wasGeneratedBy > http://data.vlaanderen.be/ns/besluit#BehandelingVanAgendapunt
10/03/2026 10:52:12 -- 		 min: 1 (min found at subject)
10/03/2026 10:52:12 -- 		 max: 1 (max found at subject)
10/03/2026 10:52:12 -- 		 shacl-min: 1
10/03/2026 10:52:12 -- 		 shacl-max: 1
10/03/2026 10:52:12 -- 	Nb7d61e095b814f32b046dc3d6c695fd2 | http://data.europa.eu/eli/ontology#passed_by > http://data.vlaanderen.be/ns/besluit#Bestuursorgaan
10/03/2026 10:52:12 -- 		 min: 1 (min found at subject)
10/03/2026 10:52:12 -- 		 max: 1 (max found at subject)
10/03/2026 10:52:12 -- 		 shacl-min: 1
10/03/2026 10:52:12 -- 		 shacl-max: 1
10/03/2026 10:52:12 -- 	N1379f76b7bdf4464b8912a6f53a6cd6e | http://www.w3.org/ns/prov#value > [no object/datatype]
10/03/2026 10:52:12 -- 		 min: 1 (min found at subject)
10/03/2026 10:52:12 -- 		 max: 2 (max found at subject)
10/03/2026 10:52:12 -- 		 shacl-min: 1
10/03/2026 10:52:12 -- 	Naa552c919bb14156b32e55ab23640e82 | http://data.europa.eu/eli/ontology#title > [no object/datatype]
10/03/2026 10:52:12 -- 		 min: 1 (min found at subject)
10/03/2026 10:52:12 -- 		 max: 1 (max found at subject)
10/03/2026 10:52:12 -- 		 shacl-min: 1
10/03/2026 10:52:12 -- 		 shacl-max: 1
10/03/2026 10:52:12 -- 	N45ecffd954a1449bbc6ce129cb60c433 | http://data.europa.eu/eli/ontology#description > [no object/datatype]
10/03/2026 10:52:12 -- 		 min: 1 (min found at subject)
10/03/2026 10:52:12 -- 		 max: 1 (max found at subject)
10/03/2026 10:52:12 -- 		 shacl-min: 1
10/03/2026 10:52:12 -- 		 shacl-max: 1
10/03/2026 10:52:12 -- http://example.com/shapes/c1156bd3-54a2-4a94-a29d-3b9efb27f33f ~ https://data.vlaanderen.be/id/concept/BesluitType/d9c3d177-6dc6-4775-8c6a-1055a9cbdcc6
10/03/2026 10:52:12 -- 	Nccfa4aa1ba5d4a7ea149f804eeb47e61 | http://www.w3.org/ns/prov#value > [no object/datatype]
10/03/2026 10:52:12 -- 		 min: 1 (min found at subject)
10/03/2026 10:52:12 -- 		 max: 2 (max found at subject)
10/03/2026 10:52:12 -- 		 shacl-min: 1
10/03/2026 10:52:12 -- 	Nb8265a5822f144bd8d51958152893ccc | http://data.vlaanderen.be/ns/besluit#motivering > [no object/datatype]
10/03/2026 10:52:12 -- 		 min: 1 (min found at subject)
10/03/2026 10:52:12 -- 		 max: 2 (max found at subject)
10/03/2026 10:52:12 -- 		 shacl-min: 1
10/03/2026 10:52:12 -- 	N15e6ca224a3c4db58c7c42f9edb07afc | http://www.w3.org/ns/prov#wasDerivedFrom > [no object/datatype]
10/03/2026 10:52:12 -- 		 min: 2 (min found at subject)
10/03/2026 10:52:12 -- 		 max: 3 (max found at subject)
10/03/2026 10:52:12 -- 		 shacl-min: 1
10/03/2026 10:52:12 -- 	N81a2fcc4d05843809393900d5ec108e9 | http://www.w3.org/ns/prov#wasGeneratedBy > http://data.vlaanderen.be/ns/besluit#BehandelingVanAgendapunt
10/03/2026 10:52:12 -- 		 min: 1 (min found at subject)
10/03/2026 10:52:12 -- 		 max: 1 (max found at subject)
10/03/2026 10:52:12 -- 		 shacl-min: 1
10/03/2026 10:52:12 -- 		 shacl-max: 1
10/03/2026 10:52:12 -- 	Nd43f3c5f78ed473699d3731f3a3e721b | http://mu.semte.ch/vocabularies/core/uuid > [no object/datatype]
10/03/2026 10:52:12 -- 		 min: 1 (min found at subject)
10/03/2026 10:52:12 -- 		 max: 1 (max found at subject)
10/03/2026 10:52:12 -- 		 shacl-min: 1
10/03/2026 10:52:12 -- 		 shacl-max: 1
10/03/2026 10:52:12 -- 	Nb374123e87094ec399f39bca07097730 | http://data.europa.eu/eli/ontology#title > [no object/datatype]
10/03/2026 10:52:12 -- 		 min: 1 (min found at subject)
10/03/2026 10:52:12 -- 		 max: 1 (max found at subject)
10/03/2026 10:52:12 -- 		 shacl-min: 1
10/03/2026 10:52:12 -- 		 shacl-max: 1
10/03/2026 10:52:12 -- 	Ncf24a202d17d4990a67891e2b8dcdf86 | http://data.europa.eu/eli/ontology#description > [no object/datatype]
10/03/2026 10:52:13 -- 		 min: 1 (min found at subject)
10/03/2026 10:52:13 -- 		 max: 1 (max found at subject)
10/03/2026 10:52:13 -- 		 shacl-min: 1
10/03/2026 10:52:13 -- 		 shacl-max: 1
10/03/2026 10:52:13 -- 	N262b4e88d70b486bb2b8156a9fba9851 | http://data.europa.eu/eli/ontology#passed_by > http://data.vlaanderen.be/ns/besluit#Bestuursorgaan
10/03/2026 10:52:13 -- 		 min: 1 (min found at subject)
10/03/2026 10:52:13 -- 		 max: 1 (max found at subject)
10/03/2026 10:52:13 -- 		 shacl-min: 1
10/03/2026 10:52:13 -- 		 shacl-max: 1
10/03/2026 10:52:13 -- 	N8b53e023c5964d72835fa259d19b1679 | http://lblod.data.gift/vocabularies/besluit/extractedDecisionContent > [no object/datatype]
10/03/2026 10:52:13 -- 		 min: 15 (min found at subject)
10/03/2026 10:52:13 -- 		 max: 36 (max found at subject)
10/03/2026 10:52:13 -- 		 shacl-min: 1
10/03/2026 10:52:13 -- 	Ne36233407fce4b409016c7ec3427b901 | http://data.europa.eu/eli/ontology#language > http://www.w3.org/2004/02/skos/core#Concept
10/03/2026 10:52:13 -- 		 min: 1 (min found at subject)
10/03/2026 10:52:13 -- 		 max: 1 (max found at subject)
10/03/2026 10:52:13 -- 		 shacl-min: 1
10/03/2026 10:52:13 -- 		 shacl-max: 1
10/03/2026 10:52:13 -- http://example.com/shapes/ac1c6c35-ce18-4a3e-9a6b-0d455e750382 ~ https://data.vlaanderen.be/id/concept/BesluitType/dbc58656-b0a5-4e43-8e9e-701acb75f9b0
10/03/2026 10:52:13 -- 	N1da0e5f4e4504659a6f76f6ea94b94b7 | http://mu.semte.ch/vocabularies/core/uuid > [no object/datatype]
10/03/2026 10:52:13 -- 		 min: 1 (min found at subject)
10/03/2026 10:52:13 -- 		 max: 1 (max found at subject)
10/03/2026 10:52:13 -- 		 shacl-min: 1
10/03/2026 10:52:13 -- 		 shacl-max: 1
10/03/2026 10:52:13 -- 	Na749761ae12e401db39b9bdc2d10f859 | http://data.europa.eu/eli/ontology#language > http://www.w3.org/2004/02/skos/core#Concept
10/03/2026 10:52:13 -- 		 min: 1 (min found at subject)
10/03/2026 10:52:13 -- 		 max: 1 (max found at subject)
10/03/2026 10:52:13 -- 		 shacl-min: 1
10/03/2026 10:52:13 -- 		 shacl-max: 1
10/03/2026 10:52:13 -- 	N16f278d555ee4ea1aed506e167d65850 | http://data.europa.eu/eli/ontology#title > [no object/datatype]
10/03/2026 10:52:13 -- 		 min: 1 (min found at subject)
10/03/2026 10:52:13 -- 		 max: 2 (max found at subject)
10/03/2026 10:52:13 -- 		 shacl-min: 1
10/03/2026 10:52:13 -- 	N01363c9b917143c2b83ea409bf1cad8f | http://data.vlaanderen.be/ns/besluit#noopener > [no object/datatype]
10/03/2026 10:52:13 -- 		 min: 0 (min found at subject)
10/03/2026 10:52:13 -- 		 max: 1 (max found at subject)
10/03/2026 10:52:13 -- 		 shacl-max: 1
10/03/2026 10:52:13 -- 	N8892d769805142d39d9a64af053742a2 | http://data.vlaanderen.be/ns/besluit#motivering > [no object/datatype]
10/03/2026 10:52:13 -- 		 min: 1 (min found at subject)
10/03/2026 10:52:13 -- 		 max: 2 (max found at subject)
10/03/2026 10:52:13 -- 		 shacl-min: 1
10/03/2026 10:52:13 -- 	Nca696e85d17b494e9760c999ff3c25a3 | http://www.w3.org/ns/prov#wasGeneratedBy > http://data.vlaanderen.be/ns/besluit#BehandelingVanAgendapunt
10/03/2026 10:52:13 -- 		 min: 1 (min found at subject)
10/03/2026 10:52:13 -- 		 max: 1 (max found at subject)
10/03/2026 10:52:13 -- 		 shacl-min: 1
10/03/2026 10:52:13 -- 		 shacl-max: 1
10/03/2026 10:52:13 -- 	Nbaf9ecd62e014ac3995c7d2de7ac5f43 | http://www.w3.org/ns/prov#wasDerivedFrom > [no object/datatype]
10/03/2026 10:52:13 -- 		 min: 2 (min found at subject)
10/03/2026 10:52:13 -- 		 max: 3 (max found at subject)
10/03/2026 10:52:13 -- 		 shacl-min: 1
10/03/2026 10:52:13 -- 	N802371eabada4cd0a724c02fd3e21b09 | http://www.w3.org/ns/prov#value > [no object/datatype]
10/03/2026 10:52:13 -- 		 min: 1 (min found at subject)
10/03/2026 10:52:13 -- 		 max: 2 (max found at subject)
10/03/2026 10:52:13 -- 		 shacl-min: 1
10/03/2026 10:52:13 -- 	N7f8cd1706d3648b2b7896059cef53cec | http://data.europa.eu/eli/ontology#description > [no object/datatype]
10/03/2026 10:52:13 -- 		 min: 0 (min found at subject)
10/03/2026 10:52:13 -- 		 max: 1 (max found at subject)
10/03/2026 10:52:13 -- 		 shacl-max: 1
10/03/2026 10:52:13 -- 	N118f679e0ce84adf858a913bb7a0d2ad | http://lblod.data.gift/vocabularies/besluit/extractedDecisionContent > [no object/datatype]
10/03/2026 10:52:13 -- 		 min: 1 (min found at subject)
10/03/2026 10:52:13 -- 		 max: 40 (max found at subject)
10/03/2026 10:52:13 -- 		 shacl-min: 1
10/03/2026 10:52:13 -- 	Ncc3af1111e72493da2d031d51239c463 | http://data.europa.eu/eli/ontology#passed_by > http://data.vlaanderen.be/ns/besluit#Bestuursorgaan
10/03/2026 10:52:13 -- 		 min: 1 (min found at subject)
10/03/2026 10:52:13 -- 		 max: 1 (max found at subject)
10/03/2026 10:52:13 -- 		 shacl-min: 1
10/03/2026 10:52:13 -- 		 shacl-max: 1
10/03/2026 10:52:13 -- http://example.com/shapes/ff65b192-350b-4226-9a9c-6973b5a5c866 ~ https://data.vlaanderen.be/id/concept/BesluitType/df261490-cc74-4f80-b783-41c35e720b46
10/03/2026 10:52:13 -- 	N69196ad4d65a4fc19143a01d59022369 | http://data.europa.eu/eli/ontology#date_publication > [no object/datatype]
10/03/2026 10:52:13 -- 		 min: 0 (min found at subject)
10/03/2026 10:52:13 -- 		 max: 2 (max found at subject)
10/03/2026 10:52:13 -- 	Nb0dd922aa05b49f9b9fb488c2d143d5f | http://data.europa.eu/eli/ontology#passed_by > http://data.vlaanderen.be/ns/besluit#Bestuursorgaan
10/03/2026 10:52:13 -- 		 min: 0 (min found at subject)
10/03/2026 10:52:13 -- 		 max: 1 (max found at subject)
10/03/2026 10:52:13 -- 		 shacl-max: 1
10/03/2026 10:52:13 -- 	Nbbe8d34ba05c43b18aea7dcb51e911ba | http://www.w3.org/ns/prov#wasDerivedFrom > http://data.vlaanderen.be/ns/mandaat#Mandataris
10/03/2026 10:52:13 -- 		 min: 0 (min found at subject)
10/03/2026 10:52:13 -- 		 max: 1 (max found at subject)
10/03/2026 10:52:13 -- 		 shacl-max: 1
10/03/2026 10:52:13 -- 	Nbe4518f964a04c218f88174fd42b03e5 | http://www.w3.org/ns/prov#wasDerivedFrom > http://xmlns.com/foaf/0.1/Document
10/03/2026 10:52:13 -- 		 min: 0 (min found at subject)
10/03/2026 10:52:13 -- 		 max: 1 (max found at subject)
10/03/2026 10:52:13 -- 		 shacl-max: 1
10/03/2026 10:52:13 -- 	N83d794f0493848428d5f3df88108efaa | http://www.w3.org/ns/prov#wasDerivedFrom > https://data.vlaanderen.be/id/concept/BesluitDocumentType/9d5bfaca-bbf2-49dd-a830-769f91a6377b
10/03/2026 10:52:13 -- 		 min: 0 (min found at subject)
10/03/2026 10:52:13 -- 		 max: 1 (max found at subject)
10/03/2026 10:52:13 -- 		 shacl-max: 1
10/03/2026 10:52:13 -- 	N9cb27838316745749cd88901cd98add8 | http://data.europa.eu/eli/ontology#has_part > http://data.vlaanderen.be/ns/besluit#Artikel
10/03/2026 10:52:13 -- 		 min: 0 (min found at subject)
10/03/2026 10:52:13 -- 		 max: 4 (max found at subject)
10/03/2026 10:52:13 -- 	N2c662f37cc304c4d82c65130a3f7f71a | http://data.vlaanderen.be/ns/besluit#motivering > [no object/datatype]
10/03/2026 10:52:13 -- 		 min: 0 (min found at subject)
10/03/2026 10:52:13 -- 		 max: 2 (max found at subject)
10/03/2026 10:52:13 -- 	Ndaf34308e5884c4c9d6f416840aac867 | http://data.europa.eu/eli/ontology#language > http://www.w3.org/2004/02/skos/core#Concept
10/03/2026 10:52:13 -- 		 min: 1 (min found at subject)
10/03/2026 10:52:13 -- 		 max: 1 (max found at subject)
10/03/2026 10:52:13 -- 		 shacl-min: 1
10/03/2026 10:52:13 -- 		 shacl-max: 1
10/03/2026 10:52:13 -- 	N7b4e3dab0edb4aeb9147688b5f18196b | http://data.europa.eu/eli/ontology#cites > http://data.europa.eu/eli/ontology#LegalExpression
10/03/2026 10:52:13 -- 		 min: 0 (min found at subject)
10/03/2026 10:52:13 -- 		 max: 2 (max found at subject)
10/03/2026 10:52:13 -- 	Nb7e6ddda065c48aa94ff8c8d37eeb2e9 | http://www.w3.org/ns/prov#value > [no object/datatype]
10/03/2026 10:52:13 -- 		 min: 0 (min found at subject)
10/03/2026 10:52:13 -- 		 max: 2 (max found at subject)
10/03/2026 10:52:13 -- 	N0eb776722f4a4c6c87cb4a4a0b16844a | http://mu.semte.ch/vocabularies/core/uuid > [no object/datatype]
10/03/2026 10:52:13 -- 		 min: 1 (min found at subject)
10/03/2026 10:52:13 -- 		 max: 1 (max found at subject)
10/03/2026 10:52:13 -- 		 shacl-min: 1
10/03/2026 10:52:13 -- 		 shacl-max: 1
10/03/2026 10:52:13 -- 	Ndb0a680bc31f4e0e985a324dc1638a4b | http://data.europa.eu/eli/ontology#title > [no object/datatype]
10/03/2026 10:52:13 -- 		 min: 1 (min found at subject)
10/03/2026 10:52:13 -- 		 max: 2 (max found at subject)
10/03/2026 10:52:13 -- 		 shacl-min: 1
10/03/2026 10:52:13 -- 	Nd087bb1fbfe1433bbe54900b62409376 | http://www.w3.org/ns/prov#wasGeneratedBy > http://data.vlaanderen.be/ns/besluit#BehandelingVanAgendapunt
10/03/2026 10:52:13 -- 		 min: 0 (min found at subject)
10/03/2026 10:52:13 -- 		 max: 1 (max found at subject)
10/03/2026 10:52:13 -- 		 shacl-max: 1
10/03/2026 10:52:13 -- 	N3934816424e2447e8978d7e5a851bac0 | http://lblod.data.gift/vocabularies/besluit/extractedDecisionContent > [no object/datatype]
10/03/2026 10:52:13 -- 		 min: 0 (min found at subject)
10/03/2026 10:52:13 -- 		 max: 42 (max found at subject)
10/03/2026 10:52:13 -- 	N35f5949ca49f44fab3d65bc80c9b60ae | http://data.europa.eu/eli/ontology#description > [no object/datatype]
10/03/2026 10:52:13 -- 		 min: 0 (min found at subject)
10/03/2026 10:52:13 -- 		 max: 2 (max found at subject)
10/03/2026 10:52:13 -- http://example.com/shapes/6a80b83f-cad8-4f38-891e-ebe7d7724e86 ~ https://data.vlaanderen.be/id/concept/BesluitType/e27ef237-29de-49b8-be22-4ee2ab2d4e5b
10/03/2026 10:52:13 -- 	N204185c5b5744299adac4bef67efb26c | http://www.w3.org/ns/prov#value > [no object/datatype]
10/03/2026 10:52:13 -- 		 min: 1 (min found at subject)
10/03/2026 10:52:13 -- 		 max: 2 (max found at subject)
10/03/2026 10:52:13 -- 		 shacl-min: 1
10/03/2026 10:52:13 -- 	N85ea2f69bbe04461ac7c0d27e4614834 | http://www.w3.org/ns/prov#wasDerivedFrom > [no object/datatype]
10/03/2026 10:52:13 -- 		 min: 2 (min found at subject)
10/03/2026 10:52:13 -- 		 max: 3 (max found at subject)
10/03/2026 10:52:13 -- 		 shacl-min: 1
10/03/2026 10:52:13 -- 	N5309f2dd5f024abd847fdebf8a9dff25 | http://data.europa.eu/eli/ontology#passed_by > http://data.vlaanderen.be/ns/besluit#Bestuursorgaan
10/03/2026 10:52:13 -- 		 min: 1 (min found at subject)
10/03/2026 10:52:13 -- 		 max: 1 (max found at subject)
10/03/2026 10:52:13 -- 		 shacl-min: 1
10/03/2026 10:52:13 -- 		 shacl-max: 1
10/03/2026 10:52:13 -- 	N5204e8bc421441378f5f617f1f7650c2 | http://lblod.data.gift/vocabularies/besluit/extractedDecisionContent > [no object/datatype]
10/03/2026 10:52:13 -- 		 min: 6 (min found at subject)
10/03/2026 10:52:13 -- 		 max: 43 (max found at subject)
10/03/2026 10:52:13 -- 		 shacl-min: 1
10/03/2026 10:52:13 -- 	Nbec8ac2d33cc456299d9142c5d1c9090 | http://data.europa.eu/eli/ontology#description > [no object/datatype]
10/03/2026 10:52:13 -- 		 min: 0 (min found at subject)
10/03/2026 10:52:13 -- 		 max: 1 (max found at subject)
10/03/2026 10:52:13 -- 		 shacl-max: 1
10/03/2026 10:52:13 -- 	N36b9bea018a440ddb29bbbc75dde9544 | http://mu.semte.ch/vocabularies/core/uuid > [no object/datatype]
10/03/2026 10:52:13 -- 		 min: 1 (min found at subject)
10/03/2026 10:52:13 -- 		 max: 1 (max found at subject)
10/03/2026 10:52:13 -- 		 shacl-min: 1
10/03/2026 10:52:13 -- 		 shacl-max: 1
10/03/2026 10:52:13 -- 	N2c071970995e43f5a72162f55b03c76b | http://data.europa.eu/eli/ontology#title > [no object/datatype]
10/03/2026 10:52:13 -- 		 min: 1 (min found at subject)
10/03/2026 10:52:13 -- 		 max: 2 (max found at subject)
10/03/2026 10:52:13 -- 		 shacl-min: 1
10/03/2026 10:52:13 -- 	Nc69383ccac334b38a0b0ceee240564d1 | http://data.vlaanderen.be/ns/besluit#motivering > [no object/datatype]
10/03/2026 10:52:13 -- 		 min: 1 (min found at subject)
10/03/2026 10:52:13 -- 		 max: 2 (max found at subject)
10/03/2026 10:52:13 -- 		 shacl-min: 1
10/03/2026 10:52:13 -- 	N494f919da4324fb5b1a76e204826ca03 | http://data.europa.eu/eli/ontology#language > http://www.w3.org/2004/02/skos/core#Concept
10/03/2026 10:52:13 -- 		 min: 1 (min found at subject)
10/03/2026 10:52:13 -- 		 max: 1 (max found at subject)
10/03/2026 10:52:13 -- 		 shacl-min: 1
10/03/2026 10:52:13 -- 		 shacl-max: 1
10/03/2026 10:52:13 -- 	N9c5a90e6140748ba9ab77411aa3e1e2a | http://www.w3.org/ns/prov#wasGeneratedBy > http://data.vlaanderen.be/ns/besluit#BehandelingVanAgendapunt
10/03/2026 10:52:13 -- 		 min: 1 (min found at subject)
10/03/2026 10:52:13 -- 		 max: 1 (max found at subject)
10/03/2026 10:52:13 -- 		 shacl-min: 1
10/03/2026 10:52:13 -- 		 shacl-max: 1
10/03/2026 10:52:13 -- http://example.com/shapes/09ea43ff-fe13-4cac-9563-d48b467e6568 ~ https://data.vlaanderen.be/id/concept/BesluitType/e2928231-d377-48c7-98b4-3bb2f7de65db
10/03/2026 10:52:13 -- 	N21b36ff85c9b40bc983f41ca987b84c8 | http://data.vlaanderen.be/ns/besluit#motivering > [no object/datatype]
10/03/2026 10:52:13 -- 		 min: 1 (min found at subject)
10/03/2026 10:52:13 -- 		 max: 2 (max found at subject)
10/03/2026 10:52:13 -- 		 shacl-min: 1
10/03/2026 10:52:13 -- 	N33a9d5a4afe5406ea6d3f361e966baf4 | http://www.w3.org/ns/prov#value > [no object/datatype]
10/03/2026 10:52:13 -- 		 min: 1 (min found at subject)
10/03/2026 10:52:13 -- 		 max: 2 (max found at subject)
10/03/2026 10:52:13 -- 		 shacl-min: 1
10/03/2026 10:52:13 -- 	Nec41290df8cb42a98e7833dae5db1b95 | http://data.europa.eu/eli/ontology#title > [no object/datatype]
10/03/2026 10:52:13 -- 		 min: 1 (min found at subject)
10/03/2026 10:52:13 -- 		 max: 2 (max found at subject)
10/03/2026 10:52:13 -- 		 shacl-min: 1
10/03/2026 10:52:13 -- 	N39b0d5882fd54893b5ebe40549c10a0c | http://mu.semte.ch/vocabularies/core/uuid > [no object/datatype]
10/03/2026 10:52:13 -- 		 min: 1 (min found at subject)
10/03/2026 10:52:13 -- 		 max: 1 (max found at subject)
10/03/2026 10:52:13 -- 		 shacl-min: 1
10/03/2026 10:52:13 -- 		 shacl-max: 1
10/03/2026 10:52:13 -- 	N540f64fc499f43b18f2b7ef93e56b8e2 | http://data.europa.eu/eli/ontology#description > [no object/datatype]
10/03/2026 10:52:13 -- 		 min: 0 (min found at subject)
10/03/2026 10:52:13 -- 		 max: 2 (max found at subject)
10/03/2026 10:52:13 -- 	Nb3933e43af2c44b398231b509f7e9297 | http://data.europa.eu/eli/ontology#language > http://www.w3.org/2004/02/skos/core#Concept
10/03/2026 10:52:13 -- 		 min: 1 (min found at subject)
10/03/2026 10:52:13 -- 		 max: 1 (max found at subject)
10/03/2026 10:52:13 -- 		 shacl-min: 1
10/03/2026 10:52:13 -- 		 shacl-max: 1
10/03/2026 10:52:13 -- 	Nff006e0763d5481ab92b7474e415e49b | http://www.w3.org/ns/prov#wasGeneratedBy > http://data.vlaanderen.be/ns/besluit#BehandelingVanAgendapunt
10/03/2026 10:52:13 -- 		 min: 1 (min found at subject)
10/03/2026 10:52:13 -- 		 max: 1 (max found at subject)
10/03/2026 10:52:13 -- 		 shacl-min: 1
10/03/2026 10:52:13 -- 		 shacl-max: 1
10/03/2026 10:52:13 -- 	Nda67edfd291d46859357e2a71be64f54 | http://www.w3.org/ns/prov#wasDerivedFrom > [no object/datatype]
10/03/2026 10:52:13 -- 		 min: 1 (min found at subject)
10/03/2026 10:52:13 -- 		 max: 3 (max found at subject)
10/03/2026 10:52:13 -- 		 shacl-min: 1
10/03/2026 10:52:13 -- 	Nc58ac992cbe340639cb856ed27d41770 | http://lblod.data.gift/vocabularies/besluit/extractedDecisionContent > [no object/datatype]
10/03/2026 10:52:13 -- 		 min: 1 (min found at subject)
10/03/2026 10:52:13 -- 		 max: 39 (max found at subject)
10/03/2026 10:52:13 -- 		 shacl-min: 1
10/03/2026 10:52:13 -- 	Ndb45ca7367bb4810971605f982665740 | http://data.europa.eu/eli/ontology#passed_by > http://data.vlaanderen.be/ns/besluit#Bestuursorgaan
10/03/2026 10:52:13 -- 		 min: 1 (min found at subject)
10/03/2026 10:52:13 -- 		 max: 1 (max found at subject)
10/03/2026 10:52:13 -- 		 shacl-min: 1
10/03/2026 10:52:13 -- 		 shacl-max: 1
10/03/2026 10:52:13 -- http://example.com/shapes/39671b1d-0427-47dc-94b8-0606779db754 ~ https://data.vlaanderen.be/id/concept/BesluitType/e44c535d-4339-4d15-bdbf-d4be6046de2c
10/03/2026 10:52:13 -- 	Nc9f63b2066204263bc7d44e79f018690 | http://data.europa.eu/eli/ontology#date_publication > [no object/datatype]
10/03/2026 10:52:13 -- 		 min: 0 (min found at subject)
10/03/2026 10:52:13 -- 		 max: 2 (max found at subject)
10/03/2026 10:52:13 -- 	Nca324fd33389409e8fc27fef669f2abd | http://lblod.data.gift/vocabularies/editor/isLumpNode > [no object/datatype]
10/03/2026 10:52:13 -- 		 min: 0 (min found at subject)
10/03/2026 10:52:13 -- 		 max: 1 (max found at subject)
10/03/2026 10:52:13 -- 		 shacl-max: 1
10/03/2026 10:52:13 -- 	N2f51dc7251db40e08ed21b01b04bc99c | http://data.europa.eu/eli/ontology#cites > http://data.europa.eu/eli/ontology#LegalExpression
10/03/2026 10:52:13 -- 		 min: 0 (min found at subject)
10/03/2026 10:52:13 -- 		 max: 6 (max found at subject)
10/03/2026 10:52:13 -- 	Nc81f487bd7ff4f28ac5d558e395365be | http://lblod.data.gift/vocabularies/besluit/extractedDecisionContent > [no object/datatype]
10/03/2026 10:52:13 -- 		 min: 0 (min found at subject)
10/03/2026 10:52:13 -- 		 max: 42 (max found at subject)
10/03/2026 10:52:13 -- 	N3ee4615d0bf444258d94a068d0450f77 | http://data.europa.eu/eli/ontology#title > [no object/datatype]
10/03/2026 10:52:13 -- 		 min: 1 (min found at subject)
10/03/2026 10:52:13 -- 		 max: 2 (max found at subject)
10/03/2026 10:52:13 -- 		 shacl-min: 1
10/03/2026 10:52:13 -- 	N17067c8e2b2843e9bed2db2113d8496f | http://mu.semte.ch/vocabularies/core/uuid > [no object/datatype]
10/03/2026 10:52:13 -- 		 min: 1 (min found at subject)
10/03/2026 10:52:13 -- 		 max: 1 (max found at subject)
10/03/2026 10:52:13 -- 		 shacl-min: 1
10/03/2026 10:52:13 -- 		 shacl-max: 1
10/03/2026 10:52:13 -- 	Nb56dcf1c074c48619d31a1bed6c0ead6 | http://www.w3.org/ns/prov#wasDerivedFrom > http://data.vlaanderen.be/ns/mandaat#Mandataris
10/03/2026 10:52:13 -- 		 min: 0 (min found at subject)
10/03/2026 10:52:13 -- 		 max: 1 (max found at subject)
10/03/2026 10:52:13 -- 		 shacl-max: 1
10/03/2026 10:52:13 -- 	Nafd4f5a272b84f2bb06e6c4754432ed9 | http://www.w3.org/ns/prov#wasDerivedFrom > http://xmlns.com/foaf/0.1/Document
10/03/2026 10:52:13 -- 		 min: 0 (min found at subject)
10/03/2026 10:52:13 -- 		 max: 1 (max found at subject)
10/03/2026 10:52:13 -- 		 shacl-max: 1
10/03/2026 10:52:13 -- 	Nf55d98022d70412f9b149156bc2a53de | http://www.w3.org/ns/prov#wasDerivedFrom > https://data.vlaanderen.be/id/concept/BesluitDocumentType/9d5bfaca-bbf2-49dd-a830-769f91a6377b
10/03/2026 10:52:13 -- 		 min: 0 (min found at subject)
10/03/2026 10:52:13 -- 		 max: 1 (max found at subject)
10/03/2026 10:52:13 -- 		 shacl-max: 1
10/03/2026 10:52:13 -- 	Nb0c36fd554f547d8858e830e8ab22300 | http://www.w3.org/ns/prov#wasGeneratedBy > http://data.vlaanderen.be/ns/besluit#BehandelingVanAgendapunt
10/03/2026 10:52:13 -- 		 min: 0 (min found at subject)
10/03/2026 10:52:13 -- 		 max: 1 (max found at subject)
10/03/2026 10:52:13 -- 		 shacl-max: 1
10/03/2026 10:52:13 -- 	N9b4c784ec8b74fbc910e4b74f2e03d99 | http://data.europa.eu/eli/ontology#related_to > http://xmlns.com/foaf/0.1/Document
10/03/2026 10:52:13 -- 		 min: 0 (min found at subject)
10/03/2026 10:52:13 -- 		 max: 6 (max found at subject)
10/03/2026 10:52:13 -- 	N510ea84802af42719561cdbec4f410aa | http://data.europa.eu/eli/ontology#description > [no object/datatype]
10/03/2026 10:52:13 -- 		 min: 0 (min found at subject)
10/03/2026 10:52:13 -- 		 max: 2 (max found at subject)
10/03/2026 10:52:13 -- 	Nf3a133dc114840eebd1d7f7b48c095cd | http://data.europa.eu/eli/ontology#passed_by > http://data.vlaanderen.be/ns/besluit#Bestuursorgaan
10/03/2026 10:52:13 -- 		 min: 0 (min found at subject)
10/03/2026 10:52:13 -- 		 max: 1 (max found at subject)
10/03/2026 10:52:13 -- 		 shacl-max: 1
10/03/2026 10:52:13 -- 	Ndb1df9f67afb488aba29632cf1fbcc18 | http://data.europa.eu/eli/ontology#has_part > http://data.vlaanderen.be/ns/besluit#Artikel
10/03/2026 10:52:13 -- 		 min: 0 (min found at subject)
10/03/2026 10:52:13 -- 		 max: 6 (max found at subject)
10/03/2026 10:52:13 -- 	N896c612a494f41c390e17e0685a9038c | http://www.w3.org/ns/prov#value > [no object/datatype]
10/03/2026 10:52:13 -- 		 min: 0 (min found at subject)
10/03/2026 10:52:13 -- 		 max: 3 (max found at subject)
10/03/2026 10:52:13 -- 	Nd0e3b4f0555947038b9c1c39db96e475 | http://data.europa.eu/eli/ontology#language > http://www.w3.org/2004/02/skos/core#Concept
10/03/2026 10:52:13 -- 		 min: 1 (min found at subject)
10/03/2026 10:52:13 -- 		 max: 1 (max found at subject)
10/03/2026 10:52:13 -- 		 shacl-min: 1
10/03/2026 10:52:13 -- 		 shacl-max: 1
10/03/2026 10:52:13 -- 	N9bf45127c05949a0bc4e05dad51afa2d | http://data.vlaanderen.be/ns/besluit#motivering > [no object/datatype]
10/03/2026 10:52:13 -- 		 min: 0 (min found at subject)
10/03/2026 10:52:13 -- 		 max: 3 (max found at subject)
10/03/2026 10:52:13 -- http://example.com/shapes/4005cd70-3635-45ed-b8f9-6cc07376ee28 ~ https://data.vlaanderen.be/id/concept/BesluitType/e6425cd1-26f2-4cd8-aa0f-1e9b65619c3a
10/03/2026 10:52:13 -- 	N1fd53e063e5146fb94cc51d693926326 | http://lblod.data.gift/vocabularies/besluit/extractedDecisionContent > [no object/datatype]
10/03/2026 10:52:13 -- 		 min: 1 (min found at subject)
10/03/2026 10:52:13 -- 		 max: 44 (max found at subject)
10/03/2026 10:52:13 -- 		 shacl-min: 1
10/03/2026 10:52:13 -- 	N0934cdc6cd6d468d9f7f95f1d11bb1aa | http://www.w3.org/ns/prov#wasGeneratedBy > http://data.vlaanderen.be/ns/besluit#BehandelingVanAgendapunt
10/03/2026 10:52:13 -- 		 min: 1 (min found at subject)
10/03/2026 10:52:13 -- 		 max: 1 (max found at subject)
10/03/2026 10:52:13 -- 		 shacl-min: 1
10/03/2026 10:52:13 -- 		 shacl-max: 1
10/03/2026 10:52:13 -- 	N974cdf6a0d5746d3acbc8250ce67d4c7 | http://data.vlaanderen.be/ns/besluit#motivering > [no object/datatype]
10/03/2026 10:52:13 -- 		 min: 1 (min found at subject)
10/03/2026 10:52:13 -- 		 max: 2 (max found at subject)
10/03/2026 10:52:13 -- 		 shacl-min: 1
10/03/2026 10:52:13 -- 	Ne94db674c965400483fdb2fd0b33f0c9 | http://data.europa.eu/eli/ontology#passed_by > http://data.vlaanderen.be/ns/besluit#Bestuursorgaan
10/03/2026 10:52:13 -- 		 min: 1 (min found at subject)
10/03/2026 10:52:13 -- 		 max: 1 (max found at subject)
10/03/2026 10:52:13 -- 		 shacl-min: 1
10/03/2026 10:52:13 -- 		 shacl-max: 1
10/03/2026 10:52:13 -- 	N0a4a1e34d3464d12a2f0da4aeeedd4e6 | http://www.w3.org/ns/prov#wasDerivedFrom > [no object/datatype]
10/03/2026 10:52:13 -- 		 min: 1 (min found at subject)
10/03/2026 10:52:13 -- 		 max: 3 (max found at subject)
10/03/2026 10:52:13 -- 		 shacl-min: 1
10/03/2026 10:52:13 -- 	Nd31d0788777f46ffb269e95ab1289dc0 | http://data.europa.eu/eli/ontology#description > [no object/datatype]
10/03/2026 10:52:13 -- 		 min: 0 (min found at subject)
10/03/2026 10:52:13 -- 		 max: 1 (max found at subject)
10/03/2026 10:52:13 -- 		 shacl-max: 1
10/03/2026 10:52:13 -- 	Nbe179fe837f74553aed044f344fcf853 | http://mu.semte.ch/vocabularies/core/uuid > [no object/datatype]
10/03/2026 10:52:13 -- 		 min: 1 (min found at subject)
10/03/2026 10:52:13 -- 		 max: 1 (max found at subject)
10/03/2026 10:52:13 -- 		 shacl-min: 1
10/03/2026 10:52:13 -- 		 shacl-max: 1
10/03/2026 10:52:13 -- 	Nf632a0bf1811423b8a440877789a72dd | http://data.europa.eu/eli/ontology#language > http://www.w3.org/2004/02/skos/core#Concept
10/03/2026 10:52:13 -- 		 min: 1 (min found at subject)
10/03/2026 10:52:13 -- 		 max: 1 (max found at subject)
10/03/2026 10:52:13 -- 		 shacl-min: 1
10/03/2026 10:52:13 -- 		 shacl-max: 1
10/03/2026 10:52:13 -- 	Ncc4b66cc9b4345079d680c1e3e174380 | http://www.w3.org/ns/prov#value > [no object/datatype]
10/03/2026 10:52:13 -- 		 min: 1 (min found at subject)
10/03/2026 10:52:13 -- 		 max: 2 (max found at subject)
10/03/2026 10:52:13 -- 		 shacl-min: 1
10/03/2026 10:52:13 -- 	Nabd9ea996f5d473abb33647643ae30e9 | http://data.europa.eu/eli/ontology#title > [no object/datatype]
10/03/2026 10:52:13 -- 		 min: 1 (min found at subject)
10/03/2026 10:52:13 -- 		 max: 2 (max found at subject)
10/03/2026 10:52:13 -- 		 shacl-min: 1
10/03/2026 10:52:13 -- http://example.com/shapes/49bdff5f-0baf-4202-9fce-88176a2edb27 ~ https://data.vlaanderen.be/id/concept/BesluitType/e8aee49e-8762-4db2-acfe-2d5dd3c37619
10/03/2026 10:52:13 -- 	Ncb16fa87a5ac44b1be3194e8689d3104 | http://data.europa.eu/eli/ontology#cites > http://data.europa.eu/eli/ontology#LegalExpression
10/03/2026 10:52:13 -- 		 min: 0 (min found at subject)
10/03/2026 10:52:13 -- 		 max: 6 (max found at subject)
10/03/2026 10:52:13 -- 	N4ad16547aaeb440e85b57f339c7cbac9 | http://mu.semte.ch/vocabularies/core/uuid > [no object/datatype]
10/03/2026 10:52:13 -- 		 min: 1 (min found at subject)
10/03/2026 10:52:13 -- 		 max: 1 (max found at subject)
10/03/2026 10:52:13 -- 		 shacl-min: 1
10/03/2026 10:52:13 -- 		 shacl-max: 1
10/03/2026 10:52:13 -- 	N6022b2b54d7e477faf53e0542be8fb8d | http://data.europa.eu/eli/ontology#language > http://www.w3.org/2004/02/skos/core#Concept
10/03/2026 10:52:13 -- 		 min: 1 (min found at subject)
10/03/2026 10:52:13 -- 		 max: 2 (max found at subject)
10/03/2026 10:52:13 -- 		 shacl-min: 1
10/03/2026 10:52:13 -- 	Ne458f071803f4de986ae710ff9a4b788 | http://data.europa.eu/eli/ontology#description > [no object/datatype]
10/03/2026 10:52:13 -- 		 min: 0 (min found at subject)
10/03/2026 10:52:13 -- 		 max: 2 (max found at subject)
10/03/2026 10:52:13 -- 	Nb712c71075d64489b10f1f1608cc5296 | http://mu.semte.ch/vocabularies/ext/hiddenBesluitType > [no object/datatype]
10/03/2026 10:52:13 -- 		 min: 0 (min found at subject)
10/03/2026 10:52:13 -- 		 max: 1 (max found at subject)
10/03/2026 10:52:13 -- 		 shacl-max: 1
10/03/2026 10:52:13 -- 	N6fb5d3bcd69c488c9f26cd9a560b4a1a | http://data.vlaanderen.be/ns/besluit#motivering > [no object/datatype]
10/03/2026 10:52:13 -- 		 min: 1 (min found at subject)
10/03/2026 10:52:13 -- 		 max: 2 (max found at subject)
10/03/2026 10:52:13 -- 		 shacl-min: 1
10/03/2026 10:52:13 -- 	Na1facb6b8e1049ad8405be58cf216f27 | http://data.europa.eu/eli/ontology#has_part > http://data.vlaanderen.be/ns/besluit#Artikel
10/03/2026 10:52:13 -- 		 min: 0 (min found at subject)
10/03/2026 10:52:13 -- 		 max: 20 (max found at subject)
10/03/2026 10:52:13 -- 	Nb234a8eedb7941f49023f2538725b51b | http://www.w3.org/ns/prov#wasGeneratedBy > http://data.vlaanderen.be/ns/besluit#BehandelingVanAgendapunt
10/03/2026 10:52:13 -- 		 min: 0 (min found at subject)
10/03/2026 10:52:13 -- 		 max: 1 (max found at subject)
10/03/2026 10:52:13 -- 		 shacl-max: 1
10/03/2026 10:52:13 -- 	Nb4035ae2217d4c8e9b0245a3ee718cdc | http://www.w3.org/ns/prov#value > [no object/datatype]
10/03/2026 10:52:13 -- 		 min: 1 (min found at subject)
10/03/2026 10:52:13 -- 		 max: 3 (max found at subject)
10/03/2026 10:52:13 -- 		 shacl-min: 1
10/03/2026 10:52:13 -- 	N7ee2ee13881443d5bb68aecf4d4f0d8f | http://data.europa.eu/eli/ontology#passed_by > http://data.vlaanderen.be/ns/besluit#Bestuursorgaan
10/03/2026 10:52:13 -- 		 min: 0 (min found at subject)
10/03/2026 10:52:13 -- 		 max: 1 (max found at subject)
10/03/2026 10:52:13 -- 		 shacl-max: 1
10/03/2026 10:52:13 -- 	N17621c425b214abc8ee5c3207c0f4f8c | http://data.europa.eu/eli/ontology#title > [no object/datatype]
10/03/2026 10:52:13 -- 		 min: 1 (min found at subject)
10/03/2026 10:52:13 -- 		 max: 2 (max found at subject)
10/03/2026 10:52:13 -- 		 shacl-min: 1
10/03/2026 10:52:13 -- 	N82f8a4569e2c4a35b6729a6c1afb0582 | http://data.europa.eu/eli/ontology#date_publication > [no object/datatype]
10/03/2026 10:52:13 -- 		 min: 0 (min found at subject)
10/03/2026 10:52:13 -- 		 max: 2 (max found at subject)
10/03/2026 10:52:13 -- 	N01e9774f8d0543d683b188bfc0296bdd | http://lblod.data.gift/vocabularies/besluit/extractedDecisionContent > [no object/datatype]
10/03/2026 10:52:13 -- 		 min: 2 (min found at subject)
10/03/2026 10:52:13 -- 		 max: 43 (max found at subject)
10/03/2026 10:52:13 -- 		 shacl-min: 1
10/03/2026 10:52:13 -- 	N4cc54205d7674854b074cce374b58efd | http://data.europa.eu/eli/ontology#related_to > http://xmlns.com/foaf/0.1/Document
10/03/2026 10:52:13 -- 		 min: 0 (min found at subject)
10/03/2026 10:52:13 -- 		 max: 15 (max found at subject)
10/03/2026 10:52:13 -- 	Nc82c04746ec04cf0aec98d2f6094edad | http://www.w3.org/ns/prov#wasDerivedFrom > http://xmlns.com/foaf/0.1/Document
10/03/2026 10:52:13 -- 		 min: 0 (min found at subject)
10/03/2026 10:52:13 -- 		 max: 2 (max found at subject)
10/03/2026 10:52:13 -- 	Ne2da289b6ed8408eae4cd2ba750759fc | http://www.w3.org/ns/prov#wasDerivedFrom > https://data.vlaanderen.be/id/concept/BesluitDocumentType/9d5bfaca-bbf2-49dd-a830-769f91a6377b
10/03/2026 10:52:13 -- 		 min: 0 (min found at subject)
10/03/2026 10:52:13 -- 		 max: 2 (max found at subject)
10/03/2026 10:52:13 -- http://example.com/shapes/7e762406-5f08-4632-a968-9df607941217 ~ https://data.vlaanderen.be/id/concept/BesluitType/e8afe7c5-9640-4db8-8f74-3f023bec3241
10/03/2026 10:52:13 -- 	N14f6aa7700654d12be07330f1833ded8 | http://mu.semte.ch/vocabularies/core/uuid > [no object/datatype]
10/03/2026 10:52:13 -- 		 min: 1 (min found at subject)
10/03/2026 10:52:13 -- 		 max: 1 (max found at subject)
10/03/2026 10:52:13 -- 		 shacl-min: 1
10/03/2026 10:52:13 -- 		 shacl-max: 1
10/03/2026 10:52:13 -- 	N9e576e22eb41486a81982366972b12b4 | http://data.vlaanderen.be/ns/besluit#eli.cites > http://data.europa.eu/eli/ontology#LegalExpression
10/03/2026 10:52:13 -- 		 min: 0 (min found at subject)
10/03/2026 10:52:13 -- 		 max: 1 (max found at subject)
10/03/2026 10:52:13 -- 		 shacl-max: 1
10/03/2026 10:52:13 -- 	N4dcdfa39f2b74cb69a06c0a9f3a21878 | http://data.europa.eu/eli/ontology#description > [no object/datatype]
10/03/2026 10:52:13 -- 		 min: 0 (min found at subject)
10/03/2026 10:52:13 -- 		 max: 2 (max found at subject)
10/03/2026 10:52:13 -- 	N49d439faeb3c4acd9076aa7bd547fa08 | http://www.w3.org/ns/prov#wasGeneratedBy > http://data.vlaanderen.be/ns/besluit#BehandelingVanAgendapunt
10/03/2026 10:52:13 -- 		 min: 0 (min found at subject)
10/03/2026 10:52:13 -- 		 max: 1 (max found at subject)
10/03/2026 10:52:13 -- 		 shacl-max: 1
10/03/2026 10:52:13 -- 	Nd18ede96f9b740c892a60fcd8c338b00 | http://data.europa.eu/eli/ontology#has_part > http://data.vlaanderen.be/ns/besluit#Artikel
10/03/2026 10:52:13 -- 		 min: 0 (min found at subject)
10/03/2026 10:52:13 -- 		 max: 8 (max found at subject)
10/03/2026 10:52:13 -- 	Nc8528fdc742642e7a2aba552bdfcef0a | http://mu.semte.ch/vocabularies/ext/hiddenBesluitType > [no object/datatype]
10/03/2026 10:52:13 -- 		 min: 0 (min found at subject)
10/03/2026 10:52:13 -- 		 max: 1 (max found at subject)
10/03/2026 10:52:13 -- 		 shacl-max: 1
10/03/2026 10:52:13 -- 	N4cf72d0073b54efd8d8aaf6565d525bb | http://data.vlaanderen.be/ns/besluit#motivering > [no object/datatype]
10/03/2026 10:52:13 -- 		 min: 0 (min found at subject)
10/03/2026 10:52:13 -- 		 max: 3 (max found at subject)
10/03/2026 10:52:13 -- 	N5ab25738e25a4c358c32c29d2512ba84 | http://data.europa.eu/eli/ontology#date_publication > [no object/datatype]
10/03/2026 10:52:13 -- 		 min: 0 (min found at subject)
10/03/2026 10:52:13 -- 		 max: 2 (max found at subject)
10/03/2026 10:52:13 -- 	N18cb3738b2ba4ad1908b908bf3f824a1 | http://www.w3.org/ns/prov#wasDerivedFrom > http://xmlns.com/foaf/0.1/Document
10/03/2026 10:52:13 -- 		 min: 0 (min found at subject)
10/03/2026 10:52:13 -- 		 max: 1 (max found at subject)
10/03/2026 10:52:13 -- 		 shacl-max: 1
10/03/2026 10:52:13 -- 	Nab01a930a4804c61b8f955b09906a521 | http://www.w3.org/ns/prov#wasDerivedFrom > https://data.vlaanderen.be/id/concept/BesluitDocumentType/9d5bfaca-bbf2-49dd-a830-769f91a6377b
10/03/2026 10:52:13 -- 		 min: 0 (min found at subject)
10/03/2026 10:52:13 -- 		 max: 1 (max found at subject)
10/03/2026 10:52:13 -- 		 shacl-max: 1
10/03/2026 10:52:13 -- 	N5f47876478a64d3ea273511b8c129ef0 | http://data.europa.eu/eli/ontology#language > http://www.w3.org/2004/02/skos/core#Concept
10/03/2026 10:52:13 -- 		 min: 1 (min found at subject)
10/03/2026 10:52:13 -- 		 max: 1 (max found at subject)
10/03/2026 10:52:13 -- 		 shacl-min: 1
10/03/2026 10:52:13 -- 		 shacl-max: 1
10/03/2026 10:52:13 -- 	Nfd3ce826020e431e9d8af634e2455a79 | http://data.europa.eu/eli/ontology#related_to > http://xmlns.com/foaf/0.1/Document
10/03/2026 10:52:13 -- 		 min: 0 (min found at subject)
10/03/2026 10:52:13 -- 		 max: 1 (max found at subject)
10/03/2026 10:52:13 -- 		 shacl-max: 1
10/03/2026 10:52:13 -- 	N2cb9d9c9916946109991994ab0e81185 | http://data.vlaanderen.be/ns/besluit#noopener > [no object/datatype]
10/03/2026 10:52:13 -- 		 min: 0 (min found at subject)
10/03/2026 10:52:13 -- 		 max: 1 (max found at subject)
10/03/2026 10:52:13 -- 		 shacl-max: 1
10/03/2026 10:52:13 -- 	Nfa08517ffee648feb50af6427713f048 | http://data.europa.eu/eli/ontology#passed_by > http://data.vlaanderen.be/ns/besluit#Bestuursorgaan
10/03/2026 10:52:13 -- 		 min: 0 (min found at subject)
10/03/2026 10:52:13 -- 		 max: 1 (max found at subject)
10/03/2026 10:52:13 -- 		 shacl-max: 1
10/03/2026 10:52:13 -- 	Ne20eb3e3212e4094b76dbbe94756cf99 | http://data.europa.eu/eli/ontology#cites > http://data.europa.eu/eli/ontology#LegalExpression
10/03/2026 10:52:13 -- 		 min: 0 (min found at subject)
10/03/2026 10:52:13 -- 		 max: 6 (max found at subject)
10/03/2026 10:52:13 -- 	N87dc004f8a4f47ee9fa190b3357c6094 | http://www.w3.org/ns/prov#value > [no object/datatype]
10/03/2026 10:52:13 -- 		 min: 0 (min found at subject)
10/03/2026 10:52:13 -- 		 max: 3 (max found at subject)
10/03/2026 10:52:13 -- 	N8ef404b1e73f4f789a9e2619ff9ee1a5 | http://lblod.data.gift/vocabularies/besluit/extractedDecisionContent > [no object/datatype]
10/03/2026 10:52:13 -- 		 min: 0 (min found at subject)
10/03/2026 10:52:13 -- 		 max: 43 (max found at subject)
10/03/2026 10:52:13 -- 	N89bb1dfe363f47459aad3af0a8cac746 | http://data.europa.eu/eli/ontology#title > [no object/datatype]
10/03/2026 10:52:13 -- 		 min: 1 (min found at subject)
10/03/2026 10:52:13 -- 		 max: 2 (max found at subject)
10/03/2026 10:52:13 -- 		 shacl-min: 1
10/03/2026 10:52:13 -- 	Ncaf1c4a5d83a4473bdab0cb293168d0c | http://data.vlaanderen.be/ns/besluit#noreferrer > [no object/datatype]
10/03/2026 10:52:13 -- 		 min: 0 (min found at subject)
10/03/2026 10:52:13 -- 		 max: 1 (max found at subject)
10/03/2026 10:52:13 -- 		 shacl-max: 1
10/03/2026 10:52:13 -- http://example.com/shapes/d75064b2-88b0-4d77-b71b-78a2f48b097f ~ https://data.vlaanderen.be/id/concept/BesluitType/ec8652a6-2c49-4955-8d59-fd08c8c0a6e1
10/03/2026 10:52:13 -- 	Na66cbd39a7694a9c83aff8cc64a759ab | http://www.w3.org/ns/prov#wasGeneratedBy > http://data.vlaanderen.be/ns/besluit#BehandelingVanAgendapunt
10/03/2026 10:52:13 -- 		 min: 1 (min found at subject)
10/03/2026 10:52:13 -- 		 max: 1 (max found at subject)
10/03/2026 10:52:13 -- 		 shacl-min: 1
10/03/2026 10:52:13 -- 		 shacl-max: 1
10/03/2026 10:52:13 -- 	Ne0a20f4e902a45b7b8a55763e5057534 | http://www.w3.org/ns/prov#wasDerivedFrom > [no object/datatype]
10/03/2026 10:52:13 -- 		 min: 1 (min found at subject)
10/03/2026 10:52:13 -- 		 max: 2 (max found at subject)
10/03/2026 10:52:13 -- 		 shacl-min: 1
10/03/2026 10:52:13 -- 	N54aa69d2e93840f98bbeb303a0d3204a | http://data.europa.eu/eli/ontology#language > http://www.w3.org/2004/02/skos/core#Concept
10/03/2026 10:52:13 -- 		 min: 1 (min found at subject)
10/03/2026 10:52:13 -- 		 max: 1 (max found at subject)
10/03/2026 10:52:13 -- 		 shacl-min: 1
10/03/2026 10:52:13 -- 		 shacl-max: 1
10/03/2026 10:52:13 -- 	N626a61cacf2e40099c14de46f4f0521d | http://data.europa.eu/eli/ontology#description > [no object/datatype]
10/03/2026 10:52:13 -- 		 min: 0 (min found at subject)
10/03/2026 10:52:13 -- 		 max: 1 (max found at subject)
10/03/2026 10:52:13 -- 		 shacl-max: 1
10/03/2026 10:52:13 -- 	N8c9a4d678eab425daf6f8f48297ab93e | http://mu.semte.ch/vocabularies/core/uuid > [no object/datatype]
10/03/2026 10:52:13 -- 		 min: 1 (min found at subject)
10/03/2026 10:52:13 -- 		 max: 1 (max found at subject)
10/03/2026 10:52:13 -- 		 shacl-min: 1
10/03/2026 10:52:13 -- 		 shacl-max: 1
10/03/2026 10:52:13 -- 	Nf817a8722b674ed2abe3c98cd6d78796 | http://www.w3.org/ns/prov#value > [no object/datatype]
10/03/2026 10:52:13 -- 		 min: 1 (min found at subject)
10/03/2026 10:52:13 -- 		 max: 1 (max found at subject)
10/03/2026 10:52:13 -- 		 shacl-min: 1
10/03/2026 10:52:13 -- 		 shacl-max: 1
10/03/2026 10:52:13 -- 	N3b0a46f6600a4d9c93f0a293bdd7bbb1 | http://lblod.data.gift/vocabularies/besluit/extractedDecisionContent > [no object/datatype]
10/03/2026 10:52:13 -- 		 min: 1 (min found at subject)
10/03/2026 10:52:13 -- 		 max: 21 (max found at subject)
10/03/2026 10:52:13 -- 		 shacl-min: 1
10/03/2026 10:52:13 -- 	N76f13eff8bc343618080ebba75ad0652 | http://data.vlaanderen.be/ns/besluit#motivering > [no object/datatype]
10/03/2026 10:52:13 -- 		 min: 1 (min found at subject)
10/03/2026 10:52:13 -- 		 max: 1 (max found at subject)
10/03/2026 10:52:13 -- 		 shacl-min: 1
10/03/2026 10:52:13 -- 		 shacl-max: 1
10/03/2026 10:52:13 -- 	N52010010b3c94b119b5b5d6dd27f4776 | http://data.europa.eu/eli/ontology#passed_by > http://data.vlaanderen.be/ns/besluit#Bestuursorgaan
10/03/2026 10:52:13 -- 		 min: 1 (min found at subject)
10/03/2026 10:52:13 -- 		 max: 1 (max found at subject)
10/03/2026 10:52:13 -- 		 shacl-min: 1
10/03/2026 10:52:13 -- 		 shacl-max: 1
10/03/2026 10:52:13 -- 	Nfcde6c94b10544b883c18061cd8ac1ac | http://data.europa.eu/eli/ontology#title > [no object/datatype]
10/03/2026 10:52:13 -- 		 min: 1 (min found at subject)
10/03/2026 10:52:13 -- 		 max: 1 (max found at subject)
10/03/2026 10:52:13 -- 		 shacl-min: 1
10/03/2026 10:52:13 -- 		 shacl-max: 1
10/03/2026 10:52:13 -- http://example.com/shapes/02e6c981-d79e-4403-8dc0-d3283160e09b ~ https://data.vlaanderen.be/id/concept/BesluitType/efa4ec5a-b006-453f-985f-f986ebae11bc
10/03/2026 10:52:13 -- 	N212062a4ca5e4a86b211fe017f10223c | http://data.vlaanderen.be/ns/besluit#noreferrer > [no object/datatype]
10/03/2026 10:52:13 -- 		 min: 0 (min found at subject)
10/03/2026 10:52:13 -- 		 max: 1 (max found at subject)
10/03/2026 10:52:13 -- 		 shacl-max: 1
10/03/2026 10:52:13 -- 	N4cf81ca51b7345138afc5ef18324e57a | http://data.vlaanderen.be/ns/besluit#noopener > [no object/datatype]
10/03/2026 10:52:13 -- 		 min: 0 (min found at subject)
10/03/2026 10:52:13 -- 		 max: 1 (max found at subject)
10/03/2026 10:52:13 -- 		 shacl-max: 1
10/03/2026 10:52:13 -- 	Nbfbb9d70b54d4a9b876e686be89a930b | http://www.w3.org/ns/prov#value > [no object/datatype]
10/03/2026 10:52:13 -- 		 min: 0 (min found at subject)
10/03/2026 10:52:13 -- 		 max: 3 (max found at subject)
10/03/2026 10:52:13 -- 	N15dda66f448141e2a5baafd687b91ee0 | http://data.europa.eu/eli/ontology#title > [no object/datatype]
10/03/2026 10:52:13 -- 		 min: 1 (min found at subject)
10/03/2026 10:52:13 -- 		 max: 2 (max found at subject)
10/03/2026 10:52:13 -- 		 shacl-min: 1
10/03/2026 10:52:13 -- 	N44d5fb4e667f41778053f49c49a06fdf | http://lblod.data.gift/vocabularies/besluit/extractedDecisionContent > [no object/datatype]
10/03/2026 10:52:13 -- 		 min: 0 (min found at subject)
10/03/2026 10:52:13 -- 		 max: 44 (max found at subject)
10/03/2026 10:52:13 -- 	N8dcc614c83f546b5bf680c64e7a16ecc | http://data.europa.eu/eli/ontology#description > [no object/datatype]
10/03/2026 10:52:13 -- 		 min: 0 (min found at subject)
10/03/2026 10:52:13 -- 		 max: 1 (max found at subject)
10/03/2026 10:52:13 -- 		 shacl-max: 1
10/03/2026 10:52:13 -- 	N88ec1eee6bf54163b83816e2ff1109dc | http://mu.semte.ch/vocabularies/core/uuid > [no object/datatype]
10/03/2026 10:52:13 -- 		 min: 1 (min found at subject)
10/03/2026 10:52:13 -- 		 max: 1 (max found at subject)
10/03/2026 10:52:13 -- 		 shacl-min: 1
10/03/2026 10:52:13 -- 		 shacl-max: 1
10/03/2026 10:52:13 -- 	N52e689abe82a443499e546c3fa31229c | http://data.vlaanderen.be/ns/besluit#motivering > [no object/datatype]
10/03/2026 10:52:13 -- 		 min: 1 (min found at subject)
10/03/2026 10:52:13 -- 		 max: 2 (max found at subject)
10/03/2026 10:52:13 -- 		 shacl-min: 1
10/03/2026 10:52:13 -- 	N0615297efb5d42a59e9da631e1ddd51b | http://www.w3.org/ns/prov#wasGeneratedBy > http://data.vlaanderen.be/ns/besluit#BehandelingVanAgendapunt
10/03/2026 10:52:13 -- 		 min: 1 (min found at subject)
10/03/2026 10:52:13 -- 		 max: 1 (max found at subject)
10/03/2026 10:52:13 -- 		 shacl-min: 1
10/03/2026 10:52:13 -- 		 shacl-max: 1
10/03/2026 10:52:13 -- 	N7fb9b3918f3c4bccb58cc7c2b4b0c8db | http://data.europa.eu/eli/ontology#passed_by > http://data.vlaanderen.be/ns/besluit#Bestuursorgaan
10/03/2026 10:52:13 -- 		 min: 0 (min found at subject)
10/03/2026 10:52:13 -- 		 max: 1 (max found at subject)
10/03/2026 10:52:13 -- 		 shacl-max: 1
10/03/2026 10:52:13 -- 	Nc3d5af6fdb924d0e933677c05e546501 | http://data.europa.eu/eli/ontology#language > http://www.w3.org/2004/02/skos/core#Concept
10/03/2026 10:52:13 -- 		 min: 1 (min found at subject)
10/03/2026 10:52:13 -- 		 max: 1 (max found at subject)
10/03/2026 10:52:13 -- 		 shacl-min: 1
10/03/2026 10:52:13 -- 		 shacl-max: 1
10/03/2026 10:52:13 -- 	N00cd41fcea5a4f07ae6f7cd2528aaaa5 | http://www.w3.org/ns/prov#wasDerivedFrom > [no object/datatype]
10/03/2026 10:52:13 -- 		 min: 1 (min found at subject)
10/03/2026 10:52:13 -- 		 max: 3 (max found at subject)
10/03/2026 10:52:13 -- 		 shacl-min: 1
10/03/2026 10:52:13 -- http://example.com/shapes/0461da2a-151c-40e8-a5b0-e4b29ce7b345 ~ https://data.vlaanderen.be/id/concept/BesluitType/f1d16307-164c-4278-87b9-1d3b1d968f67
10/03/2026 10:52:13 -- 	Neec0a7db212b4d119498d74b55a3c8c9 | http://www.w3.org/ns/prov#wasGeneratedBy > http://data.vlaanderen.be/ns/besluit#BehandelingVanAgendapunt
10/03/2026 10:52:13 -- 		 min: 1 (min found at subject)
10/03/2026 10:52:13 -- 		 max: 1 (max found at subject)
10/03/2026 10:52:13 -- 		 shacl-min: 1
10/03/2026 10:52:13 -- 		 shacl-max: 1
10/03/2026 10:52:13 -- 	N6ab85ba01efc42e68e3cf1aada1abbbf | http://data.europa.eu/eli/ontology#description > [no object/datatype]
10/03/2026 10:52:13 -- 		 min: 1 (min found at subject)
10/03/2026 10:52:13 -- 		 max: 1 (max found at subject)
10/03/2026 10:52:13 -- 		 shacl-min: 1
10/03/2026 10:52:13 -- 		 shacl-max: 1
10/03/2026 10:52:13 -- 	N4ba83be53b304589bf0136873908fa69 | http://data.europa.eu/eli/ontology#passed_by > http://data.vlaanderen.be/ns/besluit#Bestuursorgaan
10/03/2026 10:52:13 -- 		 min: 1 (min found at subject)
10/03/2026 10:52:13 -- 		 max: 1 (max found at subject)
10/03/2026 10:52:13 -- 		 shacl-min: 1
10/03/2026 10:52:13 -- 		 shacl-max: 1
10/03/2026 10:52:13 -- 	Nbbb889ac24ad48f5b350c414fe3a0152 | http://data.vlaanderen.be/ns/besluit#motivering > [no object/datatype]
10/03/2026 10:52:13 -- 		 min: 1 (min found at subject)
10/03/2026 10:52:13 -- 		 max: 2 (max found at subject)
10/03/2026 10:52:13 -- 		 shacl-min: 1
10/03/2026 10:52:13 -- 	N6427b00cdffc4466a4225c12bf29423b | http://data.europa.eu/eli/ontology#language > http://www.w3.org/2004/02/skos/core#Concept
10/03/2026 10:52:13 -- 		 min: 1 (min found at subject)
10/03/2026 10:52:13 -- 		 max: 1 (max found at subject)
10/03/2026 10:52:13 -- 		 shacl-min: 1
10/03/2026 10:52:13 -- 		 shacl-max: 1
10/03/2026 10:52:13 -- 	Na0be7b83ce744c22b9b5756b408bfc5c | http://lblod.data.gift/vocabularies/besluit/extractedDecisionContent > [no object/datatype]
10/03/2026 10:52:13 -- 		 min: 17 (min found at subject)
10/03/2026 10:52:13 -- 		 max: 33 (max found at subject)
10/03/2026 10:52:13 -- 		 shacl-min: 1
10/03/2026 10:52:13 -- 	N5a74e2213bff49a48186072424ab5fd4 | http://www.w3.org/ns/prov#value > [no object/datatype]
10/03/2026 10:52:13 -- 		 min: 1 (min found at subject)
10/03/2026 10:52:13 -- 		 max: 2 (max found at subject)
10/03/2026 10:52:13 -- 		 shacl-min: 1
10/03/2026 10:52:13 -- 	N986c512f47874a05b0e823127b7d8a0a | http://data.europa.eu/eli/ontology#title > [no object/datatype]
10/03/2026 10:52:13 -- 		 min: 1 (min found at subject)
10/03/2026 10:52:13 -- 		 max: 2 (max found at subject)
10/03/2026 10:52:13 -- 		 shacl-min: 1
10/03/2026 10:52:13 -- 	N6d1998c1be41498fb5cc1aa6d8ff49e2 | http://www.w3.org/ns/prov#wasDerivedFrom > [no object/datatype]
10/03/2026 10:52:13 -- 		 min: 2 (min found at subject)
10/03/2026 10:52:13 -- 		 max: 3 (max found at subject)
10/03/2026 10:52:13 -- 		 shacl-min: 1
10/03/2026 10:52:13 -- 	N0709f19af3a1471fb43e8ab039fa07ca | http://mu.semte.ch/vocabularies/core/uuid > [no object/datatype]
10/03/2026 10:52:13 -- 		 min: 1 (min found at subject)
10/03/2026 10:52:13 -- 		 max: 1 (max found at subject)
10/03/2026 10:52:13 -- 		 shacl-min: 1
10/03/2026 10:52:13 -- 		 shacl-max: 1
10/03/2026 10:52:13 -- http://example.com/shapes/b65f74b0-813e-4e1b-b805-c9c7f1466d60 ~ https://data.vlaanderen.be/id/concept/BesluitType/f1fd8f88-95b0-4085-b766-008b5867d992
10/03/2026 10:52:13 -- 	N4306db8218fe49f4b08a76287d4ae17b | http://www.w3.org/ns/prov#value > [no object/datatype]
10/03/2026 10:52:13 -- 		 min: 1 (min found at subject)
10/03/2026 10:52:13 -- 		 max: 2 (max found at subject)
10/03/2026 10:52:13 -- 		 shacl-min: 1
10/03/2026 10:52:13 -- 	Ncd41395ec954438884aca9a5e3c7cad2 | http://data.europa.eu/eli/ontology#date_publication > [no object/datatype]
10/03/2026 10:52:13 -- 		 min: 0 (min found at subject)
10/03/2026 10:52:13 -- 		 max: 1 (max found at subject)
10/03/2026 10:52:13 -- 		 shacl-max: 1
10/03/2026 10:52:13 -- 	N6cdf9268f66047bb983580194c249b9a | http://data.europa.eu/eli/ontology#title > [no object/datatype]
10/03/2026 10:52:13 -- 		 min: 1 (min found at subject)
10/03/2026 10:52:13 -- 		 max: 2 (max found at subject)
10/03/2026 10:52:13 -- 		 shacl-min: 1
10/03/2026 10:52:13 -- 	N6a538f07440f4391bb0d0135cb7e422e | http://www.w3.org/ns/prov#wasGeneratedBy > http://data.vlaanderen.be/ns/besluit#BehandelingVanAgendapunt
10/03/2026 10:52:13 -- 		 min: 1 (min found at subject)
10/03/2026 10:52:13 -- 		 max: 1 (max found at subject)
10/03/2026 10:52:13 -- 		 shacl-min: 1
10/03/2026 10:52:13 -- 		 shacl-max: 1
10/03/2026 10:52:13 -- 	Neff2050065a0475da7099e968e30b75f | http://data.europa.eu/eli/ontology#description > [no object/datatype]
10/03/2026 10:52:13 -- 		 min: 0 (min found at subject)
10/03/2026 10:52:13 -- 		 max: 2 (max found at subject)
10/03/2026 10:52:13 -- 	N4459ee0e702d49d9ba81f5d304942f19 | http://mu.semte.ch/vocabularies/core/uuid > [no object/datatype]
10/03/2026 10:52:13 -- 		 min: 1 (min found at subject)
10/03/2026 10:52:13 -- 		 max: 1 (max found at subject)
10/03/2026 10:52:13 -- 		 shacl-min: 1
10/03/2026 10:52:13 -- 		 shacl-max: 1
10/03/2026 10:52:13 -- 	Nac2c817194aa4322981d0db1ac6744df | http://data.vlaanderen.be/ns/besluit#motivering > [no object/datatype]
10/03/2026 10:52:13 -- 		 min: 1 (min found at subject)
10/03/2026 10:52:13 -- 		 max: 2 (max found at subject)
10/03/2026 10:52:13 -- 		 shacl-min: 1
10/03/2026 10:52:13 -- 	Nf8a4027c9777479a832f0173f069f9d8 | http://data.europa.eu/eli/ontology#language > http://www.w3.org/2004/02/skos/core#Concept
10/03/2026 10:52:13 -- 		 min: 1 (min found at subject)
10/03/2026 10:52:13 -- 		 max: 1 (max found at subject)
10/03/2026 10:52:13 -- 		 shacl-min: 1
10/03/2026 10:52:13 -- 		 shacl-max: 1
10/03/2026 10:52:13 -- 	N23029209ff78441aaab7c3fdae3a2815 | http://data.europa.eu/eli/ontology#passed_by > http://data.vlaanderen.be/ns/besluit#Bestuursorgaan
10/03/2026 10:52:14 -- 		 min: 0 (min found at subject)
10/03/2026 10:52:14 -- 		 max: 1 (max found at subject)
10/03/2026 10:52:14 -- 		 shacl-max: 1
10/03/2026 10:52:14 -- 	Nac61b71bfc50492eb85d4b45d9f36bb2 | http://data.europa.eu/eli/ontology#has_part > http://data.vlaanderen.be/ns/besluit#Artikel
10/03/2026 10:52:14 -- 		 min: 0 (min found at subject)
10/03/2026 10:52:14 -- 		 max: 14 (max found at subject)
10/03/2026 10:52:14 -- 	N986a9261ddac4d3c9d0548767d175e52 | http://www.w3.org/ns/prov#wasDerivedFrom > http://xmlns.com/foaf/0.1/Document
10/03/2026 10:52:14 -- 		 min: 0 (min found at subject)
10/03/2026 10:52:14 -- 		 max: 1 (max found at subject)
10/03/2026 10:52:14 -- 		 shacl-max: 1
10/03/2026 10:52:14 -- 	N84bd4815b8f7427a827d6cb7e8fc9434 | http://www.w3.org/ns/prov#wasDerivedFrom > https://data.vlaanderen.be/id/concept/BesluitDocumentType/9d5bfaca-bbf2-49dd-a830-769f91a6377b
10/03/2026 10:52:14 -- 		 min: 0 (min found at subject)
10/03/2026 10:52:14 -- 		 max: 1 (max found at subject)
10/03/2026 10:52:14 -- 		 shacl-max: 1
10/03/2026 10:52:14 -- 	N2bce6a3f4d744a188da93ba6e376c2c0 | http://lblod.data.gift/vocabularies/besluit/extractedDecisionContent > [no object/datatype]
10/03/2026 10:52:14 -- 		 min: 1 (min found at subject)
10/03/2026 10:52:14 -- 		 max: 42 (max found at subject)
10/03/2026 10:52:14 -- 		 shacl-min: 1
10/03/2026 10:52:14 -- http://example.com/shapes/7cc40e6a-81a2-4d09-ac65-aa600985066b ~ https://data.vlaanderen.be/id/concept/BesluitType/f276bc3b-2d79-4c55-81b8-092e05619676
10/03/2026 10:52:14 -- 	N325f38271460407bbcec669601afeea8 | http://data.europa.eu/eli/ontology#title > [no object/datatype]
10/03/2026 10:52:14 -- 		 min: 1 (min found at subject)
10/03/2026 10:52:14 -- 		 max: 1 (max found at subject)
10/03/2026 10:52:14 -- 		 shacl-min: 1
10/03/2026 10:52:14 -- 		 shacl-max: 1
10/03/2026 10:52:14 -- 	Nb91e272b305d479a8d7b770efc553997 | http://lblod.data.gift/vocabularies/besluit/extractedDecisionContent > [no object/datatype]
10/03/2026 10:52:14 -- 		 min: 1 (min found at subject)
10/03/2026 10:52:14 -- 		 max: 36 (max found at subject)
10/03/2026 10:52:14 -- 		 shacl-min: 1
10/03/2026 10:52:14 -- 	Na068e56b20b2454bade29ab0e56353a8 | http://data.europa.eu/eli/ontology#language > http://www.w3.org/2004/02/skos/core#Concept
10/03/2026 10:52:14 -- 		 min: 1 (min found at subject)
10/03/2026 10:52:14 -- 		 max: 1 (max found at subject)
10/03/2026 10:52:14 -- 		 shacl-min: 1
10/03/2026 10:52:14 -- 		 shacl-max: 1
10/03/2026 10:52:14 -- 	N4fc0f5f120b74a8e9ac86e5904a7a44c | http://mu.semte.ch/vocabularies/core/uuid > [no object/datatype]
10/03/2026 10:52:14 -- 		 min: 1 (min found at subject)
10/03/2026 10:52:14 -- 		 max: 1 (max found at subject)
10/03/2026 10:52:14 -- 		 shacl-min: 1
10/03/2026 10:52:14 -- 		 shacl-max: 1
10/03/2026 10:52:14 -- 	N197841a1be2f4e2c893267d35773ed84 | http://data.vlaanderen.be/ns/besluit#motivering > [no object/datatype]
10/03/2026 10:52:14 -- 		 min: 1 (min found at subject)
10/03/2026 10:52:14 -- 		 max: 2 (max found at subject)
10/03/2026 10:52:14 -- 		 shacl-min: 1
10/03/2026 10:52:14 -- 	N83564a9a4cfa4dc4bd7e5c5436eadf4a | http://data.europa.eu/eli/ontology#description > [no object/datatype]
10/03/2026 10:52:14 -- 		 min: 1 (min found at subject)
10/03/2026 10:52:14 -- 		 max: 1 (max found at subject)
10/03/2026 10:52:14 -- 		 shacl-min: 1
10/03/2026 10:52:14 -- 		 shacl-max: 1
10/03/2026 10:52:14 -- 	Nba250571764348e08705e8a401f9fd0d | http://data.europa.eu/eli/ontology#passed_by > http://data.vlaanderen.be/ns/besluit#Bestuursorgaan
10/03/2026 10:52:14 -- 		 min: 0 (min found at subject)
10/03/2026 10:52:14 -- 		 max: 1 (max found at subject)
10/03/2026 10:52:14 -- 		 shacl-max: 1
10/03/2026 10:52:14 -- 	Nd485056e8b344a938b0c82eac30e5c3a | http://www.w3.org/ns/prov#wasGeneratedBy > http://data.vlaanderen.be/ns/besluit#BehandelingVanAgendapunt
10/03/2026 10:52:14 -- 		 min: 1 (min found at subject)
10/03/2026 10:52:14 -- 		 max: 1 (max found at subject)
10/03/2026 10:52:14 -- 		 shacl-min: 1
10/03/2026 10:52:14 -- 		 shacl-max: 1
10/03/2026 10:52:14 -- 	N83e0203037ed47089175130b47f13493 | http://www.w3.org/ns/prov#wasDerivedFrom > [no object/datatype]
10/03/2026 10:52:14 -- 		 min: 2 (min found at subject)
10/03/2026 10:52:14 -- 		 max: 3 (max found at subject)
10/03/2026 10:52:14 -- 		 shacl-min: 1
10/03/2026 10:52:14 -- 	N0ab14bf4e2a747beb5591f0f37907ade | http://www.w3.org/ns/prov#value > [no object/datatype]
10/03/2026 10:52:14 -- 		 min: 1 (min found at subject)
10/03/2026 10:52:14 -- 		 max: 2 (max found at subject)
10/03/2026 10:52:14 -- 		 shacl-min: 1
10/03/2026 10:52:14 -- http://example.com/shapes/03323c14-e794-41a6-8676-d684c83ba846 ~ https://data.vlaanderen.be/id/concept/BesluitType/f4ba730e-3f12-4c2f-81cf-31922b6da166
10/03/2026 10:52:14 -- 	Nea6980c393da4eeabad990ab62424fd5 | http://www.w3.org/ns/prov#value > [no object/datatype]
10/03/2026 10:52:14 -- 		 min: 1 (min found at subject)
10/03/2026 10:52:14 -- 		 max: 2 (max found at subject)
10/03/2026 10:52:14 -- 		 shacl-min: 1
10/03/2026 10:52:14 -- 	Nd89c3bae1da34aa88b02899bdeb84f47 | http://lblod.data.gift/vocabularies/besluit/extractedDecisionContent > [no object/datatype]
10/03/2026 10:52:14 -- 		 min: 21 (min found at subject)
10/03/2026 10:52:14 -- 		 max: 35 (max found at subject)
10/03/2026 10:52:14 -- 		 shacl-min: 1
10/03/2026 10:52:14 -- 	Nc292a9ff75b240e8aab381a0e15b6101 | http://www.w3.org/ns/prov#wasDerivedFrom > [no object/datatype]
10/03/2026 10:52:14 -- 		 min: 2 (min found at subject)
10/03/2026 10:52:14 -- 		 max: 3 (max found at subject)
10/03/2026 10:52:14 -- 		 shacl-min: 1
10/03/2026 10:52:14 -- 	N8ce68712276540d8a8a45b7129d62480 | http://www.w3.org/ns/prov#wasGeneratedBy > http://data.vlaanderen.be/ns/besluit#BehandelingVanAgendapunt
10/03/2026 10:52:14 -- 		 min: 1 (min found at subject)
10/03/2026 10:52:14 -- 		 max: 1 (max found at subject)
10/03/2026 10:52:14 -- 		 shacl-min: 1
10/03/2026 10:52:14 -- 		 shacl-max: 1
10/03/2026 10:52:14 -- 	Nb168fc2c7aa84e1d8a8667f63d5ad93c | http://data.europa.eu/eli/ontology#title > [no object/datatype]
10/03/2026 10:52:14 -- 		 min: 1 (min found at subject)
10/03/2026 10:52:14 -- 		 max: 2 (max found at subject)
10/03/2026 10:52:14 -- 		 shacl-min: 1
10/03/2026 10:52:14 -- 	N70d89a1e0e024a2e8fd0d30245254f3e | http://data.europa.eu/eli/ontology#description > [no object/datatype]
10/03/2026 10:52:14 -- 		 min: 1 (min found at subject)
10/03/2026 10:52:14 -- 		 max: 1 (max found at subject)
10/03/2026 10:52:14 -- 		 shacl-min: 1
10/03/2026 10:52:14 -- 		 shacl-max: 1
10/03/2026 10:52:14 -- 	N8736baf8cfea4eb1b69abc95eeb3fa30 | http://data.europa.eu/eli/ontology#passed_by > http://data.vlaanderen.be/ns/besluit#Bestuursorgaan
10/03/2026 10:52:14 -- 		 min: 1 (min found at subject)
10/03/2026 10:52:14 -- 		 max: 1 (max found at subject)
10/03/2026 10:52:14 -- 		 shacl-min: 1
10/03/2026 10:52:14 -- 		 shacl-max: 1
10/03/2026 10:52:14 -- 	N1fc68259830f49b3b555fb7ca85c2945 | http://data.vlaanderen.be/ns/besluit#motivering > [no object/datatype]
10/03/2026 10:52:14 -- 		 min: 1 (min found at subject)
10/03/2026 10:52:14 -- 		 max: 2 (max found at subject)
10/03/2026 10:52:14 -- 		 shacl-min: 1
10/03/2026 10:52:14 -- 	N897b3fa77f684a41b6a6ecf1b56cbf01 | http://data.europa.eu/eli/ontology#language > http://www.w3.org/2004/02/skos/core#Concept
10/03/2026 10:52:14 -- 		 min: 1 (min found at subject)
10/03/2026 10:52:14 -- 		 max: 1 (max found at subject)
10/03/2026 10:52:14 -- 		 shacl-min: 1
10/03/2026 10:52:14 -- 		 shacl-max: 1
10/03/2026 10:52:14 -- 	Nca6959fd83804fb2b13123bcf6c12169 | http://mu.semte.ch/vocabularies/core/uuid > [no object/datatype]
10/03/2026 10:52:14 -- 		 min: 1 (min found at subject)
10/03/2026 10:52:14 -- 		 max: 1 (max found at subject)
10/03/2026 10:52:14 -- 		 shacl-min: 1
10/03/2026 10:52:14 -- 		 shacl-max: 1
10/03/2026 10:52:14 -- http://example.com/shapes/2d1cc186-0fb3-4ba0-bfc2-ac42dde8be41 ~ https://data.vlaanderen.be/id/concept/BesluitType/f56c645d-b8e1-4066-813d-e213f5bc529f
10/03/2026 10:52:14 -- 	Ne78a4b25e3794d4384169b200738277c | http://data.europa.eu/eli/ontology#title > [no object/datatype]
10/03/2026 10:52:14 -- 		 min: 1 (min found at subject)
10/03/2026 10:52:14 -- 		 max: 3 (max found at subject)
10/03/2026 10:52:14 -- 		 shacl-min: 1
10/03/2026 10:52:14 -- 	N0efb9514cff74dcfbef83b147c2c1764 | http://mu.semte.ch/vocabularies/ext/hiddenBesluitType > [no object/datatype]
10/03/2026 10:52:14 -- 		 min: 0 (min found at subject)
10/03/2026 10:52:14 -- 		 max: 1 (max found at subject)
10/03/2026 10:52:14 -- 		 shacl-max: 1
10/03/2026 10:52:14 -- 	N29fb1eb1abf647f890c51bd391165fd2 | http://data.europa.eu/eli/ontology#cites > http://data.europa.eu/eli/ontology#LegalExpression
10/03/2026 10:52:14 -- 		 min: 0 (min found at subject)
10/03/2026 10:52:14 -- 		 max: 6 (max found at subject)
10/03/2026 10:52:14 -- 	N767779ecc62c46e8848b3e54f3426edc | http://www.w3.org/ns/prov#wasDerivedFrom > http://data.vlaanderen.be/ns/mandaat#Mandataris
10/03/2026 10:52:14 -- 		 min: 0 (min found at subject)
10/03/2026 10:52:14 -- 		 max: 1 (max found at subject)
10/03/2026 10:52:14 -- 		 shacl-max: 1
10/03/2026 10:52:14 -- 	N81a881ac15084240bcead816d44a9fa8 | http://www.w3.org/ns/prov#wasDerivedFrom > http://xmlns.com/foaf/0.1/Document
10/03/2026 10:52:14 -- 		 min: 0 (min found at subject)
10/03/2026 10:52:14 -- 		 max: 2 (max found at subject)
10/03/2026 10:52:14 -- 	N50755936ffdc4c56b3c68c706d266aa4 | http://www.w3.org/ns/prov#wasDerivedFrom > https://data.vlaanderen.be/id/concept/BesluitDocumentType/9d5bfaca-bbf2-49dd-a830-769f91a6377b
10/03/2026 10:52:14 -- 		 min: 0 (min found at subject)
10/03/2026 10:52:14 -- 		 max: 2 (max found at subject)
10/03/2026 10:52:14 -- 	Nb480ea8c200745a48b0e37242b11b1e1 | http://www.w3.org/ns/prov#value > [no object/datatype]
10/03/2026 10:52:14 -- 		 min: 0 (min found at subject)
10/03/2026 10:52:14 -- 		 max: 2 (max found at subject)
10/03/2026 10:52:14 -- 	N5c0c31860c3d4a468aefbf40ceb87388 | http://data.vlaanderen.be/ns/besluit#noopener > [no object/datatype]
10/03/2026 10:52:14 -- 		 min: 0 (min found at subject)
10/03/2026 10:52:14 -- 		 max: 1 (max found at subject)
10/03/2026 10:52:14 -- 		 shacl-max: 1
10/03/2026 10:52:14 -- 	N85b35560d19d4d379488930aced21948 | http://mu.semte.ch/vocabularies/core/uuid > [no object/datatype]
10/03/2026 10:52:14 -- 		 min: 1 (min found at subject)
10/03/2026 10:52:14 -- 		 max: 1 (max found at subject)
10/03/2026 10:52:14 -- 		 shacl-min: 1
10/03/2026 10:52:14 -- 		 shacl-max: 1
10/03/2026 10:52:14 -- 	N28dc2f26fd994b8d8f7b38c6df5fb383 | http://data.vlaanderen.be/ns/besluit#motivering > [no object/datatype]
10/03/2026 10:52:14 -- 		 min: 0 (min found at subject)
10/03/2026 10:52:14 -- 		 max: 2 (max found at subject)
10/03/2026 10:52:14 -- 	Nbd911b1882b84d7092418e5ba22b2899 | http://data.europa.eu/eli/ontology#has_part > http://data.vlaanderen.be/ns/besluit#Artikel
10/03/2026 10:52:14 -- 		 min: 0 (min found at subject)
10/03/2026 10:52:14 -- 		 max: 5 (max found at subject)
10/03/2026 10:52:14 -- 	N681710f0e74c4161a92df05946b5411c | http://lblod.data.gift/vocabularies/editor/isLumpNode > [no object/datatype]
10/03/2026 10:52:14 -- 		 min: 0 (min found at subject)
10/03/2026 10:52:14 -- 		 max: 1 (max found at subject)
10/03/2026 10:52:14 -- 		 shacl-max: 1
10/03/2026 10:52:14 -- 	N8ef63cc3722a4e348e685024948946b6 | http://data.europa.eu/eli/ontology#date_publication > [no object/datatype]
10/03/2026 10:52:14 -- 		 min: 0 (min found at subject)
10/03/2026 10:52:14 -- 		 max: 2 (max found at subject)
10/03/2026 10:52:14 -- 	N2fa804f86719463dbf842b9613e08dfa | http://www.w3.org/ns/prov#wasGeneratedBy > http://data.vlaanderen.be/ns/besluit#BehandelingVanAgendapunt
10/03/2026 10:52:14 -- 		 min: 0 (min found at subject)
10/03/2026 10:52:14 -- 		 max: 1 (max found at subject)
10/03/2026 10:52:14 -- 		 shacl-max: 1
10/03/2026 10:52:14 -- 	Na761823315844c5e811615e622401f92 | http://data.europa.eu/eli/ontology#passed_by > http://data.vlaanderen.be/ns/besluit#Bestuursorgaan
10/03/2026 10:52:14 -- 		 min: 0 (min found at subject)
10/03/2026 10:52:14 -- 		 max: 1 (max found at subject)
10/03/2026 10:52:14 -- 		 shacl-max: 1
10/03/2026 10:52:14 -- 	N8df49819b042411e83574363f28789e4 | http://data.europa.eu/eli/ontology#language > http://www.w3.org/2004/02/skos/core#Concept
10/03/2026 10:52:14 -- 		 min: 0 (min found at subject)
10/03/2026 10:52:14 -- 		 max: 1 (max found at subject)
10/03/2026 10:52:14 -- 		 shacl-max: 1
10/03/2026 10:52:14 -- 	N49517d028f884d6498e30a5ed153e0e2 | http://lblod.data.gift/vocabularies/besluit/extractedDecisionContent > [no object/datatype]
10/03/2026 10:52:14 -- 		 min: 0 (min found at subject)
10/03/2026 10:52:14 -- 		 max: 43 (max found at subject)
10/03/2026 10:52:14 -- 	Nef1c985054b24d7e835f44ce731db2ab | http://data.europa.eu/eli/ontology#description > [no object/datatype]
10/03/2026 10:52:14 -- 		 min: 0 (min found at subject)
10/03/2026 10:52:14 -- 		 max: 2 (max found at subject)
10/03/2026 10:52:14 -- 	N2de054dcd7df46b5b2d759197bb06dbd | http://data.europa.eu/eli/ontology#related_to > http://xmlns.com/foaf/0.1/Document
10/03/2026 10:52:14 -- 		 min: 0 (min found at subject)
10/03/2026 10:52:14 -- 		 max: 3 (max found at subject)
10/03/2026 10:52:14 -- http://example.com/shapes/bb9ff5cc-cad0-470b-8f70-5ec2913783df ~ https://data.vlaanderen.be/id/concept/BesluitType/f8c070bd-96e4-43a1-8c6e-532bcd771251
10/03/2026 10:52:14 -- 	N6d7a460f0e954357bcefc9bd93950dce | http://data.europa.eu/eli/ontology#passed_by > http://data.vlaanderen.be/ns/besluit#Bestuursorgaan
10/03/2026 10:52:14 -- 		 min: 1 (min found at subject)
10/03/2026 10:52:14 -- 		 max: 1 (max found at subject)
10/03/2026 10:52:14 -- 		 shacl-min: 1
10/03/2026 10:52:14 -- 		 shacl-max: 1
10/03/2026 10:52:14 -- 	Nf0aeeced2024481e9d0b8caea3d11d56 | http://www.w3.org/ns/prov#value > [no object/datatype]
10/03/2026 10:52:14 -- 		 min: 1 (min found at subject)
10/03/2026 10:52:14 -- 		 max: 2 (max found at subject)
10/03/2026 10:52:14 -- 		 shacl-min: 1
10/03/2026 10:52:14 -- 	Nd169dd85488e49709968b342ad28961a | http://data.europa.eu/eli/ontology#language > http://www.w3.org/2004/02/skos/core#Concept
10/03/2026 10:52:14 -- 		 min: 1 (min found at subject)
10/03/2026 10:52:14 -- 		 max: 1 (max found at subject)
10/03/2026 10:52:14 -- 		 shacl-min: 1
10/03/2026 10:52:14 -- 		 shacl-max: 1
10/03/2026 10:52:14 -- 	N7a0fe7c9d1904ec5911753ae53e9eca3 | http://data.europa.eu/eli/ontology#title > [no object/datatype]
10/03/2026 10:52:14 -- 		 min: 1 (min found at subject)
10/03/2026 10:52:14 -- 		 max: 1 (max found at subject)
10/03/2026 10:52:14 -- 		 shacl-min: 1
10/03/2026 10:52:14 -- 		 shacl-max: 1
10/03/2026 10:52:14 -- 	N4821718b8bfb43fd81f8a9707b05e077 | http://mu.semte.ch/vocabularies/core/uuid > [no object/datatype]
10/03/2026 10:52:14 -- 		 min: 1 (min found at subject)
10/03/2026 10:52:14 -- 		 max: 1 (max found at subject)
10/03/2026 10:52:14 -- 		 shacl-min: 1
10/03/2026 10:52:14 -- 		 shacl-max: 1
10/03/2026 10:52:14 -- 	N4e9d214bdba242e699e2f1189e938967 | http://data.vlaanderen.be/ns/besluit#motivering > [no object/datatype]
10/03/2026 10:52:14 -- 		 min: 1 (min found at subject)
10/03/2026 10:52:14 -- 		 max: 2 (max found at subject)
10/03/2026 10:52:14 -- 		 shacl-min: 1
10/03/2026 10:52:14 -- 	N2c8c620b7b314e3f9f853a660a08f624 | http://www.w3.org/ns/prov#wasGeneratedBy > http://data.vlaanderen.be/ns/besluit#BehandelingVanAgendapunt
10/03/2026 10:52:14 -- 		 min: 1 (min found at subject)
10/03/2026 10:52:14 -- 		 max: 1 (max found at subject)
10/03/2026 10:52:14 -- 		 shacl-min: 1
10/03/2026 10:52:14 -- 		 shacl-max: 1
10/03/2026 10:52:14 -- 	N6c2baad58b4e4c05a2949d809db407b6 | http://data.europa.eu/eli/ontology#description > [no object/datatype]
10/03/2026 10:52:14 -- 		 min: 1 (min found at subject)
10/03/2026 10:52:14 -- 		 max: 1 (max found at subject)
10/03/2026 10:52:14 -- 		 shacl-min: 1
10/03/2026 10:52:14 -- 		 shacl-max: 1
10/03/2026 10:52:14 -- 	N5fe307cacf294625a7866de474738cbe | http://lblod.data.gift/vocabularies/besluit/extractedDecisionContent > [no object/datatype]
10/03/2026 10:52:14 -- 		 min: 10 (min found at subject)
10/03/2026 10:52:14 -- 		 max: 20 (max found at subject)
10/03/2026 10:52:14 -- 		 shacl-min: 1
10/03/2026 10:52:14 -- 	N9d9baa421d30482295b855267b6f7911 | http://www.w3.org/ns/prov#wasDerivedFrom > [no object/datatype]
10/03/2026 10:52:14 -- 		 min: 2 (min found at subject)
10/03/2026 10:52:14 -- 		 max: 3 (max found at subject)
10/03/2026 10:52:14 -- 		 shacl-min: 1
10/03/2026 10:52:14 -- http://example.com/shapes/45d67249-246a-4be7-815e-963047b084c7 ~ https://data.vlaanderen.be/id/concept/BesluitType/fb21d14b-734b-48f4-bd4e-888163fd08e8
10/03/2026 10:52:14 -- 	Nde02b0a3476642c08858b7c1ab86d944 | http://data.europa.eu/eli/ontology#language > http://www.w3.org/2004/02/skos/core#Concept
10/03/2026 10:52:14 -- 		 min: 1 (min found at subject)
10/03/2026 10:52:14 -- 		 max: 1 (max found at subject)
10/03/2026 10:52:14 -- 		 shacl-min: 1
10/03/2026 10:52:14 -- 		 shacl-max: 1
10/03/2026 10:52:14 -- 	Nd66785c439ea4d76acadb752b71d3d3c | http://data.vlaanderen.be/ns/besluit#nofollow > [no object/datatype]
10/03/2026 10:52:14 -- 		 min: 0 (min found at subject)
10/03/2026 10:52:14 -- 		 max: 1 (max found at subject)
10/03/2026 10:52:14 -- 		 shacl-max: 1
10/03/2026 10:52:14 -- 	N9232639519e24159b9ed1253b5d39195 | http://data.europa.eu/eli/ontology#description > [no object/datatype]
10/03/2026 10:52:14 -- 		 min: 0 (min found at subject)
10/03/2026 10:52:14 -- 		 max: 2 (max found at subject)
10/03/2026 10:52:14 -- 	Nad66c67ef83846c98ea1fc0b18369153 | http://www.w3.org/ns/prov#value > [no object/datatype]
10/03/2026 10:52:14 -- 		 min: 0 (min found at subject)
10/03/2026 10:52:14 -- 		 max: 2 (max found at subject)
10/03/2026 10:52:14 -- 	N4effad680e224a7186d068dc8be1dffd | http://lblod.data.gift/vocabularies/editor/isLumpNode > [no object/datatype]
10/03/2026 10:52:14 -- 		 min: 0 (min found at subject)
10/03/2026 10:52:14 -- 		 max: 2 (max found at subject)
10/03/2026 10:52:14 -- 	Nb79278edcb65461c88f090a7b0851b57 | http://data.europa.eu/eli/ontology#passed_by > http://data.vlaanderen.be/ns/besluit#Bestuursorgaan
10/03/2026 10:52:14 -- 		 min: 0 (min found at subject)
10/03/2026 10:52:14 -- 		 max: 1 (max found at subject)
10/03/2026 10:52:14 -- 		 shacl-max: 1
10/03/2026 10:52:14 -- 	Nf0cd154f504d4cf098b661d148335477 | http://data.europa.eu/eli/ontology#related_to > http://xmlns.com/foaf/0.1/Document
10/03/2026 10:52:14 -- 		 min: 0 (min found at subject)
10/03/2026 10:52:14 -- 		 max: 11 (max found at subject)
10/03/2026 10:52:14 -- 	N36f672cb1136449b886afe77b6c31338 | http://data.europa.eu/eli/ontology#cites > http://data.europa.eu/eli/ontology#LegalExpression
10/03/2026 10:52:14 -- 		 min: 0 (min found at subject)
10/03/2026 10:52:14 -- 		 max: 5 (max found at subject)
10/03/2026 10:52:14 -- 	Na6f9ae9d360648269eb048f01bb4e9e1 | http://data.vlaanderen.be/ns/besluit#noreferrer > [no object/datatype]
10/03/2026 10:52:14 -- 		 min: 0 (min found at subject)
10/03/2026 10:52:14 -- 		 max: 3 (max found at subject)
10/03/2026 10:52:14 -- 	Nd06e29c1154347f3b551474e1a608e4d | http://data.europa.eu/eli/ontology#has_part > http://data.vlaanderen.be/ns/besluit#Artikel
10/03/2026 10:52:14 -- 		 min: 0 (min found at subject)
10/03/2026 10:52:14 -- 		 max: 4 (max found at subject)
10/03/2026 10:52:14 -- 	N0fab42b751cd404c904d4f10d95bda98 | http://data.europa.eu/eli/ontology#title > [no object/datatype]
10/03/2026 10:52:14 -- 		 min: 1 (min found at subject)
10/03/2026 10:52:14 -- 		 max: 2 (max found at subject)
10/03/2026 10:52:14 -- 		 shacl-min: 1
10/03/2026 10:52:14 -- 	N36f9d3af8d8d411f9b6e3a5c701db0b2 | http://data.vlaanderen.be/ns/besluit#noopener > [no object/datatype]
10/03/2026 10:52:14 -- 		 min: 0 (min found at subject)
10/03/2026 10:52:14 -- 		 max: 3 (max found at subject)
10/03/2026 10:52:14 -- 	Nd63d7ddc22fe48eaa64b89427655d52b | http://mu.semte.ch/vocabularies/core/uuid > [no object/datatype]
10/03/2026 10:52:14 -- 		 min: 1 (min found at subject)
10/03/2026 10:52:14 -- 		 max: 1 (max found at subject)
10/03/2026 10:52:14 -- 		 shacl-min: 1
10/03/2026 10:52:14 -- 		 shacl-max: 1
10/03/2026 10:52:14 -- 	Nd9a23f30d591447cbde9fe0145b96ae6 | http://www.w3.org/ns/prov#wasDerivedFrom > http://data.vlaanderen.be/ns/mandaat#Mandataris
10/03/2026 10:52:14 -- 		 min: 0 (min found at subject)
10/03/2026 10:52:14 -- 		 max: 1 (max found at subject)
10/03/2026 10:52:14 -- 		 shacl-max: 1
10/03/2026 10:52:14 -- 	Nc9628422cae54196a1d2fddff47c1396 | http://www.w3.org/ns/prov#wasDerivedFrom > http://xmlns.com/foaf/0.1/Document
10/03/2026 10:52:14 -- 		 min: 0 (min found at subject)
10/03/2026 10:52:14 -- 		 max: 1 (max found at subject)
10/03/2026 10:52:14 -- 		 shacl-max: 1
10/03/2026 10:52:14 -- 	N3b8d0d1b0d2f42638112c79dc0495179 | http://www.w3.org/ns/prov#wasDerivedFrom > https://data.vlaanderen.be/id/concept/BesluitDocumentType/9d5bfaca-bbf2-49dd-a830-769f91a6377b
10/03/2026 10:52:14 -- 		 min: 0 (min found at subject)
10/03/2026 10:52:14 -- 		 max: 1 (max found at subject)
10/03/2026 10:52:14 -- 		 shacl-max: 1
10/03/2026 10:52:14 -- 	Nc18acdd032ea42eea759ea3a8b979447 | http://lblod.data.gift/vocabularies/besluit/extractedDecisionContent > [no object/datatype]
10/03/2026 10:52:14 -- 		 min: 0 (min found at subject)
10/03/2026 10:52:14 -- 		 max: 42 (max found at subject)
10/03/2026 10:52:14 -- 	Nc3c71deca61146e1b7c7ddcce5d3b3cb | http://data.europa.eu/eli/ontology#date_publication > [no object/datatype]
10/03/2026 10:52:14 -- 		 min: 0 (min found at subject)
10/03/2026 10:52:14 -- 		 max: 2 (max found at subject)
10/03/2026 10:52:14 -- 	Nad3de8fce0664090baf6f4fe5bf11dda | http://www.w3.org/ns/prov#wasGeneratedBy > http://data.vlaanderen.be/ns/besluit#BehandelingVanAgendapunt
10/03/2026 10:52:14 -- 		 min: 0 (min found at subject)
10/03/2026 10:52:14 -- 		 max: 1 (max found at subject)
10/03/2026 10:52:14 -- 		 shacl-max: 1
10/03/2026 10:52:14 -- 	Nf535ef3cffa842c49fb83cf918689ec3 | http://data.vlaanderen.be/ns/besluit#motivering > [no object/datatype]
10/03/2026 10:52:14 -- 		 min: 0 (min found at subject)
10/03/2026 10:52:14 -- 		 max: 2 (max found at subject)
10/03/2026 10:52:14 -- http://example.com/shapes/2d55677f-dbdb-4346-b77d-8797d6cd0742 ~ https://data.vlaanderen.be/id/concept/BesluitType/fb92601a-d189-4482-9922-ab0efc6bc935
10/03/2026 10:52:14 -- 	Nd982380b9d0d445a9d66627b5908b4a3 | http://www.w3.org/ns/prov#wasDerivedFrom > http://xmlns.com/foaf/0.1/Document
10/03/2026 10:52:14 -- 		 min: 0 (min found at subject)
10/03/2026 10:52:14 -- 		 max: 1 (max found at subject)
10/03/2026 10:52:14 -- 		 shacl-max: 1
10/03/2026 10:52:14 -- 	N910a2f572d3e4d6b99c327fa81480194 | http://www.w3.org/ns/prov#wasDerivedFrom > https://data.vlaanderen.be/id/concept/BesluitDocumentType/9d5bfaca-bbf2-49dd-a830-769f91a6377b
10/03/2026 10:52:14 -- 		 min: 0 (min found at subject)
10/03/2026 10:52:14 -- 		 max: 1 (max found at subject)
10/03/2026 10:52:14 -- 		 shacl-max: 1
10/03/2026 10:52:14 -- 	N0f28367d428c45a1984e7d3ea6f094b0 | http://lblod.data.gift/vocabularies/editor/isLumpNode > [no object/datatype]
10/03/2026 10:52:14 -- 		 min: 0 (min found at subject)
10/03/2026 10:52:14 -- 		 max: 1 (max found at subject)
10/03/2026 10:52:14 -- 		 shacl-max: 1
10/03/2026 10:52:14 -- 	N47ebb4cfd68e48438e2f0cb699bb975f | http://www.w3.org/ns/prov#wasGeneratedBy > http://data.vlaanderen.be/ns/besluit#BehandelingVanAgendapunt
10/03/2026 10:52:14 -- 		 min: 0 (min found at subject)
10/03/2026 10:52:14 -- 		 max: 1 (max found at subject)
10/03/2026 10:52:14 -- 		 shacl-max: 1
10/03/2026 10:52:14 -- 	N954be982447645bfbe691eb44aa1a4f3 | http://data.europa.eu/eli/ontology#title > [no object/datatype]
10/03/2026 10:52:14 -- 		 min: 1 (min found at subject)
10/03/2026 10:52:14 -- 		 max: 2 (max found at subject)
10/03/2026 10:52:14 -- 		 shacl-min: 1
10/03/2026 10:52:14 -- 	N1addde73e43346e9a8bb742ec94a671c | http://data.europa.eu/eli/ontology#description > [no object/datatype]
10/03/2026 10:52:14 -- 		 min: 0 (min found at subject)
10/03/2026 10:52:14 -- 		 max: 2 (max found at subject)
10/03/2026 10:52:14 -- 	N0b71bc06aa344ee88daadfc1ec65856f | http://data.europa.eu/eli/ontology#related_to > http://xmlns.com/foaf/0.1/Document
10/03/2026 10:52:14 -- 		 min: 0 (min found at subject)
10/03/2026 10:52:14 -- 		 max: 1 (max found at subject)
10/03/2026 10:52:14 -- 		 shacl-max: 1
10/03/2026 10:52:14 -- 	Nf3df3032b10a4e7a8f0b9a18ec6e1f14 | http://data.vlaanderen.be/ns/besluit#noopener > [no object/datatype]
10/03/2026 10:52:14 -- 		 min: 0 (min found at subject)
10/03/2026 10:52:14 -- 		 max: 5 (max found at subject)
10/03/2026 10:52:14 -- 	Nd61ab9f136f045b78ed8cab3218ca81c | http://mu.semte.ch/vocabularies/core/uuid > [no object/datatype]
10/03/2026 10:52:14 -- 		 min: 1 (min found at subject)
10/03/2026 10:52:14 -- 		 max: 1 (max found at subject)
10/03/2026 10:52:14 -- 		 shacl-min: 1
10/03/2026 10:52:14 -- 		 shacl-max: 1
10/03/2026 10:52:14 -- 	Ne9584b8da2254bbcb5f8b3fc6f3a2d59 | http://data.europa.eu/eli/ontology#date_publication > [no object/datatype]
10/03/2026 10:52:14 -- 		 min: 0 (min found at subject)
10/03/2026 10:52:14 -- 		 max: 2 (max found at subject)
10/03/2026 10:52:14 -- 	N0b976f9348eb4d628ee44ed49fa76c07 | http://data.vlaanderen.be/ns/besluit#noreferrer > [no object/datatype]
10/03/2026 10:52:14 -- 		 min: 0 (min found at subject)
10/03/2026 10:52:14 -- 		 max: 5 (max found at subject)
10/03/2026 10:52:14 -- 	N13a49c048da346ecbbe97eb661de427e | http://data.europa.eu/eli/ontology#passed_by > http://data.vlaanderen.be/ns/besluit#Bestuursorgaan
10/03/2026 10:52:14 -- 		 min: 0 (min found at subject)
10/03/2026 10:52:14 -- 		 max: 1 (max found at subject)
10/03/2026 10:52:14 -- 		 shacl-max: 1
10/03/2026 10:52:14 -- 	Nfc33c420024d4057a13e1e5a002a4c25 | http://mu.semte.ch/vocabularies/ext/hiddenBesluitType > [no object/datatype]
10/03/2026 10:52:14 -- 		 min: 0 (min found at subject)
10/03/2026 10:52:14 -- 		 max: 1 (max found at subject)
10/03/2026 10:52:14 -- 		 shacl-max: 1
10/03/2026 10:52:14 -- 	N638ed60ee7574e61b3dfb5a1a8d3e870 | http://lblod.data.gift/vocabularies/besluit/extractedDecisionContent > [no object/datatype]
10/03/2026 10:52:14 -- 		 min: 0 (min found at subject)
10/03/2026 10:52:14 -- 		 max: 43 (max found at subject)
10/03/2026 10:52:14 -- 	Na6002cbeb199497f877e5477ea896a95 | http://data.vlaanderen.be/ns/besluit#motivering > [no object/datatype]
10/03/2026 10:52:14 -- 		 min: 0 (min found at subject)
10/03/2026 10:52:14 -- 		 max: 2 (max found at subject)
10/03/2026 10:52:14 -- 	N78582cad314c4494a80f01a25cd27035 | http://data.europa.eu/eli/ontology#language > http://www.w3.org/2004/02/skos/core#Concept
10/03/2026 10:52:14 -- 		 min: 1 (min found at subject)
10/03/2026 10:52:14 -- 		 max: 1 (max found at subject)
10/03/2026 10:52:14 -- 		 shacl-min: 1
10/03/2026 10:52:14 -- 		 shacl-max: 1
10/03/2026 10:52:14 -- 	N5cda33d2c0244bc6a9ad5b26a43d6d3e | http://www.w3.org/ns/prov#value > [no object/datatype]
10/03/2026 10:52:14 -- 		 min: 0 (min found at subject)
10/03/2026 10:52:14 -- 		 max: 3 (max found at subject)
10/03/2026 10:52:14 -- 	Nbf589a8ab15e45a5b6919d1963bf4f73 | http://data.europa.eu/eli/ontology#has_part > http://data.vlaanderen.be/ns/besluit#Artikel
10/03/2026 10:52:14 -- 		 min: 0 (min found at subject)
10/03/2026 10:52:14 -- 		 max: 7 (max found at subject)
10/03/2026 10:52:14 -- 	Nfa1f9b6a23da4e369654bca9f89c713a | http://data.europa.eu/eli/ontology#cites > http://data.europa.eu/eli/ontology#LegalExpression
10/03/2026 10:52:14 -- 		 min: 0 (min found at subject)
10/03/2026 10:52:14 -- 		 max: 5 (max found at subject)
10/03/2026 10:52:14 -- http://example.com/shapes/b7eb1085-1a0b-4ff0-bfe1-721e6e235b12 ~ http://data.vlaanderen.be/ns/besluit#Bestuurseenheid
10/03/2026 10:52:14 -- 	Nb1d71615ca3f4985b8032d5c3c738154 | http://mu.semte.ch/vocabularies/core/uuid > [no object/datatype]
10/03/2026 10:52:14 -- 		 min: 1 (min found at subject)
10/03/2026 10:52:14 -- 		 max: 1 (max found at subject)
10/03/2026 10:52:14 -- 		 shacl-min: 1
10/03/2026 10:52:14 -- 		 shacl-max: 1
10/03/2026 10:52:14 -- 	Naf9dc3c3edb64ec3b9ee82d4d8c64202 | http://www.w3.org/ns/prov#wasDerivedFrom > [no object/datatype]
10/03/2026 10:52:14 -- 		 min: 1 (min found at subject)
10/03/2026 10:52:14 -- 		 max: 5728 (max found at subject)
10/03/2026 10:52:14 -- 		 shacl-min: 1
10/03/2026 10:52:14 -- 	N754a8c88ff31485fbc179c7dd4cd102a | http://www.w3.org/2004/02/skos/core#prefLabel > [no object/datatype]
10/03/2026 10:52:14 -- 		 min: 1 (min found at subject)
10/03/2026 10:52:14 -- 		 max: 2 (max found at subject)
10/03/2026 10:52:14 -- 		 shacl-min: 1
10/03/2026 10:52:14 -- http://example.com/shapes/f426209a-5749-4440-9953-705881a68217 ~ http://data.vlaanderen.be/ns/besluit#Zitting
10/03/2026 10:52:14 -- 	N59effa713eca4acd915bf1e62e0ff940 | http://www.w3.org/ns/prov#endedAtTime > [no object/datatype]
10/03/2026 10:52:14 -- 		 min: 0 (min found at subject)
10/03/2026 10:52:14 -- 		 max: 2 (max found at subject)
10/03/2026 10:52:14 -- 	Nca77294e3ed7414eb05c1384c05f7015 | http://data.europa.eu/eli/ontology#date_publication > [no object/datatype]
10/03/2026 10:52:14 -- 		 min: 0 (min found at subject)
10/03/2026 10:52:14 -- 		 max: 1 (max found at subject)
10/03/2026 10:52:14 -- 		 shacl-max: 1
10/03/2026 10:52:14 -- 	N4b9532d27fdc4053bd9dfb48e52f353f | http://data.vlaanderen.be/ns/besluit#noopener > [no object/datatype]
10/03/2026 10:52:14 -- 		 min: 0 (min found at subject)
10/03/2026 10:52:14 -- 		 max: 1 (max found at subject)
10/03/2026 10:52:14 -- 		 shacl-max: 1
10/03/2026 10:52:14 -- 	Nab8b31bdb8d8467cb903f7b54fe033df | http://data.vlaanderen.be/ns/besluit#noreferrer > [no object/datatype]
10/03/2026 10:52:14 -- 		 min: 0 (min found at subject)
10/03/2026 10:52:14 -- 		 max: 1 (max found at subject)
10/03/2026 10:52:14 -- 		 shacl-max: 1
10/03/2026 10:52:14 -- 	Nd742e189c33c4ba1b5a4aaad94ad931b | http://purl.org/dc/terms/title > [no object/datatype]
10/03/2026 10:52:14 -- 		 min: 0 (min found at subject)
10/03/2026 10:52:14 -- 		 max: 1 (max found at subject)
10/03/2026 10:52:14 -- 		 shacl-max: 1
10/03/2026 10:52:14 -- 	N0eb03f35b07f40d093d1e541af80b2ef | http://www.w3.org/ns/prov#atLocation > [no object/datatype]
10/03/2026 10:52:14 -- 		 min: 0 (min found at subject)
10/03/2026 10:52:14 -- 		 max: 2 (max found at subject)
10/03/2026 10:52:14 -- 	Nad0678fa42c34bd397ff73eb0c8d807e | http://mu.semte.ch/vocabularies/ext/aanwezigenTable > [no object/datatype]
10/03/2026 10:52:14 -- 		 min: 0 (min found at subject)
10/03/2026 10:52:14 -- 		 max: 1 (max found at subject)
10/03/2026 10:52:14 -- 		 shacl-max: 1
10/03/2026 10:52:14 -- 	Na944b5ad6b65400dbae416349847157e | http://mu.semte.ch/vocabularies/ext/behandelt > http://data.vlaanderen.be/ns/besluit#BehandelingVanAgendapunt
10/03/2026 10:52:14 -- 		 min: 0 (min found at subject)
10/03/2026 10:52:14 -- 		 max: 7 (max found at subject)
10/03/2026 10:52:14 -- 	N5b309381561e41b984c356aec8920ee4 | http://mu.semte.ch/vocabularies/core/uuid > [no object/datatype]
10/03/2026 10:52:14 -- 		 min: 1 (min found at subject)
10/03/2026 10:52:14 -- 		 max: 1 (max found at subject)
10/03/2026 10:52:14 -- 		 shacl-min: 1
10/03/2026 10:52:14 -- 		 shacl-max: 1
10/03/2026 10:52:14 -- 	N4077907c5be342c6a7ac48a00c55e4c2 | http://lblod.data.gift/vocabularies/besluit/linkToPublication > http://data.vlaanderen.be/ns/mandaat#Mandataris
10/03/2026 10:52:14 -- 		 min: 0 (min found at subject)
10/03/2026 10:52:14 -- 		 max: 1 (max found at subject)
10/03/2026 10:52:14 -- 		 shacl-max: 1
10/03/2026 10:52:14 -- 	N5de08b27a0b84870b710b76d5fda78b0 | http://lblod.data.gift/vocabularies/besluit/linkToPublication > http://xmlns.com/foaf/0.1/Document
10/03/2026 10:52:14 -- 		 min: 0 (min found at subject)
10/03/2026 10:52:14 -- 		 max: 72 (max found at subject)
10/03/2026 10:52:14 -- 	Nc56c0a154d8548338274fd38e9d29ed5 | http://lblod.data.gift/vocabularies/besluit/linkToPublication > https://data.vlaanderen.be/id/concept/BesluitDocumentType/9d5bfaca-bbf2-49dd-a830-769f91a6377b
10/03/2026 10:52:14 -- 		 min: 0 (min found at subject)
10/03/2026 10:52:14 -- 		 max: 72 (max found at subject)
10/03/2026 10:52:14 -- 	N16a530ba264f41718889aa8d52379750 | http://data.vlaanderen.be/ns/besluit#heeftVoorzitter > http://data.vlaanderen.be/ns/mandaat#Mandataris
10/03/2026 10:52:14 -- 		 min: 0 (min found at subject)
10/03/2026 10:52:14 -- 		 max: 1 (max found at subject)
10/03/2026 10:52:14 -- 		 shacl-max: 1
10/03/2026 10:52:14 -- 	N147455c1225a408e971116f719ba2a0e | http://data.vlaanderen.be/ns/besluit#heeftVoorzitter > http://www.w3.org/ns/person#Person
10/03/2026 10:52:14 -- 		 min: 0 (min found at subject)
10/03/2026 10:52:14 -- 		 max: 1 (max found at subject)
10/03/2026 10:52:14 -- 		 shacl-max: 1
10/03/2026 10:52:14 -- 	N6a180db063c94941a687d2c457e30aa9 | http://data.vlaanderen.be/ns/besluit#heeftSecretaris > http://data.lblod.info/vocabularies/leidinggevenden/Functionaris
10/03/2026 10:52:15 -- 		 min: 0 (min found at subject)
10/03/2026 10:52:15 -- 		 max: 1 (max found at subject)
10/03/2026 10:52:15 -- 		 shacl-max: 1
10/03/2026 10:52:15 -- 	N02f013868a6a44bfb57b5407ccbd5057 | http://data.vlaanderen.be/ns/besluit#heeftSecretaris > http://data.vlaanderen.be/ns/mandaat#Mandataris
10/03/2026 10:52:15 -- 		 min: 0 (min found at subject)
10/03/2026 10:52:15 -- 		 max: 1 (max found at subject)
10/03/2026 10:52:15 -- 		 shacl-max: 1
10/03/2026 10:52:15 -- 	N4aee86e355d84d329926374bd8bc27e9 | http://data.vlaanderen.be/ns/besluit#heeftAanwezigeBijStart > http://data.vlaanderen.be/ns/mandaat#Mandataris
10/03/2026 10:52:15 -- 		 min: 0 (min found at subject)
10/03/2026 10:52:15 -- 		 max: 36 (max found at subject)
10/03/2026 10:52:15 -- 	N176d490f15cf4697844b14e2f4ccdf9b | http://data.vlaanderen.be/ns/besluit#heeftAanwezigeBijStart > http://www.w3.org/ns/person#Person
10/03/2026 10:52:15 -- 		 min: 0 (min found at subject)
10/03/2026 10:52:15 -- 		 max: 28 (max found at subject)
10/03/2026 10:52:15 -- 	N08412a68cd8b4084820f0df7d51d62a4 | http://mu.semte.ch/vocabularies/ext/secretarisTemporaryAsText > [no object/datatype]
10/03/2026 10:52:15 -- 		 min: 0 (min found at subject)
10/03/2026 10:52:15 -- 		 max: 1 (max found at subject)
10/03/2026 10:52:15 -- 		 shacl-max: 1
10/03/2026 10:52:15 -- 	N054310fe124e4af8bedc065a435fac1e | http://data.vlaanderen.be/ns/besluit#heeftNotulen > http://xmlns.com/foaf/0.1/Document
10/03/2026 10:52:15 -- 		 min: 0 (min found at subject)
10/03/2026 10:52:15 -- 		 max: 2 (max found at subject)
10/03/2026 10:52:15 -- 	N3439b8bb5ab94f9497dbbdb00ec82ef4 | http://data.vlaanderen.be/ns/besluit#heeftNotulen > https://data.vlaanderen.be/id/concept/BesluitDocumentType/8e791b27-7600-4577-b24e-c7c29e0eb773
10/03/2026 10:52:15 -- 		 min: 0 (min found at subject)
10/03/2026 10:52:15 -- 		 max: 2 (max found at subject)
10/03/2026 10:52:15 -- 	Na671e030ca084de9a9c60e2884064ba8 | http://www.w3.org/ns/prov#startedAtTime > [no object/datatype]
10/03/2026 10:52:15 -- 		 min: 0 (min found at subject)
10/03/2026 10:52:15 -- 		 max: 2 (max found at subject)
10/03/2026 10:52:15 -- 	N85fad60241eb4d01b24218210ada1bd7 | http://data.vlaanderen.be/ns/besluit#geplandeStart > [no object/datatype]
10/03/2026 10:52:15 -- 		 min: 1 (min found at subject)
10/03/2026 10:52:15 -- 		 max: 3 (max found at subject)
10/03/2026 10:52:15 -- 		 shacl-min: 1
10/03/2026 10:52:15 -- 	Nd5aa0ff20f6547afb6d7bd2fbc697ccd | http://data.europa.eu/eli/ontology#passed_by > http://data.vlaanderen.be/ns/besluit#Bestuursorgaan
10/03/2026 10:52:15 -- 		 min: 0 (min found at subject)
10/03/2026 10:52:15 -- 		 max: 1 (max found at subject)
10/03/2026 10:52:15 -- 		 shacl-max: 1
10/03/2026 10:52:15 -- 	N5a8ac9f215d44855bf82865d4ee9c8aa | http://mu.semte.ch/vocabularies/ext/hasIntermission > [no object/datatype]
10/03/2026 10:52:15 -- 		 min: 0 (min found at subject)
10/03/2026 10:52:15 -- 		 max: 2 (max found at subject)
10/03/2026 10:52:15 -- 	N116d9f0dae0346dca6250066f0c96e59 | http://data.europa.eu/eli/ontology#cites > [no object/datatype]
10/03/2026 10:52:15 -- 		 min: 0 (min found at subject)
10/03/2026 10:52:15 -- 		 max: 2 (max found at subject)
10/03/2026 10:52:15 -- 	N8a2c70a3b67443d48a7f8d2bff957808 | http://www.w3.org/ns/prov#wasDerivedFrom > http://data.vlaanderen.be/ns/mandaat#Mandataris
10/03/2026 10:52:15 -- 		 min: 0 (min found at subject)
10/03/2026 10:52:15 -- 		 max: 1 (max found at subject)
10/03/2026 10:52:15 -- 		 shacl-max: 1
10/03/2026 10:52:15 -- 	N4bf2c1530526433889deff0c345f12a7 | http://www.w3.org/ns/prov#wasDerivedFrom > http://xmlns.com/foaf/0.1/Document
10/03/2026 10:52:15 -- 		 min: 0 (min found at subject)
10/03/2026 10:52:15 -- 		 max: 72 (max found at subject)
10/03/2026 10:52:15 -- 	N1dbede06ec2742bb82d613f848c50c71 | http://www.w3.org/ns/prov#wasDerivedFrom > https://data.vlaanderen.be/id/concept/BesluitDocumentType/9d5bfaca-bbf2-49dd-a830-769f91a6377b
10/03/2026 10:52:15 -- 		 min: 0 (min found at subject)
10/03/2026 10:52:15 -- 		 max: 72 (max found at subject)
10/03/2026 10:52:15 -- 	N919e1919718e4ffdaadbf96112c8f0c2 | http://data.vlaanderen.be/ns/besluit#isGehoudenDoor > http://data.vlaanderen.be/ns/besluit#Bestuursorgaan
10/03/2026 10:52:15 -- 		 min: 0 (min found at subject)
10/03/2026 10:52:15 -- 		 max: 2 (max found at subject)
10/03/2026 10:52:15 -- 	Nd50f53a1b9db46ffadfe09a5b593ed08 | http://data.vlaanderen.be/ns/besluit#heeftAgenda > http://xmlns.com/foaf/0.1/Document
10/03/2026 10:52:15 -- 		 min: 0 (min found at subject)
10/03/2026 10:52:15 -- 		 max: 5 (max found at subject)
10/03/2026 10:52:15 -- 	N82e95ca4e75e4d688aee958488617241 | http://data.vlaanderen.be/ns/besluit#heeftAgenda > https://data.vlaanderen.be/id/concept/BesluitDocumentType/13fefad6-a9d6-4025-83b5-e4cbee3a8965
10/03/2026 10:52:15 -- 		 min: 0 (min found at subject)
10/03/2026 10:52:15 -- 		 max: 5 (max found at subject)
10/03/2026 10:52:15 -- 	N5b3e75d2651e44009b4dc6b603932cb7 | http://mu.semte.ch/vocabularies/ext/heeftAfwezigeBijStart > http://data.vlaanderen.be/ns/mandaat#Mandataris
10/03/2026 10:52:15 -- 		 min: 0 (min found at subject)
10/03/2026 10:52:15 -- 		 max: 6 (max found at subject)
10/03/2026 10:52:15 -- 	N38f18803fe2742cc81ecc1e34edf53c3 | http://data.vlaanderen.be/ns/besluit#heeftBesluitenlijst > http://xmlns.com/foaf/0.1/Document
10/03/2026 10:52:15 -- 		 min: 0 (min found at subject)
10/03/2026 10:52:15 -- 		 max: 2 (max found at subject)
10/03/2026 10:52:15 -- 	N2771985b7b92463193a2498ec5304ae2 | http://data.vlaanderen.be/ns/besluit#heeftBesluitenlijst > https://data.vlaanderen.be/id/concept/BesluitDocumentType/3fa67785-ffdc-4b30-8880-2b99d97b4dee
10/03/2026 10:52:15 -- 		 min: 0 (min found at subject)
10/03/2026 10:52:15 -- 		 max: 2 (max found at subject)
10/03/2026 10:52:15 -- 	Nb876aa17422d42459e55751c6ccd7b54 | http://data.vlaanderen.be/ns/besluit#behandelt > http://data.vlaanderen.be/ns/besluit#Agendapunt
10/03/2026 10:52:15 -- 		 min: 0 (min found at subject)
10/03/2026 10:52:15 -- 		 max: 155 (max found at subject)
10/03/2026 10:52:15 -- 	Nb22b11286f2d425f980ba794827f038b | http://mu.semte.ch/vocabularies/ext/behandelingVanAgendapuntenContainer > [no object/datatype]
10/03/2026 10:52:15 -- 		 min: 0 (min found at subject)
10/03/2026 10:52:15 -- 		 max: 3 (max found at subject)
10/03/2026 10:52:15 -- 	Nc54b9ed9eebb46629d93e7b4bf4872a4 | http://data.vlaanderen.be/ns/besluit#heeftUittreksel > http://example.com/sign/PublishedResource
10/03/2026 10:52:15 -- 		 min: 0 (min found at subject)
10/03/2026 10:52:15 -- 		 max: 40 (max found at subject)
10/03/2026 10:52:15 -- 	N34db684786f3446b9f75ec492c9acbd1 | http://data.vlaanderen.be/ns/besluit#heeftUittreksel > http://mu.semte.ch/vocabularies/ext/signing/PublishedResource
10/03/2026 10:52:15 -- 		 min: 0 (min found at subject)
10/03/2026 10:52:15 -- 		 max: 20 (max found at subject)
10/03/2026 10:52:15 -- 	Ncc2df3c1004c41b5b35cd0969b7892d8 | http://data.vlaanderen.be/ns/besluit#heeftUittreksel > http://xmlns.com/foaf/0.1/Document
10/03/2026 10:52:15 -- 		 min: 0 (min found at subject)
10/03/2026 10:52:15 -- 		 max: 72 (max found at subject)
10/03/2026 10:52:15 -- 	N5a175a8be1594a8bbf9c243a182263c2 | http://data.vlaanderen.be/ns/besluit#heeftUittreksel > https://data.vlaanderen.be/id/concept/BesluitDocumentType/9d5bfaca-bbf2-49dd-a830-769f91a6377b
10/03/2026 10:52:15 -- 		 min: 0 (min found at subject)
10/03/2026 10:52:15 -- 		 max: 72 (max found at subject)
10/03/2026 10:52:15 -- http://example.com/shapes/bcd49212-a786-4711-aef9-1d6bd44073a8 ~ https://data.vlaanderen.be/id/concept/BesluitDocumentType/13fefad6-a9d6-4025-83b5-e4cbee3a8965
10/03/2026 10:52:15 -- 	Nf4d8768ac162434997273d878c92dad7 | http://data.europa.eu/eli/ontology#date_publication > [no object/datatype]
10/03/2026 10:52:15 -- 		 min: 0 (min found at subject)
10/03/2026 10:52:15 -- 		 max: 3 (max found at subject)
10/03/2026 10:52:15 -- 	N0686085db279457785d64661ce70e3e2 | http://lblod.data.gift/vocabularies/besluit/extractedDecisionContent > [no object/datatype]
10/03/2026 10:52:15 -- 		 min: 0 (min found at subject)
10/03/2026 10:52:15 -- 		 max: 28 (max found at subject)
10/03/2026 10:52:15 -- 	N7f2c13972f464046a3ad8d8f3bae0ada | http://www.w3.org/ns/prov#value > [no object/datatype]
10/03/2026 10:52:15 -- 		 min: 0 (min found at subject)
10/03/2026 10:52:15 -- 		 max: 3 (max found at subject)
10/03/2026 10:52:15 -- 	Nd287ce4d97684a5da3286751a395144f | http://mu.semte.ch/vocabularies/core/uuid > [no object/datatype]
10/03/2026 10:52:15 -- 		 min: 1 (min found at subject)
10/03/2026 10:52:15 -- 		 max: 1 (max found at subject)
10/03/2026 10:52:15 -- 		 shacl-min: 1
10/03/2026 10:52:15 -- 		 shacl-max: 1
10/03/2026 10:52:15 -- 	N6435253de69342aaba38f9eb4b52eef6 | http://www.w3.org/ns/prov#wasDerivedFrom > [no object/datatype]
10/03/2026 10:52:15 -- 		 min: 1 (min found at subject)
10/03/2026 10:52:15 -- 		 max: 1 (max found at subject)
10/03/2026 10:52:15 -- 		 shacl-min: 1
10/03/2026 10:52:15 -- 		 shacl-max: 1
10/03/2026 10:52:15 -- http://example.com/shapes/8b847d77-0cbd-46fd-ac78-9f920d639eb6 ~ https://data.vlaanderen.be/id/concept/BesluitDocumentType/3fa67785-ffdc-4b30-8880-2b99d97b4dee
10/03/2026 10:52:15 -- 	Nd099a4f948dc46109e1b0a9703a3dbcd | http://www.w3.org/ns/prov#value > [no object/datatype]
10/03/2026 10:52:15 -- 		 min: 0 (min found at subject)
10/03/2026 10:52:15 -- 		 max: 3 (max found at subject)
10/03/2026 10:52:15 -- 	N761241462bad47328b01308a6e5dcb13 | http://data.europa.eu/eli/ontology#passed_by > http://data.vlaanderen.be/ns/besluit#Bestuursorgaan
10/03/2026 10:52:15 -- 		 min: 0 (min found at subject)
10/03/2026 10:52:15 -- 		 max: 1 (max found at subject)
10/03/2026 10:52:15 -- 		 shacl-max: 1
10/03/2026 10:52:15 -- 	N336001305bfc43708b7b877fe833c157 | http://www.w3.org/ns/prov#wasDerivedFrom > [no object/datatype]
10/03/2026 10:52:16 -- 		 min: 1 (min found at subject)
10/03/2026 10:52:16 -- 		 max: 2 (max found at subject)
10/03/2026 10:52:16 -- 		 shacl-min: 1
10/03/2026 10:52:16 -- 	N9a4b2fa5ed394dd6aecc03238a7c2155 | http://lblod.data.gift/vocabularies/besluit/extractedDecisionContent > [no object/datatype]
10/03/2026 10:52:16 -- 		 min: 0 (min found at subject)
10/03/2026 10:52:16 -- 		 max: 29 (max found at subject)
10/03/2026 10:52:16 -- 	Nef9b73d405904d10a3a21a0ead48bda0 | http://data.europa.eu/eli/ontology#date_publication > [no object/datatype]
10/03/2026 10:52:16 -- 		 min: 0 (min found at subject)
10/03/2026 10:52:16 -- 		 max: 2 (max found at subject)
10/03/2026 10:52:16 -- 	N712e2aaf97074a41a235f61e690f12cd | http://mu.semte.ch/vocabularies/core/uuid > [no object/datatype]
10/03/2026 10:52:16 -- 		 min: 1 (min found at subject)
10/03/2026 10:52:16 -- 		 max: 1 (max found at subject)
10/03/2026 10:52:16 -- 		 shacl-min: 1
10/03/2026 10:52:16 -- 		 shacl-max: 1
10/03/2026 10:52:16 -- 	Nacd300d85237428eaa28da6cd696ef57 | http://data.vlaanderen.be/ns/besluit#noopener > [no object/datatype]
10/03/2026 10:52:16 -- 		 min: 0 (min found at subject)
10/03/2026 10:52:16 -- 		 max: 1 (max found at subject)
10/03/2026 10:52:16 -- 		 shacl-max: 1
10/03/2026 10:52:16 -- 	N26cc446aaab548e0997dd5c7adc1d876 | http://data.vlaanderen.be/ns/besluit#noreferrer > [no object/datatype]
10/03/2026 10:52:16 -- 		 min: 0 (min found at subject)
10/03/2026 10:52:16 -- 		 max: 1 (max found at subject)
10/03/2026 10:52:16 -- 		 shacl-max: 1
10/03/2026 10:52:16 -- http://example.com/shapes/2453ca27-8bc4-455d-8637-1e6276aeb8c0 ~ https://data.vlaanderen.be/id/concept/BesluitDocumentType/8e791b27-7600-4577-b24e-c7c29e0eb773
10/03/2026 10:52:16 -- 	N5992dd2c40bc4a1b83be71155fda6154 | http://www.w3.org/ns/prov#value > [no object/datatype]
10/03/2026 10:52:16 -- 		 min: 0 (min found at subject)
10/03/2026 10:52:16 -- 		 max: 3 (max found at subject)
10/03/2026 10:52:16 -- 	Ncee503f15f4a4295b7df7dd73cceebaf | http://data.europa.eu/eli/ontology#date_publication > [no object/datatype]
10/03/2026 10:52:16 -- 		 min: 0 (min found at subject)
10/03/2026 10:52:16 -- 		 max: 2 (max found at subject)
10/03/2026 10:52:16 -- 	N8b36f50f1fe74b2eab23c078c5df8e2a | http://www.w3.org/ns/prov#wasDerivedFrom > [no object/datatype]
10/03/2026 10:52:16 -- 		 min: 1 (min found at subject)
10/03/2026 10:52:16 -- 		 max: 1 (max found at subject)
10/03/2026 10:52:16 -- 		 shacl-min: 1
10/03/2026 10:52:16 -- 		 shacl-max: 1
10/03/2026 10:52:16 -- 	N407a073e98a548ea83355c030344e634 | http://mu.semte.ch/vocabularies/core/uuid > [no object/datatype]
10/03/2026 10:52:16 -- 		 min: 1 (min found at subject)
10/03/2026 10:52:16 -- 		 max: 1 (max found at subject)
10/03/2026 10:52:16 -- 		 shacl-min: 1
10/03/2026 10:52:16 -- 		 shacl-max: 1
10/03/2026 10:52:16 -- 	N07ecbf9f54114ed4ad8e90eb4a271608 | http://lblod.data.gift/vocabularies/besluit/extractedDecisionContent > [no object/datatype]
10/03/2026 10:52:16 -- 		 min: 0 (min found at subject)
10/03/2026 10:52:16 -- 		 max: 26 (max found at subject)
10/03/2026 10:52:16 -- http://example.com/shapes/5a47fc96-0023-40a5-b000-11d9767a2c3b ~ http://example.com/sign/PublishedResource
10/03/2026 10:52:16 -- 	N14efde3b97e34517959238a5b040193a | http://www.w3.org/ns/prov#value > [no object/datatype]
10/03/2026 10:52:16 -- 		 min: 1 (min found at subject)
10/03/2026 10:52:16 -- 		 max: 2 (max found at subject)
10/03/2026 10:52:16 -- 		 shacl-min: 1
10/03/2026 10:52:16 -- 	Nb07b0df4a96247a3a513616cdad8b75a | http://data.europa.eu/eli/ontology#date_publication > [no object/datatype]
10/03/2026 10:52:16 -- 		 min: 1 (min found at subject)
10/03/2026 10:52:16 -- 		 max: 1 (max found at subject)
10/03/2026 10:52:16 -- 		 shacl-min: 1
10/03/2026 10:52:16 -- 		 shacl-max: 1
10/03/2026 10:52:16 -- 	N31e79463d95041ba8ad835cb04376c3c | http://mu.semte.ch/vocabularies/core/uuid > [no object/datatype]
10/03/2026 10:52:16 -- 		 min: 1 (min found at subject)
10/03/2026 10:52:16 -- 		 max: 1 (max found at subject)
10/03/2026 10:52:16 -- 		 shacl-min: 1
10/03/2026 10:52:16 -- 		 shacl-max: 1
10/03/2026 10:52:16 -- 	N94b88d2c88824371b3ec432a38d9062a | http://www.w3.org/ns/prov#wasDerivedFrom > http://xmlns.com/foaf/0.1/Document
10/03/2026 10:52:16 -- 		 min: 1 (min found at subject)
10/03/2026 10:52:16 -- 		 max: 1 (max found at subject)
10/03/2026 10:52:16 -- 		 shacl-min: 1
10/03/2026 10:52:16 -- 		 shacl-max: 1
10/03/2026 10:52:16 -- 	N93bc3b293eee411bbc62416ad272491c | http://www.w3.org/ns/prov#wasDerivedFrom > https://data.vlaanderen.be/id/concept/BesluitDocumentType/9d5bfaca-bbf2-49dd-a830-769f91a6377b
10/03/2026 10:52:16 -- 		 min: 1 (min found at subject)
10/03/2026 10:52:16 -- 		 max: 1 (max found at subject)
10/03/2026 10:52:16 -- 		 shacl-min: 1
10/03/2026 10:52:16 -- 		 shacl-max: 1
10/03/2026 10:52:16 -- 	N2ab768f749cd4f71a881e639aac9fc2b | http://mu.semte.ch/vocabularies/ext/createdOnTimestamp > [no object/datatype]
10/03/2026 10:52:16 -- 		 min: 0 (min found at subject)
10/03/2026 10:52:16 -- 		 max: 1 (max found at subject)
10/03/2026 10:52:16 -- 		 shacl-max: 1
10/03/2026 10:52:16 -- 	Nb31a5f794d104ca6857af8672f7464fd | http://purl.org/dc/terms/type > [no object/datatype]
10/03/2026 10:52:16 -- 		 min: 1 (min found at subject)
10/03/2026 10:52:16 -- 		 max: 1 (max found at subject)
10/03/2026 10:52:16 -- 		 shacl-min: 1
10/03/2026 10:52:16 -- 		 shacl-max: 1
10/03/2026 10:52:16 -- 	Neb18e2bd6b2141abbb3d8f237a153325 | http://lblod.data.gift/vocabularies/besluit/extractedDecisionContent > [no object/datatype]
10/03/2026 10:52:16 -- 		 min: 2 (min found at subject)
10/03/2026 10:52:16 -- 		 max: 30 (max found at subject)
10/03/2026 10:52:16 -- 		 shacl-min: 1
10/03/2026 10:52:16 -- http://example.com/shapes/2849ba8f-2883-499d-bf10-a482195ab541 ~ http://mu.semte.ch/vocabularies/ext/signing/PublishedResource
10/03/2026 10:52:16 -- 	N6c2e4fe9038a4f0fbdf4a058d98d2e3e | http://data.europa.eu/eli/ontology#date_publication > [no object/datatype]
10/03/2026 10:52:16 -- 		 min: 1 (min found at subject)
10/03/2026 10:52:16 -- 		 max: 1 (max found at subject)
10/03/2026 10:52:16 -- 		 shacl-min: 1
10/03/2026 10:52:16 -- 		 shacl-max: 1
10/03/2026 10:52:16 -- 	N823bb956bc45434ba8d5c920a9b7eb99 | http://www.w3.org/ns/prov#value > [no object/datatype]
10/03/2026 10:52:16 -- 		 min: 1 (min found at subject)
10/03/2026 10:52:16 -- 		 max: 2 (max found at subject)
10/03/2026 10:52:16 -- 		 shacl-min: 1
10/03/2026 10:52:16 -- 	Ndc77aec7ee2741f885167f1bbf490d1e | http://mu.semte.ch/vocabularies/ext/createdOnTimestamp > [no object/datatype]
10/03/2026 10:52:16 -- 		 min: 1 (min found at subject)
10/03/2026 10:52:16 -- 		 max: 1 (max found at subject)
10/03/2026 10:52:16 -- 		 shacl-min: 1
10/03/2026 10:52:16 -- 		 shacl-max: 1
10/03/2026 10:52:16 -- 	N4869dc4a11944b00a60c0888dfcb9eb8 | http://lblod.data.gift/vocabularies/besluit/extractedDecisionContent > [no object/datatype]
10/03/2026 10:52:16 -- 		 min: 2 (min found at subject)
10/03/2026 10:52:16 -- 		 max: 30 (max found at subject)
10/03/2026 10:52:16 -- 		 shacl-min: 1
10/03/2026 10:52:16 -- 	Nfb8b57bf78294b3fb8c9092c97085a21 | http://purl.org/dc/terms/type > [no object/datatype]
10/03/2026 10:52:16 -- 		 min: 1 (min found at subject)
10/03/2026 10:52:16 -- 		 max: 1 (max found at subject)
10/03/2026 10:52:16 -- 		 shacl-min: 1
10/03/2026 10:52:16 -- 		 shacl-max: 1
10/03/2026 10:52:16 -- 	Nd7c8d5aeb834417497ae539909e7e8c6 | http://www.w3.org/ns/prov#wasDerivedFrom > http://xmlns.com/foaf/0.1/Document
10/03/2026 10:52:16 -- 		 min: 1 (min found at subject)
10/03/2026 10:52:16 -- 		 max: 1 (max found at subject)
10/03/2026 10:52:16 -- 		 shacl-min: 1
10/03/2026 10:52:16 -- 		 shacl-max: 1
10/03/2026 10:52:16 -- 	N70f001b9115b4f8a9d8e2f73f80ee769 | http://www.w3.org/ns/prov#wasDerivedFrom > https://data.vlaanderen.be/id/concept/BesluitDocumentType/9d5bfaca-bbf2-49dd-a830-769f91a6377b
10/03/2026 10:52:16 -- 		 min: 1 (min found at subject)
10/03/2026 10:52:16 -- 		 max: 1 (max found at subject)
10/03/2026 10:52:16 -- 		 shacl-min: 1
10/03/2026 10:52:16 -- 		 shacl-max: 1
10/03/2026 10:52:16 -- 	N7e9d44d0e68a485a8cd3c69bae5fc2c7 | http://mu.semte.ch/vocabularies/core/uuid > [no object/datatype]
10/03/2026 10:52:16 -- 		 min: 1 (min found at subject)
10/03/2026 10:52:16 -- 		 max: 1 (max found at subject)
10/03/2026 10:52:16 -- 		 shacl-min: 1
10/03/2026 10:52:16 -- 		 shacl-max: 1
10/03/2026 10:52:16 -- http://example.com/shapes/44df7d23-0914-4955-9814-64e49d6516ad ~ http://data.vlaanderen.be/ns/mandaat#Mandaat
10/03/2026 10:52:16 -- 	Nfeaa8f2e2e2241d680a9815e4a89c643 | http://www.w3.org/ns/prov#wasDerivedFrom > http://data.vlaanderen.be/ns/mandaat#Mandataris
10/03/2026 10:52:16 -- 		 min: 0 (min found at subject)
10/03/2026 10:52:16 -- 		 max: 4 (max found at subject)
10/03/2026 10:52:16 -- 	N4277e1c459194769af858f071704d73c | http://www.w3.org/ns/prov#wasDerivedFrom > http://xmlns.com/foaf/0.1/Document
10/03/2026 10:52:16 -- 		 min: 0 (min found at subject)
10/03/2026 10:52:16 -- 		 max: 507 (max found at subject)
10/03/2026 10:52:16 -- 	Nb83c0860d8f04aadb4baa0144d7e3c48 | http://www.w3.org/ns/prov#wasDerivedFrom > https://data.vlaanderen.be/id/concept/BesluitDocumentType/9d5bfaca-bbf2-49dd-a830-769f91a6377b
10/03/2026 10:52:16 -- 		 min: 0 (min found at subject)
10/03/2026 10:52:16 -- 		 max: 507 (max found at subject)
10/03/2026 10:52:16 -- 	Naf4d63525ccc457c85a7cca36cb37ddb | http://www.w3.org/2004/02/skos/core#prefLabel > [no object/datatype]
10/03/2026 10:52:16 -- 		 min: 0 (min found at subject)
10/03/2026 10:52:16 -- 		 max: 1 (max found at subject)
10/03/2026 10:52:16 -- 		 shacl-max: 1
10/03/2026 10:52:16 -- 	Nfdee2909f161458a9e2e28ee2c02b27a | http://mu.semte.ch/vocabularies/core/uuid > [no object/datatype]
10/03/2026 10:52:16 -- 		 min: 1 (min found at subject)
10/03/2026 10:52:16 -- 		 max: 1 (max found at subject)
10/03/2026 10:52:16 -- 		 shacl-min: 1
10/03/2026 10:52:16 -- 		 shacl-max: 1
10/03/2026 10:52:16 -- 	Ne6eb11ef71c54a8fb46450f5f969d314 | http://www.w3.org/ns/org#role > http://www.w3.org/2004/02/skos/core#Concept
10/03/2026 10:52:16 -- 		 min: 1 (min found at subject)
10/03/2026 10:52:16 -- 		 max: 1 (max found at subject)
10/03/2026 10:52:16 -- 		 shacl-min: 1
10/03/2026 10:52:16 -- 		 shacl-max: 1
10/03/2026 10:52:16 -- http://example.com/shapes/5ea9b576-f7ac-4b8e-805d-c1dc464a5dac ~ http://mu.semte.ch/vocabularies/ext/Mapping
10/03/2026 10:52:16 -- 	Nf130b7398c5f43bf9c3c3729cb601ded | https://data.vlaanderen.be/ns/mobiliteit#plaatsbepaling > [no object/datatype]
10/03/2026 10:52:16 -- 		 min: 0 (min found at subject)
10/03/2026 10:52:16 -- 		 max: 14 (max found at subject)
10/03/2026 10:52:16 -- 	Nb4d52af3cfee43a689e2b5b7c4ff443f | http://mu.semte.ch/vocabularies/core/uuid > [no object/datatype]
10/03/2026 10:52:16 -- 		 min: 1 (min found at subject)
10/03/2026 10:52:16 -- 		 max: 1 (max found at subject)
10/03/2026 10:52:16 -- 		 shacl-min: 1
10/03/2026 10:52:16 -- 		 shacl-max: 1
10/03/2026 10:52:16 -- 	N5aa9ae17bb074b6a941911732ff92920 | http://www.w3.org/ns/prov#wasDerivedFrom > http://xmlns.com/foaf/0.1/Document
10/03/2026 10:52:16 -- 		 min: 0 (min found at subject)
10/03/2026 10:52:16 -- 		 max: 42 (max found at subject)
10/03/2026 10:52:16 -- 	Nb5424321ff1745289ac660ba3c9e6fc6 | http://www.w3.org/ns/prov#wasDerivedFrom > https://data.vlaanderen.be/id/concept/BesluitDocumentType/9d5bfaca-bbf2-49dd-a830-769f91a6377b
10/03/2026 10:52:16 -- 		 min: 0 (min found at subject)
10/03/2026 10:52:16 -- 		 max: 42 (max found at subject)
10/03/2026 10:52:16 -- 	N0b25c0423c34432e99900f04d3bbeac2 | http://purl.org/dc/terms/type > [no object/datatype]
10/03/2026 10:52:16 -- 		 min: 0 (min found at subject)
10/03/2026 10:52:16 -- 		 max: 3 (max found at subject)
10/03/2026 10:52:16 -- 	Nefc4c3af7cff4a6c8004b0aac6c637ab | http://mu.semte.ch/vocabularies/ext/label > [no object/datatype]
10/03/2026 10:52:16 -- 		 min: 0 (min found at subject)
10/03/2026 10:52:16 -- 		 max: 1 (max found at subject)
10/03/2026 10:52:16 -- 		 shacl-max: 1
10/03/2026 10:52:16 -- 	N09ff932a0ef24613968db5b402e1e129 | http://purl.org/dc/terms/source > [no object/datatype]
10/03/2026 10:52:16 -- 		 min: 0 (min found at subject)
10/03/2026 10:52:16 -- 		 max: 1 (max found at subject)
10/03/2026 10:52:16 -- 		 shacl-max: 1
10/03/2026 10:52:16 -- 	N6f587f68d1694a72b4d2075c0f9e6fee | http://mu.semte.ch/vocabularies/ext/instance > [no object/datatype]
10/03/2026 10:52:16 -- 		 min: 0 (min found at subject)
10/03/2026 10:52:16 -- 		 max: 26 (max found at subject)
10/03/2026 10:52:16 -- 	Na487dc5436674f5d88af42d6dff831de | http://mu.semte.ch/vocabularies/ext/content > [no object/datatype]
10/03/2026 10:52:16 -- 		 min: 0 (min found at subject)
10/03/2026 10:52:16 -- 		 max: 30 (max found at subject)
10/03/2026 10:52:16 -- 	N4afdf971974c4e9d809eed57f9e4bead | http://mu.semte.ch/vocabularies/ext/content > [no object/datatype]
10/03/2026 10:52:16 -- 		 min: 0 (min found at subject)
10/03/2026 10:52:16 -- 		 max: 30 (max found at subject)
10/03/2026 10:52:16 -- 	N651d9e9c182d49569ae9218b6fe080d8 | http://mu.semte.ch/vocabularies/ext/content > [no object/datatype]
10/03/2026 10:52:16 -- 		 min: 0 (min found at subject)
10/03/2026 10:52:16 -- 		 max: 30 (max found at subject)
10/03/2026 10:52:16 -- 	N71460e1937b742edbbb9a6b722c5cc00 | http://mu.semte.ch/vocabularies/ext/codelist > [no object/datatype]
10/03/2026 10:52:16 -- 		 min: 0 (min found at subject)
10/03/2026 10:52:16 -- 		 max: 1 (max found at subject)
10/03/2026 10:52:16 -- 		 shacl-max: 1
10/03/2026 10:52:16 -- http://example.com/shapes/bdaa99de-855d-440b-b77e-ad7c13bfbdcc ~ http://www.w3.org/ns/locn#Geometry
10/03/2026 10:52:16 -- 	N04c5e28f3e1d41688b4fddf62015c6a6 | http://mu.semte.ch/vocabularies/core/uuid > [no object/datatype]
10/03/2026 10:52:16 -- 		 min: 1 (min found at subject)
10/03/2026 10:52:16 -- 		 max: 1 (max found at subject)
10/03/2026 10:52:16 -- 		 shacl-min: 1
10/03/2026 10:52:16 -- 		 shacl-max: 1
10/03/2026 10:52:16 -- 	Nba53cf1851b344c998c409f04bd98f9b | http://www.opengis.net/ont/geosparql#asWKT > [no object/datatype]
10/03/2026 10:52:16 -- 		 min: 1 (min found at subject)
10/03/2026 10:52:16 -- 		 max: 1 (max found at subject)
10/03/2026 10:52:16 -- 		 shacl-min: 1
10/03/2026 10:52:16 -- 		 shacl-max: 1
10/03/2026 10:52:16 -- 	N9cd19faff87947289e2319acc8d5c5e3 | http://www.w3.org/ns/prov#wasDerivedFrom > [no object/datatype]
10/03/2026 10:52:16 -- 		 min: 1 (min found at subject)
10/03/2026 10:52:16 -- 		 max: 2 (max found at subject)
10/03/2026 10:52:16 -- 		 shacl-min: 1
