10/03/2026 10:53:11 -- Generating bare shacl structure
10/03/2026 10:53:14 -- Bare shacl structure done
10/03/2026 10:53:14 -- Adding counts
10/03/2026 10:53:14 -- -------------
10/03/2026 10:53:14 -- http://example.com/shapes/9fa4443e-94c8-46a8-bd81-b4269636b518 ~ http://data.vlaanderen.be/ns/besluit#Agendapunt
10/03/2026 10:53:14 -- 	N109b26708499464d8f908f0ad5f7e05e | http://purl.org/dc/terms/#isPartOf > [no object/datatype]
10/03/2026 10:53:14 -- 		 min: 0 (min found at subject)
10/03/2026 10:53:14 -- 		 max: 1 (max found at subject)
10/03/2026 10:53:14 -- 		 shacl-max: 1
10/03/2026 10:53:14 -- 	N96dd6121961749ac8233012e08e779a5 | http://www.w3.org/ns/prov#wasDerivedFrom > http://data.vlaanderen.be/ns/besluit#Bestuurseenheid
10/03/2026 10:53:15 -- 		 min: 0 (min found at subject)
10/03/2026 10:53:15 -- 		 max: 3 (max found at subject)
10/03/2026 10:53:15 -- 	Nc37f207bf20049f3bd016793b00e4d05 | http://www.w3.org/ns/prov#wasDerivedFrom > http://data.vlaanderen.be/ns/besluit#Bestuursorgaan
10/03/2026 10:53:15 -- 		 min: 0 (min found at subject)
10/03/2026 10:53:15 -- 		 max: 3 (max found at subject)
10/03/2026 10:53:15 -- 	N0d4ffdd93f7341b3b387c0cb34b45140 | http://www.w3.org/ns/prov#wasDerivedFrom > http://data.vlaanderen.be/ns/mandaat#Mandataris
10/03/2026 10:53:15 -- 		 min: 0 (min found at subject)
10/03/2026 10:53:15 -- 		 max: 3 (max found at subject)
10/03/2026 10:53:15 -- 	N7502254e35af4d97ab28cf8d3bcdd31d | http://www.w3.org/ns/prov#wasDerivedFrom > http://www.w3.org/2004/02/skos/core#Concept
10/03/2026 10:53:15 -- 		 min: 0 (min found at subject)
10/03/2026 10:53:15 -- 		 max: 3 (max found at subject)
10/03/2026 10:53:15 -- 	Nc1980ce03f574b4a9406419f18b06a66 | http://www.w3.org/ns/prov#wasDerivedFrom > http://xmlns.com/foaf/0.1/Document
10/03/2026 10:53:16 -- 		 min: 0 (min found at subject)
10/03/2026 10:53:16 -- 		 max: 3 (max found at subject)
10/03/2026 10:53:16 -- 	Nb1cc5d5da5c14c3cac114d55e4524ef5 | http://www.w3.org/ns/prov#wasDerivedFrom > https://data.vlaanderen.be/id/concept/BesluitDocumentType/13fefad6-a9d6-4025-83b5-e4cbee3a8965
10/03/2026 10:53:16 -- 		 min: 0 (min found at subject)
10/03/2026 10:53:16 -- 		 max: 1 (max found at subject)
10/03/2026 10:53:16 -- 		 shacl-max: 1
10/03/2026 10:53:16 -- 	Na7b2621ecfb946f6af629c71486d1504 | http://www.w3.org/ns/prov#wasDerivedFrom > https://data.vlaanderen.be/id/concept/BesluitDocumentType/3fa67785-ffdc-4b30-8880-2b99d97b4dee
10/03/2026 10:53:16 -- 		 min: 0 (min found at subject)
10/03/2026 10:53:16 -- 		 max: 1 (max found at subject)
10/03/2026 10:53:16 -- 		 shacl-max: 1
10/03/2026 10:53:16 -- 	N69e9f1743cca490b988aca26956a60de | http://www.w3.org/ns/prov#wasDerivedFrom > https://data.vlaanderen.be/id/concept/BesluitDocumentType/8e791b27-7600-4577-b24e-c7c29e0eb773
10/03/2026 10:53:17 -- 		 min: 0 (min found at subject)
10/03/2026 10:53:17 -- 		 max: 1 (max found at subject)
10/03/2026 10:53:17 -- 		 shacl-max: 1
10/03/2026 10:53:17 -- 	Nf5f61036d1f948f09c35a12bc69ab083 | http://data.vlaanderen.be/ns/besluit#geplandOpenbaar > [no object/datatype]
10/03/2026 10:53:17 -- 		 min: 0 (min found at subject)
10/03/2026 10:53:17 -- 		 max: 2 (max found at subject)
10/03/2026 10:53:17 -- 	N980a8ab7f74b4192a912751a1dfba982 | http://purl.org/dc/terms/#description > [no object/datatype]
10/03/2026 10:53:17 -- 		 min: 0 (min found at subject)
10/03/2026 10:53:17 -- 		 max: 1 (max found at subject)
10/03/2026 10:53:17 -- 		 shacl-max: 1
10/03/2026 10:53:17 -- 	N6eabd7801024453fa0e7b481b0288718 | http://purl.org/dc/terms/description > [no object/datatype]
10/03/2026 10:53:17 -- 		 min: 0 (min found at subject)
10/03/2026 10:53:17 -- 		 max: 3 (max found at subject)
10/03/2026 10:53:17 -- 	N6192cd635fac4a3d869bd7bbb2db5830 | http://data.vlaanderen.be/ns/besluit#aangebrachtNa > http://data.vlaanderen.be/ns/besluit#Agendapunt
10/03/2026 10:53:18 -- 		 min: 0 (min found at subject)
10/03/2026 10:53:18 -- 		 max: 3 (max found at subject)
10/03/2026 10:53:18 -- 	N50fedfbfae474fabb6e8d61f14c79b0d | http://purl.org/dc/terms/#title > [no object/datatype]
10/03/2026 10:53:18 -- 		 min: 0 (min found at subject)
10/03/2026 10:53:18 -- 		 max: 1 (max found at subject)
10/03/2026 10:53:18 -- 		 shacl-max: 1
10/03/2026 10:53:18 -- 	N42a0e1b382294e2eb4fb58a8887a41ba | http://data.vlaanderen.be/ns/besluit#noopener > [no object/datatype]
10/03/2026 10:53:18 -- 		 min: 0 (min found at subject)
10/03/2026 10:53:18 -- 		 max: 3 (max found at subject)
10/03/2026 10:53:18 -- 	Nf4ee06945b014031a0d62be94768b6b2 | http://purl.org/dc/terms/title > [no object/datatype]
10/03/2026 10:53:18 -- 		 min: 0 (min found at subject)
10/03/2026 10:53:18 -- 		 max: 3 (max found at subject)
10/03/2026 10:53:18 -- 	N84ce0c71e4e44b6699714fc1614c7b4f | http://data.vlaanderen.be/ns/besluit#noreferrer > [no object/datatype]
10/03/2026 10:53:19 -- 		 min: 0 (min found at subject)
10/03/2026 10:53:19 -- 		 max: 3 (max found at subject)
10/03/2026 10:53:19 -- 	N14da9e94855a453290be95169d3dcdfa | http://data.vlaanderen.be/ns/besluit#Agendapunt.type > http://www.w3.org/2004/02/skos/core#Concept
10/03/2026 10:53:19 -- 		 min: 0 (min found at subject)
10/03/2026 10:53:19 -- 		 max: 2 (max found at subject)
10/03/2026 10:53:19 -- 	N41ec0ed1f7cf46439573804667bd72f4 | http://mu.semte.ch/vocabularies/core/uuid > [no object/datatype]
10/03/2026 10:53:20 -- 		 min: 1 (min found at subject)
10/03/2026 10:53:20 -- 		 max: 1 (max found at subject)
10/03/2026 10:53:20 -- 		 shacl-min: 1
10/03/2026 10:53:20 -- 		 shacl-max: 1
10/03/2026 10:53:20 -- http://example.com/shapes/e8cc4c44-8c6a-4022-8879-e9f33d2b2815 ~ http://www.w3.org/2004/02/skos/core#Concept
10/03/2026 10:53:20 -- 	Ncfee12bc2c4e489f95f31d2c6fb5bc90 | http://data.vlaanderen.be/ns/mandaat#isTijdspecialisatieVan > http://data.vlaanderen.be/ns/besluit#Bestuurseenheid
10/03/2026 10:53:20 -- 		 min: 0 (min found at subject)
10/03/2026 10:53:20 -- 		 max: 1 (max found at subject)
10/03/2026 10:53:20 -- 		 shacl-max: 1
10/03/2026 10:53:20 -- 	N6e6282e6f8e74f45b934e683626695f6 | http://data.vlaanderen.be/ns/mandaat#isTijdspecialisatieVan > http://data.vlaanderen.be/ns/besluit#Bestuursorgaan
10/03/2026 10:53:20 -- 		 min: 0 (min found at subject)
10/03/2026 10:53:20 -- 		 max: 1 (max found at subject)
10/03/2026 10:53:20 -- 		 shacl-max: 1
10/03/2026 10:53:20 -- 	N1e5270c6e6a748acbbcd8d5d163be0f4 | http://data.vlaanderen.be/ns/mandaat#isTijdspecialisatieVan > http://data.vlaanderen.be/ns/mandaat#Mandataris
10/03/2026 10:53:20 -- 		 min: 0 (min found at subject)
10/03/2026 10:53:20 -- 		 max: 1 (max found at subject)
10/03/2026 10:53:20 -- 		 shacl-max: 1
10/03/2026 10:53:20 -- 	N9c297f3fd3d54354bc5746d347e604b7 | http://data.vlaanderen.be/ns/mandaat#isTijdspecialisatieVan > http://www.w3.org/2004/02/skos/core#Concept
10/03/2026 10:53:20 -- 		 min: 0 (min found at subject)
10/03/2026 10:53:20 -- 		 max: 1 (max found at subject)
10/03/2026 10:53:20 -- 		 shacl-max: 1
10/03/2026 10:53:20 -- 	N002366ad354c4fc891f57cfa933e54e6 | http://data.vlaanderen.be/ns/mandaat#isTijdspecialisatieVan > http://xmlns.com/foaf/0.1/Document
10/03/2026 10:53:20 -- 		 min: 0 (min found at subject)
10/03/2026 10:53:20 -- 		 max: 1 (max found at subject)
10/03/2026 10:53:20 -- 		 shacl-max: 1
10/03/2026 10:53:20 -- 	Naac1cf32b4a0426b919c7d60bf7295c2 | http://data.vlaanderen.be/ns/mandaat#isTijdspecialisatieVan > https://data.vlaanderen.be/id/concept/BesluitDocumentType/13fefad6-a9d6-4025-83b5-e4cbee3a8965
10/03/2026 10:53:20 -- 		 min: 0 (min found at subject)
10/03/2026 10:53:20 -- 		 max: 1 (max found at subject)
10/03/2026 10:53:20 -- 		 shacl-max: 1
10/03/2026 10:53:20 -- 	Ncd130bee256f45228f595e7d4a5f4d02 | http://data.vlaanderen.be/ns/mandaat#isTijdspecialisatieVan > https://data.vlaanderen.be/id/concept/BesluitDocumentType/3fa67785-ffdc-4b30-8880-2b99d97b4dee
10/03/2026 10:53:20 -- 		 min: 0 (min found at subject)
10/03/2026 10:53:20 -- 		 max: 1 (max found at subject)
10/03/2026 10:53:20 -- 		 shacl-max: 1
10/03/2026 10:53:20 -- 	N2362242d255f482c99360f4ac642c8d2 | http://data.vlaanderen.be/ns/mandaat#isTijdspecialisatieVan > https://data.vlaanderen.be/id/concept/BesluitDocumentType/8e791b27-7600-4577-b24e-c7c29e0eb773
10/03/2026 10:53:20 -- 		 min: 0 (min found at subject)
10/03/2026 10:53:20 -- 		 max: 1 (max found at subject)
10/03/2026 10:53:20 -- 		 shacl-max: 1
10/03/2026 10:53:20 -- 	N29a88b31053640b2846ca0b3f8b6ac22 | http://www.w3.org/ns/org#classification > http://data.vlaanderen.be/ns/besluit#Bestuurseenheid
10/03/2026 10:53:20 -- 		 min: 0 (min found at subject)
10/03/2026 10:53:20 -- 		 max: 1 (max found at subject)
10/03/2026 10:53:20 -- 		 shacl-max: 1
10/03/2026 10:53:20 -- 	Nde2ad7da28ed48bebe4e7d541c8a6814 | http://www.w3.org/ns/org#classification > http://data.vlaanderen.be/ns/besluit#Bestuursorgaan
10/03/2026 10:53:20 -- 		 min: 0 (min found at subject)
10/03/2026 10:53:20 -- 		 max: 1 (max found at subject)
10/03/2026 10:53:20 -- 		 shacl-max: 1
10/03/2026 10:53:20 -- 	N56c21ead564d48f5b63781f29649c7d4 | http://www.w3.org/ns/org#classification > http://data.vlaanderen.be/ns/mandaat#Mandataris
10/03/2026 10:53:20 -- 		 min: 0 (min found at subject)
10/03/2026 10:53:20 -- 		 max: 1 (max found at subject)
10/03/2026 10:53:20 -- 		 shacl-max: 1
10/03/2026 10:53:20 -- 	N797b2843992c4822b89ae825044fbc7a | http://www.w3.org/ns/org#classification > http://www.w3.org/2004/02/skos/core#Concept
10/03/2026 10:53:20 -- 		 min: 0 (min found at subject)
10/03/2026 10:53:20 -- 		 max: 2 (max found at subject)
10/03/2026 10:53:20 -- 	Nf737325a4e4b4f2296b18aa875b3b163 | http://www.w3.org/ns/org#classification > http://xmlns.com/foaf/0.1/Document
10/03/2026 10:53:20 -- 		 min: 0 (min found at subject)
10/03/2026 10:53:20 -- 		 max: 1 (max found at subject)
10/03/2026 10:53:20 -- 		 shacl-max: 1
10/03/2026 10:53:20 -- 	Nbdd642bb8698489db4fc39dbdfa04d95 | http://www.w3.org/ns/org#classification > https://data.vlaanderen.be/id/concept/BesluitDocumentType/13fefad6-a9d6-4025-83b5-e4cbee3a8965
10/03/2026 10:53:20 -- 		 min: 0 (min found at subject)
10/03/2026 10:53:20 -- 		 max: 1 (max found at subject)
10/03/2026 10:53:20 -- 		 shacl-max: 1
10/03/2026 10:53:20 -- 	N05f9999fd8f84e5a9e73e7a0f4e31f3f | http://www.w3.org/ns/org#classification > https://data.vlaanderen.be/id/concept/BesluitDocumentType/3fa67785-ffdc-4b30-8880-2b99d97b4dee
10/03/2026 10:53:20 -- 		 min: 0 (min found at subject)
10/03/2026 10:53:20 -- 		 max: 1 (max found at subject)
10/03/2026 10:53:20 -- 		 shacl-max: 1
10/03/2026 10:53:20 -- 	N159691df6de847e78cdcec9ab8f8d7b1 | http://www.w3.org/ns/org#classification > https://data.vlaanderen.be/id/concept/BesluitDocumentType/8e791b27-7600-4577-b24e-c7c29e0eb773
10/03/2026 10:53:20 -- 		 min: 0 (min found at subject)
10/03/2026 10:53:20 -- 		 max: 1 (max found at subject)
10/03/2026 10:53:20 -- 		 shacl-max: 1
10/03/2026 10:53:20 -- 	N00b882c9de6d46d184fa68c03aac7d8f | http://www.w3.org/ns/rdfa#usesVocabulary > [no object/datatype]
10/03/2026 10:53:20 -- 		 min: 0 (min found at subject)
10/03/2026 10:53:20 -- 		 max: 1 (max found at subject)
10/03/2026 10:53:20 -- 		 shacl-max: 1
10/03/2026 10:53:20 -- 	N58077da9abef4cb3a98972ce0ab5ca35 | http://www.w3.org/2004/02/skos/core#prefLabel > [no object/datatype]
10/03/2026 10:53:20 -- 		 min: 0 (min found at subject)
10/03/2026 10:53:20 -- 		 max: 1 (max found at subject)
10/03/2026 10:53:20 -- 		 shacl-max: 1
10/03/2026 10:53:20 -- 	N176d4bb663264b538027f65e1a46f2b6 | http://data.europa.eu/eli/ontology#passed_by > http://data.vlaanderen.be/ns/besluit#Bestuurseenheid
10/03/2026 10:53:20 -- 		 min: 0 (min found at subject)
10/03/2026 10:53:20 -- 		 max: 9 (max found at subject)
10/03/2026 10:53:20 -- 	Naf36510a751b4a4f84e761ac1ac0bd3e | http://data.europa.eu/eli/ontology#passed_by > http://data.vlaanderen.be/ns/besluit#Bestuursorgaan
10/03/2026 10:53:20 -- 		 min: 0 (min found at subject)
10/03/2026 10:53:20 -- 		 max: 9 (max found at subject)
10/03/2026 10:53:20 -- 	N6a41ffe4b4fb420c8a28c3b2ec9df9c1 | http://data.europa.eu/eli/ontology#passed_by > http://data.vlaanderen.be/ns/mandaat#Mandataris
10/03/2026 10:53:20 -- 		 min: 0 (min found at subject)
10/03/2026 10:53:20 -- 		 max: 9 (max found at subject)
10/03/2026 10:53:20 -- 	Na39e8d7140f54e789efeab60401e2ece | http://data.europa.eu/eli/ontology#passed_by > http://www.w3.org/2004/02/skos/core#Concept
10/03/2026 10:53:20 -- 		 min: 0 (min found at subject)
10/03/2026 10:53:20 -- 		 max: 9 (max found at subject)
10/03/2026 10:53:20 -- 	N31818c8dc0ca49c9a42d96ee83ea7d0d | http://data.europa.eu/eli/ontology#passed_by > http://xmlns.com/foaf/0.1/Document
10/03/2026 10:53:20 -- 		 min: 0 (min found at subject)
10/03/2026 10:53:20 -- 		 max: 1 (max found at subject)
10/03/2026 10:53:20 -- 		 shacl-max: 1
10/03/2026 10:53:20 -- 	N2f49998b8b374ee493113874cac6bb42 | http://data.europa.eu/eli/ontology#passed_by > https://data.vlaanderen.be/id/concept/BesluitDocumentType/13fefad6-a9d6-4025-83b5-e4cbee3a8965
10/03/2026 10:53:20 -- 		 min: 0 (min found at subject)
10/03/2026 10:53:20 -- 		 max: 1 (max found at subject)
10/03/2026 10:53:20 -- 		 shacl-max: 1
10/03/2026 10:53:20 -- 	Nb1be41eba2a84c40a75313cadceda6a5 | http://data.europa.eu/eli/ontology#passed_by > https://data.vlaanderen.be/id/concept/BesluitDocumentType/3fa67785-ffdc-4b30-8880-2b99d97b4dee
10/03/2026 10:53:20 -- 		 min: 0 (min found at subject)
10/03/2026 10:53:20 -- 		 max: 1 (max found at subject)
10/03/2026 10:53:20 -- 		 shacl-max: 1
10/03/2026 10:53:20 -- 	N12ac3b8f0925459e9ba16a46f1a501ed | http://data.europa.eu/eli/ontology#passed_by > https://data.vlaanderen.be/id/concept/BesluitDocumentType/8e791b27-7600-4577-b24e-c7c29e0eb773
10/03/2026 10:53:20 -- 		 min: 0 (min found at subject)
10/03/2026 10:53:20 -- 		 max: 1 (max found at subject)
10/03/2026 10:53:20 -- 		 shacl-max: 1
10/03/2026 10:53:20 -- 	Nf50e14cb2cd246f8b29cf5a89bac84c2 | http://mu.semte.ch/vocabularies/core/uuid > [no object/datatype]
10/03/2026 10:53:20 -- 		 min: 1 (min found at subject)
10/03/2026 10:53:20 -- 		 max: 1 (max found at subject)
10/03/2026 10:53:20 -- 		 shacl-min: 1
10/03/2026 10:53:20 -- 		 shacl-max: 1
10/03/2026 10:53:20 -- 	N95e4f7ed981744118ae7539c90061fda | http://data.vlaanderen.be/ns/besluit#bestuurt > http://data.vlaanderen.be/ns/besluit#Bestuurseenheid
10/03/2026 10:53:20 -- 		 min: 0 (min found at subject)
10/03/2026 10:53:20 -- 		 max: 1 (max found at subject)
10/03/2026 10:53:20 -- 		 shacl-max: 1
10/03/2026 10:53:20 -- 	N64727d183125469c84622488a4989097 | http://data.vlaanderen.be/ns/besluit#bestuurt > http://data.vlaanderen.be/ns/besluit#Bestuursorgaan
10/03/2026 10:53:20 -- 		 min: 0 (min found at subject)
10/03/2026 10:53:20 -- 		 max: 1 (max found at subject)
10/03/2026 10:53:20 -- 		 shacl-max: 1
10/03/2026 10:53:20 -- 	Nc1b0d5f2e85f4e2b92cc6de01de55722 | http://data.vlaanderen.be/ns/besluit#bestuurt > http://data.vlaanderen.be/ns/mandaat#Mandataris
10/03/2026 10:53:20 -- 		 min: 0 (min found at subject)
10/03/2026 10:53:20 -- 		 max: 1 (max found at subject)
10/03/2026 10:53:20 -- 		 shacl-max: 1
10/03/2026 10:53:20 -- 	N1c65b2d2b1174163aa964681d872ad90 | http://data.vlaanderen.be/ns/besluit#bestuurt > http://www.w3.org/2004/02/skos/core#Concept
10/03/2026 10:53:20 -- 		 min: 0 (min found at subject)
10/03/2026 10:53:20 -- 		 max: 1 (max found at subject)
10/03/2026 10:53:20 -- 		 shacl-max: 1
10/03/2026 10:53:20 -- 	Ndf6a7856b69a4d5e93d30a8162d47cbe | http://data.vlaanderen.be/ns/besluit#bestuurt > http://xmlns.com/foaf/0.1/Document
10/03/2026 10:53:20 -- 		 min: 0 (min found at subject)
10/03/2026 10:53:20 -- 		 max: 1 (max found at subject)
10/03/2026 10:53:20 -- 		 shacl-max: 1
10/03/2026 10:53:20 -- 	Nde65c0e33a654e7b982215b97fc669f1 | http://data.vlaanderen.be/ns/besluit#bestuurt > https://data.vlaanderen.be/id/concept/BesluitDocumentType/13fefad6-a9d6-4025-83b5-e4cbee3a8965
10/03/2026 10:53:20 -- 		 min: 0 (min found at subject)
10/03/2026 10:53:20 -- 		 max: 1 (max found at subject)
10/03/2026 10:53:20 -- 		 shacl-max: 1
10/03/2026 10:53:20 -- 	N2c43955b9e3b444d820c5ca8f8fb8d08 | http://data.vlaanderen.be/ns/besluit#bestuurt > https://data.vlaanderen.be/id/concept/BesluitDocumentType/3fa67785-ffdc-4b30-8880-2b99d97b4dee
10/03/2026 10:53:20 -- 		 min: 0 (min found at subject)
10/03/2026 10:53:20 -- 		 max: 1 (max found at subject)
10/03/2026 10:53:20 -- 		 shacl-max: 1
10/03/2026 10:53:20 -- 	N01352112ce0b4e44a1b9b37a5dd86f24 | http://data.vlaanderen.be/ns/besluit#bestuurt > https://data.vlaanderen.be/id/concept/BesluitDocumentType/8e791b27-7600-4577-b24e-c7c29e0eb773
10/03/2026 10:53:20 -- 		 min: 0 (min found at subject)
10/03/2026 10:53:20 -- 		 max: 1 (max found at subject)
10/03/2026 10:53:20 -- 		 shacl-max: 1
10/03/2026 10:53:20 -- 	Na6c9f1f817564157b982242655ded613 | http://www.w3.org/ns/prov#wasDerivedFrom > http://data.vlaanderen.be/ns/besluit#Bestuurseenheid
10/03/2026 10:53:20 -- 		 min: 0 (min found at subject)
10/03/2026 10:53:20 -- 		 max: 2852 (max found at subject)
10/03/2026 10:53:20 -- 	Nb2b630d9f0b14a54ad9d1fe4d9b6b5d8 | http://www.w3.org/ns/prov#wasDerivedFrom > http://data.vlaanderen.be/ns/besluit#Bestuursorgaan
10/03/2026 10:53:20 -- 		 min: 0 (min found at subject)
10/03/2026 10:53:20 -- 		 max: 2855 (max found at subject)
10/03/2026 10:53:20 -- 	Nb9bdd3fc539549e28419c886c9e027f1 | http://www.w3.org/ns/prov#wasDerivedFrom > http://data.vlaanderen.be/ns/mandaat#Mandataris
10/03/2026 10:53:20 -- 		 min: 0 (min found at subject)
10/03/2026 10:53:20 -- 		 max: 23907 (max found at subject)
10/03/2026 10:53:20 -- 	N08d2951e364648cf9f8bf8b0d59301f3 | http://www.w3.org/ns/prov#wasDerivedFrom > http://www.w3.org/2004/02/skos/core#Concept
10/03/2026 10:53:20 -- 		 min: 0 (min found at subject)
10/03/2026 10:53:20 -- 		 max: 2724 (max found at subject)
10/03/2026 10:53:20 -- 	N899d215078e14f0086d2125b1f1890ea | http://www.w3.org/ns/prov#wasDerivedFrom > http://xmlns.com/foaf/0.1/Document
10/03/2026 10:53:20 -- 		 min: 0 (min found at subject)
10/03/2026 10:53:20 -- 		 max: 51577 (max found at subject)
10/03/2026 10:53:20 -- 	N45523b2878c24008892b3ba0068a3a1b | http://www.w3.org/ns/prov#wasDerivedFrom > https://data.vlaanderen.be/id/concept/BesluitDocumentType/13fefad6-a9d6-4025-83b5-e4cbee3a8965
10/03/2026 10:53:20 -- 		 min: 0 (min found at subject)
10/03/2026 10:53:20 -- 		 max: 6663 (max found at subject)
10/03/2026 10:53:20 -- 	Nbcbaf5bd38b241e5becb3083433ca068 | http://www.w3.org/ns/prov#wasDerivedFrom > https://data.vlaanderen.be/id/concept/BesluitDocumentType/3fa67785-ffdc-4b30-8880-2b99d97b4dee
10/03/2026 10:53:20 -- 		 min: 0 (min found at subject)
10/03/2026 10:53:20 -- 		 max: 38254 (max found at subject)
10/03/2026 10:53:20 -- 	Nc6ef441cf4bf4c0c9e53bcdd2e7a5200 | http://www.w3.org/ns/prov#wasDerivedFrom > https://data.vlaanderen.be/id/concept/BesluitDocumentType/8e791b27-7600-4577-b24e-c7c29e0eb773
10/03/2026 10:53:20 -- 		 min: 0 (min found at subject)
10/03/2026 10:53:20 -- 		 max: 6660 (max found at subject)
10/03/2026 10:53:20 -- 	N4e14fc26c5d84c499c27030b6e3d136a | http://data.europa.eu/eli/ontology#date_publication > [no object/datatype]
10/03/2026 10:53:20 -- 		 min: 0 (min found at subject)
10/03/2026 10:53:20 -- 		 max: 1 (max found at subject)
10/03/2026 10:53:20 -- 		 shacl-max: 1
10/03/2026 10:53:20 -- 	N25f0931b63e3428c928f213f4775d281 | http://purl.org/dc/terms/type > [no object/datatype]
10/03/2026 10:53:20 -- 		 min: 0 (min found at subject)
10/03/2026 10:53:20 -- 		 max: 1 (max found at subject)
10/03/2026 10:53:20 -- 		 shacl-max: 1
10/03/2026 10:53:20 -- 	N09cd1394a3b94f5c82e1c73085a6d126 | http://data.europa.eu/eli/ontology#related_to > http://xmlns.com/foaf/0.1/Document
10/03/2026 10:53:20 -- 		 min: 0 (min found at subject)
10/03/2026 10:53:20 -- 		 max: 5 (max found at subject)
10/03/2026 10:53:20 -- http://example.com/shapes/02f25282-e82a-46c6-8d1e-14273cc2feeb ~ http://data.vlaanderen.be/ns/besluit#Bestuurseenheid
10/03/2026 10:53:20 -- 	N8ce66d91c0344c5ab0691f364ea46066 | http://www.w3.org/ns/org#classification > http://data.vlaanderen.be/ns/besluit#Bestuurseenheid
10/03/2026 10:53:20 -- 		 min: 0 (min found at subject)
10/03/2026 10:53:20 -- 		 max: 1 (max found at subject)
10/03/2026 10:53:20 -- 		 shacl-max: 1
10/03/2026 10:53:20 -- 	N75d2a2def3454ce0961a749cc214333f | http://www.w3.org/ns/org#classification > http://data.vlaanderen.be/ns/besluit#Bestuursorgaan
10/03/2026 10:53:20 -- 		 min: 0 (min found at subject)
10/03/2026 10:53:20 -- 		 max: 1 (max found at subject)
10/03/2026 10:53:20 -- 		 shacl-max: 1
10/03/2026 10:53:20 -- 	Nef618702bdbf4427a60829bee529419c | http://www.w3.org/ns/org#classification > http://data.vlaanderen.be/ns/mandaat#Mandataris
10/03/2026 10:53:20 -- 		 min: 0 (min found at subject)
10/03/2026 10:53:20 -- 		 max: 1 (max found at subject)
10/03/2026 10:53:20 -- 		 shacl-max: 1
10/03/2026 10:53:20 -- 	N542d219286174118a6226d61692f630f | http://www.w3.org/ns/org#classification > http://www.w3.org/2004/02/skos/core#Concept
10/03/2026 10:53:20 -- 		 min: 0 (min found at subject)
10/03/2026 10:53:20 -- 		 max: 2 (max found at subject)
10/03/2026 10:53:20 -- 	N01da2bc765814a27b76f46a3d5ec42ef | http://www.w3.org/ns/org#classification > http://xmlns.com/foaf/0.1/Document
10/03/2026 10:53:20 -- 		 min: 0 (min found at subject)
10/03/2026 10:53:20 -- 		 max: 1 (max found at subject)
10/03/2026 10:53:20 -- 		 shacl-max: 1
10/03/2026 10:53:20 -- 	Nc7d8aed31cd14abfa5f14edaf82a314b | http://www.w3.org/ns/org#classification > https://data.vlaanderen.be/id/concept/BesluitDocumentType/13fefad6-a9d6-4025-83b5-e4cbee3a8965
10/03/2026 10:53:20 -- 		 min: 0 (min found at subject)
10/03/2026 10:53:20 -- 		 max: 1 (max found at subject)
10/03/2026 10:53:20 -- 		 shacl-max: 1
10/03/2026 10:53:20 -- 	Nb99dd6ab2eff4256b3f03eff90e34e34 | http://www.w3.org/ns/org#classification > https://data.vlaanderen.be/id/concept/BesluitDocumentType/3fa67785-ffdc-4b30-8880-2b99d97b4dee
10/03/2026 10:53:20 -- 		 min: 0 (min found at subject)
10/03/2026 10:53:20 -- 		 max: 1 (max found at subject)
10/03/2026 10:53:20 -- 		 shacl-max: 1
10/03/2026 10:53:20 -- 	N76457f49691744a99d2928113c8eb9bb | http://www.w3.org/ns/org#classification > https://data.vlaanderen.be/id/concept/BesluitDocumentType/8e791b27-7600-4577-b24e-c7c29e0eb773
10/03/2026 10:53:21 -- 		 min: 0 (min found at subject)
10/03/2026 10:53:21 -- 		 max: 1 (max found at subject)
10/03/2026 10:53:21 -- 		 shacl-max: 1
10/03/2026 10:53:21 -- 	Ne478ffa39c634a65b71710e5ae5bedbc | http://www.w3.org/2004/02/skos/core#prefLabel > [no object/datatype]
10/03/2026 10:53:21 -- 		 min: 1 (min found at subject)
10/03/2026 10:53:21 -- 		 max: 2 (max found at subject)
10/03/2026 10:53:21 -- 		 shacl-min: 1
10/03/2026 10:53:21 -- 	Na0fe1fa893104e44b37666f80548f7c7 | http://data.europa.eu/eli/ontology#passed_by > http://data.vlaanderen.be/ns/besluit#Bestuurseenheid
10/03/2026 10:53:21 -- 		 min: 0 (min found at subject)
10/03/2026 10:53:21 -- 		 max: 9 (max found at subject)
10/03/2026 10:53:21 -- 	N6dc8a4a187e9403aae0682a8139492a4 | http://data.europa.eu/eli/ontology#passed_by > http://data.vlaanderen.be/ns/besluit#Bestuursorgaan
10/03/2026 10:53:21 -- 		 min: 0 (min found at subject)
10/03/2026 10:53:21 -- 		 max: 9 (max found at subject)
10/03/2026 10:53:21 -- 	N936609a392cf43499e2a0f3f9b330b70 | http://data.europa.eu/eli/ontology#passed_by > http://data.vlaanderen.be/ns/mandaat#Mandataris
10/03/2026 10:53:21 -- 		 min: 0 (min found at subject)
10/03/2026 10:53:21 -- 		 max: 9 (max found at subject)
10/03/2026 10:53:21 -- 	N44c4082cbb2a4c808b85ddb2efe7cc35 | http://data.europa.eu/eli/ontology#passed_by > http://www.w3.org/2004/02/skos/core#Concept
10/03/2026 10:53:21 -- 		 min: 0 (min found at subject)
10/03/2026 10:53:21 -- 		 max: 9 (max found at subject)
10/03/2026 10:53:21 -- 	Ne4dc947c10d545f9b925072a39e87f17 | http://data.europa.eu/eli/ontology#passed_by > http://xmlns.com/foaf/0.1/Document
10/03/2026 10:53:21 -- 		 min: 0 (min found at subject)
10/03/2026 10:53:21 -- 		 max: 1 (max found at subject)
10/03/2026 10:53:21 -- 		 shacl-max: 1
10/03/2026 10:53:21 -- 	N8df2d5eca8f24752a15dfb3bcde39086 | http://data.europa.eu/eli/ontology#passed_by > https://data.vlaanderen.be/id/concept/BesluitDocumentType/13fefad6-a9d6-4025-83b5-e4cbee3a8965
10/03/2026 10:53:21 -- 		 min: 0 (min found at subject)
10/03/2026 10:53:21 -- 		 max: 1 (max found at subject)
10/03/2026 10:53:21 -- 		 shacl-max: 1
10/03/2026 10:53:21 -- 	N32a43def167c4dbd855b306792c31704 | http://data.europa.eu/eli/ontology#passed_by > https://data.vlaanderen.be/id/concept/BesluitDocumentType/3fa67785-ffdc-4b30-8880-2b99d97b4dee
10/03/2026 10:53:21 -- 		 min: 0 (min found at subject)
10/03/2026 10:53:21 -- 		 max: 1 (max found at subject)
10/03/2026 10:53:21 -- 		 shacl-max: 1
10/03/2026 10:53:21 -- 	Na2a9afdd27504f2da8fee303b59b80e2 | http://data.europa.eu/eli/ontology#passed_by > https://data.vlaanderen.be/id/concept/BesluitDocumentType/8e791b27-7600-4577-b24e-c7c29e0eb773
10/03/2026 10:53:21 -- 		 min: 0 (min found at subject)
10/03/2026 10:53:21 -- 		 max: 1 (max found at subject)
10/03/2026 10:53:21 -- 		 shacl-max: 1
10/03/2026 10:53:21 -- 	Ncb610b9308664a2fa23bd8bd9e5e4a4b | http://data.vlaanderen.be/ns/besluit#bestuurt > http://data.vlaanderen.be/ns/besluit#Bestuurseenheid
10/03/2026 10:53:21 -- 		 min: 0 (min found at subject)
10/03/2026 10:53:21 -- 		 max: 1 (max found at subject)
10/03/2026 10:53:21 -- 		 shacl-max: 1
10/03/2026 10:53:21 -- 	N60a9996d074349eba5a0953d30d365f8 | http://data.vlaanderen.be/ns/besluit#bestuurt > http://data.vlaanderen.be/ns/besluit#Bestuursorgaan
10/03/2026 10:53:21 -- 		 min: 0 (min found at subject)
10/03/2026 10:53:21 -- 		 max: 1 (max found at subject)
10/03/2026 10:53:21 -- 		 shacl-max: 1
10/03/2026 10:53:21 -- 	N51468fdc02ba4ad994f06659089dc0b0 | http://data.vlaanderen.be/ns/besluit#bestuurt > http://data.vlaanderen.be/ns/mandaat#Mandataris
10/03/2026 10:53:21 -- 		 min: 0 (min found at subject)
10/03/2026 10:53:21 -- 		 max: 1 (max found at subject)
10/03/2026 10:53:21 -- 		 shacl-max: 1
10/03/2026 10:53:21 -- 	N64a872b17a47495484adfaec0e4e0c14 | http://data.vlaanderen.be/ns/besluit#bestuurt > http://www.w3.org/2004/02/skos/core#Concept
10/03/2026 10:53:21 -- 		 min: 0 (min found at subject)
10/03/2026 10:53:21 -- 		 max: 1 (max found at subject)
10/03/2026 10:53:21 -- 		 shacl-max: 1
10/03/2026 10:53:21 -- 	N47bac44291c24faba0a6a38f396bbf3c | http://data.vlaanderen.be/ns/besluit#bestuurt > http://xmlns.com/foaf/0.1/Document
10/03/2026 10:53:21 -- 		 min: 0 (min found at subject)
10/03/2026 10:53:21 -- 		 max: 1 (max found at subject)
10/03/2026 10:53:21 -- 		 shacl-max: 1
10/03/2026 10:53:21 -- 	N3c9074a6ec224675983588b8ad48e176 | http://data.vlaanderen.be/ns/besluit#bestuurt > https://data.vlaanderen.be/id/concept/BesluitDocumentType/13fefad6-a9d6-4025-83b5-e4cbee3a8965
10/03/2026 10:53:21 -- 		 min: 0 (min found at subject)
10/03/2026 10:53:21 -- 		 max: 1 (max found at subject)
10/03/2026 10:53:21 -- 		 shacl-max: 1
10/03/2026 10:53:21 -- 	Nd14a144069eb4673bdde605fff24a6a7 | http://data.vlaanderen.be/ns/besluit#bestuurt > https://data.vlaanderen.be/id/concept/BesluitDocumentType/3fa67785-ffdc-4b30-8880-2b99d97b4dee
10/03/2026 10:53:21 -- 		 min: 0 (min found at subject)
10/03/2026 10:53:21 -- 		 max: 1 (max found at subject)
10/03/2026 10:53:21 -- 		 shacl-max: 1
10/03/2026 10:53:21 -- 	N92845b8c298b4e2789d616289a871821 | http://data.vlaanderen.be/ns/besluit#bestuurt > https://data.vlaanderen.be/id/concept/BesluitDocumentType/8e791b27-7600-4577-b24e-c7c29e0eb773
10/03/2026 10:53:21 -- 		 min: 0 (min found at subject)
10/03/2026 10:53:21 -- 		 max: 1 (max found at subject)
10/03/2026 10:53:21 -- 		 shacl-max: 1
10/03/2026 10:53:21 -- 	N9b4fb882977349b3904844f550b28850 | http://www.w3.org/ns/prov#wasDerivedFrom > http://data.vlaanderen.be/ns/besluit#Bestuurseenheid
10/03/2026 10:53:21 -- 		 min: 0 (min found at subject)
10/03/2026 10:53:21 -- 		 max: 9 (max found at subject)
10/03/2026 10:53:21 -- 	Nbf81352aa3a84acda10f5008d3fc6378 | http://www.w3.org/ns/prov#wasDerivedFrom > http://data.vlaanderen.be/ns/besluit#Bestuursorgaan
10/03/2026 10:53:21 -- 		 min: 0 (min found at subject)
10/03/2026 10:53:21 -- 		 max: 9 (max found at subject)
10/03/2026 10:53:21 -- 	N2fe426cc173b4934bdaf2e0a338a4ee6 | http://www.w3.org/ns/prov#wasDerivedFrom > http://data.vlaanderen.be/ns/mandaat#Mandataris
10/03/2026 10:53:21 -- 		 min: 0 (min found at subject)
10/03/2026 10:53:21 -- 		 max: 662 (max found at subject)
10/03/2026 10:53:21 -- 	Nb7f4764fca0a48fe87aa13cd3baee39c | http://www.w3.org/ns/prov#wasDerivedFrom > http://www.w3.org/2004/02/skos/core#Concept
10/03/2026 10:53:21 -- 		 min: 0 (min found at subject)
10/03/2026 10:53:21 -- 		 max: 74 (max found at subject)
10/03/2026 10:53:21 -- 	Nb7eeba9bf7054566b61d39e15a9a0cc7 | http://www.w3.org/ns/prov#wasDerivedFrom > http://xmlns.com/foaf/0.1/Document
10/03/2026 10:53:21 -- 		 min: 0 (min found at subject)
10/03/2026 10:53:21 -- 		 max: 1309 (max found at subject)
10/03/2026 10:53:21 -- 	Ne93d34b9b6d746fba2cbeda0a14fdc1c | http://www.w3.org/ns/prov#wasDerivedFrom > https://data.vlaanderen.be/id/concept/BesluitDocumentType/13fefad6-a9d6-4025-83b5-e4cbee3a8965
10/03/2026 10:53:21 -- 		 min: 0 (min found at subject)
10/03/2026 10:53:21 -- 		 max: 370 (max found at subject)
10/03/2026 10:53:21 -- 	N2a6b607bc1bd4586945615a6e964f145 | http://www.w3.org/ns/prov#wasDerivedFrom > https://data.vlaanderen.be/id/concept/BesluitDocumentType/3fa67785-ffdc-4b30-8880-2b99d97b4dee
10/03/2026 10:53:21 -- 		 min: 0 (min found at subject)
10/03/2026 10:53:21 -- 		 max: 799 (max found at subject)
10/03/2026 10:53:21 -- 	N4c280c3f69404769986feed5e98e2a8d | http://www.w3.org/ns/prov#wasDerivedFrom > https://data.vlaanderen.be/id/concept/BesluitDocumentType/8e791b27-7600-4577-b24e-c7c29e0eb773
10/03/2026 10:53:21 -- 		 min: 0 (min found at subject)
10/03/2026 10:53:21 -- 		 max: 369 (max found at subject)
10/03/2026 10:53:21 -- 	N4247c8a3f69f4f8f99d8811c23233cb7 | http://purl.org/dc/terms/type > [no object/datatype]
10/03/2026 10:53:21 -- 		 min: 0 (min found at subject)
10/03/2026 10:53:21 -- 		 max: 1 (max found at subject)
10/03/2026 10:53:21 -- 		 shacl-max: 1
10/03/2026 10:53:21 -- 	Nbd404960b957420cba74bd5ceab20cde | http://data.europa.eu/eli/ontology#related_to > http://xmlns.com/foaf/0.1/Document
10/03/2026 10:53:21 -- 		 min: 0 (min found at subject)
10/03/2026 10:53:21 -- 		 max: 5 (max found at subject)
10/03/2026 10:53:21 -- 	Nadadbace7d3f429581bcc334cacfaa86 | http://mu.semte.ch/vocabularies/core/uuid > [no object/datatype]
10/03/2026 10:53:21 -- 		 min: 1 (min found at subject)
10/03/2026 10:53:21 -- 		 max: 1 (max found at subject)
10/03/2026 10:53:21 -- 		 shacl-min: 1
10/03/2026 10:53:21 -- 		 shacl-max: 1
10/03/2026 10:53:21 -- 	Nfb7c325cb20843dea5f162d0e206532d | http://data.europa.eu/eli/ontology#date_publication > [no object/datatype]
10/03/2026 10:53:21 -- 		 min: 0 (min found at subject)
10/03/2026 10:53:21 -- 		 max: 1 (max found at subject)
10/03/2026 10:53:21 -- 		 shacl-max: 1
10/03/2026 10:53:21 -- 	N4282fc196d78440fbc21e04171370237 | http://www.w3.org/ns/rdfa#usesVocabulary > [no object/datatype]
10/03/2026 10:53:21 -- 		 min: 0 (min found at subject)
10/03/2026 10:53:21 -- 		 max: 1 (max found at subject)
10/03/2026 10:53:21 -- 		 shacl-max: 1
10/03/2026 10:53:21 -- 	N055c7c46e8ff4342a9501bab172b2bac | http://data.vlaanderen.be/ns/mandaat#isTijdspecialisatieVan > http://data.vlaanderen.be/ns/besluit#Bestuurseenheid
10/03/2026 10:53:21 -- 		 min: 0 (min found at subject)
10/03/2026 10:53:21 -- 		 max: 1 (max found at subject)
10/03/2026 10:53:21 -- 		 shacl-max: 1
10/03/2026 10:53:21 -- 	Nb390279c1d0b49f284d9a6bd3ba480de | http://data.vlaanderen.be/ns/mandaat#isTijdspecialisatieVan > http://data.vlaanderen.be/ns/besluit#Bestuursorgaan
10/03/2026 10:53:21 -- 		 min: 0 (min found at subject)
10/03/2026 10:53:21 -- 		 max: 1 (max found at subject)
10/03/2026 10:53:21 -- 		 shacl-max: 1
10/03/2026 10:53:21 -- 	N0aa78f49f6554c6182c3c5c14297ab85 | http://data.vlaanderen.be/ns/mandaat#isTijdspecialisatieVan > http://data.vlaanderen.be/ns/mandaat#Mandataris
10/03/2026 10:53:21 -- 		 min: 0 (min found at subject)
10/03/2026 10:53:21 -- 		 max: 1 (max found at subject)
10/03/2026 10:53:21 -- 		 shacl-max: 1
10/03/2026 10:53:21 -- 	Ne58bc63185a74816aef49b940eeb7897 | http://data.vlaanderen.be/ns/mandaat#isTijdspecialisatieVan > http://www.w3.org/2004/02/skos/core#Concept
10/03/2026 10:53:21 -- 		 min: 0 (min found at subject)
10/03/2026 10:53:21 -- 		 max: 1 (max found at subject)
10/03/2026 10:53:21 -- 		 shacl-max: 1
10/03/2026 10:53:21 -- 	Nffdf3dbf29294c70a18af5b1e221f8e1 | http://data.vlaanderen.be/ns/mandaat#isTijdspecialisatieVan > http://xmlns.com/foaf/0.1/Document
10/03/2026 10:53:21 -- 		 min: 0 (min found at subject)
10/03/2026 10:53:21 -- 		 max: 1 (max found at subject)
10/03/2026 10:53:21 -- 		 shacl-max: 1
10/03/2026 10:53:21 -- 	N22f2ad0b1d5a4c5da7d3db50ebebb863 | http://data.vlaanderen.be/ns/mandaat#isTijdspecialisatieVan > https://data.vlaanderen.be/id/concept/BesluitDocumentType/13fefad6-a9d6-4025-83b5-e4cbee3a8965
10/03/2026 10:53:21 -- 		 min: 0 (min found at subject)
10/03/2026 10:53:21 -- 		 max: 1 (max found at subject)
10/03/2026 10:53:21 -- 		 shacl-max: 1
10/03/2026 10:53:21 -- 	N5aefabb9ef3f42a698938a22f761bb54 | http://data.vlaanderen.be/ns/mandaat#isTijdspecialisatieVan > https://data.vlaanderen.be/id/concept/BesluitDocumentType/3fa67785-ffdc-4b30-8880-2b99d97b4dee
10/03/2026 10:53:21 -- 		 min: 0 (min found at subject)
10/03/2026 10:53:21 -- 		 max: 1 (max found at subject)
10/03/2026 10:53:21 -- 		 shacl-max: 1
10/03/2026 10:53:21 -- 	N1307a1ff839e4db5b851410be0c6a21d | http://data.vlaanderen.be/ns/mandaat#isTijdspecialisatieVan > https://data.vlaanderen.be/id/concept/BesluitDocumentType/8e791b27-7600-4577-b24e-c7c29e0eb773
10/03/2026 10:53:21 -- 		 min: 0 (min found at subject)
10/03/2026 10:53:21 -- 		 max: 1 (max found at subject)
10/03/2026 10:53:21 -- 		 shacl-max: 1
10/03/2026 10:53:21 -- http://example.com/shapes/03bf6192-a0a5-4adc-87f2-3f8621622ec1 ~ http://data.vlaanderen.be/ns/besluit#Bestuursorgaan
10/03/2026 10:53:21 -- 	N484f00b526384c8c8f5672f95b28c556 | http://mu.semte.ch/vocabularies/core/uuid > [no object/datatype]
10/03/2026 10:53:21 -- 		 min: 1 (min found at subject)
10/03/2026 10:53:21 -- 		 max: 1 (max found at subject)
10/03/2026 10:53:21 -- 		 shacl-min: 1
10/03/2026 10:53:21 -- 		 shacl-max: 1
10/03/2026 10:53:21 -- 	Nb217b6d776e347368701e7984797daae | http://data.europa.eu/eli/ontology#passed_by > http://data.vlaanderen.be/ns/besluit#Bestuurseenheid
10/03/2026 10:53:21 -- 		 min: 0 (min found at subject)
10/03/2026 10:53:21 -- 		 max: 9 (max found at subject)
10/03/2026 10:53:21 -- 	Nc05426c39f63486aabd367be8e350c17 | http://data.europa.eu/eli/ontology#passed_by > http://data.vlaanderen.be/ns/besluit#Bestuursorgaan
10/03/2026 10:53:21 -- 		 min: 0 (min found at subject)
10/03/2026 10:53:21 -- 		 max: 9 (max found at subject)
10/03/2026 10:53:21 -- 	N3e0595abef5e4b12879e769c595a9f45 | http://data.europa.eu/eli/ontology#passed_by > http://data.vlaanderen.be/ns/mandaat#Mandataris
10/03/2026 10:53:21 -- 		 min: 0 (min found at subject)
10/03/2026 10:53:21 -- 		 max: 9 (max found at subject)
10/03/2026 10:53:21 -- 	Na8dd986834c04a95b5aa55cf895e35a1 | http://data.europa.eu/eli/ontology#passed_by > http://www.w3.org/2004/02/skos/core#Concept
10/03/2026 10:53:21 -- 		 min: 0 (min found at subject)
10/03/2026 10:53:21 -- 		 max: 9 (max found at subject)
10/03/2026 10:53:21 -- 	Nfaa241dda6924cb191e18254f6743a8e | http://data.europa.eu/eli/ontology#passed_by > http://xmlns.com/foaf/0.1/Document
10/03/2026 10:53:21 -- 		 min: 0 (min found at subject)
10/03/2026 10:53:21 -- 		 max: 1 (max found at subject)
10/03/2026 10:53:21 -- 		 shacl-max: 1
10/03/2026 10:53:21 -- 	N917c638a49a94ebe8984496fb3a594bd | http://data.europa.eu/eli/ontology#passed_by > https://data.vlaanderen.be/id/concept/BesluitDocumentType/13fefad6-a9d6-4025-83b5-e4cbee3a8965
10/03/2026 10:53:21 -- 		 min: 0 (min found at subject)
10/03/2026 10:53:21 -- 		 max: 1 (max found at subject)
10/03/2026 10:53:21 -- 		 shacl-max: 1
10/03/2026 10:53:21 -- 	N50a6d30c77dd4425a39fe696e9ee14a9 | http://data.europa.eu/eli/ontology#passed_by > https://data.vlaanderen.be/id/concept/BesluitDocumentType/3fa67785-ffdc-4b30-8880-2b99d97b4dee
10/03/2026 10:53:21 -- 		 min: 0 (min found at subject)
10/03/2026 10:53:21 -- 		 max: 1 (max found at subject)
10/03/2026 10:53:21 -- 		 shacl-max: 1
10/03/2026 10:53:21 -- 	N662d15d87ad3413ea95fb8ae1a330efd | http://data.europa.eu/eli/ontology#passed_by > https://data.vlaanderen.be/id/concept/BesluitDocumentType/8e791b27-7600-4577-b24e-c7c29e0eb773
10/03/2026 10:53:21 -- 		 min: 0 (min found at subject)
10/03/2026 10:53:21 -- 		 max: 1 (max found at subject)
10/03/2026 10:53:21 -- 		 shacl-max: 1
10/03/2026 10:53:21 -- 	N3c15513e35134b9f9e090430d1277361 | http://www.w3.org/ns/org#classification > http://data.vlaanderen.be/ns/besluit#Bestuurseenheid
10/03/2026 10:53:21 -- 		 min: 0 (min found at subject)
10/03/2026 10:53:21 -- 		 max: 1 (max found at subject)
10/03/2026 10:53:21 -- 		 shacl-max: 1
10/03/2026 10:53:21 -- 	Ne82abf076d7a4abeaf10a3945a571f40 | http://www.w3.org/ns/org#classification > http://data.vlaanderen.be/ns/besluit#Bestuursorgaan
10/03/2026 10:53:21 -- 		 min: 0 (min found at subject)
10/03/2026 10:53:21 -- 		 max: 1 (max found at subject)
10/03/2026 10:53:21 -- 		 shacl-max: 1
10/03/2026 10:53:21 -- 	N4772feee5f6e4bf0afca84a66aa0a942 | http://www.w3.org/ns/org#classification > http://data.vlaanderen.be/ns/mandaat#Mandataris
10/03/2026 10:53:21 -- 		 min: 0 (min found at subject)
10/03/2026 10:53:21 -- 		 max: 67 (max found at subject)
10/03/2026 10:53:21 -- 	N845b2c9ecc494246b59347e7de064cf0 | http://www.w3.org/ns/org#classification > http://www.w3.org/2004/02/skos/core#Concept
10/03/2026 10:53:21 -- 		 min: 0 (min found at subject)
10/03/2026 10:53:21 -- 		 max: 74 (max found at subject)
10/03/2026 10:53:21 -- 	Nbff7640f463b47ffac906d8bb9206212 | http://www.w3.org/ns/org#classification > http://xmlns.com/foaf/0.1/Document
10/03/2026 10:53:21 -- 		 min: 0 (min found at subject)
10/03/2026 10:53:21 -- 		 max: 74 (max found at subject)
10/03/2026 10:53:21 -- 	Nc05df387822e4a91ab4a7cc6624f0155 | http://www.w3.org/ns/org#classification > https://data.vlaanderen.be/id/concept/BesluitDocumentType/13fefad6-a9d6-4025-83b5-e4cbee3a8965
10/03/2026 10:53:21 -- 		 min: 0 (min found at subject)
10/03/2026 10:53:21 -- 		 max: 1 (max found at subject)
10/03/2026 10:53:21 -- 		 shacl-max: 1
10/03/2026 10:53:21 -- 	N1370cd95d1974000b2dba76b512fccc6 | http://www.w3.org/ns/org#classification > https://data.vlaanderen.be/id/concept/BesluitDocumentType/3fa67785-ffdc-4b30-8880-2b99d97b4dee
10/03/2026 10:53:21 -- 		 min: 0 (min found at subject)
10/03/2026 10:53:21 -- 		 max: 74 (max found at subject)
10/03/2026 10:53:21 -- 	Na3e72cc001e741588c16af2e48a26b8d | http://www.w3.org/ns/org#classification > https://data.vlaanderen.be/id/concept/BesluitDocumentType/8e791b27-7600-4577-b24e-c7c29e0eb773
10/03/2026 10:53:21 -- 		 min: 0 (min found at subject)
10/03/2026 10:53:21 -- 		 max: 1 (max found at subject)
10/03/2026 10:53:21 -- 		 shacl-max: 1
10/03/2026 10:53:21 -- 	N8d03d608e0a3429b95ed60cc68ab3e10 | http://data.vlaanderen.be/ns/mandaat#isTijdspecialisatieVan > http://data.vlaanderen.be/ns/besluit#Bestuurseenheid
10/03/2026 10:53:21 -- 		 min: 0 (min found at subject)
10/03/2026 10:53:21 -- 		 max: 1 (max found at subject)
10/03/2026 10:53:21 -- 		 shacl-max: 1
10/03/2026 10:53:21 -- 	Ne1e4046283a248359634fcfea033a18c | http://data.vlaanderen.be/ns/mandaat#isTijdspecialisatieVan > http://data.vlaanderen.be/ns/besluit#Bestuursorgaan
10/03/2026 10:53:21 -- 		 min: 0 (min found at subject)
10/03/2026 10:53:21 -- 		 max: 2 (max found at subject)
10/03/2026 10:53:21 -- 	N515bf4844fbf4d3599cb61d1c2c3287f | http://data.vlaanderen.be/ns/mandaat#isTijdspecialisatieVan > http://data.vlaanderen.be/ns/mandaat#Mandataris
10/03/2026 10:53:21 -- 		 min: 0 (min found at subject)
10/03/2026 10:53:21 -- 		 max: 1 (max found at subject)
10/03/2026 10:53:21 -- 		 shacl-max: 1
10/03/2026 10:53:21 -- 	Ncbb38d713c5e40679924e5f183ad0606 | http://data.vlaanderen.be/ns/mandaat#isTijdspecialisatieVan > http://www.w3.org/2004/02/skos/core#Concept
10/03/2026 10:53:21 -- 		 min: 0 (min found at subject)
10/03/2026 10:53:21 -- 		 max: 1 (max found at subject)
10/03/2026 10:53:21 -- 		 shacl-max: 1
10/03/2026 10:53:21 -- 	N0434d0b0540f45b69aa2a06ce4afcff0 | http://data.vlaanderen.be/ns/mandaat#isTijdspecialisatieVan > http://xmlns.com/foaf/0.1/Document
10/03/2026 10:53:21 -- 		 min: 0 (min found at subject)
10/03/2026 10:53:21 -- 		 max: 1 (max found at subject)
10/03/2026 10:53:21 -- 		 shacl-max: 1
10/03/2026 10:53:21 -- 	N41275df43a90487e8ecd35998bf0f8d4 | http://data.vlaanderen.be/ns/mandaat#isTijdspecialisatieVan > https://data.vlaanderen.be/id/concept/BesluitDocumentType/13fefad6-a9d6-4025-83b5-e4cbee3a8965
10/03/2026 10:53:21 -- 		 min: 0 (min found at subject)
10/03/2026 10:53:21 -- 		 max: 1 (max found at subject)
10/03/2026 10:53:21 -- 		 shacl-max: 1
10/03/2026 10:53:21 -- 	N5848f0e98215473fab47f2ea82d4bef9 | http://data.vlaanderen.be/ns/mandaat#isTijdspecialisatieVan > https://data.vlaanderen.be/id/concept/BesluitDocumentType/3fa67785-ffdc-4b30-8880-2b99d97b4dee
10/03/2026 10:53:21 -- 		 min: 0 (min found at subject)
10/03/2026 10:53:21 -- 		 max: 1 (max found at subject)
10/03/2026 10:53:21 -- 		 shacl-max: 1
10/03/2026 10:53:21 -- 	N249da51bc3224544a6e9ea6b0b822d1d | http://data.vlaanderen.be/ns/mandaat#isTijdspecialisatieVan > https://data.vlaanderen.be/id/concept/BesluitDocumentType/8e791b27-7600-4577-b24e-c7c29e0eb773
10/03/2026 10:53:21 -- 		 min: 0 (min found at subject)
10/03/2026 10:53:21 -- 		 max: 1 (max found at subject)
10/03/2026 10:53:21 -- 		 shacl-max: 1
10/03/2026 10:53:21 -- 	Ne14f5986707340e9a5797f81962b5b5b | http://data.vlaanderen.be/ns/besluit#bestuurt > http://data.vlaanderen.be/ns/besluit#Bestuurseenheid
10/03/2026 10:53:21 -- 		 min: 0 (min found at subject)
10/03/2026 10:53:21 -- 		 max: 1 (max found at subject)
10/03/2026 10:53:21 -- 		 shacl-max: 1
10/03/2026 10:53:21 -- 	N7eab279f241c44b8b30840899c4c84b4 | http://data.vlaanderen.be/ns/besluit#bestuurt > http://data.vlaanderen.be/ns/besluit#Bestuursorgaan
10/03/2026 10:53:21 -- 		 min: 0 (min found at subject)
10/03/2026 10:53:21 -- 		 max: 1 (max found at subject)
10/03/2026 10:53:21 -- 		 shacl-max: 1
10/03/2026 10:53:21 -- 	N63244830132340d2babc51acfb009fe9 | http://data.vlaanderen.be/ns/besluit#bestuurt > http://data.vlaanderen.be/ns/mandaat#Mandataris
10/03/2026 10:53:21 -- 		 min: 0 (min found at subject)
10/03/2026 10:53:21 -- 		 max: 1 (max found at subject)
10/03/2026 10:53:21 -- 		 shacl-max: 1
10/03/2026 10:53:21 -- 	N838bfbd05fbd4e8cb3db6305e8a20030 | http://data.vlaanderen.be/ns/besluit#bestuurt > http://www.w3.org/2004/02/skos/core#Concept
10/03/2026 10:53:21 -- 		 min: 0 (min found at subject)
10/03/2026 10:53:21 -- 		 max: 1 (max found at subject)
10/03/2026 10:53:21 -- 		 shacl-max: 1
10/03/2026 10:53:21 -- 	Nfcab298cf3e34b50b8d4336104f64034 | http://data.vlaanderen.be/ns/besluit#bestuurt > http://xmlns.com/foaf/0.1/Document
10/03/2026 10:53:21 -- 		 min: 0 (min found at subject)
10/03/2026 10:53:21 -- 		 max: 1 (max found at subject)
10/03/2026 10:53:21 -- 		 shacl-max: 1
10/03/2026 10:53:21 -- 	Nffbcd170d86b4b428ae16536eadf2bb4 | http://data.vlaanderen.be/ns/besluit#bestuurt > https://data.vlaanderen.be/id/concept/BesluitDocumentType/13fefad6-a9d6-4025-83b5-e4cbee3a8965
10/03/2026 10:53:21 -- 		 min: 0 (min found at subject)
10/03/2026 10:53:21 -- 		 max: 1 (max found at subject)
10/03/2026 10:53:21 -- 		 shacl-max: 1
10/03/2026 10:53:21 -- 	Nd912ec1e1ed14e45afaf15490ae77fe6 | http://data.vlaanderen.be/ns/besluit#bestuurt > https://data.vlaanderen.be/id/concept/BesluitDocumentType/3fa67785-ffdc-4b30-8880-2b99d97b4dee
10/03/2026 10:53:21 -- 		 min: 0 (min found at subject)
10/03/2026 10:53:21 -- 		 max: 1 (max found at subject)
10/03/2026 10:53:21 -- 		 shacl-max: 1
10/03/2026 10:53:21 -- 	N3bdaf0dbf1e6415a9a6fa1da2fa7fe49 | http://data.vlaanderen.be/ns/besluit#bestuurt > https://data.vlaanderen.be/id/concept/BesluitDocumentType/8e791b27-7600-4577-b24e-c7c29e0eb773
10/03/2026 10:53:21 -- 		 min: 0 (min found at subject)
10/03/2026 10:53:21 -- 		 max: 1 (max found at subject)
10/03/2026 10:53:21 -- 		 shacl-max: 1
10/03/2026 10:53:21 -- 	N1474a99a9c974578991ce88b3a8aba15 | http://www.w3.org/ns/rdfa#usesVocabulary > [no object/datatype]
10/03/2026 10:53:21 -- 		 min: 0 (min found at subject)
10/03/2026 10:53:21 -- 		 max: 1 (max found at subject)
10/03/2026 10:53:21 -- 		 shacl-max: 1
10/03/2026 10:53:21 -- 	N8133254f4e284a65b70c116106c845a5 | http://www.w3.org/ns/prov#wasDerivedFrom > http://data.vlaanderen.be/ns/besluit#Bestuurseenheid
10/03/2026 10:53:21 -- 		 min: 0 (min found at subject)
10/03/2026 10:53:21 -- 		 max: 9 (max found at subject)
10/03/2026 10:53:21 -- 	Nde416e14015d472bb58c92d2d2618132 | http://www.w3.org/ns/prov#wasDerivedFrom > http://data.vlaanderen.be/ns/besluit#Bestuursorgaan
10/03/2026 10:53:21 -- 		 min: 0 (min found at subject)
10/03/2026 10:53:21 -- 		 max: 9 (max found at subject)
10/03/2026 10:53:21 -- 	N1c55f0ce6ef848ccb8dc4e048ffa367a | http://www.w3.org/ns/prov#wasDerivedFrom > http://data.vlaanderen.be/ns/mandaat#Mandataris
10/03/2026 10:53:21 -- 		 min: 0 (min found at subject)
10/03/2026 10:53:21 -- 		 max: 365 (max found at subject)
10/03/2026 10:53:21 -- 	Ncc3a5ace303a45b3a05684426ed16d79 | http://www.w3.org/ns/prov#wasDerivedFrom > http://www.w3.org/2004/02/skos/core#Concept
10/03/2026 10:53:21 -- 		 min: 0 (min found at subject)
10/03/2026 10:53:21 -- 		 max: 74 (max found at subject)
10/03/2026 10:53:21 -- 	Nbad3c11e77bb4d8199c5cd3a2011f760 | http://www.w3.org/ns/prov#wasDerivedFrom > http://xmlns.com/foaf/0.1/Document
10/03/2026 10:53:21 -- 		 min: 0 (min found at subject)
10/03/2026 10:53:21 -- 		 max: 912 (max found at subject)
10/03/2026 10:53:21 -- 	N8c6d8fb674d645a58a1a5530eb071c12 | http://www.w3.org/ns/prov#wasDerivedFrom > https://data.vlaanderen.be/id/concept/BesluitDocumentType/13fefad6-a9d6-4025-83b5-e4cbee3a8965
10/03/2026 10:53:21 -- 		 min: 0 (min found at subject)
10/03/2026 10:53:21 -- 		 max: 304 (max found at subject)
10/03/2026 10:53:21 -- 	N175c1c9b036445aebc7a3ece42ca079d | http://www.w3.org/ns/prov#wasDerivedFrom > https://data.vlaanderen.be/id/concept/BesluitDocumentType/3fa67785-ffdc-4b30-8880-2b99d97b4dee
10/03/2026 10:53:21 -- 		 min: 0 (min found at subject)
10/03/2026 10:53:21 -- 		 max: 397 (max found at subject)
10/03/2026 10:53:21 -- 	N0fe0427ba5b94b15928b496bcea2d258 | http://www.w3.org/ns/prov#wasDerivedFrom > https://data.vlaanderen.be/id/concept/BesluitDocumentType/8e791b27-7600-4577-b24e-c7c29e0eb773
10/03/2026 10:53:21 -- 		 min: 0 (min found at subject)
10/03/2026 10:53:21 -- 		 max: 303 (max found at subject)
10/03/2026 10:53:21 -- 	N16f7b60ab01749d489e89d72b393480b | http://purl.org/dc/terms/type > [no object/datatype]
10/03/2026 10:53:21 -- 		 min: 0 (min found at subject)
10/03/2026 10:53:21 -- 		 max: 1 (max found at subject)
10/03/2026 10:53:21 -- 		 shacl-max: 1
10/03/2026 10:53:21 -- 	Nac55f5ee4ce94613abf1da93115ea4bc | http://data.europa.eu/eli/ontology#date_publication > [no object/datatype]
10/03/2026 10:53:22 -- 		 min: 0 (min found at subject)
10/03/2026 10:53:22 -- 		 max: 1 (max found at subject)
10/03/2026 10:53:22 -- 		 shacl-max: 1
10/03/2026 10:53:22 -- 	Ned410120e4c742b7a9c3223abd4aa4e8 | http://www.w3.org/2004/02/skos/core#prefLabel > [no object/datatype]
10/03/2026 10:53:22 -- 		 min: 0 (min found at subject)
10/03/2026 10:53:22 -- 		 max: 2 (max found at subject)
10/03/2026 10:53:22 -- 	N7802c23ff8894b3d94bac7248443dfcd | http://data.europa.eu/eli/ontology#related_to > http://xmlns.com/foaf/0.1/Document
10/03/2026 10:53:22 -- 		 min: 0 (min found at subject)
10/03/2026 10:53:22 -- 		 max: 5 (max found at subject)
10/03/2026 10:53:22 -- 	N076c669bcaa640ea9246e1fdd8a01c96 | http://data.vlaanderen.be/ns/besluit#classificatie > http://www.w3.org/2004/02/skos/core#Concept
10/03/2026 10:53:22 -- 		 min: 0 (min found at subject)
10/03/2026 10:53:22 -- 		 max: 1 (max found at subject)
10/03/2026 10:53:22 -- 		 shacl-max: 1
10/03/2026 10:53:22 -- http://example.com/shapes/f93fef86-57ca-4d06-9af3-515c3c1317bc ~ http://data.vlaanderen.be/ns/mandaat#Mandataris
10/03/2026 10:53:22 -- 	N23d058940052476cb093f6ceaa37cde7 | http://data.vlaanderen.be/ns/besluit#bestuurt > http://data.vlaanderen.be/ns/besluit#Bestuurseenheid
10/03/2026 10:53:22 -- 		 min: 0 (min found at subject)
10/03/2026 10:53:22 -- 		 max: 1 (max found at subject)
10/03/2026 10:53:22 -- 		 shacl-max: 1
10/03/2026 10:53:22 -- 	N193bf63c192e4de2b1586d51aa1f42e8 | http://data.vlaanderen.be/ns/besluit#bestuurt > http://data.vlaanderen.be/ns/besluit#Bestuursorgaan
10/03/2026 10:53:22 -- 		 min: 0 (min found at subject)
10/03/2026 10:53:22 -- 		 max: 1 (max found at subject)
10/03/2026 10:53:22 -- 		 shacl-max: 1
10/03/2026 10:53:22 -- 	Nfe4585cf4ae24468b97418418f4bc340 | http://data.vlaanderen.be/ns/besluit#bestuurt > http://data.vlaanderen.be/ns/mandaat#Mandataris
10/03/2026 10:53:22 -- 		 min: 0 (min found at subject)
10/03/2026 10:53:22 -- 		 max: 1 (max found at subject)
10/03/2026 10:53:22 -- 		 shacl-max: 1
10/03/2026 10:53:22 -- 	Nf65d73461a39457bb2fc276faec04db0 | http://data.vlaanderen.be/ns/besluit#bestuurt > http://www.w3.org/2004/02/skos/core#Concept
10/03/2026 10:53:22 -- 		 min: 0 (min found at subject)
10/03/2026 10:53:22 -- 		 max: 1 (max found at subject)
10/03/2026 10:53:22 -- 		 shacl-max: 1
10/03/2026 10:53:22 -- 	N547774c83bd845ffb1830b6f28a55fbf | http://data.vlaanderen.be/ns/besluit#bestuurt > http://xmlns.com/foaf/0.1/Document
10/03/2026 10:53:22 -- 		 min: 0 (min found at subject)
10/03/2026 10:53:22 -- 		 max: 1 (max found at subject)
10/03/2026 10:53:22 -- 		 shacl-max: 1
10/03/2026 10:53:22 -- 	Ne870efc479a44c528bda7fffa5681753 | http://data.vlaanderen.be/ns/besluit#bestuurt > https://data.vlaanderen.be/id/concept/BesluitDocumentType/13fefad6-a9d6-4025-83b5-e4cbee3a8965
10/03/2026 10:53:22 -- 		 min: 0 (min found at subject)
10/03/2026 10:53:22 -- 		 max: 1 (max found at subject)
10/03/2026 10:53:22 -- 		 shacl-max: 1
10/03/2026 10:53:22 -- 	Nd2ab49aa40a54bf08a31f0b087db8c0a | http://data.vlaanderen.be/ns/besluit#bestuurt > https://data.vlaanderen.be/id/concept/BesluitDocumentType/3fa67785-ffdc-4b30-8880-2b99d97b4dee
10/03/2026 10:53:22 -- 		 min: 0 (min found at subject)
10/03/2026 10:53:22 -- 		 max: 1 (max found at subject)
10/03/2026 10:53:22 -- 		 shacl-max: 1
10/03/2026 10:53:22 -- 	N770098c91310421fb671c7732f9a71a9 | http://data.vlaanderen.be/ns/besluit#bestuurt > https://data.vlaanderen.be/id/concept/BesluitDocumentType/8e791b27-7600-4577-b24e-c7c29e0eb773
10/03/2026 10:53:22 -- 		 min: 0 (min found at subject)
10/03/2026 10:53:22 -- 		 max: 1 (max found at subject)
10/03/2026 10:53:22 -- 		 shacl-max: 1
10/03/2026 10:53:22 -- 	N14d7bc1ba0ae43fe95bc89abd8a222fe | http://www.w3.org/ns/rdfa#usesVocabulary > [no object/datatype]
10/03/2026 10:53:22 -- 		 min: 0 (min found at subject)
10/03/2026 10:53:22 -- 		 max: 1 (max found at subject)
10/03/2026 10:53:22 -- 		 shacl-max: 1
10/03/2026 10:53:22 -- 	Na775114080794818889e26bb89834757 | http://www.w3.org/ns/prov#wasDerivedFrom > http://data.vlaanderen.be/ns/besluit#Bestuurseenheid
10/03/2026 10:53:22 -- 		 min: 0 (min found at subject)
10/03/2026 10:53:22 -- 		 max: 9 (max found at subject)
10/03/2026 10:53:22 -- 	Ne0a32c05d2094321b9c6915314ee8ab3 | http://www.w3.org/ns/prov#wasDerivedFrom > http://data.vlaanderen.be/ns/besluit#Bestuursorgaan
10/03/2026 10:53:22 -- 		 min: 0 (min found at subject)
10/03/2026 10:53:22 -- 		 max: 9 (max found at subject)
10/03/2026 10:53:22 -- 	N40684b1844a64971bb78a2eed9036c50 | http://www.w3.org/ns/prov#wasDerivedFrom > http://data.vlaanderen.be/ns/mandaat#Mandataris
10/03/2026 10:53:22 -- 		 min: 0 (min found at subject)
10/03/2026 10:53:22 -- 		 max: 460 (max found at subject)
10/03/2026 10:53:22 -- 	N4122981b151a432d8a13dec02164f180 | http://www.w3.org/ns/prov#wasDerivedFrom > http://www.w3.org/2004/02/skos/core#Concept
10/03/2026 10:53:22 -- 		 min: 0 (min found at subject)
10/03/2026 10:53:22 -- 		 max: 9 (max found at subject)
10/03/2026 10:53:22 -- 	Naa7c5a7a1ad34953bcdd291bff4f2730 | http://www.w3.org/ns/prov#wasDerivedFrom > http://xmlns.com/foaf/0.1/Document
10/03/2026 10:53:22 -- 		 min: 0 (min found at subject)
10/03/2026 10:53:22 -- 		 max: 1130 (max found at subject)
10/03/2026 10:53:22 -- 	N8a1821e6cd5b4e3d9b869528cc9d0a12 | http://www.w3.org/ns/prov#wasDerivedFrom > https://data.vlaanderen.be/id/concept/BesluitDocumentType/13fefad6-a9d6-4025-83b5-e4cbee3a8965
10/03/2026 10:53:23 -- 		 min: 0 (min found at subject)
10/03/2026 10:53:23 -- 		 max: 376 (max found at subject)
10/03/2026 10:53:23 -- 	Nbfefd78eefcf407dacf781df9b2756f2 | http://www.w3.org/ns/prov#wasDerivedFrom > https://data.vlaanderen.be/id/concept/BesluitDocumentType/3fa67785-ffdc-4b30-8880-2b99d97b4dee
10/03/2026 10:53:23 -- 		 min: 0 (min found at subject)
10/03/2026 10:53:23 -- 		 max: 809 (max found at subject)
10/03/2026 10:53:23 -- 	N0065372d05764b76a23c06e427e33d76 | http://www.w3.org/ns/prov#wasDerivedFrom > https://data.vlaanderen.be/id/concept/BesluitDocumentType/8e791b27-7600-4577-b24e-c7c29e0eb773
10/03/2026 10:53:23 -- 		 min: 0 (min found at subject)
10/03/2026 10:53:23 -- 		 max: 377 (max found at subject)
10/03/2026 10:53:23 -- 	Nff1da3ba76b7401fa54c3062f2140242 | http://www.w3.org/2004/02/skos/core#prefLabel > [no object/datatype]
10/03/2026 10:53:23 -- 		 min: 0 (min found at subject)
10/03/2026 10:53:23 -- 		 max: 1 (max found at subject)
10/03/2026 10:53:23 -- 		 shacl-max: 1
10/03/2026 10:53:23 -- 	N527d86979dec4391b35f9e5569439679 | http://www.w3.org/ns/org#classification > http://data.vlaanderen.be/ns/besluit#Bestuurseenheid
10/03/2026 10:53:23 -- 		 min: 0 (min found at subject)
10/03/2026 10:53:23 -- 		 max: 1 (max found at subject)
10/03/2026 10:53:23 -- 		 shacl-max: 1
10/03/2026 10:53:23 -- 	N8ef39ab891f94cedb58a249e905e2d0c | http://www.w3.org/ns/org#classification > http://data.vlaanderen.be/ns/besluit#Bestuursorgaan
10/03/2026 10:53:23 -- 		 min: 0 (min found at subject)
10/03/2026 10:53:23 -- 		 max: 1 (max found at subject)
10/03/2026 10:53:23 -- 		 shacl-max: 1
10/03/2026 10:53:23 -- 	N036d8357eb214b3aaa938a8d8763a76d | http://www.w3.org/ns/org#classification > http://data.vlaanderen.be/ns/mandaat#Mandataris
10/03/2026 10:53:23 -- 		 min: 0 (min found at subject)
10/03/2026 10:53:23 -- 		 max: 1 (max found at subject)
10/03/2026 10:53:23 -- 		 shacl-max: 1
10/03/2026 10:53:23 -- 	Nb4aa6f2e23014bdcae609c05f50daeee | http://www.w3.org/ns/org#classification > http://www.w3.org/2004/02/skos/core#Concept
10/03/2026 10:53:23 -- 		 min: 0 (min found at subject)
10/03/2026 10:53:23 -- 		 max: 2 (max found at subject)
10/03/2026 10:53:23 -- 	Nc5af7d9a2ff84c639a94fdabff365d0d | http://www.w3.org/ns/org#classification > http://xmlns.com/foaf/0.1/Document
10/03/2026 10:53:23 -- 		 min: 0 (min found at subject)
10/03/2026 10:53:23 -- 		 max: 1 (max found at subject)
10/03/2026 10:53:23 -- 		 shacl-max: 1
10/03/2026 10:53:23 -- 	N5b291ca0fec744bfb9bbc1a59704cf1b | http://www.w3.org/ns/org#classification > https://data.vlaanderen.be/id/concept/BesluitDocumentType/13fefad6-a9d6-4025-83b5-e4cbee3a8965
10/03/2026 10:53:23 -- 		 min: 0 (min found at subject)
10/03/2026 10:53:23 -- 		 max: 1 (max found at subject)
10/03/2026 10:53:23 -- 		 shacl-max: 1
10/03/2026 10:53:23 -- 	Nbe1e9bb6210b49d1a3ff73b62b6ea10d | http://www.w3.org/ns/org#classification > https://data.vlaanderen.be/id/concept/BesluitDocumentType/3fa67785-ffdc-4b30-8880-2b99d97b4dee
10/03/2026 10:53:23 -- 		 min: 0 (min found at subject)
10/03/2026 10:53:23 -- 		 max: 1 (max found at subject)
10/03/2026 10:53:23 -- 		 shacl-max: 1
10/03/2026 10:53:23 -- 	Na183c61d287d4e1b8c2321f3097573a9 | http://www.w3.org/ns/org#classification > https://data.vlaanderen.be/id/concept/BesluitDocumentType/8e791b27-7600-4577-b24e-c7c29e0eb773
10/03/2026 10:53:23 -- 		 min: 0 (min found at subject)
10/03/2026 10:53:23 -- 		 max: 1 (max found at subject)
10/03/2026 10:53:23 -- 		 shacl-max: 1
10/03/2026 10:53:23 -- 	Nc62eaaf19c4e4e1294cdafac508e14dd | http://data.europa.eu/eli/ontology#date_publication > [no object/datatype]
10/03/2026 10:53:23 -- 		 min: 0 (min found at subject)
10/03/2026 10:53:23 -- 		 max: 2 (max found at subject)
10/03/2026 10:53:23 -- 	N44c0c803771946ada9ad88aab2f4b284 | http://mu.semte.ch/vocabularies/core/uuid > [no object/datatype]
10/03/2026 10:53:23 -- 		 min: 1 (min found at subject)
10/03/2026 10:53:23 -- 		 max: 1 (max found at subject)
10/03/2026 10:53:23 -- 		 shacl-min: 1
10/03/2026 10:53:23 -- 		 shacl-max: 1
10/03/2026 10:53:23 -- 	N4c7a6b6a18da4c718d42719778d3883f | http://data.vlaanderen.be/ns/mandaat#isTijdspecialisatieVan > http://data.vlaanderen.be/ns/besluit#Bestuurseenheid
10/03/2026 10:53:23 -- 		 min: 0 (min found at subject)
10/03/2026 10:53:23 -- 		 max: 1 (max found at subject)
10/03/2026 10:53:23 -- 		 shacl-max: 1
10/03/2026 10:53:23 -- 	N28a823c110f143fd967ceb099d04c676 | http://data.vlaanderen.be/ns/mandaat#isTijdspecialisatieVan > http://data.vlaanderen.be/ns/besluit#Bestuursorgaan
10/03/2026 10:53:23 -- 		 min: 0 (min found at subject)
10/03/2026 10:53:23 -- 		 max: 1 (max found at subject)
10/03/2026 10:53:23 -- 		 shacl-max: 1
10/03/2026 10:53:23 -- 	N07cefcea38f544e68445b07dff121943 | http://data.vlaanderen.be/ns/mandaat#isTijdspecialisatieVan > http://data.vlaanderen.be/ns/mandaat#Mandataris
10/03/2026 10:53:23 -- 		 min: 0 (min found at subject)
10/03/2026 10:53:23 -- 		 max: 1 (max found at subject)
10/03/2026 10:53:23 -- 		 shacl-max: 1
10/03/2026 10:53:23 -- 	Ndabeabdc165440bd9a0351f8a4c8c1ab | http://data.vlaanderen.be/ns/mandaat#isTijdspecialisatieVan > http://www.w3.org/2004/02/skos/core#Concept
10/03/2026 10:53:23 -- 		 min: 0 (min found at subject)
10/03/2026 10:53:23 -- 		 max: 1 (max found at subject)
10/03/2026 10:53:23 -- 		 shacl-max: 1
10/03/2026 10:53:23 -- 	N986e10832acc4d74bbb119adf5eff988 | http://data.vlaanderen.be/ns/mandaat#isTijdspecialisatieVan > http://xmlns.com/foaf/0.1/Document
10/03/2026 10:53:23 -- 		 min: 0 (min found at subject)
10/03/2026 10:53:23 -- 		 max: 1 (max found at subject)
10/03/2026 10:53:23 -- 		 shacl-max: 1
10/03/2026 10:53:23 -- 	Na8b2ddef2aeb4b6fa06c3c6632c41559 | http://data.vlaanderen.be/ns/mandaat#isTijdspecialisatieVan > https://data.vlaanderen.be/id/concept/BesluitDocumentType/13fefad6-a9d6-4025-83b5-e4cbee3a8965
10/03/2026 10:53:23 -- 		 min: 0 (min found at subject)
10/03/2026 10:53:23 -- 		 max: 1 (max found at subject)
10/03/2026 10:53:23 -- 		 shacl-max: 1
10/03/2026 10:53:23 -- 	N220be9cfb8d14bce95940c19af8d0bcf | http://data.vlaanderen.be/ns/mandaat#isTijdspecialisatieVan > https://data.vlaanderen.be/id/concept/BesluitDocumentType/3fa67785-ffdc-4b30-8880-2b99d97b4dee
10/03/2026 10:53:23 -- 		 min: 0 (min found at subject)
10/03/2026 10:53:23 -- 		 max: 1 (max found at subject)
10/03/2026 10:53:23 -- 		 shacl-max: 1
10/03/2026 10:53:23 -- 	N30ae1c17170f41be962e4c28301053f9 | http://data.vlaanderen.be/ns/mandaat#isTijdspecialisatieVan > https://data.vlaanderen.be/id/concept/BesluitDocumentType/8e791b27-7600-4577-b24e-c7c29e0eb773
10/03/2026 10:53:23 -- 		 min: 0 (min found at subject)
10/03/2026 10:53:23 -- 		 max: 1 (max found at subject)
10/03/2026 10:53:23 -- 		 shacl-max: 1
10/03/2026 10:53:23 -- 	N85054aead4eb46299548eef3cda23cc2 | http://purl.org/dc/terms/type > [no object/datatype]
10/03/2026 10:53:23 -- 		 min: 0 (min found at subject)
10/03/2026 10:53:23 -- 		 max: 1 (max found at subject)
10/03/2026 10:53:23 -- 		 shacl-max: 1
10/03/2026 10:53:23 -- 	N59eeeddcde81494c812fee3a3a91d243 | http://xmlns.com/foaf/0.1/familyName > [no object/datatype]
10/03/2026 10:53:23 -- 		 min: 0 (min found at subject)
10/03/2026 10:53:23 -- 		 max: 2 (max found at subject)
10/03/2026 10:53:23 -- 	Nd6fd309617c046e4b6f81dd7d3f36402 | http://data.vlaanderen.be/ns/mandaat#isBestuurlijkeAliasVan > [no object/datatype]
10/03/2026 10:53:23 -- 		 min: 0 (min found at subject)
10/03/2026 10:53:23 -- 		 max: 5 (max found at subject)
10/03/2026 10:53:23 -- 	N137b9666f4ea4c79b07713637b47edaa | https://data.vlaanderen.be/ns/persoon#gebruikteVoornaam > [no object/datatype]
10/03/2026 10:53:23 -- 		 min: 0 (min found at subject)
10/03/2026 10:53:23 -- 		 max: 2 (max found at subject)
10/03/2026 10:53:23 -- 	N77e38d5e7d154646bcffb8022692ab55 | http://data.europa.eu/eli/ontology#related_to > http://xmlns.com/foaf/0.1/Document
10/03/2026 10:53:23 -- 		 min: 0 (min found at subject)
10/03/2026 10:53:23 -- 		 max: 12 (max found at subject)
10/03/2026 10:53:23 -- 	N6876c15bb2d6478094e6141dba2420fc | http://data.europa.eu/eli/ontology#passed_by > http://data.vlaanderen.be/ns/besluit#Bestuurseenheid
10/03/2026 10:53:23 -- 		 min: 0 (min found at subject)
10/03/2026 10:53:23 -- 		 max: 9 (max found at subject)
10/03/2026 10:53:23 -- 	Ncbe66bd096334c41b3455a1e0ab40770 | http://data.europa.eu/eli/ontology#passed_by > http://data.vlaanderen.be/ns/besluit#Bestuursorgaan
10/03/2026 10:53:23 -- 		 min: 0 (min found at subject)
10/03/2026 10:53:23 -- 		 max: 9 (max found at subject)
10/03/2026 10:53:23 -- 	N6d925317a9f34b1888a30b77def90655 | http://data.europa.eu/eli/ontology#passed_by > http://data.vlaanderen.be/ns/mandaat#Mandataris
10/03/2026 10:53:23 -- 		 min: 0 (min found at subject)
10/03/2026 10:53:23 -- 		 max: 9 (max found at subject)
10/03/2026 10:53:23 -- 	N63671111841249d3b2022d13e38143e6 | http://data.europa.eu/eli/ontology#passed_by > http://www.w3.org/2004/02/skos/core#Concept
10/03/2026 10:53:23 -- 		 min: 0 (min found at subject)
10/03/2026 10:53:23 -- 		 max: 9 (max found at subject)
10/03/2026 10:53:23 -- 	N8917e76c0ce34b06803503ed35b096ce | http://data.europa.eu/eli/ontology#passed_by > http://xmlns.com/foaf/0.1/Document
10/03/2026 10:53:23 -- 		 min: 0 (min found at subject)
10/03/2026 10:53:23 -- 		 max: 1 (max found at subject)
10/03/2026 10:53:23 -- 		 shacl-max: 1
10/03/2026 10:53:23 -- 	N53978ea6d45c4d539bced7aee4e9704e | http://data.europa.eu/eli/ontology#passed_by > https://data.vlaanderen.be/id/concept/BesluitDocumentType/13fefad6-a9d6-4025-83b5-e4cbee3a8965
10/03/2026 10:53:23 -- 		 min: 0 (min found at subject)
10/03/2026 10:53:23 -- 		 max: 1 (max found at subject)
10/03/2026 10:53:23 -- 		 shacl-max: 1
10/03/2026 10:53:23 -- 	N5348e9c4df2945cf83a3269a42eaf7d0 | http://data.europa.eu/eli/ontology#passed_by > https://data.vlaanderen.be/id/concept/BesluitDocumentType/3fa67785-ffdc-4b30-8880-2b99d97b4dee
10/03/2026 10:53:23 -- 		 min: 0 (min found at subject)
10/03/2026 10:53:23 -- 		 max: 1 (max found at subject)
10/03/2026 10:53:23 -- 		 shacl-max: 1
10/03/2026 10:53:23 -- 	N4303152d619843079f9118b16814f1cc | http://data.europa.eu/eli/ontology#passed_by > https://data.vlaanderen.be/id/concept/BesluitDocumentType/8e791b27-7600-4577-b24e-c7c29e0eb773
10/03/2026 10:53:23 -- 		 min: 0 (min found at subject)
10/03/2026 10:53:23 -- 		 max: 1 (max found at subject)
10/03/2026 10:53:23 -- 		 shacl-max: 1
10/03/2026 10:53:23 -- http://example.com/shapes/1f4f2d45-2a32-48b4-b8de-3775e7ed2680 ~ http://xmlns.com/foaf/0.1/Document
10/03/2026 10:53:23 -- 	N26432b368540498eb1bf70e307701803 | http://www.w3.org/ns/prov#value > [no object/datatype]
10/03/2026 10:53:24 -- 		 min: 0 (min found at subject)
10/03/2026 10:53:24 -- 		 max: 4 (max found at subject)
10/03/2026 10:53:24 -- 	N68b7652e5e9e44ce8120d361e81bc10c | http://www.w3.org/ns/prov#generated > http://data.vlaanderen.be/ns/besluit#Besluit
10/03/2026 10:53:24 -- 		 min: 0 (min found at subject)
10/03/2026 10:53:24 -- 		 max: 1 (max found at subject)
10/03/2026 10:53:24 -- 		 shacl-max: 1
10/03/2026 10:53:24 -- 	N6c7ef25ed84e4f5788a1d7f244001eb5 | http://www.w3.org/ns/prov#generated > https://data.vlaanderen.be/id/concept/BesluitType/0ee460b1-5ef4-4d4a-b5e1-e2d7c1d5086e
10/03/2026 10:53:24 -- 		 min: 0 (min found at subject)
10/03/2026 10:53:24 -- 		 max: 1 (max found at subject)
10/03/2026 10:53:24 -- 		 shacl-max: 1
10/03/2026 10:53:24 -- 	Nbf4437d8873f4d46a59784003dc181ab | http://www.w3.org/ns/prov#generated > https://data.vlaanderen.be/id/concept/BesluitType/1105564e-30c7-4371-a864-6b7329cdae6f
10/03/2026 10:53:24 -- 		 min: 0 (min found at subject)
10/03/2026 10:53:24 -- 		 max: 1 (max found at subject)
10/03/2026 10:53:24 -- 		 shacl-max: 1
10/03/2026 10:53:24 -- 	Nbd6b586f0d0543c3ae5536edcbe2595f | http://www.w3.org/ns/prov#generated > https://data.vlaanderen.be/id/concept/BesluitType/13fefad6-a9d6-4025-83b5-e4cbee3a8965
10/03/2026 10:53:24 -- 		 min: 0 (min found at subject)
10/03/2026 10:53:24 -- 		 max: 1 (max found at subject)
10/03/2026 10:53:24 -- 		 shacl-max: 1
10/03/2026 10:53:24 -- 	N8cdd3ab49e85498cb428218746f5b213 | http://www.w3.org/ns/prov#generated > https://data.vlaanderen.be/id/concept/BesluitType/256bd04a-b74b-4f2a-8f5d-14dda4765af9
10/03/2026 10:53:25 -- 		 min: 0 (min found at subject)
10/03/2026 10:53:25 -- 		 max: 1 (max found at subject)
10/03/2026 10:53:25 -- 		 shacl-max: 1
10/03/2026 10:53:25 -- 	N538bcd24d8734cfe8bb222739200e5ad | http://www.w3.org/ns/prov#generated > https://data.vlaanderen.be/id/concept/BesluitType/25deb453-ae3e-4d40-8027-36cdb48ab738
10/03/2026 10:53:25 -- 		 min: 0 (min found at subject)
10/03/2026 10:53:25 -- 		 max: 1 (max found at subject)
10/03/2026 10:53:25 -- 		 shacl-max: 1
10/03/2026 10:53:25 -- 	Na63a18064188425eaffd20555f9f4499 | http://www.w3.org/ns/prov#generated > https://data.vlaanderen.be/id/concept/BesluitType/2f189152-1786-4b55-a3a9-d7f06de63f1c
10/03/2026 10:53:25 -- 		 min: 0 (min found at subject)
10/03/2026 10:53:25 -- 		 max: 1 (max found at subject)
10/03/2026 10:53:25 -- 		 shacl-max: 1
10/03/2026 10:53:25 -- 	N193d735090f549eb80d23713e59b746d | http://www.w3.org/ns/prov#generated > https://data.vlaanderen.be/id/concept/BesluitType/380674ee-0894-4c41-bcc1-9deaeb9d464c
10/03/2026 10:53:25 -- 		 min: 0 (min found at subject)
10/03/2026 10:53:25 -- 		 max: 1 (max found at subject)
10/03/2026 10:53:25 -- 		 shacl-max: 1
10/03/2026 10:53:25 -- 	Nb4be457746cd48b78ac1b989270e9599 | http://www.w3.org/ns/prov#generated > https://data.vlaanderen.be/id/concept/BesluitType/3bba9f10-faff-49a6-acaa-85af7f2199a3
10/03/2026 10:53:25 -- 		 min: 0 (min found at subject)
10/03/2026 10:53:25 -- 		 max: 1 (max found at subject)
10/03/2026 10:53:25 -- 		 shacl-max: 1
10/03/2026 10:53:25 -- 	N33946ce56a9e4affa1fc41ac7fe12185 | http://www.w3.org/ns/prov#generated > https://data.vlaanderen.be/id/concept/BesluitType/3fa67785-ffdc-4b30-8880-2b99d97b4dee
10/03/2026 10:53:25 -- 		 min: 0 (min found at subject)
10/03/2026 10:53:25 -- 		 max: 1 (max found at subject)
10/03/2026 10:53:25 -- 		 shacl-max: 1
10/03/2026 10:53:25 -- 	Nb9ddffe805374ac28b4380cc9f9d5ab6 | http://www.w3.org/ns/prov#generated > https://data.vlaanderen.be/id/concept/BesluitType/3fcf7dba-2e5b-4955-a489-6dd8285c013b
10/03/2026 10:53:26 -- 		 min: 0 (min found at subject)
10/03/2026 10:53:26 -- 		 max: 1 (max found at subject)
10/03/2026 10:53:26 -- 		 shacl-max: 1
10/03/2026 10:53:26 -- 	N0a1c28f326fc424988bb6a0c8fff79c1 | http://www.w3.org/ns/prov#generated > https://data.vlaanderen.be/id/concept/BesluitType/40831a2c-771d-4b41-9720-0399998f1873
10/03/2026 10:53:26 -- 		 min: 0 (min found at subject)
10/03/2026 10:53:26 -- 		 max: 1 (max found at subject)
10/03/2026 10:53:26 -- 		 shacl-max: 1
10/03/2026 10:53:26 -- 	Nc95e14df75814bfd939dc3872d87a08d | http://www.w3.org/ns/prov#generated > https://data.vlaanderen.be/id/concept/BesluitType/4350cdda-8291-4055-9026-5c7429357fce
10/03/2026 10:53:26 -- 		 min: 0 (min found at subject)
10/03/2026 10:53:26 -- 		 max: 1 (max found at subject)
10/03/2026 10:53:26 -- 		 shacl-max: 1
10/03/2026 10:53:26 -- 	N44e70b07cfd4476abce209c4cfd7cb5b | http://www.w3.org/ns/prov#generated > https://data.vlaanderen.be/id/concept/BesluitType/4673d472-8dbc-4cea-b3ab-f92df3807eb3
10/03/2026 10:53:26 -- 		 min: 0 (min found at subject)
10/03/2026 10:53:26 -- 		 max: 1 (max found at subject)
10/03/2026 10:53:26 -- 		 shacl-max: 1
10/03/2026 10:53:26 -- 	Nf9f717bf23894af4871358dedef5ec91 | http://www.w3.org/ns/prov#generated > https://data.vlaanderen.be/id/concept/BesluitType/4c22ef0a-f808-41dd-9c9f-2aff17fd851f
10/03/2026 10:53:26 -- 		 min: 0 (min found at subject)
10/03/2026 10:53:26 -- 		 max: 1 (max found at subject)
10/03/2026 10:53:26 -- 		 shacl-max: 1
10/03/2026 10:53:26 -- 	N4de8a47071a84e8a9aa88b2cfb56afdb | http://www.w3.org/ns/prov#generated > https://data.vlaanderen.be/id/concept/BesluitType/4d8f678a-6fa4-4d5f-a2a1-80974e43bf34
10/03/2026 10:53:26 -- 		 min: 0 (min found at subject)
10/03/2026 10:53:26 -- 		 max: 1 (max found at subject)
10/03/2026 10:53:26 -- 		 shacl-max: 1
10/03/2026 10:53:26 -- 	N2d94c57a24a14dadbd8866da053b60ae | http://www.w3.org/ns/prov#generated > https://data.vlaanderen.be/id/concept/BesluitType/4efa4632-efc6-40d5-815a-dec785fbceac
10/03/2026 10:53:26 -- 		 min: 0 (min found at subject)
10/03/2026 10:53:26 -- 		 max: 1 (max found at subject)
10/03/2026 10:53:26 -- 		 shacl-max: 1
10/03/2026 10:53:26 -- 	N931e5ab9324d4bf0812f36e17359998d | http://www.w3.org/ns/prov#generated > https://data.vlaanderen.be/id/concept/BesluitType/51982214-0d8b-4cd9-87cf-c46570cd1ed3
10/03/2026 10:53:27 -- 		 min: 0 (min found at subject)
10/03/2026 10:53:27 -- 		 max: 1 (max found at subject)
10/03/2026 10:53:27 -- 		 shacl-max: 1
10/03/2026 10:53:27 -- 	N06040105c6754ae88c89810c97c85f14 | http://www.w3.org/ns/prov#generated > https://data.vlaanderen.be/id/concept/BesluitType/5226e23d-617d-48b9-9c00-3d679ae88fec
10/03/2026 10:53:27 -- 		 min: 0 (min found at subject)
10/03/2026 10:53:27 -- 		 max: 1 (max found at subject)
10/03/2026 10:53:27 -- 		 shacl-max: 1
10/03/2026 10:53:27 -- 	Na94a938cccd04934b9dddb3c1f551409 | http://www.w3.org/ns/prov#generated > https://data.vlaanderen.be/id/concept/BesluitType/5ee63f84-2fa0-4758-8820-99dca2bdce7c
10/03/2026 10:53:27 -- 		 min: 0 (min found at subject)
10/03/2026 10:53:27 -- 		 max: 1 (max found at subject)
10/03/2026 10:53:27 -- 		 shacl-max: 1
10/03/2026 10:53:27 -- 	N623da680dcee44f48dc3e85b76e6d774 | http://www.w3.org/ns/prov#generated > https://data.vlaanderen.be/id/concept/BesluitType/67378dd0-5413-474b-8996-d992ef81637a
10/03/2026 10:53:27 -- 		 min: 0 (min found at subject)
10/03/2026 10:53:27 -- 		 max: 1 (max found at subject)
10/03/2026 10:53:27 -- 		 shacl-max: 1
10/03/2026 10:53:27 -- 	N2aaf7e76723c42d8b25c214152fe90d3 | http://www.w3.org/ns/prov#generated > https://data.vlaanderen.be/id/concept/BesluitType/7927f4f4-ad4c-4460-9207-2a4b5d21a9d7
10/03/2026 10:53:27 -- 		 min: 0 (min found at subject)
10/03/2026 10:53:27 -- 		 max: 1 (max found at subject)
10/03/2026 10:53:27 -- 		 shacl-max: 1
10/03/2026 10:53:27 -- 	N401ec4f1f8b547afa5d42a57f0238e2b | http://www.w3.org/ns/prov#generated > https://data.vlaanderen.be/id/concept/BesluitType/79414af4-4f57-4ca3-aaa4-f8f1e015e71c
10/03/2026 10:53:27 -- 		 min: 0 (min found at subject)
10/03/2026 10:53:27 -- 		 max: 1 (max found at subject)
10/03/2026 10:53:27 -- 		 shacl-max: 1
10/03/2026 10:53:27 -- 	N816df60a2fba4f86825a9afdbe556c92 | http://www.w3.org/ns/prov#generated > https://data.vlaanderen.be/id/concept/BesluitType/7d95fd2e-3cc9-4a4c-a58e-0fbc408c2f9b
10/03/2026 10:53:27 -- 		 min: 0 (min found at subject)
10/03/2026 10:53:27 -- 		 max: 1 (max found at subject)
10/03/2026 10:53:27 -- 		 shacl-max: 1
10/03/2026 10:53:27 -- 	N4f096f801ed04655940af8eadeeb2e18 | http://www.w3.org/ns/prov#generated > https://data.vlaanderen.be/id/concept/BesluitType/84121221-4217-40e3-ada2-cd1379b168e1
10/03/2026 10:53:28 -- 		 min: 0 (min found at subject)
10/03/2026 10:53:28 -- 		 max: 1 (max found at subject)
10/03/2026 10:53:28 -- 		 shacl-max: 1
10/03/2026 10:53:28 -- 	N5f255c5df010472885a5bbd46e4692d8 | http://www.w3.org/ns/prov#generated > https://data.vlaanderen.be/id/concept/BesluitType/849c66c2-ba33-4ac1-a693-be48d8ac7bc7
10/03/2026 10:53:28 -- 		 min: 0 (min found at subject)
10/03/2026 10:53:28 -- 		 max: 1 (max found at subject)
10/03/2026 10:53:28 -- 		 shacl-max: 1
10/03/2026 10:53:28 -- 	N920945ca50d643dfba8880e89ecde17f | http://www.w3.org/ns/prov#generated > https://data.vlaanderen.be/id/concept/BesluitType/8597e056-b96d-4213-ad4c-37338f2aaf35
10/03/2026 10:53:28 -- 		 min: 0 (min found at subject)
10/03/2026 10:53:28 -- 		 max: 1 (max found at subject)
10/03/2026 10:53:28 -- 		 shacl-max: 1
10/03/2026 10:53:28 -- 	N1a6b038e72af4ffa9827b3f0c73f8fee | http://www.w3.org/ns/prov#generated > https://data.vlaanderen.be/id/concept/BesluitType/8e791b27-7600-4577-b24e-c7c29e0eb773
10/03/2026 10:53:28 -- 		 min: 0 (min found at subject)
10/03/2026 10:53:28 -- 		 max: 1 (max found at subject)
10/03/2026 10:53:28 -- 		 shacl-max: 1
10/03/2026 10:53:28 -- 	N74c4f295d21349a284c5d8d022289d9b | http://www.w3.org/ns/prov#generated > https://data.vlaanderen.be/id/concept/BesluitType/9a02d21f-fdc4-455e-8892-c2ae1d33759a
10/03/2026 10:53:28 -- 		 min: 0 (min found at subject)
10/03/2026 10:53:28 -- 		 max: 1 (max found at subject)
10/03/2026 10:53:28 -- 		 shacl-max: 1
10/03/2026 10:53:28 -- 	N9bbdedeeccf7456a80f4f241e08948c6 | http://www.w3.org/ns/prov#generated > https://data.vlaanderen.be/id/concept/BesluitType/9d5bfaca-bbf2-49dd-a830-769f91a6377b
10/03/2026 10:53:28 -- 		 min: 0 (min found at subject)
10/03/2026 10:53:28 -- 		 max: 1 (max found at subject)
10/03/2026 10:53:28 -- 		 shacl-max: 1
10/03/2026 10:53:28 -- 	N3d9d181617584f4fb675bd4288c91ae4 | http://www.w3.org/ns/prov#generated > https://data.vlaanderen.be/id/concept/BesluitType/9f12dc58-18ba-4a1f-9e7a-cf73d0b4f025
10/03/2026 10:53:29 -- 		 min: 0 (min found at subject)
10/03/2026 10:53:29 -- 		 max: 1 (max found at subject)
10/03/2026 10:53:29 -- 		 shacl-max: 1
10/03/2026 10:53:29 -- 	Nff96b3528a494f9a9ca515c4e42be1af | http://www.w3.org/ns/prov#generated > https://data.vlaanderen.be/id/concept/BesluitType/a0a709a7-ac07-4457-8d40-de4aea9b1432
10/03/2026 10:53:29 -- 		 min: 0 (min found at subject)
10/03/2026 10:53:29 -- 		 max: 1 (max found at subject)
10/03/2026 10:53:29 -- 		 shacl-max: 1
10/03/2026 10:53:29 -- 	N81957af376564d308d7efaac1f2d1fc0 | http://www.w3.org/ns/prov#generated > https://data.vlaanderen.be/id/concept/BesluitType/a8486fa3-6375-494d-aa48-e34289b87d5b
10/03/2026 10:53:29 -- 		 min: 0 (min found at subject)
10/03/2026 10:53:29 -- 		 max: 1 (max found at subject)
10/03/2026 10:53:29 -- 		 shacl-max: 1
10/03/2026 10:53:29 -- 	Nca79335167d64f6594dfff63c1e4e5c2 | http://www.w3.org/ns/prov#generated > https://data.vlaanderen.be/id/concept/BesluitType/b25faa84-3ab5-47ae-98c0-1b389c77b827
10/03/2026 10:53:29 -- 		 min: 0 (min found at subject)
10/03/2026 10:53:29 -- 		 max: 1 (max found at subject)
10/03/2026 10:53:29 -- 		 shacl-max: 1
10/03/2026 10:53:29 -- 	Nae63f5c33aca40058fdf779182e83912 | http://www.w3.org/ns/prov#generated > https://data.vlaanderen.be/id/concept/BesluitType/b2d0734d-13d0-44b4-9af8-1722933c5288
10/03/2026 10:53:29 -- 		 min: 0 (min found at subject)
10/03/2026 10:53:29 -- 		 max: 1 (max found at subject)
10/03/2026 10:53:29 -- 		 shacl-max: 1
10/03/2026 10:53:29 -- 	Nedb9f73d8952466eafa6b6c319c93751 | http://www.w3.org/ns/prov#generated > https://data.vlaanderen.be/id/concept/BesluitType/b69c9f18-967c-4feb-90a8-8eea3c8ce46b
10/03/2026 10:53:29 -- 		 min: 0 (min found at subject)
10/03/2026 10:53:29 -- 		 max: 1 (max found at subject)
10/03/2026 10:53:29 -- 		 shacl-max: 1
10/03/2026 10:53:29 -- 	N49b2a1caabc6454fa63ccf98cededf47 | http://www.w3.org/ns/prov#generated > https://data.vlaanderen.be/id/concept/BesluitType/ba5922c9-cfad-4b2e-b203-36479219ba56
10/03/2026 10:53:30 -- 		 min: 0 (min found at subject)
10/03/2026 10:53:30 -- 		 max: 1 (max found at subject)
10/03/2026 10:53:30 -- 		 shacl-max: 1
10/03/2026 10:53:30 -- 	N729927bf2f4e44ef870ca833a3df9ff6 | http://www.w3.org/ns/prov#generated > https://data.vlaanderen.be/id/concept/BesluitType/d7060f97-c417-474c-abc6-ef006cb61f41
10/03/2026 10:53:30 -- 		 min: 0 (min found at subject)
10/03/2026 10:53:30 -- 		 max: 1 (max found at subject)
10/03/2026 10:53:30 -- 		 shacl-max: 1
10/03/2026 10:53:30 -- 	N5440603262f74b38bc6a653ab00efb3c | http://www.w3.org/ns/prov#generated > https://data.vlaanderen.be/id/concept/BesluitType/d9c3d177-6dc6-4775-8c6a-1055a9cbdcc6
10/03/2026 10:53:30 -- 		 min: 0 (min found at subject)
10/03/2026 10:53:30 -- 		 max: 1 (max found at subject)
10/03/2026 10:53:30 -- 		 shacl-max: 1
10/03/2026 10:53:30 -- 	N93abb71196a945a4a63d95a675e0f3d7 | http://www.w3.org/ns/prov#generated > https://data.vlaanderen.be/id/concept/BesluitType/dbc58656-b0a5-4e43-8e9e-701acb75f9b0
10/03/2026 10:53:30 -- 		 min: 0 (min found at subject)
10/03/2026 10:53:30 -- 		 max: 1 (max found at subject)
10/03/2026 10:53:30 -- 		 shacl-max: 1
10/03/2026 10:53:30 -- 	N7b1903c973bc41c9ab8f0004cc6ffe0f | http://www.w3.org/ns/prov#generated > https://data.vlaanderen.be/id/concept/BesluitType/df261490-cc74-4f80-b783-41c35e720b46
10/03/2026 10:53:30 -- 		 min: 0 (min found at subject)
10/03/2026 10:53:30 -- 		 max: 1 (max found at subject)
10/03/2026 10:53:30 -- 		 shacl-max: 1
10/03/2026 10:53:30 -- 	Nfbb2720afe5742febb42c3a632872e51 | http://www.w3.org/ns/prov#generated > https://data.vlaanderen.be/id/concept/BesluitType/e44c535d-4339-4d15-bdbf-d4be6046de2c
10/03/2026 10:53:30 -- 		 min: 0 (min found at subject)
10/03/2026 10:53:30 -- 		 max: 1 (max found at subject)
10/03/2026 10:53:30 -- 		 shacl-max: 1
10/03/2026 10:53:30 -- 	Nf2edc53237bd4cc78771dcfada7af111 | http://www.w3.org/ns/prov#generated > https://data.vlaanderen.be/id/concept/BesluitType/e8aee49e-8762-4db2-acfe-2d5dd3c37619
10/03/2026 10:53:31 -- 		 min: 0 (min found at subject)
10/03/2026 10:53:31 -- 		 max: 1 (max found at subject)
10/03/2026 10:53:31 -- 		 shacl-max: 1
10/03/2026 10:53:31 -- 	N91771c776d3847b49e1ab2b55903e3af | http://www.w3.org/ns/prov#generated > https://data.vlaanderen.be/id/concept/BesluitType/e8afe7c5-9640-4db8-8f74-3f023bec3241
10/03/2026 10:53:31 -- 		 min: 0 (min found at subject)
10/03/2026 10:53:31 -- 		 max: 1 (max found at subject)
10/03/2026 10:53:31 -- 		 shacl-max: 1
10/03/2026 10:53:31 -- 	N17318a2f80814713a9cebcf94120ff53 | http://www.w3.org/ns/prov#generated > https://data.vlaanderen.be/id/concept/BesluitType/efa4ec5a-b006-453f-985f-f986ebae11bc
10/03/2026 10:53:31 -- 		 min: 0 (min found at subject)
10/03/2026 10:53:31 -- 		 max: 1 (max found at subject)
10/03/2026 10:53:31 -- 		 shacl-max: 1
10/03/2026 10:53:31 -- 	Nf839027526fe4260a412c88bc8de3764 | http://www.w3.org/ns/prov#generated > https://data.vlaanderen.be/id/concept/BesluitType/f1d16307-164c-4278-87b9-1d3b1d968f67
10/03/2026 10:53:31 -- 		 min: 0 (min found at subject)
10/03/2026 10:53:31 -- 		 max: 1 (max found at subject)
10/03/2026 10:53:31 -- 		 shacl-max: 1
10/03/2026 10:53:31 -- 	N54a7d2e69d4540aabca682fa0edac073 | http://www.w3.org/ns/prov#generated > https://data.vlaanderen.be/id/concept/BesluitType/f1fd8f88-95b0-4085-b766-008b5867d992
10/03/2026 10:53:31 -- 		 min: 0 (min found at subject)
10/03/2026 10:53:31 -- 		 max: 1 (max found at subject)
10/03/2026 10:53:31 -- 		 shacl-max: 1
10/03/2026 10:53:31 -- 	N6e94665f81cc4119a876adcce9664f90 | http://www.w3.org/ns/prov#generated > https://data.vlaanderen.be/id/concept/BesluitType/f276bc3b-2d79-4c55-81b8-092e05619676
10/03/2026 10:53:31 -- 		 min: 0 (min found at subject)
10/03/2026 10:53:31 -- 		 max: 1 (max found at subject)
10/03/2026 10:53:31 -- 		 shacl-max: 1
10/03/2026 10:53:31 -- 	N56c09a14b06e496494cb13e494a8b866 | http://www.w3.org/ns/prov#generated > https://data.vlaanderen.be/id/concept/BesluitType/f56c645d-b8e1-4066-813d-e213f5bc529f
10/03/2026 10:53:32 -- 		 min: 0 (min found at subject)
10/03/2026 10:53:32 -- 		 max: 1 (max found at subject)
10/03/2026 10:53:32 -- 		 shacl-max: 1
10/03/2026 10:53:32 -- 	N37ef2fde26c0442d99c6c21cc953b23c | http://www.w3.org/ns/prov#generated > https://data.vlaanderen.be/id/concept/BesluitType/f8c070bd-96e4-43a1-8c6e-532bcd771251
10/03/2026 10:53:32 -- 		 min: 0 (min found at subject)
10/03/2026 10:53:32 -- 		 max: 1 (max found at subject)
10/03/2026 10:53:32 -- 		 shacl-max: 1
10/03/2026 10:53:32 -- 	Nbbcd1d7e37554081803cb15b1a90cbd1 | http://www.w3.org/ns/prov#generated > https://data.vlaanderen.be/id/concept/BesluitType/fb21d14b-734b-48f4-bd4e-888163fd08e8
10/03/2026 10:53:32 -- 		 min: 0 (min found at subject)
10/03/2026 10:53:32 -- 		 max: 1 (max found at subject)
10/03/2026 10:53:32 -- 		 shacl-max: 1
10/03/2026 10:53:32 -- 	N181604c20a654e59b55234170d599a8c | http://www.w3.org/ns/prov#generated > https://data.vlaanderen.be/id/concept/BesluitType/fb92601a-d189-4482-9922-ab0efc6bc935
10/03/2026 10:53:32 -- 		 min: 0 (min found at subject)
10/03/2026 10:53:32 -- 		 max: 1 (max found at subject)
10/03/2026 10:53:32 -- 		 shacl-max: 1
10/03/2026 10:53:32 -- 	N5809f949dd4c420fad47683b4280bd3d | http://purl.org/dc/terms/isPartOf > http://data.vlaanderen.be/ns/besluit#Besluit
10/03/2026 10:53:32 -- 		 min: 0 (min found at subject)
10/03/2026 10:53:32 -- 		 max: 1 (max found at subject)
10/03/2026 10:53:32 -- 		 shacl-max: 1
10/03/2026 10:53:32 -- 	Nb1016aaa7bf149828094e1cb792f0b94 | http://purl.org/dc/terms/isPartOf > https://data.vlaanderen.be/id/concept/BesluitType/0ee460b1-5ef4-4d4a-b5e1-e2d7c1d5086e
10/03/2026 10:53:32 -- 		 min: 0 (min found at subject)
10/03/2026 10:53:32 -- 		 max: 1 (max found at subject)
10/03/2026 10:53:32 -- 		 shacl-max: 1
10/03/2026 10:53:32 -- 	N6cfcfd0ff82748719d8480878522e2ea | http://purl.org/dc/terms/isPartOf > https://data.vlaanderen.be/id/concept/BesluitType/1105564e-30c7-4371-a864-6b7329cdae6f
10/03/2026 10:53:33 -- 		 min: 0 (min found at subject)
10/03/2026 10:53:33 -- 		 max: 1 (max found at subject)
10/03/2026 10:53:33 -- 		 shacl-max: 1
10/03/2026 10:53:33 -- 	Nad9d8f425a71447b83ac28a0d6d40878 | http://purl.org/dc/terms/isPartOf > https://data.vlaanderen.be/id/concept/BesluitType/256bd04a-b74b-4f2a-8f5d-14dda4765af9
10/03/2026 10:53:33 -- 		 min: 0 (min found at subject)
10/03/2026 10:53:33 -- 		 max: 1 (max found at subject)
10/03/2026 10:53:33 -- 		 shacl-max: 1
10/03/2026 10:53:33 -- 	Nb52f072f97d54aff85a22002274f7cba | http://purl.org/dc/terms/isPartOf > https://data.vlaanderen.be/id/concept/BesluitType/25deb453-ae3e-4d40-8027-36cdb48ab738
10/03/2026 10:53:33 -- 		 min: 0 (min found at subject)
10/03/2026 10:53:33 -- 		 max: 1 (max found at subject)
10/03/2026 10:53:33 -- 		 shacl-max: 1
10/03/2026 10:53:33 -- 	N378aef3a63b345a48c0429a4b440a309 | http://purl.org/dc/terms/isPartOf > https://data.vlaanderen.be/id/concept/BesluitType/2f189152-1786-4b55-a3a9-d7f06de63f1c
10/03/2026 10:53:33 -- 		 min: 0 (min found at subject)
10/03/2026 10:53:33 -- 		 max: 1 (max found at subject)
10/03/2026 10:53:33 -- 		 shacl-max: 1
10/03/2026 10:53:33 -- 	N1a9c6e725cee40adb020779f70287dda | http://purl.org/dc/terms/isPartOf > https://data.vlaanderen.be/id/concept/BesluitType/3bba9f10-faff-49a6-acaa-85af7f2199a3
10/03/2026 10:53:33 -- 		 min: 0 (min found at subject)
10/03/2026 10:53:33 -- 		 max: 1 (max found at subject)
10/03/2026 10:53:33 -- 		 shacl-max: 1
10/03/2026 10:53:33 -- 	N83f3ea9b161c4fbc8e082c52627f0916 | http://purl.org/dc/terms/isPartOf > https://data.vlaanderen.be/id/concept/BesluitType/3fcf7dba-2e5b-4955-a489-6dd8285c013b
10/03/2026 10:53:33 -- 		 min: 0 (min found at subject)
10/03/2026 10:53:33 -- 		 max: 1 (max found at subject)
10/03/2026 10:53:33 -- 		 shacl-max: 1
10/03/2026 10:53:33 -- 	Na0efa6f5df81421a8c1b6a388dc22240 | http://purl.org/dc/terms/isPartOf > https://data.vlaanderen.be/id/concept/BesluitType/40831a2c-771d-4b41-9720-0399998f1873
10/03/2026 10:53:34 -- 		 min: 0 (min found at subject)
10/03/2026 10:53:34 -- 		 max: 1 (max found at subject)
10/03/2026 10:53:34 -- 		 shacl-max: 1
10/03/2026 10:53:34 -- 	N75f9d0fe8188424ea6e462ff3c29290d | http://purl.org/dc/terms/isPartOf > https://data.vlaanderen.be/id/concept/BesluitType/4350cdda-8291-4055-9026-5c7429357fce
10/03/2026 10:53:34 -- 		 min: 0 (min found at subject)
10/03/2026 10:53:34 -- 		 max: 1 (max found at subject)
10/03/2026 10:53:34 -- 		 shacl-max: 1
10/03/2026 10:53:34 -- 	Nb0ce0f9c18784d9db46d9f2d21fb2365 | http://purl.org/dc/terms/isPartOf > https://data.vlaanderen.be/id/concept/BesluitType/4673d472-8dbc-4cea-b3ab-f92df3807eb3
10/03/2026 10:53:34 -- 		 min: 0 (min found at subject)
10/03/2026 10:53:34 -- 		 max: 1 (max found at subject)
10/03/2026 10:53:34 -- 		 shacl-max: 1
10/03/2026 10:53:34 -- 	Ne76b508521734d44a4e1a2ae46278078 | http://purl.org/dc/terms/isPartOf > https://data.vlaanderen.be/id/concept/BesluitType/4c22ef0a-f808-41dd-9c9f-2aff17fd851f
10/03/2026 10:53:34 -- 		 min: 0 (min found at subject)
10/03/2026 10:53:34 -- 		 max: 1 (max found at subject)
10/03/2026 10:53:34 -- 		 shacl-max: 1
10/03/2026 10:53:34 -- 	N95ceb953fbd6445097175baa8026ac20 | http://purl.org/dc/terms/isPartOf > https://data.vlaanderen.be/id/concept/BesluitType/4d8f678a-6fa4-4d5f-a2a1-80974e43bf34
10/03/2026 10:53:34 -- 		 min: 0 (min found at subject)
10/03/2026 10:53:34 -- 		 max: 1 (max found at subject)
10/03/2026 10:53:34 -- 		 shacl-max: 1
10/03/2026 10:53:34 -- 	Nc01de6c4174448df998fa26e751d1214 | http://purl.org/dc/terms/isPartOf > https://data.vlaanderen.be/id/concept/BesluitType/4efa4632-efc6-40d5-815a-dec785fbceac
10/03/2026 10:53:34 -- 		 min: 0 (min found at subject)
10/03/2026 10:53:34 -- 		 max: 1 (max found at subject)
10/03/2026 10:53:34 -- 		 shacl-max: 1
10/03/2026 10:53:34 -- 	Na3237e72ff2c413381fdd713227437ea | http://purl.org/dc/terms/isPartOf > https://data.vlaanderen.be/id/concept/BesluitType/51982214-0d8b-4cd9-87cf-c46570cd1ed3
10/03/2026 10:53:34 -- 		 min: 0 (min found at subject)
10/03/2026 10:53:34 -- 		 max: 1 (max found at subject)
10/03/2026 10:53:34 -- 		 shacl-max: 1
10/03/2026 10:53:34 -- 	N91872aa580094b6ea5dd21e09f51df1b | http://purl.org/dc/terms/isPartOf > https://data.vlaanderen.be/id/concept/BesluitType/5226e23d-617d-48b9-9c00-3d679ae88fec
10/03/2026 10:53:35 -- 		 min: 0 (min found at subject)
10/03/2026 10:53:35 -- 		 max: 1 (max found at subject)
10/03/2026 10:53:35 -- 		 shacl-max: 1
10/03/2026 10:53:35 -- 	Nd7d07f2b2fcd4841a9a3657e718bad46 | http://purl.org/dc/terms/isPartOf > https://data.vlaanderen.be/id/concept/BesluitType/5ee63f84-2fa0-4758-8820-99dca2bdce7c
10/03/2026 10:53:35 -- 		 min: 0 (min found at subject)
10/03/2026 10:53:35 -- 		 max: 1 (max found at subject)
10/03/2026 10:53:35 -- 		 shacl-max: 1
10/03/2026 10:53:35 -- 	N7ef012e93f724d179ea09b4d39f386bd | http://purl.org/dc/terms/isPartOf > https://data.vlaanderen.be/id/concept/BesluitType/67378dd0-5413-474b-8996-d992ef81637a
10/03/2026 10:53:35 -- 		 min: 0 (min found at subject)
10/03/2026 10:53:35 -- 		 max: 1 (max found at subject)
10/03/2026 10:53:35 -- 		 shacl-max: 1
10/03/2026 10:53:35 -- 	N494fc8c03dc344e6b60a73e31ee6b048 | http://purl.org/dc/terms/isPartOf > https://data.vlaanderen.be/id/concept/BesluitType/79414af4-4f57-4ca3-aaa4-f8f1e015e71c
10/03/2026 10:53:35 -- 		 min: 0 (min found at subject)
10/03/2026 10:53:35 -- 		 max: 1 (max found at subject)
10/03/2026 10:53:35 -- 		 shacl-max: 1
10/03/2026 10:53:35 -- 	N7599b89482dd42388ec172cd9330c306 | http://purl.org/dc/terms/isPartOf > https://data.vlaanderen.be/id/concept/BesluitType/7d95fd2e-3cc9-4a4c-a58e-0fbc408c2f9b
10/03/2026 10:53:35 -- 		 min: 0 (min found at subject)
10/03/2026 10:53:35 -- 		 max: 1 (max found at subject)
10/03/2026 10:53:35 -- 		 shacl-max: 1
10/03/2026 10:53:35 -- 	Nbd192c58ba364266a56e892cdbd1cdfe | http://purl.org/dc/terms/isPartOf > https://data.vlaanderen.be/id/concept/BesluitType/84121221-4217-40e3-ada2-cd1379b168e1
10/03/2026 10:53:35 -- 		 min: 0 (min found at subject)
10/03/2026 10:53:35 -- 		 max: 1 (max found at subject)
10/03/2026 10:53:35 -- 		 shacl-max: 1
10/03/2026 10:53:35 -- 	N14692218c18640499599b563efafa255 | http://purl.org/dc/terms/isPartOf > https://data.vlaanderen.be/id/concept/BesluitType/849c66c2-ba33-4ac1-a693-be48d8ac7bc7
10/03/2026 10:53:36 -- 		 min: 0 (min found at subject)
10/03/2026 10:53:36 -- 		 max: 1 (max found at subject)
10/03/2026 10:53:36 -- 		 shacl-max: 1
10/03/2026 10:53:36 -- 	N0605944c51574ffe9ea3f777f1784b63 | http://purl.org/dc/terms/isPartOf > https://data.vlaanderen.be/id/concept/BesluitType/8597e056-b96d-4213-ad4c-37338f2aaf35
10/03/2026 10:53:36 -- 		 min: 0 (min found at subject)
10/03/2026 10:53:36 -- 		 max: 1 (max found at subject)
10/03/2026 10:53:36 -- 		 shacl-max: 1
10/03/2026 10:53:36 -- 	Ndaf5e2c219f6493eab52a305f6773cd9 | http://purl.org/dc/terms/isPartOf > https://data.vlaanderen.be/id/concept/BesluitType/9d5bfaca-bbf2-49dd-a830-769f91a6377b
10/03/2026 10:53:36 -- 		 min: 0 (min found at subject)
10/03/2026 10:53:36 -- 		 max: 1 (max found at subject)
10/03/2026 10:53:36 -- 		 shacl-max: 1
10/03/2026 10:53:36 -- 	N556fa6a98fc64033b4ff45f0f8bed715 | http://purl.org/dc/terms/isPartOf > https://data.vlaanderen.be/id/concept/BesluitType/a0a709a7-ac07-4457-8d40-de4aea9b1432
10/03/2026 10:53:36 -- 		 min: 0 (min found at subject)
10/03/2026 10:53:36 -- 		 max: 1 (max found at subject)
10/03/2026 10:53:36 -- 		 shacl-max: 1
10/03/2026 10:53:36 -- 	N85a7a3e3b20e4508a1e95f6d8808e763 | http://purl.org/dc/terms/isPartOf > https://data.vlaanderen.be/id/concept/BesluitType/a8486fa3-6375-494d-aa48-e34289b87d5b
10/03/2026 10:53:36 -- 		 min: 0 (min found at subject)
10/03/2026 10:53:36 -- 		 max: 1 (max found at subject)
10/03/2026 10:53:36 -- 		 shacl-max: 1
10/03/2026 10:53:36 -- 	N4a9e776dea6441cca83ad64b39402686 | http://purl.org/dc/terms/isPartOf > https://data.vlaanderen.be/id/concept/BesluitType/b2d0734d-13d0-44b4-9af8-1722933c5288
10/03/2026 10:53:36 -- 		 min: 0 (min found at subject)
10/03/2026 10:53:36 -- 		 max: 1 (max found at subject)
10/03/2026 10:53:36 -- 		 shacl-max: 1
10/03/2026 10:53:36 -- 	Nae64c476cc7848a2a9cd466c05b52a62 | http://purl.org/dc/terms/isPartOf > https://data.vlaanderen.be/id/concept/BesluitType/b69c9f18-967c-4feb-90a8-8eea3c8ce46b
10/03/2026 10:53:36 -- 		 min: 0 (min found at subject)
10/03/2026 10:53:36 -- 		 max: 1 (max found at subject)
10/03/2026 10:53:36 -- 		 shacl-max: 1
10/03/2026 10:53:36 -- 	N612a1236cc424101950917682102ba42 | http://purl.org/dc/terms/isPartOf > https://data.vlaanderen.be/id/concept/BesluitType/ba5922c9-cfad-4b2e-b203-36479219ba56
10/03/2026 10:53:37 -- 		 min: 0 (min found at subject)
10/03/2026 10:53:37 -- 		 max: 1 (max found at subject)
10/03/2026 10:53:37 -- 		 shacl-max: 1
10/03/2026 10:53:37 -- 	Na22ef4f91e94468583394571cb967c76 | http://purl.org/dc/terms/isPartOf > https://data.vlaanderen.be/id/concept/BesluitType/d7060f97-c417-474c-abc6-ef006cb61f41
10/03/2026 10:53:37 -- 		 min: 0 (min found at subject)
10/03/2026 10:53:37 -- 		 max: 1 (max found at subject)
10/03/2026 10:53:37 -- 		 shacl-max: 1
10/03/2026 10:53:37 -- 	Ne7546626a7e2423889700876864b3501 | http://purl.org/dc/terms/isPartOf > https://data.vlaanderen.be/id/concept/BesluitType/d9c3d177-6dc6-4775-8c6a-1055a9cbdcc6
10/03/2026 10:53:37 -- 		 min: 0 (min found at subject)
10/03/2026 10:53:37 -- 		 max: 1 (max found at subject)
10/03/2026 10:53:37 -- 		 shacl-max: 1
10/03/2026 10:53:37 -- 	Nf90ba7a456134df8b94a8bc20ca65797 | http://purl.org/dc/terms/isPartOf > https://data.vlaanderen.be/id/concept/BesluitType/df261490-cc74-4f80-b783-41c35e720b46
10/03/2026 10:53:37 -- 		 min: 0 (min found at subject)
10/03/2026 10:53:37 -- 		 max: 1 (max found at subject)
10/03/2026 10:53:37 -- 		 shacl-max: 1
10/03/2026 10:53:37 -- 	N23f1937940874cd3b8bca2a77d5854f3 | http://purl.org/dc/terms/isPartOf > https://data.vlaanderen.be/id/concept/BesluitType/e44c535d-4339-4d15-bdbf-d4be6046de2c
10/03/2026 10:53:37 -- 		 min: 0 (min found at subject)
10/03/2026 10:53:37 -- 		 max: 1 (max found at subject)
10/03/2026 10:53:37 -- 		 shacl-max: 1
10/03/2026 10:53:37 -- 	Nee5a0b2a24324144a5adeaa083d0f932 | http://purl.org/dc/terms/isPartOf > https://data.vlaanderen.be/id/concept/BesluitType/e8aee49e-8762-4db2-acfe-2d5dd3c37619
10/03/2026 10:53:37 -- 		 min: 0 (min found at subject)
10/03/2026 10:53:37 -- 		 max: 1 (max found at subject)
10/03/2026 10:53:37 -- 		 shacl-max: 1
10/03/2026 10:53:37 -- 	N85d265672f114d14aae46d39fb0536df | http://purl.org/dc/terms/isPartOf > https://data.vlaanderen.be/id/concept/BesluitType/e8afe7c5-9640-4db8-8f74-3f023bec3241
10/03/2026 10:53:38 -- 		 min: 0 (min found at subject)
10/03/2026 10:53:38 -- 		 max: 1 (max found at subject)
10/03/2026 10:53:38 -- 		 shacl-max: 1
10/03/2026 10:53:38 -- 	N66f3168410b949aa90b7f3c90b180cb4 | http://purl.org/dc/terms/isPartOf > https://data.vlaanderen.be/id/concept/BesluitType/efa4ec5a-b006-453f-985f-f986ebae11bc
10/03/2026 10:53:38 -- 		 min: 0 (min found at subject)
10/03/2026 10:53:38 -- 		 max: 1 (max found at subject)
10/03/2026 10:53:38 -- 		 shacl-max: 1
10/03/2026 10:53:38 -- 	Nb7d6581a5fe14570a41ba7443daca2f0 | http://purl.org/dc/terms/isPartOf > https://data.vlaanderen.be/id/concept/BesluitType/f1d16307-164c-4278-87b9-1d3b1d968f67
10/03/2026 10:53:38 -- 		 min: 0 (min found at subject)
10/03/2026 10:53:38 -- 		 max: 1 (max found at subject)
10/03/2026 10:53:38 -- 		 shacl-max: 1
10/03/2026 10:53:38 -- 	N135b29c3b1c14814af7f9761d6289c10 | http://purl.org/dc/terms/isPartOf > https://data.vlaanderen.be/id/concept/BesluitType/f276bc3b-2d79-4c55-81b8-092e05619676
10/03/2026 10:53:38 -- 		 min: 0 (min found at subject)
10/03/2026 10:53:38 -- 		 max: 1 (max found at subject)
10/03/2026 10:53:38 -- 		 shacl-max: 1
10/03/2026 10:53:38 -- 	N132ed2ded1d24f8b904606b4dcfdfd20 | http://purl.org/dc/terms/isPartOf > https://data.vlaanderen.be/id/concept/BesluitType/f56c645d-b8e1-4066-813d-e213f5bc529f
10/03/2026 10:53:38 -- 		 min: 0 (min found at subject)
10/03/2026 10:53:38 -- 		 max: 1 (max found at subject)
10/03/2026 10:53:38 -- 		 shacl-max: 1
10/03/2026 10:53:38 -- 	Nbc03b4ecae94421b9be31b8430fc1451 | http://purl.org/dc/terms/isPartOf > https://data.vlaanderen.be/id/concept/BesluitType/f8c070bd-96e4-43a1-8c6e-532bcd771251
10/03/2026 10:53:38 -- 		 min: 0 (min found at subject)
10/03/2026 10:53:38 -- 		 max: 1 (max found at subject)
10/03/2026 10:53:38 -- 		 shacl-max: 1
10/03/2026 10:53:38 -- 	N83937ec34a204649b58fd06076c09a0b | http://purl.org/dc/terms/isPartOf > https://data.vlaanderen.be/id/concept/BesluitType/fb21d14b-734b-48f4-bd4e-888163fd08e8
10/03/2026 10:53:39 -- 		 min: 0 (min found at subject)
10/03/2026 10:53:39 -- 		 max: 1 (max found at subject)
10/03/2026 10:53:39 -- 		 shacl-max: 1
10/03/2026 10:53:39 -- 	N0d3a621682de44dfbe5398da5438840a | http://purl.org/dc/terms/isPartOf > https://data.vlaanderen.be/id/concept/BesluitType/fb92601a-d189-4482-9922-ab0efc6bc935
10/03/2026 10:53:39 -- 		 min: 0 (min found at subject)
10/03/2026 10:53:39 -- 		 max: 1 (max found at subject)
10/03/2026 10:53:39 -- 		 shacl-max: 1
10/03/2026 10:53:39 -- 	N3bb69e2d64f444f7b11f99641344a863 | http://purl.org/dc/terms/type > [no object/datatype]
10/03/2026 10:53:39 -- 		 min: 0 (min found at subject)
10/03/2026 10:53:39 -- 		 max: 1 (max found at subject)
10/03/2026 10:53:39 -- 		 shacl-max: 1
10/03/2026 10:53:39 -- 	N60a804aecdbd40ed86d2d7519567f2d9 | http://data.vlaanderen.be/ns/besluit#bestuurt > http://data.vlaanderen.be/ns/besluit#Bestuurseenheid
10/03/2026 10:53:39 -- 		 min: 0 (min found at subject)
10/03/2026 10:53:39 -- 		 max: 1 (max found at subject)
10/03/2026 10:53:39 -- 		 shacl-max: 1
10/03/2026 10:53:39 -- 	N8fe4f2d0bd49430a9b57b6d93a0410d5 | http://data.vlaanderen.be/ns/besluit#bestuurt > http://data.vlaanderen.be/ns/besluit#Bestuursorgaan
10/03/2026 10:53:39 -- 		 min: 0 (min found at subject)
10/03/2026 10:53:39 -- 		 max: 1 (max found at subject)
10/03/2026 10:53:39 -- 		 shacl-max: 1
10/03/2026 10:53:39 -- 	Nf0114d6dd4114e3bbe056a4f7406b7c8 | http://data.vlaanderen.be/ns/besluit#bestuurt > http://data.vlaanderen.be/ns/mandaat#Mandataris
10/03/2026 10:53:39 -- 		 min: 0 (min found at subject)
10/03/2026 10:53:39 -- 		 max: 1 (max found at subject)
10/03/2026 10:53:39 -- 		 shacl-max: 1
10/03/2026 10:53:39 -- 	Naa38631a561043f592ef78192e93ce73 | http://data.vlaanderen.be/ns/besluit#bestuurt > http://www.w3.org/2004/02/skos/core#Concept
10/03/2026 10:53:40 -- 		 min: 0 (min found at subject)
10/03/2026 10:53:40 -- 		 max: 1 (max found at subject)
10/03/2026 10:53:40 -- 		 shacl-max: 1
10/03/2026 10:53:40 -- 	Nfc11b022f35b4743a766103d2df10825 | http://data.vlaanderen.be/ns/besluit#bestuurt > http://xmlns.com/foaf/0.1/Document
10/03/2026 10:53:40 -- 		 min: 0 (min found at subject)
10/03/2026 10:53:40 -- 		 max: 1 (max found at subject)
10/03/2026 10:53:40 -- 		 shacl-max: 1
10/03/2026 10:53:40 -- 	Nf6115e4cc66f4c68a3474b3546600fee | http://data.vlaanderen.be/ns/besluit#bestuurt > https://data.vlaanderen.be/id/concept/BesluitDocumentType/13fefad6-a9d6-4025-83b5-e4cbee3a8965
10/03/2026 10:53:40 -- 		 min: 0 (min found at subject)
10/03/2026 10:53:40 -- 		 max: 1 (max found at subject)
10/03/2026 10:53:40 -- 		 shacl-max: 1
10/03/2026 10:53:40 -- 	N34c6cd609d3c463d83284c7079841395 | http://data.vlaanderen.be/ns/besluit#bestuurt > https://data.vlaanderen.be/id/concept/BesluitDocumentType/3fa67785-ffdc-4b30-8880-2b99d97b4dee
10/03/2026 10:53:40 -- 		 min: 0 (min found at subject)
10/03/2026 10:53:40 -- 		 max: 1 (max found at subject)
10/03/2026 10:53:40 -- 		 shacl-max: 1
10/03/2026 10:53:40 -- 	N325e57be18584a01a3565ef57e25ced0 | http://data.vlaanderen.be/ns/besluit#bestuurt > https://data.vlaanderen.be/id/concept/BesluitDocumentType/8e791b27-7600-4577-b24e-c7c29e0eb773
10/03/2026 10:53:40 -- 		 min: 0 (min found at subject)
10/03/2026 10:53:40 -- 		 max: 1 (max found at subject)
10/03/2026 10:53:40 -- 		 shacl-max: 1
10/03/2026 10:53:40 -- 	N26ff690277c84bbb82ed455f3853f81d | http://mu.semte.ch/vocabularies/ext/behandelt > http://data.vlaanderen.be/ns/besluit#BehandelingVanAgendapunt
10/03/2026 10:53:40 -- 		 min: 0 (min found at subject)
10/03/2026 10:53:40 -- 		 max: 1 (max found at subject)
10/03/2026 10:53:40 -- 		 shacl-max: 1
10/03/2026 10:53:40 -- 	N85ee6cea8d0d4911a30ce238dd6b685a | http://mu.semte.ch/vocabularies/ext/behandelt > http://data.vlaanderen.be/ns/besluit#Besluit
10/03/2026 10:53:41 -- 		 min: 0 (min found at subject)
10/03/2026 10:53:41 -- 		 max: 1 (max found at subject)
10/03/2026 10:53:41 -- 		 shacl-max: 1
10/03/2026 10:53:41 -- 	Nd840185d7d5449dd8e81ffcbdb982f33 | http://lblod.data.gift/vocabularies/besluit/extractedDecisionContent > [no object/datatype]
10/03/2026 10:53:42 -- 		 min: 0 (min found at subject)
10/03/2026 10:53:42 -- 		 max: 47 (max found at subject)
10/03/2026 10:53:42 -- 	Nb11e4c7c6ee543d99a1fae1e22f994bc | http://www.w3.org/ns/prov#wasDerivedFrom > http://data.vlaanderen.be/ns/besluit#Bestuurseenheid
10/03/2026 10:53:42 -- 		 min: 0 (min found at subject)
10/03/2026 10:53:42 -- 		 max: 18 (max found at subject)
10/03/2026 10:53:42 -- 	Nc4db883f07414c5e93f0bc8cb45506a0 | http://www.w3.org/ns/prov#wasDerivedFrom > http://data.vlaanderen.be/ns/besluit#Bestuursorgaan
10/03/2026 10:53:42 -- 		 min: 0 (min found at subject)
10/03/2026 10:53:42 -- 		 max: 18 (max found at subject)
10/03/2026 10:53:42 -- 	N173b76dcb5a340b78bbe70633c1d4146 | http://www.w3.org/ns/prov#wasDerivedFrom > http://data.vlaanderen.be/ns/mandaat#Mandataris
10/03/2026 10:53:42 -- 		 min: 0 (min found at subject)
10/03/2026 10:53:42 -- 		 max: 64 (max found at subject)
10/03/2026 10:53:42 -- 	N9c3f23485dc94aab9533d597fafb42d3 | http://www.w3.org/ns/prov#wasDerivedFrom > http://www.w3.org/2004/02/skos/core#Concept
10/03/2026 10:53:43 -- 		 min: 0 (min found at subject)
10/03/2026 10:53:43 -- 		 max: 18 (max found at subject)
10/03/2026 10:53:43 -- 	N184555dfc192430dbd96117e31068217 | http://www.w3.org/ns/prov#wasDerivedFrom > http://xmlns.com/foaf/0.1/Document
10/03/2026 10:53:43 -- 		 min: 0 (min found at subject)
10/03/2026 10:53:43 -- 		 max: 189 (max found at subject)
10/03/2026 10:53:43 -- 	Ne1acbacc18f74b8e9dc22321fdab7fb0 | http://www.w3.org/ns/prov#wasDerivedFrom > https://data.vlaanderen.be/id/concept/BesluitDocumentType/13fefad6-a9d6-4025-83b5-e4cbee3a8965
10/03/2026 10:53:43 -- 		 min: 0 (min found at subject)
10/03/2026 10:53:43 -- 		 max: 2 (max found at subject)
10/03/2026 10:53:43 -- 	N86b5f65bc8144ae88497ec34db560d65 | http://www.w3.org/ns/prov#wasDerivedFrom > https://data.vlaanderen.be/id/concept/BesluitDocumentType/3fa67785-ffdc-4b30-8880-2b99d97b4dee
10/03/2026 10:53:43 -- 		 min: 0 (min found at subject)
10/03/2026 10:53:43 -- 		 max: 96 (max found at subject)
10/03/2026 10:53:43 -- 	Nca6221c237e64ddeb7d25012619f2267 | http://www.w3.org/ns/prov#wasDerivedFrom > https://data.vlaanderen.be/id/concept/BesluitDocumentType/8e791b27-7600-4577-b24e-c7c29e0eb773
10/03/2026 10:53:43 -- 		 min: 0 (min found at subject)
10/03/2026 10:53:43 -- 		 max: 93 (max found at subject)
10/03/2026 10:53:43 -- 	N740e687f83bc4c0baebbeb5f4da20128 | http://www.w3.org/2004/02/skos/core#prefLabel > [no object/datatype]
10/03/2026 10:53:43 -- 		 min: 0 (min found at subject)
10/03/2026 10:53:43 -- 		 max: 1 (max found at subject)
10/03/2026 10:53:43 -- 		 shacl-max: 1
10/03/2026 10:53:43 -- 	N4903912233b04b6d8aa9843b9d0bb0bb | http://data.europa.eu/eli/ontology#date_publication > [no object/datatype]
10/03/2026 10:53:44 -- 		 min: 0 (min found at subject)
10/03/2026 10:53:44 -- 		 max: 9 (max found at subject)
10/03/2026 10:53:44 -- 	N47c1d41b9b2f489cb42e178fd9ab298a | http://mu.semte.ch/vocabularies/core/uuid > [no object/datatype]
10/03/2026 10:53:44 -- 		 min: 1 (min found at subject)
10/03/2026 10:53:44 -- 		 max: 1 (max found at subject)
10/03/2026 10:53:44 -- 		 shacl-min: 1
10/03/2026 10:53:44 -- 		 shacl-max: 1
10/03/2026 10:53:44 -- 	Ndfe72ee915c44e23a31115f39aad90ca | http://data.vlaanderen.be/ns/mandaat#isTijdspecialisatieVan > http://data.vlaanderen.be/ns/besluit#Bestuurseenheid
10/03/2026 10:53:44 -- 		 min: 0 (min found at subject)
10/03/2026 10:53:44 -- 		 max: 1 (max found at subject)
10/03/2026 10:53:44 -- 		 shacl-max: 1
10/03/2026 10:53:44 -- 	N590e64d88f774abda67f13a6c5b5a16b | http://data.vlaanderen.be/ns/mandaat#isTijdspecialisatieVan > http://data.vlaanderen.be/ns/besluit#Bestuursorgaan
10/03/2026 10:53:44 -- 		 min: 0 (min found at subject)
10/03/2026 10:53:44 -- 		 max: 1 (max found at subject)
10/03/2026 10:53:44 -- 		 shacl-max: 1
10/03/2026 10:53:44 -- 	N3121e4154d894d91bf152187132e2168 | http://data.vlaanderen.be/ns/mandaat#isTijdspecialisatieVan > http://data.vlaanderen.be/ns/mandaat#Mandataris
10/03/2026 10:53:44 -- 		 min: 0 (min found at subject)
10/03/2026 10:53:44 -- 		 max: 1 (max found at subject)
10/03/2026 10:53:44 -- 		 shacl-max: 1
10/03/2026 10:53:44 -- 	N4fae1785a8474bb28cdb92cf20b8e0e5 | http://data.vlaanderen.be/ns/mandaat#isTijdspecialisatieVan > http://www.w3.org/2004/02/skos/core#Concept
10/03/2026 10:53:44 -- 		 min: 0 (min found at subject)
10/03/2026 10:53:44 -- 		 max: 1 (max found at subject)
10/03/2026 10:53:44 -- 		 shacl-max: 1
10/03/2026 10:53:44 -- 	Nbd0fc96dba4a42499b3e8ce2440f02e2 | http://data.vlaanderen.be/ns/mandaat#isTijdspecialisatieVan > http://xmlns.com/foaf/0.1/Document
10/03/2026 10:53:45 -- 		 min: 0 (min found at subject)
10/03/2026 10:53:45 -- 		 max: 1 (max found at subject)
10/03/2026 10:53:45 -- 		 shacl-max: 1
10/03/2026 10:53:45 -- 	N057b228ac7034c909c1f26325d317f4f | http://data.vlaanderen.be/ns/mandaat#isTijdspecialisatieVan > https://data.vlaanderen.be/id/concept/BesluitDocumentType/13fefad6-a9d6-4025-83b5-e4cbee3a8965
10/03/2026 10:53:45 -- 		 min: 0 (min found at subject)
10/03/2026 10:53:45 -- 		 max: 1 (max found at subject)
10/03/2026 10:53:45 -- 		 shacl-max: 1
10/03/2026 10:53:45 -- 	N1527065f00364596ad289faa512646d5 | http://data.vlaanderen.be/ns/mandaat#isTijdspecialisatieVan > https://data.vlaanderen.be/id/concept/BesluitDocumentType/3fa67785-ffdc-4b30-8880-2b99d97b4dee
10/03/2026 10:53:45 -- 		 min: 0 (min found at subject)
10/03/2026 10:53:45 -- 		 max: 1 (max found at subject)
10/03/2026 10:53:45 -- 		 shacl-max: 1
10/03/2026 10:53:45 -- 	N64d50dbde46f4a208c48b745cf367b2a | http://data.vlaanderen.be/ns/mandaat#isTijdspecialisatieVan > https://data.vlaanderen.be/id/concept/BesluitDocumentType/8e791b27-7600-4577-b24e-c7c29e0eb773
10/03/2026 10:53:45 -- 		 min: 0 (min found at subject)
10/03/2026 10:53:45 -- 		 max: 1 (max found at subject)
10/03/2026 10:53:45 -- 		 shacl-max: 1
10/03/2026 10:53:45 -- 	N5eb0e8470df245678faced8ecf59a20c | http://www.w3.org/ns/rdfa#usesVocabulary > [no object/datatype]
10/03/2026 10:53:45 -- 		 min: 0 (min found at subject)
10/03/2026 10:53:45 -- 		 max: 1 (max found at subject)
10/03/2026 10:53:45 -- 		 shacl-max: 1
10/03/2026 10:53:45 -- 	N2e435fb9e582486d83731e939df7c0d9 | http://www.w3.org/ns/org#classification > http://data.vlaanderen.be/ns/besluit#Bestuurseenheid
10/03/2026 10:53:45 -- 		 min: 0 (min found at subject)
10/03/2026 10:53:45 -- 		 max: 1 (max found at subject)
10/03/2026 10:53:45 -- 		 shacl-max: 1
10/03/2026 10:53:45 -- 	N09a6bf00a76b46568cc589454c832293 | http://www.w3.org/ns/org#classification > http://data.vlaanderen.be/ns/besluit#Bestuursorgaan
10/03/2026 10:53:45 -- 		 min: 0 (min found at subject)
10/03/2026 10:53:45 -- 		 max: 1 (max found at subject)
10/03/2026 10:53:45 -- 		 shacl-max: 1
10/03/2026 10:53:45 -- 	Ne6acdd7062f8409a9670a42518f05e70 | http://www.w3.org/ns/org#classification > http://data.vlaanderen.be/ns/mandaat#Mandataris
10/03/2026 10:53:46 -- 		 min: 0 (min found at subject)
10/03/2026 10:53:46 -- 		 max: 1 (max found at subject)
10/03/2026 10:53:46 -- 		 shacl-max: 1
10/03/2026 10:53:46 -- 	N4a391b17cadd46ff8ab8710614b2bb8e | http://www.w3.org/ns/org#classification > http://www.w3.org/2004/02/skos/core#Concept
10/03/2026 10:53:46 -- 		 min: 0 (min found at subject)
10/03/2026 10:53:46 -- 		 max: 2 (max found at subject)
10/03/2026 10:53:46 -- 	N602f1a30ff73445bb6616e80afc3cad6 | http://www.w3.org/ns/org#classification > http://xmlns.com/foaf/0.1/Document
10/03/2026 10:53:46 -- 		 min: 0 (min found at subject)
10/03/2026 10:53:46 -- 		 max: 1 (max found at subject)
10/03/2026 10:53:46 -- 		 shacl-max: 1
10/03/2026 10:53:46 -- 	Nc10e98d23ee64568aee88bc82969f561 | http://www.w3.org/ns/org#classification > https://data.vlaanderen.be/id/concept/BesluitDocumentType/13fefad6-a9d6-4025-83b5-e4cbee3a8965
10/03/2026 10:53:46 -- 		 min: 0 (min found at subject)
10/03/2026 10:53:46 -- 		 max: 1 (max found at subject)
10/03/2026 10:53:46 -- 		 shacl-max: 1
10/03/2026 10:53:46 -- 	N99b4356442ab495eb7bd7e779477c998 | http://www.w3.org/ns/org#classification > https://data.vlaanderen.be/id/concept/BesluitDocumentType/3fa67785-ffdc-4b30-8880-2b99d97b4dee
10/03/2026 10:53:46 -- 		 min: 0 (min found at subject)
10/03/2026 10:53:46 -- 		 max: 1 (max found at subject)
10/03/2026 10:53:46 -- 		 shacl-max: 1
10/03/2026 10:53:46 -- 	Nb230930fec7a45e888084dbb7b92df68 | http://www.w3.org/ns/org#classification > https://data.vlaanderen.be/id/concept/BesluitDocumentType/8e791b27-7600-4577-b24e-c7c29e0eb773
10/03/2026 10:53:46 -- 		 min: 0 (min found at subject)
10/03/2026 10:53:46 -- 		 max: 1 (max found at subject)
10/03/2026 10:53:46 -- 		 shacl-max: 1
10/03/2026 10:53:46 -- 	N1a864c42a9104b32ae72a89c70ff80e1 | http://data.europa.eu/eli/ontology#related_to > http://xmlns.com/foaf/0.1/Document
10/03/2026 10:53:47 -- 		 min: 0 (min found at subject)
10/03/2026 10:53:47 -- 		 max: 12 (max found at subject)
10/03/2026 10:53:47 -- 	Na1180d39dff54a78b1f745e725eb5442 | http://data.europa.eu/eli/ontology#passed_by > http://data.vlaanderen.be/ns/besluit#Bestuurseenheid
10/03/2026 10:53:47 -- 		 min: 0 (min found at subject)
10/03/2026 10:53:47 -- 		 max: 9 (max found at subject)
10/03/2026 10:53:47 -- 	Nf73db746595240b0b5e2f0692f2d46c1 | http://data.europa.eu/eli/ontology#passed_by > http://data.vlaanderen.be/ns/besluit#Bestuursorgaan
10/03/2026 10:53:47 -- 		 min: 0 (min found at subject)
10/03/2026 10:53:47 -- 		 max: 9 (max found at subject)
10/03/2026 10:53:47 -- 	N69c83b42c407468dbc6a33192efb1434 | http://data.europa.eu/eli/ontology#passed_by > http://data.vlaanderen.be/ns/mandaat#Mandataris
10/03/2026 10:53:47 -- 		 min: 0 (min found at subject)
10/03/2026 10:53:47 -- 		 max: 9 (max found at subject)
10/03/2026 10:53:47 -- 	N88c9b14d1fdc4cc79fcfb010df2a9326 | http://data.europa.eu/eli/ontology#passed_by > http://www.w3.org/2004/02/skos/core#Concept
10/03/2026 10:53:47 -- 		 min: 0 (min found at subject)
10/03/2026 10:53:47 -- 		 max: 9 (max found at subject)
10/03/2026 10:53:47 -- 	Nca238e0eb7c0439c94dbd0047b2f76aa | http://data.europa.eu/eli/ontology#passed_by > http://xmlns.com/foaf/0.1/Document
10/03/2026 10:53:47 -- 		 min: 0 (min found at subject)
10/03/2026 10:53:47 -- 		 max: 1 (max found at subject)
10/03/2026 10:53:47 -- 		 shacl-max: 1
10/03/2026 10:53:47 -- 	Nad3dfbb30ef9424c8769ee84db1941ae | http://data.europa.eu/eli/ontology#passed_by > https://data.vlaanderen.be/id/concept/BesluitDocumentType/13fefad6-a9d6-4025-83b5-e4cbee3a8965
10/03/2026 10:53:47 -- 		 min: 0 (min found at subject)
10/03/2026 10:53:47 -- 		 max: 1 (max found at subject)
10/03/2026 10:53:47 -- 		 shacl-max: 1
10/03/2026 10:53:47 -- 	N4e02bb3839654415b630836ab3079bc4 | http://data.europa.eu/eli/ontology#passed_by > https://data.vlaanderen.be/id/concept/BesluitDocumentType/3fa67785-ffdc-4b30-8880-2b99d97b4dee
10/03/2026 10:53:48 -- 		 min: 0 (min found at subject)
10/03/2026 10:53:48 -- 		 max: 1 (max found at subject)
10/03/2026 10:53:48 -- 		 shacl-max: 1
10/03/2026 10:53:48 -- 	N51aeb2262a184444b6ed7b5392104215 | http://data.europa.eu/eli/ontology#passed_by > https://data.vlaanderen.be/id/concept/BesluitDocumentType/8e791b27-7600-4577-b24e-c7c29e0eb773
10/03/2026 10:53:48 -- 		 min: 0 (min found at subject)
10/03/2026 10:53:48 -- 		 max: 1 (max found at subject)
10/03/2026 10:53:48 -- 		 shacl-max: 1
10/03/2026 10:53:48 -- http://example.com/shapes/e04207cd-024c-45f0-9bf8-3effff61e121 ~ https://data.vlaanderen.be/id/concept/BesluitDocumentType/13fefad6-a9d6-4025-83b5-e4cbee3a8965
10/03/2026 10:53:48 -- 	N90958e4b389b44b1b5625f73999641f3 | http://purl.org/dc/terms/type > [no object/datatype]
10/03/2026 10:53:48 -- 		 min: 0 (min found at subject)
10/03/2026 10:53:48 -- 		 max: 1 (max found at subject)
10/03/2026 10:53:48 -- 		 shacl-max: 1
10/03/2026 10:53:48 -- 	N518c2db69422451c986a6ccfbf19eaea | http://www.w3.org/ns/rdfa#usesVocabulary > [no object/datatype]
10/03/2026 10:53:48 -- 		 min: 0 (min found at subject)
10/03/2026 10:53:48 -- 		 max: 1 (max found at subject)
10/03/2026 10:53:48 -- 		 shacl-max: 1
10/03/2026 10:53:48 -- 	N1d50ebc065b4424d9c50b3e15a1a4efe | http://www.w3.org/ns/prov#wasDerivedFrom > http://data.vlaanderen.be/ns/besluit#Bestuurseenheid
10/03/2026 10:53:48 -- 		 min: 0 (min found at subject)
10/03/2026 10:53:48 -- 		 max: 9 (max found at subject)
10/03/2026 10:53:48 -- 	N27ab49f7987241d0b00d0f9abaf5a0fa | http://www.w3.org/ns/prov#wasDerivedFrom > http://data.vlaanderen.be/ns/besluit#Bestuursorgaan
10/03/2026 10:53:48 -- 		 min: 0 (min found at subject)
10/03/2026 10:53:48 -- 		 max: 9 (max found at subject)
10/03/2026 10:53:48 -- 	N9701bfaffea74d65bcb581a17bc3d8ff | http://www.w3.org/ns/prov#wasDerivedFrom > http://data.vlaanderen.be/ns/mandaat#Mandataris
10/03/2026 10:53:48 -- 		 min: 0 (min found at subject)
10/03/2026 10:53:48 -- 		 max: 9 (max found at subject)
10/03/2026 10:53:48 -- 	Na7e49bb636df466eaf23a0bb27cc563e | http://www.w3.org/ns/prov#wasDerivedFrom > http://www.w3.org/2004/02/skos/core#Concept
10/03/2026 10:53:48 -- 		 min: 0 (min found at subject)
10/03/2026 10:53:48 -- 		 max: 9 (max found at subject)
10/03/2026 10:53:48 -- 	N04aaf4115d134aea96b12072ce3c2f65 | http://www.w3.org/ns/prov#wasDerivedFrom > http://xmlns.com/foaf/0.1/Document
10/03/2026 10:53:48 -- 		 min: 0 (min found at subject)
10/03/2026 10:53:48 -- 		 max: 1 (max found at subject)
10/03/2026 10:53:48 -- 		 shacl-max: 1
10/03/2026 10:53:48 -- 	N1faf26d687094164bd2a4ce71427a028 | http://www.w3.org/ns/prov#wasDerivedFrom > https://data.vlaanderen.be/id/concept/BesluitDocumentType/13fefad6-a9d6-4025-83b5-e4cbee3a8965
10/03/2026 10:53:48 -- 		 min: 0 (min found at subject)
10/03/2026 10:53:48 -- 		 max: 1 (max found at subject)
10/03/2026 10:53:48 -- 		 shacl-max: 1
10/03/2026 10:53:48 -- 	N5df695c63caf44be9bf246b22d146bfd | http://www.w3.org/ns/prov#value > [no object/datatype]
10/03/2026 10:53:48 -- 		 min: 0 (min found at subject)
10/03/2026 10:53:48 -- 		 max: 2 (max found at subject)
10/03/2026 10:53:48 -- 	N4b2f007e11f249d58abb779084398e8e | http://www.w3.org/2004/02/skos/core#prefLabel > [no object/datatype]
10/03/2026 10:53:48 -- 		 min: 0 (min found at subject)
10/03/2026 10:53:48 -- 		 max: 1 (max found at subject)
10/03/2026 10:53:48 -- 		 shacl-max: 1
10/03/2026 10:53:48 -- 	N0afdd4a0554846eda49382383550272c | http://data.europa.eu/eli/ontology#related_to > http://xmlns.com/foaf/0.1/Document
10/03/2026 10:53:48 -- 		 min: 0 (min found at subject)
10/03/2026 10:53:48 -- 		 max: 5 (max found at subject)
10/03/2026 10:53:48 -- 	N7a2272e3de3b4abaa5cc00326c77f9ac | http://www.w3.org/ns/org#classification > http://data.vlaanderen.be/ns/besluit#Bestuurseenheid
10/03/2026 10:53:48 -- 		 min: 0 (min found at subject)
10/03/2026 10:53:48 -- 		 max: 1 (max found at subject)
10/03/2026 10:53:48 -- 		 shacl-max: 1
10/03/2026 10:53:48 -- 	Ne0b6037ef4ec449ebaa5a38682df9ec0 | http://www.w3.org/ns/org#classification > http://data.vlaanderen.be/ns/besluit#Bestuursorgaan
10/03/2026 10:53:48 -- 		 min: 0 (min found at subject)
10/03/2026 10:53:48 -- 		 max: 1 (max found at subject)
10/03/2026 10:53:48 -- 		 shacl-max: 1
10/03/2026 10:53:48 -- 	N1b72e410d0034a7e98b7125f789fc2a4 | http://www.w3.org/ns/org#classification > http://data.vlaanderen.be/ns/mandaat#Mandataris
10/03/2026 10:53:48 -- 		 min: 0 (min found at subject)
10/03/2026 10:53:48 -- 		 max: 1 (max found at subject)
10/03/2026 10:53:48 -- 		 shacl-max: 1
10/03/2026 10:53:48 -- 	N3281ad9b634d42c0af2fa6ccd25ff114 | http://www.w3.org/ns/org#classification > http://www.w3.org/2004/02/skos/core#Concept
10/03/2026 10:53:48 -- 		 min: 0 (min found at subject)
10/03/2026 10:53:48 -- 		 max: 2 (max found at subject)
10/03/2026 10:53:48 -- 	N6d0ef26cf499417d860c5fce6b1e54d8 | http://www.w3.org/ns/org#classification > http://xmlns.com/foaf/0.1/Document
10/03/2026 10:53:48 -- 		 min: 0 (min found at subject)
10/03/2026 10:53:48 -- 		 max: 1 (max found at subject)
10/03/2026 10:53:48 -- 		 shacl-max: 1
10/03/2026 10:53:48 -- 	Ne64681e307614b409624f71448377436 | http://www.w3.org/ns/org#classification > https://data.vlaanderen.be/id/concept/BesluitDocumentType/13fefad6-a9d6-4025-83b5-e4cbee3a8965
10/03/2026 10:53:48 -- 		 min: 0 (min found at subject)
10/03/2026 10:53:48 -- 		 max: 1 (max found at subject)
10/03/2026 10:53:48 -- 		 shacl-max: 1
10/03/2026 10:53:48 -- 	Nf1a4647979ad4f4299c5acd1a73720d7 | http://lblod.data.gift/vocabularies/besluit/extractedDecisionContent > [no object/datatype]
10/03/2026 10:53:48 -- 		 min: 0 (min found at subject)
10/03/2026 10:53:48 -- 		 max: 47 (max found at subject)
10/03/2026 10:53:48 -- 	N08d62c96e83b49f199ada228df5a06bd | http://data.europa.eu/eli/ontology#date_publication > [no object/datatype]
10/03/2026 10:53:48 -- 		 min: 0 (min found at subject)
10/03/2026 10:53:48 -- 		 max: 2 (max found at subject)
10/03/2026 10:53:48 -- 	N92bbdb872982419898501e52f6782063 | http://data.vlaanderen.be/ns/mandaat#isTijdspecialisatieVan > http://data.vlaanderen.be/ns/besluit#Bestuurseenheid
10/03/2026 10:53:48 -- 		 min: 0 (min found at subject)
10/03/2026 10:53:48 -- 		 max: 1 (max found at subject)
10/03/2026 10:53:48 -- 		 shacl-max: 1
10/03/2026 10:53:48 -- 	N2aef72b771ba4dec9126fac1be6970d3 | http://data.vlaanderen.be/ns/mandaat#isTijdspecialisatieVan > http://data.vlaanderen.be/ns/besluit#Bestuursorgaan
10/03/2026 10:53:48 -- 		 min: 0 (min found at subject)
10/03/2026 10:53:48 -- 		 max: 1 (max found at subject)
10/03/2026 10:53:48 -- 		 shacl-max: 1
10/03/2026 10:53:48 -- 	N5f75f2981056491cb1db708c787e7294 | http://data.vlaanderen.be/ns/mandaat#isTijdspecialisatieVan > http://data.vlaanderen.be/ns/mandaat#Mandataris
10/03/2026 10:53:48 -- 		 min: 0 (min found at subject)
10/03/2026 10:53:48 -- 		 max: 1 (max found at subject)
10/03/2026 10:53:48 -- 		 shacl-max: 1
10/03/2026 10:53:48 -- 	N061348bc1b674d298019a05b271676cb | http://data.vlaanderen.be/ns/mandaat#isTijdspecialisatieVan > http://www.w3.org/2004/02/skos/core#Concept
10/03/2026 10:53:48 -- 		 min: 0 (min found at subject)
10/03/2026 10:53:48 -- 		 max: 1 (max found at subject)
10/03/2026 10:53:48 -- 		 shacl-max: 1
10/03/2026 10:53:48 -- 	Nc2f3e64a1fc44c819aca492c30802304 | http://data.vlaanderen.be/ns/mandaat#isTijdspecialisatieVan > http://xmlns.com/foaf/0.1/Document
10/03/2026 10:53:48 -- 		 min: 0 (min found at subject)
10/03/2026 10:53:48 -- 		 max: 1 (max found at subject)
10/03/2026 10:53:48 -- 		 shacl-max: 1
10/03/2026 10:53:48 -- 	Nd9f0d8a72f66491186ea2d3a5b290b13 | http://data.vlaanderen.be/ns/mandaat#isTijdspecialisatieVan > https://data.vlaanderen.be/id/concept/BesluitDocumentType/13fefad6-a9d6-4025-83b5-e4cbee3a8965
10/03/2026 10:53:48 -- 		 min: 0 (min found at subject)
10/03/2026 10:53:48 -- 		 max: 1 (max found at subject)
10/03/2026 10:53:48 -- 		 shacl-max: 1
10/03/2026 10:53:48 -- 	N6ddfd8179157483cb8c94ec3da39295a | http://mu.semte.ch/vocabularies/core/uuid > [no object/datatype]
10/03/2026 10:53:48 -- 		 min: 1 (min found at subject)
10/03/2026 10:53:48 -- 		 max: 1 (max found at subject)
10/03/2026 10:53:48 -- 		 shacl-min: 1
10/03/2026 10:53:48 -- 		 shacl-max: 1
10/03/2026 10:53:48 -- 	N4e55ce669a0c4b2e8b44c747bca6466b | http://data.europa.eu/eli/ontology#passed_by > http://data.vlaanderen.be/ns/besluit#Bestuurseenheid
10/03/2026 10:53:48 -- 		 min: 0 (min found at subject)
10/03/2026 10:53:48 -- 		 max: 9 (max found at subject)
10/03/2026 10:53:48 -- 	N530e303806404678b07c7b5e6020171d | http://data.europa.eu/eli/ontology#passed_by > http://data.vlaanderen.be/ns/besluit#Bestuursorgaan
10/03/2026 10:53:48 -- 		 min: 0 (min found at subject)
10/03/2026 10:53:48 -- 		 max: 9 (max found at subject)
10/03/2026 10:53:48 -- 	Nb52c996f18294d118925b43ffd461966 | http://data.europa.eu/eli/ontology#passed_by > http://data.vlaanderen.be/ns/mandaat#Mandataris
10/03/2026 10:53:48 -- 		 min: 0 (min found at subject)
10/03/2026 10:53:48 -- 		 max: 9 (max found at subject)
10/03/2026 10:53:48 -- 	N4e79330a32734edbbf8a8a78bc08a695 | http://data.europa.eu/eli/ontology#passed_by > http://www.w3.org/2004/02/skos/core#Concept
10/03/2026 10:53:48 -- 		 min: 0 (min found at subject)
10/03/2026 10:53:48 -- 		 max: 9 (max found at subject)
10/03/2026 10:53:48 -- 	N59e67de8c38848e280e0ce478dc80ed2 | http://data.europa.eu/eli/ontology#passed_by > http://xmlns.com/foaf/0.1/Document
10/03/2026 10:53:48 -- 		 min: 0 (min found at subject)
10/03/2026 10:53:48 -- 		 max: 1 (max found at subject)
10/03/2026 10:53:48 -- 		 shacl-max: 1
10/03/2026 10:53:48 -- 	N8c5634305dfd45cf8533eb6983d52f88 | http://data.europa.eu/eli/ontology#passed_by > https://data.vlaanderen.be/id/concept/BesluitDocumentType/13fefad6-a9d6-4025-83b5-e4cbee3a8965
10/03/2026 10:53:48 -- 		 min: 0 (min found at subject)
10/03/2026 10:53:48 -- 		 max: 1 (max found at subject)
10/03/2026 10:53:48 -- 		 shacl-max: 1
10/03/2026 10:53:48 -- 	N8c24a0e5129244fcbc568dab83c556c6 | http://data.vlaanderen.be/ns/besluit#bestuurt > http://data.vlaanderen.be/ns/besluit#Bestuurseenheid
10/03/2026 10:53:48 -- 		 min: 0 (min found at subject)
10/03/2026 10:53:48 -- 		 max: 1 (max found at subject)
10/03/2026 10:53:48 -- 		 shacl-max: 1
10/03/2026 10:53:48 -- 	N9fafd9a50c19469da2108bce6c79834b | http://data.vlaanderen.be/ns/besluit#bestuurt > http://data.vlaanderen.be/ns/besluit#Bestuursorgaan
10/03/2026 10:53:48 -- 		 min: 0 (min found at subject)
10/03/2026 10:53:48 -- 		 max: 1 (max found at subject)
10/03/2026 10:53:48 -- 		 shacl-max: 1
10/03/2026 10:53:48 -- 	N2f50d8e902b04a869940e76355e1be38 | http://data.vlaanderen.be/ns/besluit#bestuurt > http://data.vlaanderen.be/ns/mandaat#Mandataris
10/03/2026 10:53:48 -- 		 min: 0 (min found at subject)
10/03/2026 10:53:48 -- 		 max: 1 (max found at subject)
10/03/2026 10:53:48 -- 		 shacl-max: 1
10/03/2026 10:53:48 -- 	N84b3eb10757a4d859c7ebab90a3ca238 | http://data.vlaanderen.be/ns/besluit#bestuurt > http://www.w3.org/2004/02/skos/core#Concept
10/03/2026 10:53:48 -- 		 min: 0 (min found at subject)
10/03/2026 10:53:48 -- 		 max: 1 (max found at subject)
10/03/2026 10:53:48 -- 		 shacl-max: 1
10/03/2026 10:53:48 -- 	N41726fdce5c9408abf3abb8a8501abd2 | http://data.vlaanderen.be/ns/besluit#bestuurt > http://xmlns.com/foaf/0.1/Document
10/03/2026 10:53:48 -- 		 min: 0 (min found at subject)
10/03/2026 10:53:48 -- 		 max: 1 (max found at subject)
10/03/2026 10:53:48 -- 		 shacl-max: 1
10/03/2026 10:53:48 -- 	N71f9e6268eb8482da5d450a1696ab95a | http://data.vlaanderen.be/ns/besluit#bestuurt > https://data.vlaanderen.be/id/concept/BesluitDocumentType/13fefad6-a9d6-4025-83b5-e4cbee3a8965
10/03/2026 10:53:48 -- 		 min: 0 (min found at subject)
10/03/2026 10:53:48 -- 		 max: 1 (max found at subject)
10/03/2026 10:53:48 -- 		 shacl-max: 1
10/03/2026 10:53:48 -- http://example.com/shapes/8674bd8b-23ab-496f-8c8d-35f4a41575c9 ~ https://data.vlaanderen.be/id/concept/BesluitDocumentType/3fa67785-ffdc-4b30-8880-2b99d97b4dee
10/03/2026 10:53:48 -- 	N033f5b099b28424ea65141308eec9e51 | http://www.w3.org/2004/02/skos/core#prefLabel > [no object/datatype]
10/03/2026 10:53:48 -- 		 min: 0 (min found at subject)
10/03/2026 10:53:48 -- 		 max: 1 (max found at subject)
10/03/2026 10:53:48 -- 		 shacl-max: 1
10/03/2026 10:53:48 -- 	N69fa714480374390814363c4f628a7fd | http://data.europa.eu/eli/ontology#related_to > http://xmlns.com/foaf/0.1/Document
10/03/2026 10:53:48 -- 		 min: 0 (min found at subject)
10/03/2026 10:53:48 -- 		 max: 12 (max found at subject)
10/03/2026 10:53:48 -- 	N6dfd3c1af0344a51b1d50a0cf7702451 | http://www.w3.org/ns/prov#wasDerivedFrom > http://data.vlaanderen.be/ns/besluit#Bestuurseenheid
10/03/2026 10:53:48 -- 		 min: 0 (min found at subject)
10/03/2026 10:53:48 -- 		 max: 9 (max found at subject)
10/03/2026 10:53:48 -- 	N9ffb161120914bc9ba1b6664154dfe06 | http://www.w3.org/ns/prov#wasDerivedFrom > http://data.vlaanderen.be/ns/besluit#Bestuursorgaan
10/03/2026 10:53:48 -- 		 min: 0 (min found at subject)
10/03/2026 10:53:48 -- 		 max: 9 (max found at subject)
10/03/2026 10:53:48 -- 	N55e739afea2e464e892b8b71a2a7aab7 | http://www.w3.org/ns/prov#wasDerivedFrom > http://data.vlaanderen.be/ns/mandaat#Mandataris
10/03/2026 10:53:48 -- 		 min: 0 (min found at subject)
10/03/2026 10:53:48 -- 		 max: 9 (max found at subject)
10/03/2026 10:53:48 -- 	Nc58d090d0ac14a3c9656f7ffe656354b | http://www.w3.org/ns/prov#wasDerivedFrom > http://www.w3.org/2004/02/skos/core#Concept
10/03/2026 10:53:48 -- 		 min: 0 (min found at subject)
10/03/2026 10:53:48 -- 		 max: 9 (max found at subject)
10/03/2026 10:53:48 -- 	N083062303580456f9e2d9b4436aa8b97 | http://www.w3.org/ns/prov#wasDerivedFrom > http://xmlns.com/foaf/0.1/Document
10/03/2026 10:53:48 -- 		 min: 0 (min found at subject)
10/03/2026 10:53:48 -- 		 max: 1 (max found at subject)
10/03/2026 10:53:48 -- 		 shacl-max: 1
10/03/2026 10:53:48 -- 	Na24255d7294747af93d06858100abe34 | http://www.w3.org/ns/prov#wasDerivedFrom > https://data.vlaanderen.be/id/concept/BesluitDocumentType/3fa67785-ffdc-4b30-8880-2b99d97b4dee
10/03/2026 10:53:48 -- 		 min: 0 (min found at subject)
10/03/2026 10:53:48 -- 		 max: 1 (max found at subject)
10/03/2026 10:53:48 -- 		 shacl-max: 1
10/03/2026 10:53:48 -- 	N9457ea98d85b446a80efc48bcc535761 | http://data.europa.eu/eli/ontology#passed_by > http://data.vlaanderen.be/ns/besluit#Bestuurseenheid
10/03/2026 10:53:48 -- 		 min: 0 (min found at subject)
10/03/2026 10:53:48 -- 		 max: 9 (max found at subject)
10/03/2026 10:53:48 -- 	Na452a99a720c4c3e86afb8f6bffa7fad | http://data.europa.eu/eli/ontology#passed_by > http://data.vlaanderen.be/ns/besluit#Bestuursorgaan
10/03/2026 10:53:48 -- 		 min: 0 (min found at subject)
10/03/2026 10:53:48 -- 		 max: 9 (max found at subject)
10/03/2026 10:53:48 -- 	Nfb6545e292284145834aaea79f018f21 | http://data.europa.eu/eli/ontology#passed_by > http://data.vlaanderen.be/ns/mandaat#Mandataris
10/03/2026 10:53:48 -- 		 min: 0 (min found at subject)
10/03/2026 10:53:48 -- 		 max: 9 (max found at subject)
10/03/2026 10:53:48 -- 	Nf3f5f304349d4b17b3a8213c942bd7f4 | http://data.europa.eu/eli/ontology#passed_by > http://www.w3.org/2004/02/skos/core#Concept
10/03/2026 10:53:48 -- 		 min: 0 (min found at subject)
10/03/2026 10:53:48 -- 		 max: 9 (max found at subject)
10/03/2026 10:53:48 -- 	Nb85976f2b86045a099f5034414739e45 | http://data.europa.eu/eli/ontology#passed_by > http://xmlns.com/foaf/0.1/Document
10/03/2026 10:53:48 -- 		 min: 0 (min found at subject)
10/03/2026 10:53:48 -- 		 max: 1 (max found at subject)
10/03/2026 10:53:48 -- 		 shacl-max: 1
10/03/2026 10:53:48 -- 	N93fe21a30cd149b7ade6c12965fd2c42 | http://data.europa.eu/eli/ontology#passed_by > https://data.vlaanderen.be/id/concept/BesluitDocumentType/3fa67785-ffdc-4b30-8880-2b99d97b4dee
10/03/2026 10:53:48 -- 		 min: 0 (min found at subject)
10/03/2026 10:53:48 -- 		 max: 1 (max found at subject)
10/03/2026 10:53:48 -- 		 shacl-max: 1
10/03/2026 10:53:48 -- 	Neda931a057c44c149a90ccde501973b9 | http://data.vlaanderen.be/ns/mandaat#isTijdspecialisatieVan > http://data.vlaanderen.be/ns/besluit#Bestuurseenheid
10/03/2026 10:53:48 -- 		 min: 0 (min found at subject)
10/03/2026 10:53:48 -- 		 max: 1 (max found at subject)
10/03/2026 10:53:48 -- 		 shacl-max: 1
10/03/2026 10:53:48 -- 	N25599e1f75c74633acf0cbf51c097651 | http://data.vlaanderen.be/ns/mandaat#isTijdspecialisatieVan > http://data.vlaanderen.be/ns/besluit#Bestuursorgaan
10/03/2026 10:53:48 -- 		 min: 0 (min found at subject)
10/03/2026 10:53:48 -- 		 max: 1 (max found at subject)
10/03/2026 10:53:48 -- 		 shacl-max: 1
10/03/2026 10:53:48 -- 	N3be341a568e9401ab3bb46ecf65d7c14 | http://data.vlaanderen.be/ns/mandaat#isTijdspecialisatieVan > http://data.vlaanderen.be/ns/mandaat#Mandataris
10/03/2026 10:53:48 -- 		 min: 0 (min found at subject)
10/03/2026 10:53:48 -- 		 max: 1 (max found at subject)
10/03/2026 10:53:48 -- 		 shacl-max: 1
10/03/2026 10:53:48 -- 	N0ad1200b66384534af64ab92bf270176 | http://data.vlaanderen.be/ns/mandaat#isTijdspecialisatieVan > http://www.w3.org/2004/02/skos/core#Concept
10/03/2026 10:53:48 -- 		 min: 0 (min found at subject)
10/03/2026 10:53:48 -- 		 max: 1 (max found at subject)
10/03/2026 10:53:48 -- 		 shacl-max: 1
10/03/2026 10:53:48 -- 	N624b2025fd6f47569bd35407ebc0ae3f | http://data.vlaanderen.be/ns/mandaat#isTijdspecialisatieVan > http://xmlns.com/foaf/0.1/Document
10/03/2026 10:53:48 -- 		 min: 0 (min found at subject)
10/03/2026 10:53:48 -- 		 max: 1 (max found at subject)
10/03/2026 10:53:48 -- 		 shacl-max: 1
10/03/2026 10:53:48 -- 	Nabfb41738e0a43598a3126f64c61d297 | http://data.vlaanderen.be/ns/mandaat#isTijdspecialisatieVan > https://data.vlaanderen.be/id/concept/BesluitDocumentType/3fa67785-ffdc-4b30-8880-2b99d97b4dee
10/03/2026 10:53:48 -- 		 min: 0 (min found at subject)
10/03/2026 10:53:48 -- 		 max: 1 (max found at subject)
10/03/2026 10:53:48 -- 		 shacl-max: 1
10/03/2026 10:53:48 -- 	Nfa6111ccbef3496299c296ba9d663753 | http://www.w3.org/ns/prov#value > [no object/datatype]
10/03/2026 10:53:49 -- 		 min: 0 (min found at subject)
10/03/2026 10:53:49 -- 		 max: 4 (max found at subject)
10/03/2026 10:53:49 -- 	N144222784fdf42c58200dd794590168d | http://www.w3.org/ns/rdfa#usesVocabulary > [no object/datatype]
10/03/2026 10:53:49 -- 		 min: 0 (min found at subject)
10/03/2026 10:53:49 -- 		 max: 1 (max found at subject)
10/03/2026 10:53:49 -- 		 shacl-max: 1
10/03/2026 10:53:49 -- 	Nc55f7a9ab2e04e7184604c61db31cacd | http://purl.org/dc/terms/type > [no object/datatype]
10/03/2026 10:53:49 -- 		 min: 0 (min found at subject)
10/03/2026 10:53:49 -- 		 max: 1 (max found at subject)
10/03/2026 10:53:49 -- 		 shacl-max: 1
10/03/2026 10:53:49 -- 	Na35ef5e196de4aa9b0334d04ca2f229a | http://www.w3.org/ns/org#classification > http://data.vlaanderen.be/ns/besluit#Bestuurseenheid
10/03/2026 10:53:49 -- 		 min: 0 (min found at subject)
10/03/2026 10:53:49 -- 		 max: 1 (max found at subject)
10/03/2026 10:53:49 -- 		 shacl-max: 1
10/03/2026 10:53:49 -- 	Nb1b9209db4014ed0bd0bf7db20ed1401 | http://www.w3.org/ns/org#classification > http://data.vlaanderen.be/ns/besluit#Bestuursorgaan
10/03/2026 10:53:49 -- 		 min: 0 (min found at subject)
10/03/2026 10:53:49 -- 		 max: 1 (max found at subject)
10/03/2026 10:53:49 -- 		 shacl-max: 1
10/03/2026 10:53:49 -- 	Nb754ee08aba7464cb1a7b3440ce1b0c8 | http://www.w3.org/ns/org#classification > http://data.vlaanderen.be/ns/mandaat#Mandataris
10/03/2026 10:53:49 -- 		 min: 0 (min found at subject)
10/03/2026 10:53:49 -- 		 max: 1 (max found at subject)
10/03/2026 10:53:49 -- 		 shacl-max: 1
10/03/2026 10:53:49 -- 	N98d03ec6206f49bba6790a7743d03533 | http://www.w3.org/ns/org#classification > http://www.w3.org/2004/02/skos/core#Concept
10/03/2026 10:53:49 -- 		 min: 0 (min found at subject)
10/03/2026 10:53:49 -- 		 max: 2 (max found at subject)
10/03/2026 10:53:49 -- 	Nfc560805714d44b38dcf6c686b96ac20 | http://www.w3.org/ns/org#classification > http://xmlns.com/foaf/0.1/Document
10/03/2026 10:53:49 -- 		 min: 0 (min found at subject)
10/03/2026 10:53:49 -- 		 max: 1 (max found at subject)
10/03/2026 10:53:49 -- 		 shacl-max: 1
10/03/2026 10:53:49 -- 	N935a3201d47f4e6e86cd54369fe5faba | http://www.w3.org/ns/org#classification > https://data.vlaanderen.be/id/concept/BesluitDocumentType/3fa67785-ffdc-4b30-8880-2b99d97b4dee
10/03/2026 10:53:49 -- 		 min: 0 (min found at subject)
10/03/2026 10:53:49 -- 		 max: 1 (max found at subject)
10/03/2026 10:53:49 -- 		 shacl-max: 1
10/03/2026 10:53:49 -- 	N8e6166c9316b4fd09560a5e88c535389 | http://data.vlaanderen.be/ns/besluit#bestuurt > http://data.vlaanderen.be/ns/besluit#Bestuurseenheid
10/03/2026 10:53:49 -- 		 min: 0 (min found at subject)
10/03/2026 10:53:49 -- 		 max: 1 (max found at subject)
10/03/2026 10:53:49 -- 		 shacl-max: 1
10/03/2026 10:53:49 -- 	Nea083ea275b546d4a79989a3ea51c2e0 | http://data.vlaanderen.be/ns/besluit#bestuurt > http://data.vlaanderen.be/ns/besluit#Bestuursorgaan
10/03/2026 10:53:49 -- 		 min: 0 (min found at subject)
10/03/2026 10:53:49 -- 		 max: 1 (max found at subject)
10/03/2026 10:53:49 -- 		 shacl-max: 1
10/03/2026 10:53:49 -- 	N2f6c39f0bdd54aaeb86e0212095cbecf | http://data.vlaanderen.be/ns/besluit#bestuurt > http://data.vlaanderen.be/ns/mandaat#Mandataris
10/03/2026 10:53:49 -- 		 min: 0 (min found at subject)
10/03/2026 10:53:49 -- 		 max: 1 (max found at subject)
10/03/2026 10:53:49 -- 		 shacl-max: 1
10/03/2026 10:53:49 -- 	N43844093a54549e29224ecfb2a8c9604 | http://data.vlaanderen.be/ns/besluit#bestuurt > http://www.w3.org/2004/02/skos/core#Concept
10/03/2026 10:53:49 -- 		 min: 0 (min found at subject)
10/03/2026 10:53:49 -- 		 max: 1 (max found at subject)
10/03/2026 10:53:49 -- 		 shacl-max: 1
10/03/2026 10:53:49 -- 	Na8b35fbcaea64833b47cc86873dcdef9 | http://data.vlaanderen.be/ns/besluit#bestuurt > http://xmlns.com/foaf/0.1/Document
10/03/2026 10:53:49 -- 		 min: 0 (min found at subject)
10/03/2026 10:53:49 -- 		 max: 1 (max found at subject)
10/03/2026 10:53:49 -- 		 shacl-max: 1
10/03/2026 10:53:49 -- 	Necc61f6e55624d1cac5dda1089138afc | http://data.vlaanderen.be/ns/besluit#bestuurt > https://data.vlaanderen.be/id/concept/BesluitDocumentType/3fa67785-ffdc-4b30-8880-2b99d97b4dee
10/03/2026 10:53:49 -- 		 min: 0 (min found at subject)
10/03/2026 10:53:49 -- 		 max: 1 (max found at subject)
10/03/2026 10:53:49 -- 		 shacl-max: 1
10/03/2026 10:53:49 -- 	Na492ab028ddc4e93b2a64633a9d5a72d | http://mu.semte.ch/vocabularies/core/uuid > [no object/datatype]
10/03/2026 10:53:49 -- 		 min: 1 (min found at subject)
10/03/2026 10:53:49 -- 		 max: 1 (max found at subject)
10/03/2026 10:53:49 -- 		 shacl-min: 1
10/03/2026 10:53:49 -- 		 shacl-max: 1
10/03/2026 10:53:49 -- 	N174124d522f14b07a3a03f8fb5c7fefb | http://lblod.data.gift/vocabularies/besluit/extractedDecisionContent > [no object/datatype]
10/03/2026 10:53:49 -- 		 min: 0 (min found at subject)
10/03/2026 10:53:49 -- 		 max: 29 (max found at subject)
10/03/2026 10:53:49 -- 	N02f487a10fb54e359077ddcc71226250 | http://data.europa.eu/eli/ontology#date_publication > [no object/datatype]
10/03/2026 10:53:49 -- 		 min: 1 (min found at subject)
10/03/2026 10:53:49 -- 		 max: 9 (max found at subject)
10/03/2026 10:53:49 -- 		 shacl-min: 1
10/03/2026 10:53:49 -- http://example.com/shapes/250c7328-a810-4542-aa97-35d543cd333a ~ https://data.vlaanderen.be/id/concept/BesluitDocumentType/8e791b27-7600-4577-b24e-c7c29e0eb773
10/03/2026 10:53:49 -- 	N5e84625a353b488ab8b485486b9793fc | http://data.vlaanderen.be/ns/besluit#bestuurt > http://data.vlaanderen.be/ns/besluit#Bestuurseenheid
10/03/2026 10:53:49 -- 		 min: 0 (min found at subject)
10/03/2026 10:53:49 -- 		 max: 1 (max found at subject)
10/03/2026 10:53:49 -- 		 shacl-max: 1
10/03/2026 10:53:49 -- 	Nda1c1e479f164b56b12b8798435a57d6 | http://data.vlaanderen.be/ns/besluit#bestuurt > http://data.vlaanderen.be/ns/besluit#Bestuursorgaan
10/03/2026 10:53:49 -- 		 min: 0 (min found at subject)
10/03/2026 10:53:49 -- 		 max: 1 (max found at subject)
10/03/2026 10:53:49 -- 		 shacl-max: 1
10/03/2026 10:53:49 -- 	N1d528cf0b06340848463866568e18716 | http://data.vlaanderen.be/ns/besluit#bestuurt > http://data.vlaanderen.be/ns/mandaat#Mandataris
10/03/2026 10:53:49 -- 		 min: 0 (min found at subject)
10/03/2026 10:53:49 -- 		 max: 1 (max found at subject)
10/03/2026 10:53:49 -- 		 shacl-max: 1
10/03/2026 10:53:49 -- 	Na2312b6dc6b7471a967d84fc15e4df97 | http://data.vlaanderen.be/ns/besluit#bestuurt > http://www.w3.org/2004/02/skos/core#Concept
10/03/2026 10:53:49 -- 		 min: 0 (min found at subject)
10/03/2026 10:53:49 -- 		 max: 1 (max found at subject)
10/03/2026 10:53:49 -- 		 shacl-max: 1
10/03/2026 10:53:49 -- 	Nfa2935f276944206993ff99a7cb6bdf7 | http://data.vlaanderen.be/ns/besluit#bestuurt > http://xmlns.com/foaf/0.1/Document
10/03/2026 10:53:49 -- 		 min: 0 (min found at subject)
10/03/2026 10:53:49 -- 		 max: 1 (max found at subject)
10/03/2026 10:53:49 -- 		 shacl-max: 1
10/03/2026 10:53:49 -- 	Na195242d26c24bd5bce08b3e6bfd134a | http://data.vlaanderen.be/ns/besluit#bestuurt > https://data.vlaanderen.be/id/concept/BesluitDocumentType/8e791b27-7600-4577-b24e-c7c29e0eb773
10/03/2026 10:53:49 -- 		 min: 0 (min found at subject)
10/03/2026 10:53:49 -- 		 max: 1 (max found at subject)
10/03/2026 10:53:49 -- 		 shacl-max: 1
10/03/2026 10:53:49 -- 	Na47876658dce4962b384ac60c26d2ce5 | http://lblod.data.gift/vocabularies/besluit/extractedDecisionContent > [no object/datatype]
10/03/2026 10:53:49 -- 		 min: 0 (min found at subject)
10/03/2026 10:53:49 -- 		 max: 27 (max found at subject)
10/03/2026 10:53:49 -- 	Na6b92804065e477b97f86dcfc734ba1d | http://www.w3.org/ns/prov#value > [no object/datatype]
10/03/2026 10:53:49 -- 		 min: 0 (min found at subject)
10/03/2026 10:53:49 -- 		 max: 3 (max found at subject)
10/03/2026 10:53:49 -- 	N8a5d70123b2a47dbb20b4da731769b8e | http://www.w3.org/ns/rdfa#usesVocabulary > [no object/datatype]
10/03/2026 10:53:49 -- 		 min: 0 (min found at subject)
10/03/2026 10:53:49 -- 		 max: 1 (max found at subject)
10/03/2026 10:53:49 -- 		 shacl-max: 1
10/03/2026 10:53:49 -- 	Ne6da4f3e5b67483292d3ee2a3d742c7c | http://data.europa.eu/eli/ontology#related_to > http://xmlns.com/foaf/0.1/Document
10/03/2026 10:53:49 -- 		 min: 0 (min found at subject)
10/03/2026 10:53:49 -- 		 max: 12 (max found at subject)
10/03/2026 10:53:49 -- 	N7d01443bf2674a9a8fad193e20f860c2 | http://data.europa.eu/eli/ontology#passed_by > http://data.vlaanderen.be/ns/besluit#Bestuurseenheid
10/03/2026 10:53:49 -- 		 min: 0 (min found at subject)
10/03/2026 10:53:49 -- 		 max: 9 (max found at subject)
10/03/2026 10:53:49 -- 	Ndc395e8a85e24440a7157252dd9bafcf | http://data.europa.eu/eli/ontology#passed_by > http://data.vlaanderen.be/ns/besluit#Bestuursorgaan
10/03/2026 10:53:49 -- 		 min: 0 (min found at subject)
10/03/2026 10:53:49 -- 		 max: 9 (max found at subject)
10/03/2026 10:53:49 -- 	N026d36c3998e40e68b62648d7253fc4e | http://data.europa.eu/eli/ontology#passed_by > http://data.vlaanderen.be/ns/mandaat#Mandataris
10/03/2026 10:53:49 -- 		 min: 0 (min found at subject)
10/03/2026 10:53:49 -- 		 max: 9 (max found at subject)
10/03/2026 10:53:49 -- 	N0f342cfd69b645069a303651085a7dbc | http://data.europa.eu/eli/ontology#passed_by > http://www.w3.org/2004/02/skos/core#Concept
10/03/2026 10:53:49 -- 		 min: 0 (min found at subject)
10/03/2026 10:53:49 -- 		 max: 9 (max found at subject)
10/03/2026 10:53:49 -- 	Ne6e8a8c9e32d4fa9b3cc390a34423076 | http://data.europa.eu/eli/ontology#passed_by > http://xmlns.com/foaf/0.1/Document
10/03/2026 10:53:49 -- 		 min: 0 (min found at subject)
10/03/2026 10:53:49 -- 		 max: 1 (max found at subject)
10/03/2026 10:53:49 -- 		 shacl-max: 1
10/03/2026 10:53:49 -- 	N0c4fa0f5e97345d3b43c45da476753a0 | http://data.europa.eu/eli/ontology#passed_by > https://data.vlaanderen.be/id/concept/BesluitDocumentType/8e791b27-7600-4577-b24e-c7c29e0eb773
10/03/2026 10:53:49 -- 		 min: 0 (min found at subject)
10/03/2026 10:53:49 -- 		 max: 1 (max found at subject)
10/03/2026 10:53:49 -- 		 shacl-max: 1
10/03/2026 10:53:49 -- 	Nc073efd1367641d7a2270570b265fd80 | http://data.europa.eu/eli/ontology#date_publication > [no object/datatype]
10/03/2026 10:53:49 -- 		 min: 1 (min found at subject)
10/03/2026 10:53:49 -- 		 max: 2 (max found at subject)
10/03/2026 10:53:49 -- 		 shacl-min: 1
10/03/2026 10:53:49 -- 	N181abb54a21049eca92487a6e2ee892f | http://www.w3.org/ns/org#classification > http://data.vlaanderen.be/ns/besluit#Bestuurseenheid
10/03/2026 10:53:49 -- 		 min: 0 (min found at subject)
10/03/2026 10:53:49 -- 		 max: 1 (max found at subject)
10/03/2026 10:53:49 -- 		 shacl-max: 1
10/03/2026 10:53:49 -- 	N76b4a42247be49759849125fc8ace482 | http://www.w3.org/ns/org#classification > http://data.vlaanderen.be/ns/besluit#Bestuursorgaan
10/03/2026 10:53:49 -- 		 min: 0 (min found at subject)
10/03/2026 10:53:49 -- 		 max: 1 (max found at subject)
10/03/2026 10:53:49 -- 		 shacl-max: 1
10/03/2026 10:53:49 -- 	Nbc9df2e88e8445d3a26c914d799fd7ea | http://www.w3.org/ns/org#classification > http://data.vlaanderen.be/ns/mandaat#Mandataris
10/03/2026 10:53:49 -- 		 min: 0 (min found at subject)
10/03/2026 10:53:49 -- 		 max: 1 (max found at subject)
10/03/2026 10:53:49 -- 		 shacl-max: 1
10/03/2026 10:53:49 -- 	N03b1e00703254338990150f92f7c769b | http://www.w3.org/ns/org#classification > http://www.w3.org/2004/02/skos/core#Concept
10/03/2026 10:53:49 -- 		 min: 0 (min found at subject)
10/03/2026 10:53:49 -- 		 max: 1 (max found at subject)
10/03/2026 10:53:49 -- 		 shacl-max: 1
10/03/2026 10:53:49 -- 	N272aa3b319aa48a7b5e5a233a6c04fba | http://www.w3.org/ns/org#classification > http://xmlns.com/foaf/0.1/Document
10/03/2026 10:53:49 -- 		 min: 0 (min found at subject)
10/03/2026 10:53:49 -- 		 max: 1 (max found at subject)
10/03/2026 10:53:49 -- 		 shacl-max: 1
10/03/2026 10:53:49 -- 	Na38ef07e036343e89996aff88bf9ed33 | http://www.w3.org/ns/org#classification > https://data.vlaanderen.be/id/concept/BesluitDocumentType/8e791b27-7600-4577-b24e-c7c29e0eb773
10/03/2026 10:53:49 -- 		 min: 0 (min found at subject)
10/03/2026 10:53:49 -- 		 max: 1 (max found at subject)
10/03/2026 10:53:49 -- 		 shacl-max: 1
10/03/2026 10:53:49 -- 	Nc0cc991d9aa046f4a54f4987f7eb7664 | http://www.w3.org/2004/02/skos/core#prefLabel > [no object/datatype]
10/03/2026 10:53:49 -- 		 min: 0 (min found at subject)
10/03/2026 10:53:49 -- 		 max: 1 (max found at subject)
10/03/2026 10:53:49 -- 		 shacl-max: 1
10/03/2026 10:53:49 -- 	N33122c5aa5c041658b5ae92416cd29ed | http://www.w3.org/ns/prov#wasDerivedFrom > http://data.vlaanderen.be/ns/besluit#Bestuurseenheid
10/03/2026 10:53:49 -- 		 min: 0 (min found at subject)
10/03/2026 10:53:49 -- 		 max: 9 (max found at subject)
10/03/2026 10:53:49 -- 	Nbb8e127f7eaa4b4b95f4d7f39c85a112 | http://www.w3.org/ns/prov#wasDerivedFrom > http://data.vlaanderen.be/ns/besluit#Bestuursorgaan
10/03/2026 10:53:49 -- 		 min: 0 (min found at subject)
10/03/2026 10:53:49 -- 		 max: 9 (max found at subject)
10/03/2026 10:53:49 -- 	N89ce0c9de93b4c46a1e6ad48ec1687c1 | http://www.w3.org/ns/prov#wasDerivedFrom > http://data.vlaanderen.be/ns/mandaat#Mandataris
10/03/2026 10:53:49 -- 		 min: 0 (min found at subject)
10/03/2026 10:53:49 -- 		 max: 9 (max found at subject)
10/03/2026 10:53:49 -- 	N92c24c2c7a08489582b9cdd132a91379 | http://www.w3.org/ns/prov#wasDerivedFrom > http://www.w3.org/2004/02/skos/core#Concept
10/03/2026 10:53:49 -- 		 min: 0 (min found at subject)
10/03/2026 10:53:49 -- 		 max: 9 (max found at subject)
10/03/2026 10:53:49 -- 	Nb46c0c1eaba14c26ab40cd610ca97dbd | http://www.w3.org/ns/prov#wasDerivedFrom > http://xmlns.com/foaf/0.1/Document
10/03/2026 10:53:49 -- 		 min: 0 (min found at subject)
10/03/2026 10:53:49 -- 		 max: 1 (max found at subject)
10/03/2026 10:53:49 -- 		 shacl-max: 1
10/03/2026 10:53:49 -- 	N9e57612c79ea448ba13294c1ce4a6251 | http://www.w3.org/ns/prov#wasDerivedFrom > https://data.vlaanderen.be/id/concept/BesluitDocumentType/8e791b27-7600-4577-b24e-c7c29e0eb773
10/03/2026 10:53:49 -- 		 min: 0 (min found at subject)
10/03/2026 10:53:49 -- 		 max: 1 (max found at subject)
10/03/2026 10:53:49 -- 		 shacl-max: 1
10/03/2026 10:53:49 -- 	Nd580546b143746149383099add1fb1a8 | http://data.vlaanderen.be/ns/mandaat#isTijdspecialisatieVan > http://data.vlaanderen.be/ns/besluit#Bestuurseenheid
10/03/2026 10:53:49 -- 		 min: 0 (min found at subject)
10/03/2026 10:53:49 -- 		 max: 1 (max found at subject)
10/03/2026 10:53:49 -- 		 shacl-max: 1
10/03/2026 10:53:49 -- 	N905abc1a4e4c49ef8d4bb464115e39f4 | http://data.vlaanderen.be/ns/mandaat#isTijdspecialisatieVan > http://data.vlaanderen.be/ns/besluit#Bestuursorgaan
10/03/2026 10:53:49 -- 		 min: 0 (min found at subject)
10/03/2026 10:53:49 -- 		 max: 1 (max found at subject)
10/03/2026 10:53:49 -- 		 shacl-max: 1
10/03/2026 10:53:49 -- 	N9389b6c2c1c0463bbf90695f220c17dc | http://data.vlaanderen.be/ns/mandaat#isTijdspecialisatieVan > http://data.vlaanderen.be/ns/mandaat#Mandataris
10/03/2026 10:53:49 -- 		 min: 0 (min found at subject)
10/03/2026 10:53:49 -- 		 max: 1 (max found at subject)
10/03/2026 10:53:49 -- 		 shacl-max: 1
10/03/2026 10:53:49 -- 	Nb529a82a0ca04bbcaee68c646db7dff7 | http://data.vlaanderen.be/ns/mandaat#isTijdspecialisatieVan > http://www.w3.org/2004/02/skos/core#Concept
10/03/2026 10:53:49 -- 		 min: 0 (min found at subject)
10/03/2026 10:53:49 -- 		 max: 1 (max found at subject)
10/03/2026 10:53:49 -- 		 shacl-max: 1
10/03/2026 10:53:49 -- 	N18cfc931184044639c3f252c39e2eab3 | http://data.vlaanderen.be/ns/mandaat#isTijdspecialisatieVan > http://xmlns.com/foaf/0.1/Document
10/03/2026 10:53:49 -- 		 min: 0 (min found at subject)
10/03/2026 10:53:49 -- 		 max: 1 (max found at subject)
10/03/2026 10:53:49 -- 		 shacl-max: 1
10/03/2026 10:53:49 -- 	N9cd0097c795b42c7b3beac25a054f114 | http://data.vlaanderen.be/ns/mandaat#isTijdspecialisatieVan > https://data.vlaanderen.be/id/concept/BesluitDocumentType/8e791b27-7600-4577-b24e-c7c29e0eb773
10/03/2026 10:53:49 -- 		 min: 0 (min found at subject)
10/03/2026 10:53:49 -- 		 max: 1 (max found at subject)
10/03/2026 10:53:49 -- 		 shacl-max: 1
10/03/2026 10:53:49 -- 	N47c0410e0c2845feac950dfb9eddb2e0 | http://purl.org/dc/terms/type > [no object/datatype]
10/03/2026 10:53:49 -- 		 min: 0 (min found at subject)
10/03/2026 10:53:49 -- 		 max: 1 (max found at subject)
10/03/2026 10:53:49 -- 		 shacl-max: 1
10/03/2026 10:53:49 -- 	Na45dd0d444854f9f82103f81ce80827a | http://mu.semte.ch/vocabularies/core/uuid > [no object/datatype]
10/03/2026 10:53:49 -- 		 min: 1 (min found at subject)
10/03/2026 10:53:49 -- 		 max: 1 (max found at subject)
10/03/2026 10:53:49 -- 		 shacl-min: 1
10/03/2026 10:53:49 -- 		 shacl-max: 1
10/03/2026 10:53:49 -- http://example.com/shapes/a703c7eb-324d-4cb0-b207-ad490541e3cc ~ http://data.vlaanderen.be/ns/besluit#Artikel
10/03/2026 10:53:49 -- 	N9baede84ef1c46e3af6f5a2b172a59cb | http://data.europa.eu/eli/ontology#language > http://www.w3.org/2004/02/skos/core#Concept
10/03/2026 10:53:49 -- 		 min: 1 (min found at subject)
10/03/2026 10:53:49 -- 		 max: 1 (max found at subject)
10/03/2026 10:53:49 -- 		 shacl-min: 1
10/03/2026 10:53:49 -- 		 shacl-max: 1
10/03/2026 10:53:49 -- 	Nfd1c252f3ecc47ffad0b43e3e83b6a81 | http://www.w3.org/ns/prov#wasDerivedFrom > [no object/datatype]
10/03/2026 10:53:49 -- 		 min: 1 (min found at subject)
10/03/2026 10:53:49 -- 		 max: 13 (max found at subject)
10/03/2026 10:53:49 -- 		 shacl-min: 1
10/03/2026 10:53:49 -- 	N019fd1bead564221823fc92ee67ed0bf | http://data.vlaanderen.be/ns/besluit#noopener > [no object/datatype]
10/03/2026 10:53:50 -- 		 min: 0 (min found at subject)
10/03/2026 10:53:50 -- 		 max: 4 (max found at subject)
10/03/2026 10:53:50 -- 	N62ac8af037b5456484e2b9b477b29116 | http://www.w3.org/ns/prov#value > [no object/datatype]
10/03/2026 10:53:50 -- 		 min: 1 (min found at subject)
10/03/2026 10:53:50 -- 		 max: 3 (max found at subject)
10/03/2026 10:53:50 -- 		 shacl-min: 1
10/03/2026 10:53:50 -- 	N22382b64bf4043bc8e0c71ef2b7782fa | http://lblod.data.gift/vocabularies/besluit/extractedDecisionContent > [no object/datatype]
10/03/2026 10:53:50 -- 		 min: 1 (min found at subject)
10/03/2026 10:53:50 -- 		 max: 276 (max found at subject)
10/03/2026 10:53:50 -- 		 shacl-min: 1
10/03/2026 10:53:50 -- 	Naccffcbcca1242638fa364b879b42f75 | http://mu.semte.ch/vocabularies/core/uuid > [no object/datatype]
10/03/2026 10:53:50 -- 		 min: 1 (min found at subject)
10/03/2026 10:53:50 -- 		 max: 1 (max found at subject)
10/03/2026 10:53:50 -- 		 shacl-min: 1
10/03/2026 10:53:50 -- 		 shacl-max: 1
10/03/2026 10:53:50 -- 	N5ae33baae3064b8eb44e3cf03cfc4519 | http://data.europa.eu/eli/ontology#number > [no object/datatype]
10/03/2026 10:53:51 -- 		 min: 1 (min found at subject)
10/03/2026 10:53:51 -- 		 max: 2 (max found at subject)
10/03/2026 10:53:51 -- 		 shacl-min: 1
10/03/2026 10:53:51 -- 	N1aa138e327f64043be0088ebf0ff2688 | http://data.vlaanderen.be/ns/besluit#noreferrer > [no object/datatype]
10/03/2026 10:53:51 -- 		 min: 0 (min found at subject)
10/03/2026 10:53:51 -- 		 max: 4 (max found at subject)
10/03/2026 10:53:51 -- http://example.com/shapes/8ba98266-4995-4956-8372-f7e68b59f6e6 ~ http://data.vlaanderen.be/ns/besluit#BehandelingVanAgendapunt
10/03/2026 10:53:51 -- 	Naa422adfa56e4bd2b3f1cdba789d377a | http://www.w3.org/ns/prov#generated > http://data.vlaanderen.be/ns/besluit#BehandelingVanAgendapunt
10/03/2026 10:53:51 -- 		 min: 0 (min found at subject)
10/03/2026 10:53:51 -- 		 max: 1 (max found at subject)
10/03/2026 10:53:51 -- 		 shacl-max: 1
10/03/2026 10:53:51 -- 	Nd396dddab32f4e9d9fc527eb24d5e887 | http://www.w3.org/ns/prov#generated > http://data.vlaanderen.be/ns/besluit#Besluit
10/03/2026 10:53:52 -- 		 min: 0 (min found at subject)
10/03/2026 10:53:52 -- 		 max: 2 (max found at subject)
10/03/2026 10:53:52 -- 	Nc59fddce673342b09380c4809d40089b | http://www.w3.org/ns/prov#generated > https://data.vlaanderen.be/id/concept/BesluitDocumentType/0ee460b1-5ef4-4d4a-b5e1-e2d7c1d5086e
10/03/2026 10:53:52 -- 		 min: 0 (min found at subject)
10/03/2026 10:53:52 -- 		 max: 1 (max found at subject)
10/03/2026 10:53:52 -- 		 shacl-max: 1
10/03/2026 10:53:52 -- 	N249ae66d698747d1a523b04b43d1a06b | http://www.w3.org/ns/prov#generated > https://data.vlaanderen.be/id/concept/BesluitDocumentType/91b8b15f-7631-4a21-9a90-489f5c91e73c
10/03/2026 10:53:52 -- 		 min: 0 (min found at subject)
10/03/2026 10:53:52 -- 		 max: 1 (max found at subject)
10/03/2026 10:53:52 -- 		 shacl-max: 1
10/03/2026 10:53:52 -- 	Nad53925a394e4b1b9746966e29396eee | http://www.w3.org/ns/prov#generated > https://data.vlaanderen.be/id/concept/BesluitDocumentType/bea3944f-4f6d-4d2c-9a6e-23264859e1e5
10/03/2026 10:53:53 -- 		 min: 0 (min found at subject)
10/03/2026 10:53:53 -- 		 max: 1 (max found at subject)
10/03/2026 10:53:53 -- 		 shacl-max: 1
10/03/2026 10:53:53 -- 	N7e0a034191754585830942ab145de803 | http://www.w3.org/ns/prov#generated > https://data.vlaanderen.be/id/concept/BesluitType/0d1278af-b69e-4152-a418-ec5cfd1c7d0b
10/03/2026 10:53:53 -- 		 min: 0 (min found at subject)
10/03/2026 10:53:53 -- 		 max: 1 (max found at subject)
10/03/2026 10:53:53 -- 		 shacl-max: 1
10/03/2026 10:53:53 -- 	N8510af11847643f98173cd783b087844 | http://www.w3.org/ns/prov#generated > https://data.vlaanderen.be/id/concept/BesluitType/0ee460b1-5ef4-4d4a-b5e1-e2d7c1d5086e
10/03/2026 10:53:53 -- 		 min: 0 (min found at subject)
10/03/2026 10:53:53 -- 		 max: 1 (max found at subject)
10/03/2026 10:53:53 -- 		 shacl-max: 1
10/03/2026 10:53:53 -- 	Nd2a4359217464f77962acf12408a1a97 | http://www.w3.org/ns/prov#generated > https://data.vlaanderen.be/id/concept/BesluitType/1105564e-30c7-4371-a864-6b7329cdae6f
10/03/2026 10:53:54 -- 		 min: 0 (min found at subject)
10/03/2026 10:53:54 -- 		 max: 1 (max found at subject)
10/03/2026 10:53:54 -- 		 shacl-max: 1
10/03/2026 10:53:54 -- 	Nd83c77df15614a58af44fa8c7cacd51a | http://www.w3.org/ns/prov#generated > https://data.vlaanderen.be/id/concept/BesluitType/13fefad6-a9d6-4025-83b5-e4cbee3a8965
10/03/2026 10:53:54 -- 		 min: 0 (min found at subject)
10/03/2026 10:53:54 -- 		 max: 1 (max found at subject)
10/03/2026 10:53:54 -- 		 shacl-max: 1
10/03/2026 10:53:54 -- 	N9f9049e72c144f489faf07cd17d1091c | http://www.w3.org/ns/prov#generated > https://data.vlaanderen.be/id/concept/BesluitType/256bd04a-b74b-4f2a-8f5d-14dda4765af9
10/03/2026 10:53:54 -- 		 min: 0 (min found at subject)
10/03/2026 10:53:54 -- 		 max: 1 (max found at subject)
10/03/2026 10:53:54 -- 		 shacl-max: 1
10/03/2026 10:53:54 -- 	N12a052a3678c43658697523062de6964 | http://www.w3.org/ns/prov#generated > https://data.vlaanderen.be/id/concept/BesluitType/25deb453-ae3e-4d40-8027-36cdb48ab738
10/03/2026 10:53:54 -- 		 min: 0 (min found at subject)
10/03/2026 10:53:54 -- 		 max: 1 (max found at subject)
10/03/2026 10:53:54 -- 		 shacl-max: 1
10/03/2026 10:53:54 -- 	Ndd1b06c130cb4267bf010ea7771bc873 | http://www.w3.org/ns/prov#generated > https://data.vlaanderen.be/id/concept/BesluitType/2f189152-1786-4b55-a3a9-d7f06de63f1c
10/03/2026 10:53:55 -- 		 min: 0 (min found at subject)
10/03/2026 10:53:55 -- 		 max: 1 (max found at subject)
10/03/2026 10:53:55 -- 		 shacl-max: 1
10/03/2026 10:53:55 -- 	N6d0b6175726d41f8adf0865745d1013e | http://www.w3.org/ns/prov#generated > https://data.vlaanderen.be/id/concept/BesluitType/380674ee-0894-4c41-bcc1-9deaeb9d464c
10/03/2026 10:53:55 -- 		 min: 0 (min found at subject)
10/03/2026 10:53:55 -- 		 max: 1 (max found at subject)
10/03/2026 10:53:55 -- 		 shacl-max: 1
10/03/2026 10:53:55 -- 	N0b4fc50e173440ef852a21f728b42ab2 | http://www.w3.org/ns/prov#generated > https://data.vlaanderen.be/id/concept/BesluitType/3bba9f10-faff-49a6-acaa-85af7f2199a3
10/03/2026 10:53:55 -- 		 min: 0 (min found at subject)
10/03/2026 10:53:55 -- 		 max: 1 (max found at subject)
10/03/2026 10:53:55 -- 		 shacl-max: 1
10/03/2026 10:53:55 -- 	Na5c45584f9984c5aa7b944758e16a8da | http://www.w3.org/ns/prov#generated > https://data.vlaanderen.be/id/concept/BesluitType/3fa67785-ffdc-4b30-8880-2b99d97b4dee
10/03/2026 10:53:56 -- 		 min: 0 (min found at subject)
10/03/2026 10:53:56 -- 		 max: 1 (max found at subject)
10/03/2026 10:53:56 -- 		 shacl-max: 1
10/03/2026 10:53:56 -- 	N4d1a03c9a076427cb5d244010ffe63f3 | http://www.w3.org/ns/prov#generated > https://data.vlaanderen.be/id/concept/BesluitType/3fcf7dba-2e5b-4955-a489-6dd8285c013b
10/03/2026 10:53:56 -- 		 min: 0 (min found at subject)
10/03/2026 10:53:56 -- 		 max: 1 (max found at subject)
10/03/2026 10:53:56 -- 		 shacl-max: 1
10/03/2026 10:53:56 -- 	Na164c63accb94895968668ff61b3d8e4 | http://www.w3.org/ns/prov#generated > https://data.vlaanderen.be/id/concept/BesluitType/40831a2c-771d-4b41-9720-0399998f1873
10/03/2026 10:53:56 -- 		 min: 0 (min found at subject)
10/03/2026 10:53:56 -- 		 max: 1 (max found at subject)
10/03/2026 10:53:56 -- 		 shacl-max: 1
10/03/2026 10:53:56 -- 	Na0afd8c7f51948eaa0c4b01c6bf9f4fe | http://www.w3.org/ns/prov#generated > https://data.vlaanderen.be/id/concept/BesluitType/4350cdda-8291-4055-9026-5c7429357fce
10/03/2026 10:53:57 -- 		 min: 0 (min found at subject)
10/03/2026 10:53:57 -- 		 max: 1 (max found at subject)
10/03/2026 10:53:57 -- 		 shacl-max: 1
10/03/2026 10:53:57 -- 	N663305ae726b41acaafe5c7817e25d11 | http://www.w3.org/ns/prov#generated > https://data.vlaanderen.be/id/concept/BesluitType/4673d472-8dbc-4cea-b3ab-f92df3807eb3
10/03/2026 10:53:57 -- 		 min: 0 (min found at subject)
10/03/2026 10:53:57 -- 		 max: 1 (max found at subject)
10/03/2026 10:53:57 -- 		 shacl-max: 1
10/03/2026 10:53:57 -- 	N4aac61aa695f4c0d86573d0bc24f2cd2 | http://www.w3.org/ns/prov#generated > https://data.vlaanderen.be/id/concept/BesluitType/48c3290d-d9e3-4a38-b14e-e7c417e3a13a
10/03/2026 10:53:57 -- 		 min: 0 (min found at subject)
10/03/2026 10:53:57 -- 		 max: 1 (max found at subject)
10/03/2026 10:53:57 -- 		 shacl-max: 1
10/03/2026 10:53:57 -- 	Nc1020a86625c4d9283db8c0efd610fa6 | http://www.w3.org/ns/prov#generated > https://data.vlaanderen.be/id/concept/BesluitType/4c22ef0a-f808-41dd-9c9f-2aff17fd851f
10/03/2026 10:53:58 -- 		 min: 0 (min found at subject)
10/03/2026 10:53:58 -- 		 max: 1 (max found at subject)
10/03/2026 10:53:58 -- 		 shacl-max: 1
10/03/2026 10:53:58 -- 	Nd9e9c4ca318a431583a41c159d992c79 | http://www.w3.org/ns/prov#generated > https://data.vlaanderen.be/id/concept/BesluitType/4d8f678a-6fa4-4d5f-a2a1-80974e43bf34
10/03/2026 10:53:58 -- 		 min: 0 (min found at subject)
10/03/2026 10:53:58 -- 		 max: 1 (max found at subject)
10/03/2026 10:53:58 -- 		 shacl-max: 1
10/03/2026 10:53:58 -- 	Ne948898c4e5f419d9d7b48690b31cc10 | http://www.w3.org/ns/prov#generated > https://data.vlaanderen.be/id/concept/BesluitType/4efa4632-efc6-40d5-815a-dec785fbceac
10/03/2026 10:53:58 -- 		 min: 0 (min found at subject)
10/03/2026 10:53:58 -- 		 max: 1 (max found at subject)
10/03/2026 10:53:58 -- 		 shacl-max: 1
10/03/2026 10:53:58 -- 	Ndc9fcb1e35864e98bae04971c64faec6 | http://www.w3.org/ns/prov#generated > https://data.vlaanderen.be/id/concept/BesluitType/51982214-0d8b-4cd9-87cf-c46570cd1ed3
10/03/2026 10:53:58 -- 		 min: 0 (min found at subject)
10/03/2026 10:53:58 -- 		 max: 1 (max found at subject)
10/03/2026 10:53:58 -- 		 shacl-max: 1
10/03/2026 10:53:58 -- 	Nc0d1ccc4107f4dfb8f1d57518c43e861 | http://www.w3.org/ns/prov#generated > https://data.vlaanderen.be/id/concept/BesluitType/5226e23d-617d-48b9-9c00-3d679ae88fec
10/03/2026 10:53:59 -- 		 min: 0 (min found at subject)
10/03/2026 10:53:59 -- 		 max: 1 (max found at subject)
10/03/2026 10:53:59 -- 		 shacl-max: 1
10/03/2026 10:53:59 -- 	Nb8bf2d3318aa4de4843f59bb2d202b85 | http://www.w3.org/ns/prov#generated > https://data.vlaanderen.be/id/concept/BesluitType/5ee63f84-2fa0-4758-8820-99dca2bdce7c
10/03/2026 10:53:59 -- 		 min: 0 (min found at subject)
10/03/2026 10:53:59 -- 		 max: 1 (max found at subject)
10/03/2026 10:53:59 -- 		 shacl-max: 1
10/03/2026 10:53:59 -- 	N4496e7fa8f254da8a5892335c62d98f8 | http://www.w3.org/ns/prov#generated > https://data.vlaanderen.be/id/concept/BesluitType/67378dd0-5413-474b-8996-d992ef81637a
10/03/2026 10:53:59 -- 		 min: 0 (min found at subject)
10/03/2026 10:53:59 -- 		 max: 1 (max found at subject)
10/03/2026 10:53:59 -- 		 shacl-max: 1
10/03/2026 10:53:59 -- 	Nf0086c434b0040e8acd1df447a88e03d | http://www.w3.org/ns/prov#generated > https://data.vlaanderen.be/id/concept/BesluitType/7927f4f4-ad4c-4460-9207-2a4b5d21a9d7
10/03/2026 10:54:00 -- 		 min: 0 (min found at subject)
10/03/2026 10:54:00 -- 		 max: 1 (max found at subject)
10/03/2026 10:54:00 -- 		 shacl-max: 1
10/03/2026 10:54:00 -- 	N54712f3996ea43c0a76ad367230c668a | http://www.w3.org/ns/prov#generated > https://data.vlaanderen.be/id/concept/BesluitType/79414af4-4f57-4ca3-aaa4-f8f1e015e71c
10/03/2026 10:54:00 -- 		 min: 0 (min found at subject)
10/03/2026 10:54:00 -- 		 max: 1 (max found at subject)
10/03/2026 10:54:00 -- 		 shacl-max: 1
10/03/2026 10:54:00 -- 	Nae9de8119d7b41c788b0fb9958d32180 | http://www.w3.org/ns/prov#generated > https://data.vlaanderen.be/id/concept/BesluitType/7d95fd2e-3cc9-4a4c-a58e-0fbc408c2f9b
10/03/2026 10:54:00 -- 		 min: 0 (min found at subject)
10/03/2026 10:54:00 -- 		 max: 1 (max found at subject)
10/03/2026 10:54:00 -- 		 shacl-max: 1
10/03/2026 10:54:00 -- 	N4a1ee5bba3994873baf798a04b245673 | http://www.w3.org/ns/prov#generated > https://data.vlaanderen.be/id/concept/BesluitType/84121221-4217-40e3-ada2-cd1379b168e1
10/03/2026 10:54:01 -- 		 min: 0 (min found at subject)
10/03/2026 10:54:01 -- 		 max: 1 (max found at subject)
10/03/2026 10:54:01 -- 		 shacl-max: 1
10/03/2026 10:54:01 -- 	Nfec3c920ac564519b6b07d5cd4a3d401 | http://www.w3.org/ns/prov#generated > https://data.vlaanderen.be/id/concept/BesluitType/849c66c2-ba33-4ac1-a693-be48d8ac7bc7
10/03/2026 10:54:01 -- 		 min: 0 (min found at subject)
10/03/2026 10:54:01 -- 		 max: 1 (max found at subject)
10/03/2026 10:54:01 -- 		 shacl-max: 1
10/03/2026 10:54:01 -- 	N764ea1f79e544ca2b3111c5cd13b88a9 | http://www.w3.org/ns/prov#generated > https://data.vlaanderen.be/id/concept/BesluitType/8597e056-b96d-4213-ad4c-37338f2aaf35
10/03/2026 10:54:01 -- 		 min: 0 (min found at subject)
10/03/2026 10:54:01 -- 		 max: 1 (max found at subject)
10/03/2026 10:54:01 -- 		 shacl-max: 1
10/03/2026 10:54:01 -- 	N1529d6ad45384b628d3052189346091d | http://www.w3.org/ns/prov#generated > https://data.vlaanderen.be/id/concept/BesluitType/8e791b27-7600-4577-b24e-c7c29e0eb773
10/03/2026 10:54:02 -- 		 min: 0 (min found at subject)
10/03/2026 10:54:02 -- 		 max: 1 (max found at subject)
10/03/2026 10:54:02 -- 		 shacl-max: 1
10/03/2026 10:54:02 -- 	N04b295acdc30485c91aacc87760ed040 | http://www.w3.org/ns/prov#generated > https://data.vlaanderen.be/id/concept/BesluitType/9a02d21f-fdc4-455e-8892-c2ae1d33759a
10/03/2026 10:54:02 -- 		 min: 0 (min found at subject)
10/03/2026 10:54:02 -- 		 max: 1 (max found at subject)
10/03/2026 10:54:02 -- 		 shacl-max: 1
10/03/2026 10:54:02 -- 	Nc1c7d0cfedb34a9aa90bb419e945dc3a | http://www.w3.org/ns/prov#generated > https://data.vlaanderen.be/id/concept/BesluitType/9d5bfaca-bbf2-49dd-a830-769f91a6377b
10/03/2026 10:54:02 -- 		 min: 0 (min found at subject)
10/03/2026 10:54:02 -- 		 max: 1 (max found at subject)
10/03/2026 10:54:02 -- 		 shacl-max: 1
10/03/2026 10:54:02 -- 	Nd47cdbb6d0e14432bfbcd68f35da9511 | http://www.w3.org/ns/prov#generated > https://data.vlaanderen.be/id/concept/BesluitType/9f12dc58-18ba-4a1f-9e7a-cf73d0b4f025
10/03/2026 10:54:02 -- 		 min: 0 (min found at subject)
10/03/2026 10:54:02 -- 		 max: 1 (max found at subject)
10/03/2026 10:54:02 -- 		 shacl-max: 1
10/03/2026 10:54:02 -- 	Na5ae583d37624ef2bc00efa869e2f718 | http://www.w3.org/ns/prov#generated > https://data.vlaanderen.be/id/concept/BesluitType/a0a709a7-ac07-4457-8d40-de4aea9b1432
10/03/2026 10:54:03 -- 		 min: 0 (min found at subject)
10/03/2026 10:54:03 -- 		 max: 1 (max found at subject)
10/03/2026 10:54:03 -- 		 shacl-max: 1
10/03/2026 10:54:03 -- 	N0a7f5c43713b47a6a4e4f4df04f03c08 | http://www.w3.org/ns/prov#generated > https://data.vlaanderen.be/id/concept/BesluitType/a8486fa3-6375-494d-aa48-e34289b87d5b
10/03/2026 10:54:03 -- 		 min: 0 (min found at subject)
10/03/2026 10:54:03 -- 		 max: 1 (max found at subject)
10/03/2026 10:54:03 -- 		 shacl-max: 1
10/03/2026 10:54:03 -- 	N0e4f1fa6a188474b8da6809a5ddd559b | http://www.w3.org/ns/prov#generated > https://data.vlaanderen.be/id/concept/BesluitType/b0fcc0c3-bb33-427f-8da2-4ef3833c9060
10/03/2026 10:54:03 -- 		 min: 0 (min found at subject)
10/03/2026 10:54:03 -- 		 max: 1 (max found at subject)
10/03/2026 10:54:03 -- 		 shacl-max: 1
10/03/2026 10:54:03 -- 	N25e532353f4f4af194611cb6293f93dd | http://www.w3.org/ns/prov#generated > https://data.vlaanderen.be/id/concept/BesluitType/b25faa84-3ab5-47ae-98c0-1b389c77b827
10/03/2026 10:54:04 -- 		 min: 0 (min found at subject)
10/03/2026 10:54:04 -- 		 max: 1 (max found at subject)
10/03/2026 10:54:04 -- 		 shacl-max: 1
10/03/2026 10:54:04 -- 	Ne7fcb77a2c574324ac13d311452dbd05 | http://www.w3.org/ns/prov#generated > https://data.vlaanderen.be/id/concept/BesluitType/b2d0734d-13d0-44b4-9af8-1722933c5288
10/03/2026 10:54:04 -- 		 min: 0 (min found at subject)
10/03/2026 10:54:04 -- 		 max: 1 (max found at subject)
10/03/2026 10:54:04 -- 		 shacl-max: 1
10/03/2026 10:54:04 -- 	Nd95352df0bc04d21877e68ead92c8a06 | http://www.w3.org/ns/prov#generated > https://data.vlaanderen.be/id/concept/BesluitType/b4c828e4-bcb8-46ff-8abf-5fde227d2459
10/03/2026 10:54:04 -- 		 min: 0 (min found at subject)
10/03/2026 10:54:04 -- 		 max: 1 (max found at subject)
10/03/2026 10:54:04 -- 		 shacl-max: 1
10/03/2026 10:54:04 -- 	N518fb6c16f374490a830e882f1f27c7c | http://www.w3.org/ns/prov#generated > https://data.vlaanderen.be/id/concept/BesluitType/b69c9f18-967c-4feb-90a8-8eea3c8ce46b
10/03/2026 10:54:05 -- 		 min: 0 (min found at subject)
10/03/2026 10:54:05 -- 		 max: 1 (max found at subject)
10/03/2026 10:54:05 -- 		 shacl-max: 1
10/03/2026 10:54:05 -- 	Na9d3d9ac0c784a64be475aa5a71d8205 | http://www.w3.org/ns/prov#generated > https://data.vlaanderen.be/id/concept/BesluitType/ba5922c9-cfad-4b2e-b203-36479219ba56
10/03/2026 10:54:05 -- 		 min: 0 (min found at subject)
10/03/2026 10:54:05 -- 		 max: 1 (max found at subject)
10/03/2026 10:54:05 -- 		 shacl-max: 1
10/03/2026 10:54:05 -- 	Nd86b6d6298e546bba146830e7a233a40 | http://www.w3.org/ns/prov#generated > https://data.vlaanderen.be/id/concept/BesluitType/c945b531-4742-43fe-af55-b13da6ecc6fe
10/03/2026 10:54:05 -- 		 min: 0 (min found at subject)
10/03/2026 10:54:05 -- 		 max: 1 (max found at subject)
10/03/2026 10:54:05 -- 		 shacl-max: 1
10/03/2026 10:54:05 -- 	N001ae91138804b62a6185afb78657e61 | http://www.w3.org/ns/prov#generated > https://data.vlaanderen.be/id/concept/BesluitType/d7060f97-c417-474c-abc6-ef006cb61f41
10/03/2026 10:54:05 -- 		 min: 0 (min found at subject)
10/03/2026 10:54:05 -- 		 max: 1 (max found at subject)
10/03/2026 10:54:05 -- 		 shacl-max: 1
10/03/2026 10:54:05 -- 	Ne714a115ee8445d0b0f7c786a9159f15 | http://www.w3.org/ns/prov#generated > https://data.vlaanderen.be/id/concept/BesluitType/d9c3d177-6dc6-4775-8c6a-1055a9cbdcc6
10/03/2026 10:54:06 -- 		 min: 0 (min found at subject)
10/03/2026 10:54:06 -- 		 max: 1 (max found at subject)
10/03/2026 10:54:06 -- 		 shacl-max: 1
10/03/2026 10:54:06 -- 	Nc1cb40e75fa54f1d88fa0a49c8c2e1c6 | http://www.w3.org/ns/prov#generated > https://data.vlaanderen.be/id/concept/BesluitType/dbc58656-b0a5-4e43-8e9e-701acb75f9b0
10/03/2026 10:54:06 -- 		 min: 0 (min found at subject)
10/03/2026 10:54:06 -- 		 max: 1 (max found at subject)
10/03/2026 10:54:06 -- 		 shacl-max: 1
10/03/2026 10:54:06 -- 	N81cba20b3f1f42e0abd3bd58292ff536 | http://www.w3.org/ns/prov#generated > https://data.vlaanderen.be/id/concept/BesluitType/df261490-cc74-4f80-b783-41c35e720b46
10/03/2026 10:54:06 -- 		 min: 0 (min found at subject)
10/03/2026 10:54:06 -- 		 max: 1 (max found at subject)
10/03/2026 10:54:06 -- 		 shacl-max: 1
10/03/2026 10:54:06 -- 	N533e0a8efdbf45fead0f780ed19fb1d0 | http://www.w3.org/ns/prov#generated > https://data.vlaanderen.be/id/concept/BesluitType/e44c535d-4339-4d15-bdbf-d4be6046de2c
10/03/2026 10:54:07 -- 		 min: 0 (min found at subject)
10/03/2026 10:54:07 -- 		 max: 1 (max found at subject)
10/03/2026 10:54:07 -- 		 shacl-max: 1
10/03/2026 10:54:07 -- 	N4be9baf9b86c4f2ea720c5adb654069f | http://www.w3.org/ns/prov#generated > https://data.vlaanderen.be/id/concept/BesluitType/e8aee49e-8762-4db2-acfe-2d5dd3c37619
10/03/2026 10:54:07 -- 		 min: 0 (min found at subject)
10/03/2026 10:54:07 -- 		 max: 1 (max found at subject)
10/03/2026 10:54:07 -- 		 shacl-max: 1
10/03/2026 10:54:07 -- 	N1c04d22e8eb244b0aa1e8818f56c04d0 | http://www.w3.org/ns/prov#generated > https://data.vlaanderen.be/id/concept/BesluitType/e8afe7c5-9640-4db8-8f74-3f023bec3241
10/03/2026 10:54:07 -- 		 min: 0 (min found at subject)
10/03/2026 10:54:07 -- 		 max: 1 (max found at subject)
10/03/2026 10:54:07 -- 		 shacl-max: 1
10/03/2026 10:54:07 -- 	Nac3746c1ee5948639b4c88ca385d06c2 | http://www.w3.org/ns/prov#generated > https://data.vlaanderen.be/id/concept/BesluitType/efa4ec5a-b006-453f-985f-f986ebae11bc
10/03/2026 10:54:07 -- 		 min: 0 (min found at subject)
10/03/2026 10:54:07 -- 		 max: 1 (max found at subject)
10/03/2026 10:54:07 -- 		 shacl-max: 1
10/03/2026 10:54:07 -- 	N4789e28d32b74f509501d850c9d25f95 | http://www.w3.org/ns/prov#generated > https://data.vlaanderen.be/id/concept/BesluitType/f1d16307-164c-4278-87b9-1d3b1d968f67
10/03/2026 10:54:08 -- 		 min: 0 (min found at subject)
10/03/2026 10:54:08 -- 		 max: 1 (max found at subject)
10/03/2026 10:54:08 -- 		 shacl-max: 1
10/03/2026 10:54:08 -- 	N2ccb14211164455684cc5913eea4e148 | http://www.w3.org/ns/prov#generated > https://data.vlaanderen.be/id/concept/BesluitType/f1fd8f88-95b0-4085-b766-008b5867d992
10/03/2026 10:54:08 -- 		 min: 0 (min found at subject)
10/03/2026 10:54:08 -- 		 max: 1 (max found at subject)
10/03/2026 10:54:08 -- 		 shacl-max: 1
10/03/2026 10:54:08 -- 	Nbb101b7da8be4d5aa7a8478039b3f327 | http://www.w3.org/ns/prov#generated > https://data.vlaanderen.be/id/concept/BesluitType/f276bc3b-2d79-4c55-81b8-092e05619676
10/03/2026 10:54:08 -- 		 min: 0 (min found at subject)
10/03/2026 10:54:08 -- 		 max: 1 (max found at subject)
10/03/2026 10:54:08 -- 		 shacl-max: 1
10/03/2026 10:54:08 -- 	Nc5bd2c4f457a491283b6dfd94adb8714 | http://www.w3.org/ns/prov#generated > https://data.vlaanderen.be/id/concept/BesluitType/f56c645d-b8e1-4066-813d-e213f5bc529f
10/03/2026 10:54:09 -- 		 min: 0 (min found at subject)
10/03/2026 10:54:09 -- 		 max: 1 (max found at subject)
10/03/2026 10:54:09 -- 		 shacl-max: 1
10/03/2026 10:54:09 -- 	N3c893650af844b169aa5ecb395533acf | http://www.w3.org/ns/prov#generated > https://data.vlaanderen.be/id/concept/BesluitType/f8c070bd-96e4-43a1-8c6e-532bcd771251
10/03/2026 10:54:09 -- 		 min: 0 (min found at subject)
10/03/2026 10:54:09 -- 		 max: 1 (max found at subject)
10/03/2026 10:54:09 -- 		 shacl-max: 1
10/03/2026 10:54:09 -- 	N56d6cea9dba44f72b4aedefb90d1f3ac | http://www.w3.org/ns/prov#generated > https://data.vlaanderen.be/id/concept/BesluitType/fb21d14b-734b-48f4-bd4e-888163fd08e8
10/03/2026 10:54:09 -- 		 min: 0 (min found at subject)
10/03/2026 10:54:09 -- 		 max: 1 (max found at subject)
10/03/2026 10:54:09 -- 		 shacl-max: 1
10/03/2026 10:54:09 -- 	N81f1fd3aee9f434b8ff1a5b9d0ced47c | http://www.w3.org/ns/prov#generated > https://data.vlaanderen.be/id/concept/BesluitType/fb92601a-d189-4482-9922-ab0efc6bc935
10/03/2026 10:54:10 -- 		 min: 0 (min found at subject)
10/03/2026 10:54:10 -- 		 max: 1 (max found at subject)
10/03/2026 10:54:10 -- 		 shacl-max: 1
10/03/2026 10:54:10 -- 	N276890ec759d41608c0f414055aa1ec9 | http://data.europa.eu/eli/ontology#title_short > [no object/datatype]
10/03/2026 10:54:10 -- 		 min: 0 (min found at subject)
10/03/2026 10:54:10 -- 		 max: 1 (max found at subject)
10/03/2026 10:54:10 -- 		 shacl-max: 1
10/03/2026 10:54:10 -- 	Nb48a5010dd5d459197c59bff69436aca | http://data.europa.eu/eli/ontology#title > [no object/datatype]
10/03/2026 10:54:10 -- 		 min: 0 (min found at subject)
10/03/2026 10:54:10 -- 		 max: 1 (max found at subject)
10/03/2026 10:54:10 -- 		 shacl-max: 1
10/03/2026 10:54:10 -- 	N8d590900590f4a47b42677aa12ed578a | http://mu.semte.ch/vocabularies/ext/aanwezigenTable > [no object/datatype]
10/03/2026 10:54:10 -- 		 min: 0 (min found at subject)
10/03/2026 10:54:10 -- 		 max: 4 (max found at subject)
10/03/2026 10:54:10 -- 	Nd62cdeb849dc47a998d50bb1b57f33d1 | http://lblod.data.gift/vocabularies/besluit/extractedDecisionContent > [no object/datatype]
10/03/2026 10:54:11 -- 		 min: 0 (min found at subject)
10/03/2026 10:54:11 -- 		 max: 140 (max found at subject)
10/03/2026 10:54:11 -- 	N96e57d14516b49fab3f8e1fdcb1e8b72 | http://purl.org/dc/terms/subject > http://data.vlaanderen.be/ns/besluit#Agendapunt
10/03/2026 10:54:11 -- 		 min: 0 (min found at subject)
10/03/2026 10:54:11 -- 		 max: 1 (max found at subject)
10/03/2026 10:54:11 -- 		 shacl-max: 1
10/03/2026 10:54:11 -- 	Nf5436bf45d9f42718a360a67183cee53 | http://data.vlaanderen.be/ns/besluit#heeftVoorzitter > http://data.vlaanderen.be/ns/besluit#Bestuurseenheid
10/03/2026 10:54:11 -- 		 min: 0 (min found at subject)
10/03/2026 10:54:11 -- 		 max: 3 (max found at subject)
10/03/2026 10:54:11 -- 	N949b2cd53ba54d0c97994ee7ddac0fb9 | http://data.vlaanderen.be/ns/besluit#heeftVoorzitter > http://data.vlaanderen.be/ns/besluit#Bestuursorgaan
10/03/2026 10:54:12 -- 		 min: 0 (min found at subject)
10/03/2026 10:54:12 -- 		 max: 3 (max found at subject)
10/03/2026 10:54:12 -- 	Nf30e594a271b4b78b6113c664d859a3e | http://data.vlaanderen.be/ns/besluit#heeftVoorzitter > http://data.vlaanderen.be/ns/mandaat#Mandataris
10/03/2026 10:54:12 -- 		 min: 0 (min found at subject)
10/03/2026 10:54:12 -- 		 max: 4 (max found at subject)
10/03/2026 10:54:12 -- 	Nd1f8e6c0dd3648ebb774531851bbabf8 | http://data.vlaanderen.be/ns/besluit#heeftVoorzitter > http://www.w3.org/2004/02/skos/core#Concept
10/03/2026 10:54:12 -- 		 min: 0 (min found at subject)
10/03/2026 10:54:12 -- 		 max: 3 (max found at subject)
10/03/2026 10:54:12 -- 	N43495661c0c84835a35c996c7a5b3623 | http://data.vlaanderen.be/ns/besluit#heeftVoorzitter > http://xmlns.com/foaf/0.1/Document
10/03/2026 10:54:13 -- 		 min: 0 (min found at subject)
10/03/2026 10:54:13 -- 		 max: 3 (max found at subject)
10/03/2026 10:54:13 -- 	N7fe447d354524f0db6053232441f9a91 | http://data.vlaanderen.be/ns/besluit#heeftVoorzitter > https://data.vlaanderen.be/id/concept/BesluitDocumentType/13fefad6-a9d6-4025-83b5-e4cbee3a8965
10/03/2026 10:54:13 -- 		 min: 0 (min found at subject)
10/03/2026 10:54:13 -- 		 max: 1 (max found at subject)
10/03/2026 10:54:13 -- 		 shacl-max: 1
10/03/2026 10:54:13 -- 	Ne6392d61ed584f18b3a8c79a2f1c80c2 | http://data.vlaanderen.be/ns/besluit#heeftVoorzitter > https://data.vlaanderen.be/id/concept/BesluitDocumentType/3fa67785-ffdc-4b30-8880-2b99d97b4dee
10/03/2026 10:54:13 -- 		 min: 0 (min found at subject)
10/03/2026 10:54:13 -- 		 max: 1 (max found at subject)
10/03/2026 10:54:13 -- 		 shacl-max: 1
10/03/2026 10:54:13 -- 	N1d188068c06e4f8ba4eba9187fcde46d | http://data.vlaanderen.be/ns/besluit#heeftVoorzitter > https://data.vlaanderen.be/id/concept/BesluitDocumentType/8e791b27-7600-4577-b24e-c7c29e0eb773
10/03/2026 10:54:13 -- 		 min: 0 (min found at subject)
10/03/2026 10:54:13 -- 		 max: 1 (max found at subject)
10/03/2026 10:54:13 -- 		 shacl-max: 1
10/03/2026 10:54:13 -- 	Nd016d1cc76404b61beb39fa10f05a057 | http://mu.semte.ch/vocabularies/ext/stemmingTable > [no object/datatype]
10/03/2026 10:54:14 -- 		 min: 0 (min found at subject)
10/03/2026 10:54:14 -- 		 max: 3 (max found at subject)
10/03/2026 10:54:14 -- 	N404629c0cbb0497b9120e7240abc911a | http://data.vlaanderen.be/ns/besluit#isGehoudenDoor > http://data.vlaanderen.be/ns/besluit#Bestuursorgaan
10/03/2026 10:54:14 -- 		 min: 0 (min found at subject)
10/03/2026 10:54:14 -- 		 max: 1 (max found at subject)
10/03/2026 10:54:14 -- 		 shacl-max: 1
10/03/2026 10:54:14 -- 	Nb22017a2752d40ecb61a98cddab5cc64 | http://data.vlaanderen.be/ns/besluit#motivering > [no object/datatype]
10/03/2026 10:54:14 -- 		 min: 0 (min found at subject)
10/03/2026 10:54:14 -- 		 max: 1 (max found at subject)
10/03/2026 10:54:14 -- 		 shacl-max: 1
10/03/2026 10:54:14 -- 	N9592ec4339244ad88fd41171d6597f66 | http://data.vlaanderen.be/ns/besluit#noopener > [no object/datatype]
10/03/2026 10:54:14 -- 		 min: 0 (min found at subject)
10/03/2026 10:54:14 -- 		 max: 2 (max found at subject)
10/03/2026 10:54:14 -- 	N03f8f8e4e44b4dd29b85b66ed53abe33 | http://data.europa.eu/eli/ontology#description > [no object/datatype]
10/03/2026 10:54:15 -- 		 min: 0 (min found at subject)
10/03/2026 10:54:15 -- 		 max: 1 (max found at subject)
10/03/2026 10:54:15 -- 		 shacl-max: 1
10/03/2026 10:54:15 -- 	N0498ceab590d4747b826104424af511a | http://www.w3.org/ns/prov#wasGeneratedBy > http://data.vlaanderen.be/ns/besluit#BehandelingVanAgendapunt
10/03/2026 10:54:15 -- 		 min: 0 (min found at subject)
10/03/2026 10:54:15 -- 		 max: 1 (max found at subject)
10/03/2026 10:54:15 -- 		 shacl-max: 1
10/03/2026 10:54:15 -- 	Nac74245eb802498a86dcca16622d79e7 | http://www.w3.org/ns/prov#wasGeneratedBy > http://data.vlaanderen.be/ns/besluit#Besluit
10/03/2026 10:54:15 -- 		 min: 0 (min found at subject)
10/03/2026 10:54:15 -- 		 max: 1 (max found at subject)
10/03/2026 10:54:15 -- 		 shacl-max: 1
10/03/2026 10:54:15 -- 	N00f7aa24787d4f11be41925e4da1a242 | http://data.europa.eu/eli/ontology#language > http://www.w3.org/2004/02/skos/core#Concept
10/03/2026 10:54:16 -- 		 min: 0 (min found at subject)
10/03/2026 10:54:16 -- 		 max: 1 (max found at subject)
10/03/2026 10:54:16 -- 		 shacl-max: 1
10/03/2026 10:54:16 -- 	Nd55b1e6d67a749abb4dd4e16a73b18ca | http://data.vlaanderen.be/ns/besluit#citeeropschrift > [no object/datatype]
10/03/2026 10:54:16 -- 		 min: 0 (min found at subject)
10/03/2026 10:54:16 -- 		 max: 1 (max found at subject)
10/03/2026 10:54:16 -- 		 shacl-max: 1
10/03/2026 10:54:16 -- 	Ncb1d2855194b41f4bec5a7b4c5fb0617 | http://www.w3.org/ns/prov#value > [no object/datatype]
10/03/2026 10:54:16 -- 		 min: 0 (min found at subject)
10/03/2026 10:54:16 -- 		 max: 7 (max found at subject)
10/03/2026 10:54:16 -- 	N9558997f2ed643c7a765bdae1ad2e172 | http://www.w3.org/ns/prov#wasDerivedFrom > http://data.vlaanderen.be/ns/besluit#Bestuurseenheid
10/03/2026 10:54:16 -- 		 min: 0 (min found at subject)
10/03/2026 10:54:16 -- 		 max: 3 (max found at subject)
10/03/2026 10:54:16 -- 	Nd50ceb326a68428f96339a668b25a963 | http://www.w3.org/ns/prov#wasDerivedFrom > http://data.vlaanderen.be/ns/besluit#Bestuursorgaan
10/03/2026 10:54:17 -- 		 min: 0 (min found at subject)
10/03/2026 10:54:17 -- 		 max: 3 (max found at subject)
10/03/2026 10:54:17 -- 	Ndd0682766d69482fbc3ba6afc930c041 | http://www.w3.org/ns/prov#wasDerivedFrom > http://data.vlaanderen.be/ns/mandaat#Mandataris
10/03/2026 10:54:17 -- 		 min: 0 (min found at subject)
10/03/2026 10:54:17 -- 		 max: 3 (max found at subject)
10/03/2026 10:54:17 -- 	N70efbe3e853b4b1f95cc17dbbde6df29 | http://www.w3.org/ns/prov#wasDerivedFrom > http://www.w3.org/2004/02/skos/core#Concept
10/03/2026 10:54:17 -- 		 min: 0 (min found at subject)
10/03/2026 10:54:17 -- 		 max: 3 (max found at subject)
10/03/2026 10:54:17 -- 	Ncd69133bde3f4a01a8e67fc04864e429 | http://www.w3.org/ns/prov#wasDerivedFrom > http://xmlns.com/foaf/0.1/Document
10/03/2026 10:54:18 -- 		 min: 0 (min found at subject)
10/03/2026 10:54:18 -- 		 max: 3 (max found at subject)
10/03/2026 10:54:18 -- 	N3b5c354ac7544008b7083d12d86a1856 | http://www.w3.org/ns/prov#wasDerivedFrom > https://data.vlaanderen.be/id/concept/BesluitDocumentType/13fefad6-a9d6-4025-83b5-e4cbee3a8965
10/03/2026 10:54:18 -- 		 min: 0 (min found at subject)
10/03/2026 10:54:18 -- 		 max: 1 (max found at subject)
10/03/2026 10:54:18 -- 		 shacl-max: 1
10/03/2026 10:54:18 -- 	Nbcdff2d0aac74a6aa650a1d22bc10b23 | http://www.w3.org/ns/prov#wasDerivedFrom > https://data.vlaanderen.be/id/concept/BesluitDocumentType/3fa67785-ffdc-4b30-8880-2b99d97b4dee
10/03/2026 10:54:18 -- 		 min: 0 (min found at subject)
10/03/2026 10:54:18 -- 		 max: 1 (max found at subject)
10/03/2026 10:54:18 -- 		 shacl-max: 1
10/03/2026 10:54:18 -- 	N01483a9eeb0b4e7980aa8a8bdef9b029 | http://www.w3.org/ns/prov#wasDerivedFrom > https://data.vlaanderen.be/id/concept/BesluitDocumentType/8e791b27-7600-4577-b24e-c7c29e0eb773
10/03/2026 10:54:19 -- 		 min: 0 (min found at subject)
10/03/2026 10:54:19 -- 		 max: 1 (max found at subject)
10/03/2026 10:54:19 -- 		 shacl-max: 1
10/03/2026 10:54:19 -- 	Nc3a98d3c04164d15833ac468dcfad06b | http://data.vlaanderen.be/ns/besluit#heeftSecretaris > http://data.vlaanderen.be/ns/besluit#Bestuurseenheid
10/03/2026 10:54:19 -- 		 min: 0 (min found at subject)
10/03/2026 10:54:19 -- 		 max: 3 (max found at subject)
10/03/2026 10:54:19 -- 	Nef97df61929c4fc8b8601244aaf10547 | http://data.vlaanderen.be/ns/besluit#heeftSecretaris > http://data.vlaanderen.be/ns/besluit#Bestuursorgaan
10/03/2026 10:54:19 -- 		 min: 0 (min found at subject)
10/03/2026 10:54:19 -- 		 max: 3 (max found at subject)
10/03/2026 10:54:19 -- 	N88ad640be68043b5ab23697cb37db1ab | http://data.vlaanderen.be/ns/besluit#heeftSecretaris > http://data.vlaanderen.be/ns/mandaat#Mandataris
10/03/2026 10:54:19 -- 		 min: 0 (min found at subject)
10/03/2026 10:54:19 -- 		 max: 4 (max found at subject)
10/03/2026 10:54:19 -- 	N83c9809f99bc4eae91b4fd85a713e5c6 | http://data.vlaanderen.be/ns/besluit#heeftSecretaris > http://www.w3.org/2004/02/skos/core#Concept
10/03/2026 10:54:20 -- 		 min: 0 (min found at subject)
10/03/2026 10:54:20 -- 		 max: 3 (max found at subject)
10/03/2026 10:54:20 -- 	N4ce3832eb7864d32b7cd19320f362db2 | http://data.vlaanderen.be/ns/besluit#heeftSecretaris > http://xmlns.com/foaf/0.1/Document
10/03/2026 10:54:20 -- 		 min: 0 (min found at subject)
10/03/2026 10:54:20 -- 		 max: 3 (max found at subject)
10/03/2026 10:54:20 -- 	N8434e651c2d644e5987ffc2a59be2074 | http://data.vlaanderen.be/ns/besluit#heeftSecretaris > https://data.vlaanderen.be/id/concept/BesluitDocumentType/13fefad6-a9d6-4025-83b5-e4cbee3a8965
10/03/2026 10:54:20 -- 		 min: 0 (min found at subject)
10/03/2026 10:54:20 -- 		 max: 1 (max found at subject)
10/03/2026 10:54:20 -- 		 shacl-max: 1
10/03/2026 10:54:20 -- 	Nf9d5409b353f4e439af084b17d64b4d3 | http://data.vlaanderen.be/ns/besluit#heeftSecretaris > https://data.vlaanderen.be/id/concept/BesluitDocumentType/3fa67785-ffdc-4b30-8880-2b99d97b4dee
10/03/2026 10:54:20 -- 		 min: 0 (min found at subject)
10/03/2026 10:54:20 -- 		 max: 1 (max found at subject)
10/03/2026 10:54:20 -- 		 shacl-max: 1
10/03/2026 10:54:20 -- 	N2dc9ce6d5de54bcc82af92078e018001 | http://data.vlaanderen.be/ns/besluit#heeftSecretaris > https://data.vlaanderen.be/id/concept/BesluitDocumentType/8e791b27-7600-4577-b24e-c7c29e0eb773
10/03/2026 10:54:21 -- 		 min: 0 (min found at subject)
10/03/2026 10:54:21 -- 		 max: 1 (max found at subject)
10/03/2026 10:54:21 -- 		 shacl-max: 1
10/03/2026 10:54:21 -- 	N169505cd5f3648edb3f337afc90c3748 | http://data.vlaanderen.be/ns/besluit#heeftStemming > http://data.vlaanderen.be/ns/besluit#Stemming
10/03/2026 10:54:21 -- 		 min: 0 (min found at subject)
10/03/2026 10:54:21 -- 		 max: 71 (max found at subject)
10/03/2026 10:54:21 -- 	Neab87023d75f494bb5339bfd5254741e | http://data.vlaanderen.be/ns/besluit#noreferrer > [no object/datatype]
10/03/2026 10:54:21 -- 		 min: 0 (min found at subject)
10/03/2026 10:54:21 -- 		 max: 2 (max found at subject)
10/03/2026 10:54:21 -- 	Nd8552aa201e6413c99300d14f97ce1d4 | https://data.vlaanderen.be/ns/besluitvorming#genereertVerslag > [no object/datatype]
10/03/2026 10:54:22 -- 		 min: 0 (min found at subject)
10/03/2026 10:54:22 -- 		 max: 1 (max found at subject)
10/03/2026 10:54:22 -- 		 shacl-max: 1
10/03/2026 10:54:22 -- 	Nb81f17ea45b74dfcb96c55966a320c35 | http://data.vlaanderen.be/ns/besluit#heeftAanwezige > http://data.vlaanderen.be/ns/besluit#Bestuurseenheid
10/03/2026 10:54:22 -- 		 min: 0 (min found at subject)
10/03/2026 10:54:22 -- 		 max: 3 (max found at subject)
10/03/2026 10:54:22 -- 	N6bb498f9e6da415a932df59251cd88ab | http://data.vlaanderen.be/ns/besluit#heeftAanwezige > http://data.vlaanderen.be/ns/besluit#Bestuursorgaan
10/03/2026 10:54:23 -- 		 min: 0 (min found at subject)
10/03/2026 10:54:23 -- 		 max: 3 (max found at subject)
10/03/2026 10:54:23 -- 	N65dd9bcfd2e1402fa67341521be9e989 | http://data.vlaanderen.be/ns/besluit#heeftAanwezige > http://data.vlaanderen.be/ns/mandaat#Mandataris
10/03/2026 10:54:23 -- 		 min: 0 (min found at subject)
10/03/2026 10:54:23 -- 		 max: 75 (max found at subject)
10/03/2026 10:54:23 -- 	N78f26a289d344930a0ee030afbdc8070 | http://data.vlaanderen.be/ns/besluit#heeftAanwezige > http://www.w3.org/2004/02/skos/core#Concept
10/03/2026 10:54:24 -- 		 min: 0 (min found at subject)
10/03/2026 10:54:24 -- 		 max: 3 (max found at subject)
10/03/2026 10:54:24 -- 	Nded1ca7de5814a6b8f68b183eb64fd9f | http://data.vlaanderen.be/ns/besluit#heeftAanwezige > http://xmlns.com/foaf/0.1/Document
10/03/2026 10:54:24 -- 		 min: 0 (min found at subject)
10/03/2026 10:54:24 -- 		 max: 3 (max found at subject)
10/03/2026 10:54:24 -- 	N9514e16cf4d542448629fca48532309f | http://data.vlaanderen.be/ns/besluit#heeftAanwezige > https://data.vlaanderen.be/id/concept/BesluitDocumentType/13fefad6-a9d6-4025-83b5-e4cbee3a8965
10/03/2026 10:54:25 -- 		 min: 0 (min found at subject)
10/03/2026 10:54:25 -- 		 max: 1 (max found at subject)
10/03/2026 10:54:25 -- 		 shacl-max: 1
10/03/2026 10:54:25 -- 	Na8e4d80be86940d88adbe83677de59a0 | http://data.vlaanderen.be/ns/besluit#heeftAanwezige > https://data.vlaanderen.be/id/concept/BesluitDocumentType/3fa67785-ffdc-4b30-8880-2b99d97b4dee
10/03/2026 10:54:25 -- 		 min: 0 (min found at subject)
10/03/2026 10:54:25 -- 		 max: 1 (max found at subject)
10/03/2026 10:54:25 -- 		 shacl-max: 1
10/03/2026 10:54:25 -- 	Nc84c96204f6046168dfab955ff0cf3f7 | http://data.vlaanderen.be/ns/besluit#heeftAanwezige > https://data.vlaanderen.be/id/concept/BesluitDocumentType/8e791b27-7600-4577-b24e-c7c29e0eb773
10/03/2026 10:54:26 -- 		 min: 0 (min found at subject)
10/03/2026 10:54:26 -- 		 max: 1 (max found at subject)
10/03/2026 10:54:26 -- 		 shacl-max: 1
10/03/2026 10:54:26 -- 	Nc0a24dab2a064f0981c424683bc6651d | http://mu.semte.ch/vocabularies/core/uuid > [no object/datatype]
10/03/2026 10:54:26 -- 		 min: 1 (min found at subject)
10/03/2026 10:54:26 -- 		 max: 1 (max found at subject)
10/03/2026 10:54:26 -- 		 shacl-min: 1
10/03/2026 10:54:26 -- 		 shacl-max: 1
10/03/2026 10:54:26 -- 	Na04d695cdd014cf48ae1e07210ff7149 | http://purl.org/dc/terms/title > [no object/datatype]
10/03/2026 10:54:26 -- 		 min: 0 (min found at subject)
10/03/2026 10:54:26 -- 		 max: 2 (max found at subject)
10/03/2026 10:54:26 -- 	N9d96bcf59af34e04b4d0e171a49e8f1e | http://mu.semte.ch/vocabularies/ext/heeftAfwezigeBijAgendapunt > http://data.vlaanderen.be/ns/mandaat#Mandataris
10/03/2026 10:54:26 -- 		 min: 0 (min found at subject)
10/03/2026 10:54:26 -- 		 max: 17 (max found at subject)
10/03/2026 10:54:26 -- 	N7af0394d46ca485588f590c6b39c1a8f | http://data.europa.eu/eli/ontology#has_part > http://data.vlaanderen.be/ns/besluit#Artikel
10/03/2026 10:54:27 -- 		 min: 0 (min found at subject)
10/03/2026 10:54:27 -- 		 max: 7 (max found at subject)
10/03/2026 10:54:27 -- 	N71ecbc28469a44ceb06b93e41a64ea9a | besluitvorming:genereertVerslag > [no object/datatype]
10/03/2026 10:54:27 -- 		 min: 0 (min found at subject)
10/03/2026 10:54:27 -- 		 max: 1 (max found at subject)
10/03/2026 10:54:27 -- 		 shacl-max: 1
10/03/2026 10:54:27 -- 	Nd60446c7e8714572ad999a0e8119ef34 | http://data.vlaanderen.be/ns/besluit#gebeurtNa > http://data.vlaanderen.be/ns/besluit#BehandelingVanAgendapunt
10/03/2026 10:54:27 -- 		 min: 0 (min found at subject)
10/03/2026 10:54:27 -- 		 max: 3 (max found at subject)
10/03/2026 10:54:27 -- 	N88f68fe950a04daabbb95e386acd43aa | http://data.vlaanderen.be/ns/besluit#openbaar > [no object/datatype]
10/03/2026 10:54:28 -- 		 min: 0 (min found at subject)
10/03/2026 10:54:28 -- 		 max: 2 (max found at subject)
10/03/2026 10:54:28 -- http://example.com/shapes/1a005b1c-664d-4a70-b680-4a58d5c50953 ~ http://data.vlaanderen.be/ns/besluit#Stemming
10/03/2026 10:54:28 -- 	Nac820c7ce6cb407698598481f30b3b66 | http://data.vlaanderen.be/ns/besluit#aantalOnthouders > [no object/datatype]
10/03/2026 10:54:28 -- 		 min: 0 (min found at subject)
10/03/2026 10:54:28 -- 		 max: 20 (max found at subject)
10/03/2026 10:54:28 -- 	Ne0c817eb247740e2934e969bdbf260c0 | http://data.vlaanderen.be/ns/besluit#heeftVoorstander > http://data.vlaanderen.be/ns/besluit#Bestuurseenheid
10/03/2026 10:54:28 -- 		 min: 0 (min found at subject)
10/03/2026 10:54:28 -- 		 max: 27 (max found at subject)
10/03/2026 10:54:28 -- 	N7067f1a078b149cead8deb9338cb753b | http://data.vlaanderen.be/ns/besluit#heeftVoorstander > http://data.vlaanderen.be/ns/besluit#Bestuursorgaan
10/03/2026 10:54:28 -- 		 min: 0 (min found at subject)
10/03/2026 10:54:28 -- 		 max: 27 (max found at subject)
10/03/2026 10:54:28 -- 	N43af1513cab64bd0b8365d57cb98b5aa | http://data.vlaanderen.be/ns/besluit#heeftVoorstander > http://data.vlaanderen.be/ns/mandaat#Mandataris
10/03/2026 10:54:28 -- 		 min: 0 (min found at subject)
10/03/2026 10:54:28 -- 		 max: 71 (max found at subject)
10/03/2026 10:54:28 -- 	Na48f734673fa4c348fcca3546a097aff | http://data.vlaanderen.be/ns/besluit#heeftVoorstander > http://www.w3.org/2004/02/skos/core#Concept
10/03/2026 10:54:28 -- 		 min: 0 (min found at subject)
10/03/2026 10:54:28 -- 		 max: 27 (max found at subject)
10/03/2026 10:54:28 -- 	Nadfaf617e23d4e48a7e3c245e8405a5c | http://data.vlaanderen.be/ns/besluit#heeftVoorstander > http://xmlns.com/foaf/0.1/Document
10/03/2026 10:54:28 -- 		 min: 0 (min found at subject)
10/03/2026 10:54:28 -- 		 max: 3 (max found at subject)
10/03/2026 10:54:28 -- 	N622c409066e64f89904b08b3bedd7229 | http://data.vlaanderen.be/ns/besluit#heeftVoorstander > https://data.vlaanderen.be/id/concept/BesluitDocumentType/13fefad6-a9d6-4025-83b5-e4cbee3a8965
10/03/2026 10:54:28 -- 		 min: 0 (min found at subject)
10/03/2026 10:54:28 -- 		 max: 1 (max found at subject)
10/03/2026 10:54:28 -- 		 shacl-max: 1
10/03/2026 10:54:28 -- 	N23113781fd0846edb747aff86126d550 | http://data.vlaanderen.be/ns/besluit#heeftVoorstander > https://data.vlaanderen.be/id/concept/BesluitDocumentType/3fa67785-ffdc-4b30-8880-2b99d97b4dee
10/03/2026 10:54:28 -- 		 min: 0 (min found at subject)
10/03/2026 10:54:28 -- 		 max: 1 (max found at subject)
10/03/2026 10:54:28 -- 		 shacl-max: 1
10/03/2026 10:54:28 -- 	N69e6eebd54da426783f4b86e36bc954a | http://data.vlaanderen.be/ns/besluit#heeftVoorstander > https://data.vlaanderen.be/id/concept/BesluitDocumentType/8e791b27-7600-4577-b24e-c7c29e0eb773
10/03/2026 10:54:28 -- 		 min: 0 (min found at subject)
10/03/2026 10:54:28 -- 		 max: 1 (max found at subject)
10/03/2026 10:54:28 -- 		 shacl-max: 1
10/03/2026 10:54:28 -- 	Nd47c003ee0c64603bde71921baf1bee3 | http://data.vlaanderen.be/ns/besluit#heeftStemmer > http://data.vlaanderen.be/ns/besluit#Bestuurseenheid
10/03/2026 10:54:28 -- 		 min: 0 (min found at subject)
10/03/2026 10:54:28 -- 		 max: 27 (max found at subject)
10/03/2026 10:54:28 -- 	Nbcba4fcc80174dcf824bd06a5ed85e17 | http://data.vlaanderen.be/ns/besluit#heeftStemmer > http://data.vlaanderen.be/ns/besluit#Bestuursorgaan
10/03/2026 10:54:29 -- 		 min: 0 (min found at subject)
10/03/2026 10:54:29 -- 		 max: 27 (max found at subject)
10/03/2026 10:54:29 -- 	N22ee2821c1514ea8b6fe610effbf1f9a | http://data.vlaanderen.be/ns/besluit#heeftStemmer > http://data.vlaanderen.be/ns/mandaat#Mandataris
10/03/2026 10:54:29 -- 		 min: 0 (min found at subject)
10/03/2026 10:54:29 -- 		 max: 52 (max found at subject)
10/03/2026 10:54:29 -- 	N296ab2b6bc7d405ca75ab88534f43134 | http://data.vlaanderen.be/ns/besluit#heeftStemmer > http://www.w3.org/2004/02/skos/core#Concept
10/03/2026 10:54:29 -- 		 min: 0 (min found at subject)
10/03/2026 10:54:29 -- 		 max: 27 (max found at subject)
10/03/2026 10:54:29 -- 	Ne404424bf0474ccb89f263bf6009909b | http://data.vlaanderen.be/ns/besluit#heeftStemmer > http://xmlns.com/foaf/0.1/Document
10/03/2026 10:54:29 -- 		 min: 0 (min found at subject)
10/03/2026 10:54:29 -- 		 max: 3 (max found at subject)
10/03/2026 10:54:29 -- 	N2d8a67f2a6724b28bf735f4334159921 | http://data.vlaanderen.be/ns/besluit#heeftStemmer > https://data.vlaanderen.be/id/concept/BesluitDocumentType/13fefad6-a9d6-4025-83b5-e4cbee3a8965
10/03/2026 10:54:29 -- 		 min: 0 (min found at subject)
10/03/2026 10:54:29 -- 		 max: 1 (max found at subject)
10/03/2026 10:54:29 -- 		 shacl-max: 1
10/03/2026 10:54:29 -- 	N0c8f7dc61767426fb0fbbae8a0634704 | http://data.vlaanderen.be/ns/besluit#heeftStemmer > https://data.vlaanderen.be/id/concept/BesluitDocumentType/3fa67785-ffdc-4b30-8880-2b99d97b4dee
10/03/2026 10:54:29 -- 		 min: 0 (min found at subject)
10/03/2026 10:54:29 -- 		 max: 1 (max found at subject)
10/03/2026 10:54:29 -- 		 shacl-max: 1
10/03/2026 10:54:29 -- 	Nb27756e703be44498ba97565e5319f81 | http://data.vlaanderen.be/ns/besluit#heeftStemmer > https://data.vlaanderen.be/id/concept/BesluitDocumentType/8e791b27-7600-4577-b24e-c7c29e0eb773
10/03/2026 10:54:29 -- 		 min: 0 (min found at subject)
10/03/2026 10:54:29 -- 		 max: 1 (max found at subject)
10/03/2026 10:54:29 -- 		 shacl-max: 1
10/03/2026 10:54:29 -- 	Nc0a04565b0f3405fabdcbdae86ade2e5 | http://data.vlaanderen.be/ns/besluit#heeftOnthouder > http://data.vlaanderen.be/ns/besluit#Bestuurseenheid
10/03/2026 10:54:29 -- 		 min: 0 (min found at subject)
10/03/2026 10:54:29 -- 		 max: 27 (max found at subject)
10/03/2026 10:54:29 -- 	Nbfbaf1017bad46cdb550b1c9e18642d1 | http://data.vlaanderen.be/ns/besluit#heeftOnthouder > http://data.vlaanderen.be/ns/besluit#Bestuursorgaan
10/03/2026 10:54:29 -- 		 min: 0 (min found at subject)
10/03/2026 10:54:29 -- 		 max: 27 (max found at subject)
10/03/2026 10:54:29 -- 	N576380c05e814368ae339dc48b8c05da | http://data.vlaanderen.be/ns/besluit#heeftOnthouder > http://data.vlaanderen.be/ns/mandaat#Mandataris
10/03/2026 10:54:29 -- 		 min: 0 (min found at subject)
10/03/2026 10:54:29 -- 		 max: 27 (max found at subject)
10/03/2026 10:54:29 -- 	Nc02f07199f5d4185bddf2747f9466864 | http://data.vlaanderen.be/ns/besluit#heeftOnthouder > http://www.w3.org/2004/02/skos/core#Concept
10/03/2026 10:54:29 -- 		 min: 0 (min found at subject)
10/03/2026 10:54:29 -- 		 max: 27 (max found at subject)
10/03/2026 10:54:29 -- 	Ndf33fa5529114ee3a6d32ba2b4aa3533 | http://data.vlaanderen.be/ns/besluit#heeftOnthouder > http://xmlns.com/foaf/0.1/Document
10/03/2026 10:54:29 -- 		 min: 0 (min found at subject)
10/03/2026 10:54:29 -- 		 max: 3 (max found at subject)
10/03/2026 10:54:29 -- 	N1846d4c7a2b7472d845abe8d5a0ab794 | http://data.vlaanderen.be/ns/besluit#heeftOnthouder > https://data.vlaanderen.be/id/concept/BesluitDocumentType/13fefad6-a9d6-4025-83b5-e4cbee3a8965
10/03/2026 10:54:29 -- 		 min: 0 (min found at subject)
10/03/2026 10:54:29 -- 		 max: 1 (max found at subject)
10/03/2026 10:54:29 -- 		 shacl-max: 1
10/03/2026 10:54:29 -- 	Naac1c72dc98c47b88c1748570707f8cc | http://data.vlaanderen.be/ns/besluit#heeftOnthouder > https://data.vlaanderen.be/id/concept/BesluitDocumentType/3fa67785-ffdc-4b30-8880-2b99d97b4dee
10/03/2026 10:54:29 -- 		 min: 0 (min found at subject)
10/03/2026 10:54:29 -- 		 max: 1 (max found at subject)
10/03/2026 10:54:29 -- 		 shacl-max: 1
10/03/2026 10:54:29 -- 	Na4cca02e50e54d1a9570029732f8b551 | http://data.vlaanderen.be/ns/besluit#heeftOnthouder > https://data.vlaanderen.be/id/concept/BesluitDocumentType/8e791b27-7600-4577-b24e-c7c29e0eb773
10/03/2026 10:54:29 -- 		 min: 0 (min found at subject)
10/03/2026 10:54:29 -- 		 max: 1 (max found at subject)
10/03/2026 10:54:29 -- 		 shacl-max: 1
10/03/2026 10:54:29 -- 	N69a8c1500eb5423dad517055de2c7629 | http://data.vlaanderen.be/ns/besluit#heeftTegenstander > http://data.vlaanderen.be/ns/besluit#Bestuurseenheid
10/03/2026 10:54:30 -- 		 min: 0 (min found at subject)
10/03/2026 10:54:30 -- 		 max: 9 (max found at subject)
10/03/2026 10:54:30 -- 	N09950ce961e646abba72b74f60429a50 | http://data.vlaanderen.be/ns/besluit#heeftTegenstander > http://data.vlaanderen.be/ns/besluit#Bestuursorgaan
10/03/2026 10:54:30 -- 		 min: 0 (min found at subject)
10/03/2026 10:54:30 -- 		 max: 9 (max found at subject)
10/03/2026 10:54:30 -- 	N1b4321b732b24586bd0b3f65a8899a67 | http://data.vlaanderen.be/ns/besluit#heeftTegenstander > http://data.vlaanderen.be/ns/mandaat#Mandataris
10/03/2026 10:54:30 -- 		 min: 0 (min found at subject)
10/03/2026 10:54:30 -- 		 max: 55 (max found at subject)
10/03/2026 10:54:30 -- 	Nbfb83e20dac54daaa51eeb51869f183c | http://data.vlaanderen.be/ns/besluit#heeftTegenstander > http://www.w3.org/2004/02/skos/core#Concept
10/03/2026 10:54:30 -- 		 min: 0 (min found at subject)
10/03/2026 10:54:30 -- 		 max: 8 (max found at subject)
10/03/2026 10:54:30 -- 	Nc82f63bb0fc1462487a38d9d398776a3 | http://data.vlaanderen.be/ns/besluit#heeftTegenstander > http://xmlns.com/foaf/0.1/Document
10/03/2026 10:54:30 -- 		 min: 0 (min found at subject)
10/03/2026 10:54:30 -- 		 max: 3 (max found at subject)
10/03/2026 10:54:30 -- 	Ndb555e1710f843c593e5ebd1cd6234d8 | http://data.vlaanderen.be/ns/besluit#heeftTegenstander > https://data.vlaanderen.be/id/concept/BesluitDocumentType/13fefad6-a9d6-4025-83b5-e4cbee3a8965
10/03/2026 10:54:30 -- 		 min: 0 (min found at subject)
10/03/2026 10:54:30 -- 		 max: 1 (max found at subject)
10/03/2026 10:54:30 -- 		 shacl-max: 1
10/03/2026 10:54:30 -- 	Nce78e2f063744cca834907eb38849c7a | http://data.vlaanderen.be/ns/besluit#heeftTegenstander > https://data.vlaanderen.be/id/concept/BesluitDocumentType/3fa67785-ffdc-4b30-8880-2b99d97b4dee
10/03/2026 10:54:30 -- 		 min: 0 (min found at subject)
10/03/2026 10:54:30 -- 		 max: 1 (max found at subject)
10/03/2026 10:54:30 -- 		 shacl-max: 1
10/03/2026 10:54:30 -- 	Nace3d08c13624ebea47e8ec233d35f57 | http://data.vlaanderen.be/ns/besluit#heeftTegenstander > https://data.vlaanderen.be/id/concept/BesluitDocumentType/8e791b27-7600-4577-b24e-c7c29e0eb773
10/03/2026 10:54:30 -- 		 min: 0 (min found at subject)
10/03/2026 10:54:30 -- 		 max: 1 (max found at subject)
10/03/2026 10:54:30 -- 		 shacl-max: 1
10/03/2026 10:54:30 -- 	N74e4877b5aeb45d6b36bd9b8e392fa54 | http://data.vlaanderen.be/ns/besluit#heeftAanwezige > http://data.vlaanderen.be/ns/besluit#Bestuurseenheid
10/03/2026 10:54:30 -- 		 min: 0 (min found at subject)
10/03/2026 10:54:30 -- 		 max: 27 (max found at subject)
10/03/2026 10:54:30 -- 	Nce518968378c412184226624a8740962 | http://data.vlaanderen.be/ns/besluit#heeftAanwezige > http://data.vlaanderen.be/ns/besluit#Bestuursorgaan
10/03/2026 10:54:30 -- 		 min: 0 (min found at subject)
10/03/2026 10:54:30 -- 		 max: 27 (max found at subject)
10/03/2026 10:54:30 -- 	N3ef261ef0beb45c4b9cd13c0eb0e7a08 | http://data.vlaanderen.be/ns/besluit#heeftAanwezige > http://data.vlaanderen.be/ns/mandaat#Mandataris
10/03/2026 10:54:30 -- 		 min: 0 (min found at subject)
10/03/2026 10:54:30 -- 		 max: 75 (max found at subject)
10/03/2026 10:54:30 -- 	N74422fa7f2e240bb9d66de9ff78b9c47 | http://data.vlaanderen.be/ns/besluit#heeftAanwezige > http://www.w3.org/2004/02/skos/core#Concept
10/03/2026 10:54:30 -- 		 min: 0 (min found at subject)
10/03/2026 10:54:30 -- 		 max: 27 (max found at subject)
10/03/2026 10:54:30 -- 	Nce4a3c3ed3914ae8b482718b933b9135 | http://data.vlaanderen.be/ns/besluit#heeftAanwezige > http://xmlns.com/foaf/0.1/Document
10/03/2026 10:54:30 -- 		 min: 0 (min found at subject)
10/03/2026 10:54:30 -- 		 max: 3 (max found at subject)
10/03/2026 10:54:30 -- 	N9d2507b0eb2142398a753ab521d04aa9 | http://data.vlaanderen.be/ns/besluit#heeftAanwezige > https://data.vlaanderen.be/id/concept/BesluitDocumentType/13fefad6-a9d6-4025-83b5-e4cbee3a8965
10/03/2026 10:54:31 -- 		 min: 0 (min found at subject)
10/03/2026 10:54:31 -- 		 max: 1 (max found at subject)
10/03/2026 10:54:31 -- 		 shacl-max: 1
10/03/2026 10:54:31 -- 	Nfece3d018c7b4379aec56e510fdf1c8a | http://data.vlaanderen.be/ns/besluit#heeftAanwezige > https://data.vlaanderen.be/id/concept/BesluitDocumentType/3fa67785-ffdc-4b30-8880-2b99d97b4dee
10/03/2026 10:54:31 -- 		 min: 0 (min found at subject)
10/03/2026 10:54:31 -- 		 max: 1 (max found at subject)
10/03/2026 10:54:31 -- 		 shacl-max: 1
10/03/2026 10:54:31 -- 	N7a80da379fbe429a99c79aa72405c4d7 | http://data.vlaanderen.be/ns/besluit#heeftAanwezige > https://data.vlaanderen.be/id/concept/BesluitDocumentType/8e791b27-7600-4577-b24e-c7c29e0eb773
10/03/2026 10:54:31 -- 		 min: 0 (min found at subject)
10/03/2026 10:54:31 -- 		 max: 1 (max found at subject)
10/03/2026 10:54:31 -- 		 shacl-max: 1
10/03/2026 10:54:31 -- 	N163dd8b359264cf3802274b5c27869f0 | http://data.vlaanderen.be/ns/besluit#gevolg > [no object/datatype]
10/03/2026 10:54:31 -- 		 min: 0 (min found at subject)
10/03/2026 10:54:31 -- 		 max: 7 (max found at subject)
10/03/2026 10:54:31 -- 	Na7091ae2e47243eab098d0c44d4b6773 | http://data.vlaanderen.be/ns/besluit#aantalTegenstanders > [no object/datatype]
10/03/2026 10:54:31 -- 		 min: 0 (min found at subject)
10/03/2026 10:54:31 -- 		 max: 35 (max found at subject)
10/03/2026 10:54:31 -- 	Nf3aacbeed11c4fd6a06487a6bd195cd3 | http://mu.semte.ch/vocabularies/core/uuid > [no object/datatype]
10/03/2026 10:54:31 -- 		 min: 1 (min found at subject)
10/03/2026 10:54:31 -- 		 max: 1 (max found at subject)
10/03/2026 10:54:31 -- 		 shacl-min: 1
10/03/2026 10:54:31 -- 		 shacl-max: 1
10/03/2026 10:54:31 -- 	Nbc9c69bc94db47be9f48362b78af1a3e | http://data.vlaanderen.be/ns/besluit#aantalVoorstanders > [no object/datatype]
10/03/2026 10:54:31 -- 		 min: 0 (min found at subject)
10/03/2026 10:54:31 -- 		 max: 42 (max found at subject)
10/03/2026 10:54:31 -- 	Nb13db32563284c32883b1d350e121ec7 | http://data.vlaanderen.be/ns/besluit#geheim > [no object/datatype]
10/03/2026 10:54:31 -- 		 min: 0 (min found at subject)
10/03/2026 10:54:31 -- 		 max: 2 (max found at subject)
10/03/2026 10:54:31 -- 	N04874e2f612b44d1bcc0f2f68bf4bc08 | http://www.w3.org/ns/prov#wasDerivedFrom > http://data.vlaanderen.be/ns/besluit#Bestuurseenheid
10/03/2026 10:54:31 -- 		 min: 0 (min found at subject)
10/03/2026 10:54:31 -- 		 max: 27 (max found at subject)
10/03/2026 10:54:31 -- 	N3bf8edd0934d48f38dade9c48f0ff940 | http://www.w3.org/ns/prov#wasDerivedFrom > http://data.vlaanderen.be/ns/besluit#Bestuursorgaan
10/03/2026 10:54:31 -- 		 min: 0 (min found at subject)
10/03/2026 10:54:31 -- 		 max: 27 (max found at subject)
10/03/2026 10:54:31 -- 	N3f68c369ffab4d369ed950e46074313c | http://www.w3.org/ns/prov#wasDerivedFrom > http://data.vlaanderen.be/ns/mandaat#Mandataris
10/03/2026 10:54:31 -- 		 min: 0 (min found at subject)
10/03/2026 10:54:31 -- 		 max: 27 (max found at subject)
10/03/2026 10:54:31 -- 	N7507a5d721464dc4a37f1c3a05c9f8fb | http://www.w3.org/ns/prov#wasDerivedFrom > http://www.w3.org/2004/02/skos/core#Concept
10/03/2026 10:54:31 -- 		 min: 0 (min found at subject)
10/03/2026 10:54:31 -- 		 max: 27 (max found at subject)
10/03/2026 10:54:31 -- 	Nf4ff1babc6294c00a3e14f79ca46b77d | http://www.w3.org/ns/prov#wasDerivedFrom > http://xmlns.com/foaf/0.1/Document
10/03/2026 10:54:31 -- 		 min: 0 (min found at subject)
10/03/2026 10:54:31 -- 		 max: 4 (max found at subject)
10/03/2026 10:54:31 -- 	Nd51f49be236b4b6fbf5d9880d99abfe9 | http://www.w3.org/ns/prov#wasDerivedFrom > https://data.vlaanderen.be/id/concept/BesluitDocumentType/13fefad6-a9d6-4025-83b5-e4cbee3a8965
10/03/2026 10:54:31 -- 		 min: 0 (min found at subject)
10/03/2026 10:54:31 -- 		 max: 2 (max found at subject)
10/03/2026 10:54:31 -- 	Nea0f8adf4de546729af38522804c8fc2 | http://www.w3.org/ns/prov#wasDerivedFrom > https://data.vlaanderen.be/id/concept/BesluitDocumentType/3fa67785-ffdc-4b30-8880-2b99d97b4dee
10/03/2026 10:54:32 -- 		 min: 0 (min found at subject)
10/03/2026 10:54:32 -- 		 max: 1 (max found at subject)
10/03/2026 10:54:32 -- 		 shacl-max: 1
10/03/2026 10:54:32 -- 	Neaaaa15c287742e79ed8e99fdeaa8daa | http://www.w3.org/ns/prov#wasDerivedFrom > https://data.vlaanderen.be/id/concept/BesluitDocumentType/8e791b27-7600-4577-b24e-c7c29e0eb773
10/03/2026 10:54:32 -- 		 min: 0 (min found at subject)
10/03/2026 10:54:32 -- 		 max: 1 (max found at subject)
10/03/2026 10:54:32 -- 		 shacl-max: 1
10/03/2026 10:54:32 -- 	N3d0ba01f173640dd9c713b288cb83c95 | http://data.vlaanderen.be/ns/besluit#onderwerp > [no object/datatype]
10/03/2026 10:54:32 -- 		 min: 0 (min found at subject)
10/03/2026 10:54:32 -- 		 max: 3826 (max found at subject)
10/03/2026 10:54:32 -- http://example.com/shapes/cf8bed5f-3874-45c3-8ef6-33d669d02c4a ~ http://data.vlaanderen.be/ns/besluit#Besluit
10/03/2026 10:54:32 -- 	Ne799e5ad920b4351b652d1dc616097b1 | http://data.europa.eu/eli/ontology#passed_by > http://data.vlaanderen.be/ns/besluit#Bestuurseenheid
10/03/2026 10:54:32 -- 		 min: 0 (min found at subject)
10/03/2026 10:54:32 -- 		 max: 3 (max found at subject)
10/03/2026 10:54:32 -- 	N31d25a541ba348ccb321828bd4ce8aee | http://data.europa.eu/eli/ontology#passed_by > http://data.vlaanderen.be/ns/besluit#Bestuursorgaan
10/03/2026 10:54:32 -- 		 min: 0 (min found at subject)
10/03/2026 10:54:32 -- 		 max: 4 (max found at subject)
10/03/2026 10:54:32 -- 	N25fd7b72705e4b0ea94201d69038c6f2 | http://data.europa.eu/eli/ontology#passed_by > http://data.vlaanderen.be/ns/mandaat#Mandataris
10/03/2026 10:54:32 -- 		 min: 0 (min found at subject)
10/03/2026 10:54:32 -- 		 max: 3 (max found at subject)
10/03/2026 10:54:32 -- 	N3c5376bb39d94be48a4f6f4ce2c22f62 | http://data.europa.eu/eli/ontology#passed_by > http://www.w3.org/2004/02/skos/core#Concept
10/03/2026 10:54:33 -- 		 min: 0 (min found at subject)
10/03/2026 10:54:33 -- 		 max: 3 (max found at subject)
10/03/2026 10:54:33 -- 	N6df8d898556b448083ad4ef7f6b88ffc | http://data.europa.eu/eli/ontology#passed_by > http://xmlns.com/foaf/0.1/Document
10/03/2026 10:54:33 -- 		 min: 0 (min found at subject)
10/03/2026 10:54:33 -- 		 max: 3 (max found at subject)
10/03/2026 10:54:33 -- 	N3d61ac70ab4f44c5820f5705438572b7 | http://data.europa.eu/eli/ontology#passed_by > https://data.vlaanderen.be/id/concept/BesluitDocumentType/13fefad6-a9d6-4025-83b5-e4cbee3a8965
10/03/2026 10:54:33 -- 		 min: 0 (min found at subject)
10/03/2026 10:54:33 -- 		 max: 1 (max found at subject)
10/03/2026 10:54:33 -- 		 shacl-max: 1
10/03/2026 10:54:33 -- 	Naacc2b74272348a5a7531495694dc421 | http://data.europa.eu/eli/ontology#passed_by > https://data.vlaanderen.be/id/concept/BesluitDocumentType/3fa67785-ffdc-4b30-8880-2b99d97b4dee
10/03/2026 10:54:34 -- 		 min: 0 (min found at subject)
10/03/2026 10:54:34 -- 		 max: 1 (max found at subject)
10/03/2026 10:54:34 -- 		 shacl-max: 1
10/03/2026 10:54:34 -- 	Nbd1e60e7a6bf4d5b9e8621352f6722d8 | http://data.europa.eu/eli/ontology#passed_by > https://data.vlaanderen.be/id/concept/BesluitDocumentType/8e791b27-7600-4577-b24e-c7c29e0eb773
10/03/2026 10:54:34 -- 		 min: 0 (min found at subject)
10/03/2026 10:54:34 -- 		 max: 1 (max found at subject)
10/03/2026 10:54:34 -- 		 shacl-max: 1
10/03/2026 10:54:34 -- 	N9ae432179ad54673b4c607623437675a | http://www.w3.org/2000/01/rdf-schema#comment > [no object/datatype]
10/03/2026 10:54:34 -- 		 min: 0 (min found at subject)
10/03/2026 10:54:34 -- 		 max: 1 (max found at subject)
10/03/2026 10:54:34 -- 		 shacl-max: 1
10/03/2026 10:54:34 -- 	N672699f7689f42be8eef22385fa7f798 | http://lblod.data.gift/vocabularies/besluit/chartOfAccount > http://www.w3.org/2004/02/skos/core#Concept
10/03/2026 10:54:34 -- 		 min: 0 (min found at subject)
10/03/2026 10:54:34 -- 		 max: 1 (max found at subject)
10/03/2026 10:54:34 -- 		 shacl-max: 1
10/03/2026 10:54:34 -- 	N7b7b62ff5e3a451e9925536e3a076221 | http://data.europa.eu/eli/ontology#first_date_entry_in_force > [no object/datatype]
10/03/2026 10:54:35 -- 		 min: 0 (min found at subject)
10/03/2026 10:54:35 -- 		 max: 4 (max found at subject)
10/03/2026 10:54:35 -- 	Na29982d1badb44ef81bdec56cef51fab | http://data.vlaanderen.be/ns/besluit#noreferrer > [no object/datatype]
10/03/2026 10:54:35 -- 		 min: 0 (min found at subject)
10/03/2026 10:54:35 -- 		 max: 16 (max found at subject)
10/03/2026 10:54:35 -- 	Nefa9d757bb914ba2b52bcdde65b7c6b1 | http://data.vlaanderen.be/ns/besluit#external > [no object/datatype]
10/03/2026 10:54:35 -- 		 min: 0 (min found at subject)
10/03/2026 10:54:35 -- 		 max: 1 (max found at subject)
10/03/2026 10:54:35 -- 		 shacl-max: 1
10/03/2026 10:54:35 -- 	N29df24ac76474945867f8e494779c75e | http://data.europa.eu/eli/ontology#description > [no object/datatype]
10/03/2026 10:54:35 -- 		 min: 0 (min found at subject)
10/03/2026 10:54:35 -- 		 max: 5 (max found at subject)
10/03/2026 10:54:35 -- 	N97d70d76734448a8a06cf61dd558f1d8 | http://data.vlaanderen.be/ns/besluit#motivering > [no object/datatype]
10/03/2026 10:54:36 -- 		 min: 0 (min found at subject)
10/03/2026 10:54:36 -- 		 max: 4 (max found at subject)
10/03/2026 10:54:36 -- 	N81ff60fba112441bb954de7b1d33499b | http://www.w3.org/ns/prov#wasGeneratedBy > http://data.vlaanderen.be/ns/besluit#BehandelingVanAgendapunt
10/03/2026 10:54:36 -- 		 min: 0 (min found at subject)
10/03/2026 10:54:36 -- 		 max: 1 (max found at subject)
10/03/2026 10:54:36 -- 		 shacl-max: 1
10/03/2026 10:54:36 -- 	N611de92fcca24b8686d3510402678b88 | http://www.w3.org/ns/prov#wasGeneratedBy > http://data.vlaanderen.be/ns/besluit#Besluit
10/03/2026 10:54:36 -- 		 min: 0 (min found at subject)
10/03/2026 10:54:36 -- 		 max: 1 (max found at subject)
10/03/2026 10:54:36 -- 		 shacl-max: 1
10/03/2026 10:54:36 -- 	N33b6434f5e1e4f79aa3a8f4273721098 | http://mu.semte.ch/vocabularies/ext/aanwezigenTable > [no object/datatype]
10/03/2026 10:54:37 -- 		 min: 0 (min found at subject)
10/03/2026 10:54:37 -- 		 max: 2 (max found at subject)
10/03/2026 10:54:37 -- 	N3d46fa3e74e64e439994904ee41f665d | http://data.vlaanderen.be/ns/besluit#heeftAanwezige > http://data.vlaanderen.be/ns/mandaat#Mandataris
10/03/2026 10:54:37 -- 		 min: 0 (min found at subject)
10/03/2026 10:54:37 -- 		 max: 36 (max found at subject)
10/03/2026 10:54:37 -- 	N7f517b2fb3394d6a874177e764555ef2 | http://lblod.data.gift/vocabularies/besluit/taxRate > [no object/datatype]
10/03/2026 10:54:37 -- 		 min: 0 (min found at subject)
10/03/2026 10:54:37 -- 		 max: 1 (max found at subject)
10/03/2026 10:54:37 -- 		 shacl-max: 1
10/03/2026 10:54:37 -- 	Nc6b3450f9d2f464c91b44b169ac6ab7e | http://data.europa.eu/eli/ontology#language > http://www.w3.org/2004/02/skos/core#Concept
10/03/2026 10:54:37 -- 		 min: 0 (min found at subject)
10/03/2026 10:54:37 -- 		 max: 1 (max found at subject)
10/03/2026 10:54:37 -- 		 shacl-max: 1
10/03/2026 10:54:37 -- 	N23f0100cbeff408f87ec85988a37fd23 | http://data.vlaanderen.be/ns/besluit#citeeropschrift > [no object/datatype]
10/03/2026 10:54:38 -- 		 min: 0 (min found at subject)
10/03/2026 10:54:38 -- 		 max: 1 (max found at subject)
10/03/2026 10:54:38 -- 		 shacl-max: 1
10/03/2026 10:54:38 -- 	N60e2c93354124b0b981829dbe4532fc8 | http://data.europa.eu/eli/ontology#title_short > [no object/datatype]
10/03/2026 10:54:38 -- 		 min: 0 (min found at subject)
10/03/2026 10:54:38 -- 		 max: 2 (max found at subject)
10/03/2026 10:54:38 -- 	N1726c29bff5d4e14b3c10ef3062acf1d | http://data.vlaanderen.be/ns/besluit#heeftVoorzitter > http://data.vlaanderen.be/ns/mandaat#Mandataris
10/03/2026 10:54:38 -- 		 min: 0 (min found at subject)
10/03/2026 10:54:38 -- 		 max: 1 (max found at subject)
10/03/2026 10:54:38 -- 		 shacl-max: 1
10/03/2026 10:54:38 -- 	N2acff3b3ffcc4c28aafc2b57093708e8 | http://mu.semte.ch/vocabularies/core/uuid > [no object/datatype]
10/03/2026 10:54:38 -- 		 min: 1 (min found at subject)
10/03/2026 10:54:38 -- 		 max: 1 (max found at subject)
10/03/2026 10:54:38 -- 		 shacl-min: 1
10/03/2026 10:54:38 -- 		 shacl-max: 1
10/03/2026 10:54:38 -- 	Ne4f491328dcf4b07adf4fcb6d8674094 | http://data.europa.eu/eli/ontology#cites > [no object/datatype]
10/03/2026 10:54:39 -- 		 min: 0 (min found at subject)
10/03/2026 10:54:39 -- 		 max: 2 (max found at subject)
10/03/2026 10:54:39 -- 	N7628e353f309493181f426fba327b0fe | http://data.europa.eu/eli/ontology#date_publication > [no object/datatype]
10/03/2026 10:54:39 -- 		 min: 0 (min found at subject)
10/03/2026 10:54:39 -- 		 max: 4 (max found at subject)
10/03/2026 10:54:39 -- 	Nf02b9e6eef1243569f17a65472daef25 | http://www.w3.org/ns/prov#wasDerivedFrom > http://data.vlaanderen.be/ns/besluit#Bestuurseenheid
10/03/2026 10:54:39 -- 		 min: 0 (min found at subject)
10/03/2026 10:54:39 -- 		 max: 3 (max found at subject)
10/03/2026 10:54:39 -- 	N2dbd8ca50f2d4c589e321cf61b055002 | http://www.w3.org/ns/prov#wasDerivedFrom > http://data.vlaanderen.be/ns/besluit#Bestuursorgaan
10/03/2026 10:54:39 -- 		 min: 0 (min found at subject)
10/03/2026 10:54:39 -- 		 max: 3 (max found at subject)
10/03/2026 10:54:39 -- 	Nabd423b5bce9440dbdd8e840aa459161 | http://www.w3.org/ns/prov#wasDerivedFrom > http://data.vlaanderen.be/ns/mandaat#Mandataris
10/03/2026 10:54:40 -- 		 min: 0 (min found at subject)
10/03/2026 10:54:40 -- 		 max: 3 (max found at subject)
10/03/2026 10:54:40 -- 	Na285417279104fc487dc1d8bab14ed25 | http://www.w3.org/ns/prov#wasDerivedFrom > http://www.w3.org/2004/02/skos/core#Concept
10/03/2026 10:54:40 -- 		 min: 0 (min found at subject)
10/03/2026 10:54:40 -- 		 max: 3 (max found at subject)
10/03/2026 10:54:40 -- 	Ne8c0c126cb4f4b8f9dd1dc6457617b20 | http://www.w3.org/ns/prov#wasDerivedFrom > http://xmlns.com/foaf/0.1/Document
10/03/2026 10:54:40 -- 		 min: 0 (min found at subject)
10/03/2026 10:54:40 -- 		 max: 3 (max found at subject)
10/03/2026 10:54:40 -- 	N7fbae214e6ff4cc0842b423ef3b4d4b1 | http://www.w3.org/ns/prov#wasDerivedFrom > https://data.vlaanderen.be/id/concept/BesluitDocumentType/13fefad6-a9d6-4025-83b5-e4cbee3a8965
10/03/2026 10:54:41 -- 		 min: 0 (min found at subject)
10/03/2026 10:54:41 -- 		 max: 1 (max found at subject)
10/03/2026 10:54:41 -- 		 shacl-max: 1
10/03/2026 10:54:41 -- 	Naed090103978480abe1e941840bebf5c | http://www.w3.org/ns/prov#wasDerivedFrom > https://data.vlaanderen.be/id/concept/BesluitDocumentType/3fa67785-ffdc-4b30-8880-2b99d97b4dee
10/03/2026 10:54:41 -- 		 min: 0 (min found at subject)
10/03/2026 10:54:41 -- 		 max: 1 (max found at subject)
10/03/2026 10:54:41 -- 		 shacl-max: 1
10/03/2026 10:54:41 -- 	Nee2cd71b364c4c4da89932c4a0f0db1d | http://www.w3.org/ns/prov#wasDerivedFrom > https://data.vlaanderen.be/id/concept/BesluitDocumentType/8e791b27-7600-4577-b24e-c7c29e0eb773
10/03/2026 10:54:41 -- 		 min: 0 (min found at subject)
10/03/2026 10:54:41 -- 		 max: 1 (max found at subject)
10/03/2026 10:54:41 -- 		 shacl-max: 1
10/03/2026 10:54:41 -- 	N02edef82049d433d81053114d9f15e34 | http://mu.semte.ch/vocabularies/ext/behandelt > http://data.vlaanderen.be/ns/besluit#BehandelingVanAgendapunt
10/03/2026 10:54:41 -- 		 min: 0 (min found at subject)
10/03/2026 10:54:41 -- 		 max: 1 (max found at subject)
10/03/2026 10:54:41 -- 		 shacl-max: 1
10/03/2026 10:54:41 -- 	N85370b2e7bb145b28ea28e962db10717 | http://data.europa.eu/eli/ontology#has_part > http://data.vlaanderen.be/ns/besluit#Artikel
10/03/2026 10:54:42 -- 		 min: 0 (min found at subject)
10/03/2026 10:54:42 -- 		 max: 91 (max found at subject)
10/03/2026 10:54:42 -- 	N550f199bf07c4e3f83aa753ef57dd956 | http://purl.org/dc/terms/subject > http://data.vlaanderen.be/ns/besluit#Agendapunt
10/03/2026 10:54:42 -- 		 min: 0 (min found at subject)
10/03/2026 10:54:42 -- 		 max: 1 (max found at subject)
10/03/2026 10:54:42 -- 		 shacl-max: 1
10/03/2026 10:54:42 -- 	N14adc19110974735bee63fdb0a8868be | http://data.vlaanderen.be/ns/besluit#openbaar > [no object/datatype]
10/03/2026 10:54:42 -- 		 min: 0 (min found at subject)
10/03/2026 10:54:42 -- 		 max: 1 (max found at subject)
10/03/2026 10:54:42 -- 		 shacl-max: 1
10/03/2026 10:54:42 -- 	Ndf01b02a6ddf4752a48b4115ccf8bea1 | http://www.w3.org/ns/prov#generated > http://data.vlaanderen.be/ns/besluit#BehandelingVanAgendapunt
10/03/2026 10:54:42 -- 		 min: 0 (min found at subject)
10/03/2026 10:54:42 -- 		 max: 1 (max found at subject)
10/03/2026 10:54:42 -- 		 shacl-max: 1
10/03/2026 10:54:42 -- 	Ndfa87060582c4591a525f5f50d1fbd52 | http://www.w3.org/ns/prov#generated > http://data.vlaanderen.be/ns/besluit#Besluit
10/03/2026 10:54:43 -- 		 min: 0 (min found at subject)
10/03/2026 10:54:43 -- 		 max: 1 (max found at subject)
10/03/2026 10:54:43 -- 		 shacl-max: 1
10/03/2026 10:54:43 -- 	N708e31881d9c435dbc6f913cea59b9e8 | http://www.w3.org/ns/prov#generated > https://data.vlaanderen.be/id/concept/BesluitType/0ee460b1-5ef4-4d4a-b5e1-e2d7c1d5086e
10/03/2026 10:54:43 -- 		 min: 0 (min found at subject)
10/03/2026 10:54:43 -- 		 max: 1 (max found at subject)
10/03/2026 10:54:43 -- 		 shacl-max: 1
10/03/2026 10:54:43 -- 	Nbcb0364fa7bd414e9b5981030ae93d09 | http://www.w3.org/ns/prov#generated > https://data.vlaanderen.be/id/concept/BesluitType/1105564e-30c7-4371-a864-6b7329cdae6f
10/03/2026 10:54:43 -- 		 min: 0 (min found at subject)
10/03/2026 10:54:43 -- 		 max: 1 (max found at subject)
10/03/2026 10:54:43 -- 		 shacl-max: 1
10/03/2026 10:54:43 -- 	N3140ef9b27234eac86368f1bf2c7da25 | http://www.w3.org/ns/prov#generated > https://data.vlaanderen.be/id/concept/BesluitType/13fefad6-a9d6-4025-83b5-e4cbee3a8965
10/03/2026 10:54:44 -- 		 min: 0 (min found at subject)
10/03/2026 10:54:44 -- 		 max: 1 (max found at subject)
10/03/2026 10:54:44 -- 		 shacl-max: 1
10/03/2026 10:54:44 -- 	N90f897c0201748aea09bdfc4e5b5864e | http://www.w3.org/ns/prov#generated > https://data.vlaanderen.be/id/concept/BesluitType/256bd04a-b74b-4f2a-8f5d-14dda4765af9
10/03/2026 10:54:44 -- 		 min: 0 (min found at subject)
10/03/2026 10:54:44 -- 		 max: 1 (max found at subject)
10/03/2026 10:54:44 -- 		 shacl-max: 1
10/03/2026 10:54:44 -- 	Na1ac4608bff14454b3800a258397ff31 | http://www.w3.org/ns/prov#generated > https://data.vlaanderen.be/id/concept/BesluitType/25deb453-ae3e-4d40-8027-36cdb48ab738
10/03/2026 10:54:44 -- 		 min: 0 (min found at subject)
10/03/2026 10:54:44 -- 		 max: 1 (max found at subject)
10/03/2026 10:54:44 -- 		 shacl-max: 1
10/03/2026 10:54:44 -- 	Ne085ed4e60184f1baac249bf3fa64a46 | http://www.w3.org/ns/prov#generated > https://data.vlaanderen.be/id/concept/BesluitType/2f189152-1786-4b55-a3a9-d7f06de63f1c
10/03/2026 10:54:44 -- 		 min: 0 (min found at subject)
10/03/2026 10:54:44 -- 		 max: 1 (max found at subject)
10/03/2026 10:54:44 -- 		 shacl-max: 1
10/03/2026 10:54:44 -- 	N9b7b349b41734f8ab8ac54b73af027e9 | http://www.w3.org/ns/prov#generated > https://data.vlaanderen.be/id/concept/BesluitType/380674ee-0894-4c41-bcc1-9deaeb9d464c
10/03/2026 10:54:45 -- 		 min: 0 (min found at subject)
10/03/2026 10:54:45 -- 		 max: 1 (max found at subject)
10/03/2026 10:54:45 -- 		 shacl-max: 1
10/03/2026 10:54:45 -- 	N6b27592abaf24ba9af4971167b720e02 | http://www.w3.org/ns/prov#generated > https://data.vlaanderen.be/id/concept/BesluitType/3bba9f10-faff-49a6-acaa-85af7f2199a3
10/03/2026 10:54:45 -- 		 min: 0 (min found at subject)
10/03/2026 10:54:45 -- 		 max: 1 (max found at subject)
10/03/2026 10:54:45 -- 		 shacl-max: 1
10/03/2026 10:54:45 -- 	N6e4b5e767f7744ebad43c0dd12dd4d42 | http://www.w3.org/ns/prov#generated > https://data.vlaanderen.be/id/concept/BesluitType/3fcf7dba-2e5b-4955-a489-6dd8285c013b
10/03/2026 10:54:45 -- 		 min: 0 (min found at subject)
10/03/2026 10:54:45 -- 		 max: 1 (max found at subject)
10/03/2026 10:54:45 -- 		 shacl-max: 1
10/03/2026 10:54:45 -- 	N198d82b1667b43c984f24e8f4746d68e | http://www.w3.org/ns/prov#generated > https://data.vlaanderen.be/id/concept/BesluitType/40831a2c-771d-4b41-9720-0399998f1873
10/03/2026 10:54:45 -- 		 min: 0 (min found at subject)
10/03/2026 10:54:45 -- 		 max: 1 (max found at subject)
10/03/2026 10:54:45 -- 		 shacl-max: 1
10/03/2026 10:54:45 -- 	Nb8fd2886ebf94265b4178ec1487dfc74 | http://www.w3.org/ns/prov#generated > https://data.vlaanderen.be/id/concept/BesluitType/4350cdda-8291-4055-9026-5c7429357fce
10/03/2026 10:54:46 -- 		 min: 0 (min found at subject)
10/03/2026 10:54:46 -- 		 max: 1 (max found at subject)
10/03/2026 10:54:46 -- 		 shacl-max: 1
10/03/2026 10:54:46 -- 	N954678a7b42042599c76c41e5051d60a | http://www.w3.org/ns/prov#generated > https://data.vlaanderen.be/id/concept/BesluitType/4673d472-8dbc-4cea-b3ab-f92df3807eb3
10/03/2026 10:54:46 -- 		 min: 0 (min found at subject)
10/03/2026 10:54:46 -- 		 max: 1 (max found at subject)
10/03/2026 10:54:46 -- 		 shacl-max: 1
10/03/2026 10:54:46 -- 	N0f35942a666b4759a15eed5f650ff28d | http://www.w3.org/ns/prov#generated > https://data.vlaanderen.be/id/concept/BesluitType/4c22ef0a-f808-41dd-9c9f-2aff17fd851f
10/03/2026 10:54:46 -- 		 min: 0 (min found at subject)
10/03/2026 10:54:46 -- 		 max: 1 (max found at subject)
10/03/2026 10:54:46 -- 		 shacl-max: 1
10/03/2026 10:54:46 -- 	Nd3f9f280801041688a5580455c205a45 | http://www.w3.org/ns/prov#generated > https://data.vlaanderen.be/id/concept/BesluitType/4d8f678a-6fa4-4d5f-a2a1-80974e43bf34
10/03/2026 10:54:46 -- 		 min: 0 (min found at subject)
10/03/2026 10:54:46 -- 		 max: 1 (max found at subject)
10/03/2026 10:54:46 -- 		 shacl-max: 1
10/03/2026 10:54:46 -- 	N923a8a56aa02405f9cfaafc5e171afa7 | http://www.w3.org/ns/prov#generated > https://data.vlaanderen.be/id/concept/BesluitType/4efa4632-efc6-40d5-815a-dec785fbceac
10/03/2026 10:54:47 -- 		 min: 0 (min found at subject)
10/03/2026 10:54:47 -- 		 max: 1 (max found at subject)
10/03/2026 10:54:47 -- 		 shacl-max: 1
10/03/2026 10:54:47 -- 	N769fe977188741ecac8f7d23c7cd060e | http://www.w3.org/ns/prov#generated > https://data.vlaanderen.be/id/concept/BesluitType/51982214-0d8b-4cd9-87cf-c46570cd1ed3
10/03/2026 10:54:47 -- 		 min: 0 (min found at subject)
10/03/2026 10:54:47 -- 		 max: 1 (max found at subject)
10/03/2026 10:54:47 -- 		 shacl-max: 1
10/03/2026 10:54:47 -- 	Nec76c84cf3d74508bc0282535e135771 | http://www.w3.org/ns/prov#generated > https://data.vlaanderen.be/id/concept/BesluitType/5226e23d-617d-48b9-9c00-3d679ae88fec
10/03/2026 10:54:47 -- 		 min: 0 (min found at subject)
10/03/2026 10:54:47 -- 		 max: 1 (max found at subject)
10/03/2026 10:54:47 -- 		 shacl-max: 1
10/03/2026 10:54:47 -- 	N3959ff82f10e4fa0a6f0bc5a62551969 | http://www.w3.org/ns/prov#generated > https://data.vlaanderen.be/id/concept/BesluitType/5ee63f84-2fa0-4758-8820-99dca2bdce7c
10/03/2026 10:54:47 -- 		 min: 0 (min found at subject)
10/03/2026 10:54:47 -- 		 max: 1 (max found at subject)
10/03/2026 10:54:47 -- 		 shacl-max: 1
10/03/2026 10:54:47 -- 	N1976d4069f2946fbbe43788f7b007496 | http://www.w3.org/ns/prov#generated > https://data.vlaanderen.be/id/concept/BesluitType/67378dd0-5413-474b-8996-d992ef81637a
10/03/2026 10:54:48 -- 		 min: 0 (min found at subject)
10/03/2026 10:54:48 -- 		 max: 1 (max found at subject)
10/03/2026 10:54:48 -- 		 shacl-max: 1
10/03/2026 10:54:48 -- 	N2047d2474fa4469fbfbeadbb5ef2e0d9 | http://www.w3.org/ns/prov#generated > https://data.vlaanderen.be/id/concept/BesluitType/7927f4f4-ad4c-4460-9207-2a4b5d21a9d7
10/03/2026 10:54:48 -- 		 min: 0 (min found at subject)
10/03/2026 10:54:48 -- 		 max: 1 (max found at subject)
10/03/2026 10:54:48 -- 		 shacl-max: 1
10/03/2026 10:54:48 -- 	N0cf4767831fe4390836a30a74e782619 | http://www.w3.org/ns/prov#generated > https://data.vlaanderen.be/id/concept/BesluitType/79414af4-4f57-4ca3-aaa4-f8f1e015e71c
10/03/2026 10:54:48 -- 		 min: 0 (min found at subject)
10/03/2026 10:54:48 -- 		 max: 1 (max found at subject)
10/03/2026 10:54:48 -- 		 shacl-max: 1
10/03/2026 10:54:48 -- 	Nd096ab7c3c65460abecc5806b3185027 | http://www.w3.org/ns/prov#generated > https://data.vlaanderen.be/id/concept/BesluitType/7d95fd2e-3cc9-4a4c-a58e-0fbc408c2f9b
10/03/2026 10:54:48 -- 		 min: 0 (min found at subject)
10/03/2026 10:54:48 -- 		 max: 1 (max found at subject)
10/03/2026 10:54:48 -- 		 shacl-max: 1
10/03/2026 10:54:48 -- 	N22fc2375eac44c888026df0645df8f48 | http://www.w3.org/ns/prov#generated > https://data.vlaanderen.be/id/concept/BesluitType/84121221-4217-40e3-ada2-cd1379b168e1
10/03/2026 10:54:49 -- 		 min: 0 (min found at subject)
10/03/2026 10:54:49 -- 		 max: 1 (max found at subject)
10/03/2026 10:54:49 -- 		 shacl-max: 1
10/03/2026 10:54:49 -- 	Nf6f0630bcab94ff1982dd7a4368f8201 | http://www.w3.org/ns/prov#generated > https://data.vlaanderen.be/id/concept/BesluitType/849c66c2-ba33-4ac1-a693-be48d8ac7bc7
10/03/2026 10:54:49 -- 		 min: 0 (min found at subject)
10/03/2026 10:54:49 -- 		 max: 1 (max found at subject)
10/03/2026 10:54:49 -- 		 shacl-max: 1
10/03/2026 10:54:49 -- 	N891553be137d4ba8ad74914ad4554507 | http://www.w3.org/ns/prov#generated > https://data.vlaanderen.be/id/concept/BesluitType/8597e056-b96d-4213-ad4c-37338f2aaf35
10/03/2026 10:54:49 -- 		 min: 0 (min found at subject)
10/03/2026 10:54:49 -- 		 max: 1 (max found at subject)
10/03/2026 10:54:49 -- 		 shacl-max: 1
10/03/2026 10:54:49 -- 	Nbcde5a510144403aa7b553f6f68d39c9 | http://www.w3.org/ns/prov#generated > https://data.vlaanderen.be/id/concept/BesluitType/8e791b27-7600-4577-b24e-c7c29e0eb773
10/03/2026 10:54:49 -- 		 min: 0 (min found at subject)
10/03/2026 10:54:49 -- 		 max: 1 (max found at subject)
10/03/2026 10:54:49 -- 		 shacl-max: 1
10/03/2026 10:54:49 -- 	N782b3b9f21ba4f9bbdb3347f88781219 | http://www.w3.org/ns/prov#generated > https://data.vlaanderen.be/id/concept/BesluitType/9a02d21f-fdc4-455e-8892-c2ae1d33759a
10/03/2026 10:54:50 -- 		 min: 0 (min found at subject)
10/03/2026 10:54:50 -- 		 max: 1 (max found at subject)
10/03/2026 10:54:50 -- 		 shacl-max: 1
10/03/2026 10:54:50 -- 	N1368160afa2b4b9a9e6a7753b08e3cd1 | http://www.w3.org/ns/prov#generated > https://data.vlaanderen.be/id/concept/BesluitType/9d5bfaca-bbf2-49dd-a830-769f91a6377b
10/03/2026 10:54:50 -- 		 min: 0 (min found at subject)
10/03/2026 10:54:50 -- 		 max: 1 (max found at subject)
10/03/2026 10:54:50 -- 		 shacl-max: 1
10/03/2026 10:54:50 -- 	N263d201d86bf4bab985d8816ef6f10a6 | http://www.w3.org/ns/prov#generated > https://data.vlaanderen.be/id/concept/BesluitType/9f12dc58-18ba-4a1f-9e7a-cf73d0b4f025
10/03/2026 10:54:50 -- 		 min: 0 (min found at subject)
10/03/2026 10:54:50 -- 		 max: 1 (max found at subject)
10/03/2026 10:54:50 -- 		 shacl-max: 1
10/03/2026 10:54:50 -- 	Nfe2dd588ea364b2bb931c95e3a4daf41 | http://www.w3.org/ns/prov#generated > https://data.vlaanderen.be/id/concept/BesluitType/a0a709a7-ac07-4457-8d40-de4aea9b1432
10/03/2026 10:54:50 -- 		 min: 0 (min found at subject)
10/03/2026 10:54:50 -- 		 max: 1 (max found at subject)
10/03/2026 10:54:50 -- 		 shacl-max: 1
10/03/2026 10:54:50 -- 	Nbdc32c5f2dca4ff78f7be5252611af0a | http://www.w3.org/ns/prov#generated > https://data.vlaanderen.be/id/concept/BesluitType/a8486fa3-6375-494d-aa48-e34289b87d5b
10/03/2026 10:54:51 -- 		 min: 0 (min found at subject)
10/03/2026 10:54:51 -- 		 max: 1 (max found at subject)
10/03/2026 10:54:51 -- 		 shacl-max: 1
10/03/2026 10:54:51 -- 	N24b45c23f65c43908c81fa34dd9244e3 | http://www.w3.org/ns/prov#generated > https://data.vlaanderen.be/id/concept/BesluitType/b25faa84-3ab5-47ae-98c0-1b389c77b827
10/03/2026 10:54:51 -- 		 min: 0 (min found at subject)
10/03/2026 10:54:51 -- 		 max: 1 (max found at subject)
10/03/2026 10:54:51 -- 		 shacl-max: 1
10/03/2026 10:54:51 -- 	N65bde184f13643e6b9ff79e2d614fa59 | http://www.w3.org/ns/prov#generated > https://data.vlaanderen.be/id/concept/BesluitType/b2d0734d-13d0-44b4-9af8-1722933c5288
10/03/2026 10:54:51 -- 		 min: 0 (min found at subject)
10/03/2026 10:54:51 -- 		 max: 1 (max found at subject)
10/03/2026 10:54:51 -- 		 shacl-max: 1
10/03/2026 10:54:51 -- 	Nbbb01eb3acb24f249f85235c14c24c7c | http://www.w3.org/ns/prov#generated > https://data.vlaanderen.be/id/concept/BesluitType/b69c9f18-967c-4feb-90a8-8eea3c8ce46b
10/03/2026 10:54:51 -- 		 min: 0 (min found at subject)
10/03/2026 10:54:51 -- 		 max: 1 (max found at subject)
10/03/2026 10:54:51 -- 		 shacl-max: 1
10/03/2026 10:54:51 -- 	N54f3d36c597246159e607595133f0d9a | http://www.w3.org/ns/prov#generated > https://data.vlaanderen.be/id/concept/BesluitType/ba5922c9-cfad-4b2e-b203-36479219ba56
10/03/2026 10:54:52 -- 		 min: 0 (min found at subject)
10/03/2026 10:54:52 -- 		 max: 1 (max found at subject)
10/03/2026 10:54:52 -- 		 shacl-max: 1
10/03/2026 10:54:52 -- 	Nde1146e99a7446c298f0634e378256f8 | http://www.w3.org/ns/prov#generated > https://data.vlaanderen.be/id/concept/BesluitType/d7060f97-c417-474c-abc6-ef006cb61f41
10/03/2026 10:54:52 -- 		 min: 0 (min found at subject)
10/03/2026 10:54:52 -- 		 max: 1 (max found at subject)
10/03/2026 10:54:52 -- 		 shacl-max: 1
10/03/2026 10:54:52 -- 	N3df9b7f3d7ee478595792b43d736a055 | http://www.w3.org/ns/prov#generated > https://data.vlaanderen.be/id/concept/BesluitType/d9c3d177-6dc6-4775-8c6a-1055a9cbdcc6
10/03/2026 10:54:52 -- 		 min: 0 (min found at subject)
10/03/2026 10:54:52 -- 		 max: 1 (max found at subject)
10/03/2026 10:54:52 -- 		 shacl-max: 1
10/03/2026 10:54:52 -- 	N80add63737fc439b8ed1fe5a3758d31e | http://www.w3.org/ns/prov#generated > https://data.vlaanderen.be/id/concept/BesluitType/df261490-cc74-4f80-b783-41c35e720b46
10/03/2026 10:54:53 -- 		 min: 0 (min found at subject)
10/03/2026 10:54:53 -- 		 max: 1 (max found at subject)
10/03/2026 10:54:53 -- 		 shacl-max: 1
10/03/2026 10:54:53 -- 	Neb198595c08c40929a82492ab1000da3 | http://www.w3.org/ns/prov#generated > https://data.vlaanderen.be/id/concept/BesluitType/e44c535d-4339-4d15-bdbf-d4be6046de2c
10/03/2026 10:54:53 -- 		 min: 0 (min found at subject)
10/03/2026 10:54:53 -- 		 max: 1 (max found at subject)
10/03/2026 10:54:53 -- 		 shacl-max: 1
10/03/2026 10:54:53 -- 	N213aa7ab2e9146f6bfc9de1dd76bf6fc | http://www.w3.org/ns/prov#generated > https://data.vlaanderen.be/id/concept/BesluitType/e8aee49e-8762-4db2-acfe-2d5dd3c37619
10/03/2026 10:54:53 -- 		 min: 0 (min found at subject)
10/03/2026 10:54:53 -- 		 max: 1 (max found at subject)
10/03/2026 10:54:53 -- 		 shacl-max: 1
10/03/2026 10:54:53 -- 	N57873c21c75c47e799e35b91df6dea96 | http://www.w3.org/ns/prov#generated > https://data.vlaanderen.be/id/concept/BesluitType/e8afe7c5-9640-4db8-8f74-3f023bec3241
10/03/2026 10:54:53 -- 		 min: 0 (min found at subject)
10/03/2026 10:54:53 -- 		 max: 1 (max found at subject)
10/03/2026 10:54:53 -- 		 shacl-max: 1
10/03/2026 10:54:53 -- 	Nf5d04f7e6fef4c838d03158ca35e2f6f | http://www.w3.org/ns/prov#generated > https://data.vlaanderen.be/id/concept/BesluitType/efa4ec5a-b006-453f-985f-f986ebae11bc
10/03/2026 10:54:54 -- 		 min: 0 (min found at subject)
10/03/2026 10:54:54 -- 		 max: 1 (max found at subject)
10/03/2026 10:54:54 -- 		 shacl-max: 1
10/03/2026 10:54:54 -- 	Naa4eb86b6f89469b8727e84533ceb99a | http://www.w3.org/ns/prov#generated > https://data.vlaanderen.be/id/concept/BesluitType/f1d16307-164c-4278-87b9-1d3b1d968f67
10/03/2026 10:54:54 -- 		 min: 0 (min found at subject)
10/03/2026 10:54:54 -- 		 max: 1 (max found at subject)
10/03/2026 10:54:54 -- 		 shacl-max: 1
10/03/2026 10:54:54 -- 	Nd81bb87b22444f5a93777064e6953c42 | http://www.w3.org/ns/prov#generated > https://data.vlaanderen.be/id/concept/BesluitType/f1fd8f88-95b0-4085-b766-008b5867d992
10/03/2026 10:54:54 -- 		 min: 0 (min found at subject)
10/03/2026 10:54:54 -- 		 max: 1 (max found at subject)
10/03/2026 10:54:54 -- 		 shacl-max: 1
10/03/2026 10:54:54 -- 	N27a9fc09ca524640a9017937125ab6cb | http://www.w3.org/ns/prov#generated > https://data.vlaanderen.be/id/concept/BesluitType/f276bc3b-2d79-4c55-81b8-092e05619676
10/03/2026 10:54:54 -- 		 min: 0 (min found at subject)
10/03/2026 10:54:54 -- 		 max: 1 (max found at subject)
10/03/2026 10:54:54 -- 		 shacl-max: 1
10/03/2026 10:54:54 -- 	Nc04c6f7a25ea40e09c1a0418d2ac5f81 | http://www.w3.org/ns/prov#generated > https://data.vlaanderen.be/id/concept/BesluitType/f56c645d-b8e1-4066-813d-e213f5bc529f
10/03/2026 10:54:55 -- 		 min: 0 (min found at subject)
10/03/2026 10:54:55 -- 		 max: 1 (max found at subject)
10/03/2026 10:54:55 -- 		 shacl-max: 1
10/03/2026 10:54:55 -- 	N5c282fc2a66449fbb1383ada97903e0c | http://www.w3.org/ns/prov#generated > https://data.vlaanderen.be/id/concept/BesluitType/f8c070bd-96e4-43a1-8c6e-532bcd771251
10/03/2026 10:54:55 -- 		 min: 0 (min found at subject)
10/03/2026 10:54:55 -- 		 max: 1 (max found at subject)
10/03/2026 10:54:55 -- 		 shacl-max: 1
10/03/2026 10:54:55 -- 	N5e4a7e50f9104266bad742c156242d4c | http://www.w3.org/ns/prov#generated > https://data.vlaanderen.be/id/concept/BesluitType/fb21d14b-734b-48f4-bd4e-888163fd08e8
10/03/2026 10:54:55 -- 		 min: 0 (min found at subject)
10/03/2026 10:54:55 -- 		 max: 1 (max found at subject)
10/03/2026 10:54:55 -- 		 shacl-max: 1
10/03/2026 10:54:55 -- 	Ncee98a5b5dd4476887aaf072e946ef70 | http://www.w3.org/ns/prov#generated > https://data.vlaanderen.be/id/concept/BesluitType/fb92601a-d189-4482-9922-ab0efc6bc935
10/03/2026 10:54:55 -- 		 min: 0 (min found at subject)
10/03/2026 10:54:55 -- 		 max: 1 (max found at subject)
10/03/2026 10:54:55 -- 		 shacl-max: 1
10/03/2026 10:54:55 -- 	Na7aae240743d4eb4a8d47b1749087e42 | http://data.vlaanderen.be/ns/besluit#nofollow > [no object/datatype]
10/03/2026 10:54:56 -- 		 min: 0 (min found at subject)
10/03/2026 10:54:56 -- 		 max: 6 (max found at subject)
10/03/2026 10:54:56 -- 	N649ed2ede8984360a16af7548d459673 | http://data.europa.eu/eli/ontology#title > [no object/datatype]
10/03/2026 10:54:56 -- 		 min: 0 (min found at subject)
10/03/2026 10:54:56 -- 		 max: 2 (max found at subject)
10/03/2026 10:54:56 -- 	N59818a26422d4a34b09acf194bc8c72c | http://data.vlaanderen.be/ns/besluit#noopener > [no object/datatype]
10/03/2026 10:54:56 -- 		 min: 0 (min found at subject)
10/03/2026 10:54:56 -- 		 max: 16 (max found at subject)
10/03/2026 10:54:56 -- 	N8a0ab6d86d8a459a85e775666074ab89 | http://lblod.data.gift/vocabularies/besluit/authenticityType > http://www.w3.org/2004/02/skos/core#Concept
10/03/2026 10:54:56 -- 		 min: 0 (min found at subject)
10/03/2026 10:54:56 -- 		 max: 1 (max found at subject)
10/03/2026 10:54:56 -- 		 shacl-max: 1
10/03/2026 10:54:56 -- 	Ne05b3754d2b84706890863275c80c4d5 | http://data.europa.eu/eli/ontology#related_to > http://xmlns.com/foaf/0.1/Document
10/03/2026 10:54:57 -- 		 min: 0 (min found at subject)
10/03/2026 10:54:57 -- 		 max: 68 (max found at subject)
10/03/2026 10:54:57 -- 	Nd3b041933aa140fcbd6e34eb73af3dd5 | http://data.europa.eu/eli/ontology#date_no_longer_in_force > [no object/datatype]
10/03/2026 10:54:57 -- 		 min: 0 (min found at subject)
10/03/2026 10:54:57 -- 		 max: 2 (max found at subject)
10/03/2026 10:54:57 -- 	N2c02d0ce48ec4852b0c27d565e377010 | http://lblod.data.gift/vocabularies/besluit/extractedDecisionContent > [no object/datatype]
10/03/2026 10:54:58 -- 		 min: 0 (min found at subject)
10/03/2026 10:54:58 -- 		 max: 3096 (max found at subject)
10/03/2026 10:54:58 -- 	Nf480995177c24203982bd734d5ccb229 | http://mu.semte.ch/vocabularies/ext/heeftAfwezigeBijAgendapunt > http://data.vlaanderen.be/ns/mandaat#Mandataris
10/03/2026 10:54:58 -- 		 min: 0 (min found at subject)
10/03/2026 10:54:58 -- 		 max: 2 (max found at subject)
10/03/2026 10:54:58 -- 	Na6f46cf399f640f38bd0567df3fa0682 | http://lblod.data.gift/vocabularies/besluit/hasAdditionalTaxRate > [no object/datatype]
10/03/2026 10:54:58 -- 		 min: 0 (min found at subject)
10/03/2026 10:54:58 -- 		 max: 1 (max found at subject)
10/03/2026 10:54:58 -- 		 shacl-max: 1
10/03/2026 10:54:58 -- 	Nd4eb0f8fc7e547c88fe623a94f72dc3f | http://www.w3.org/ns/prov#value > [no object/datatype]
10/03/2026 10:54:59 -- 		 min: 0 (min found at subject)
10/03/2026 10:54:59 -- 		 max: 172 (max found at subject)
10/03/2026 10:54:59 -- http://example.com/shapes/95f06713-5754-40ec-9b11-e9f76e24d2d0 ~ https://data.vlaanderen.be/id/concept/BesluitDocumentType/0ee460b1-5ef4-4d4a-b5e1-e2d7c1d5086e
10/03/2026 10:54:59 -- 	N84a807c033634d6c91cd13561481660b | http://data.europa.eu/eli/ontology#language > http://www.w3.org/2004/02/skos/core#Concept
10/03/2026 10:54:59 -- 		 min: 1 (min found at subject)
10/03/2026 10:54:59 -- 		 max: 1 (max found at subject)
10/03/2026 10:54:59 -- 		 shacl-min: 1
10/03/2026 10:54:59 -- 		 shacl-max: 1
10/03/2026 10:54:59 -- 	N84901d21d23042cb9eaa77e4e7238955 | http://mu.semte.ch/vocabularies/core/uuid > [no object/datatype]
10/03/2026 10:54:59 -- 		 min: 1 (min found at subject)
10/03/2026 10:54:59 -- 		 max: 1 (max found at subject)
10/03/2026 10:54:59 -- 		 shacl-min: 1
10/03/2026 10:54:59 -- 		 shacl-max: 1
10/03/2026 10:54:59 -- 	N5cb8ff9d21804d0596cdeabb6cfb25cf | http://www.w3.org/ns/prov#wasDerivedFrom > http://data.vlaanderen.be/ns/besluit#Bestuurseenheid
10/03/2026 10:54:59 -- 		 min: 0 (min found at subject)
10/03/2026 10:54:59 -- 		 max: 1 (max found at subject)
10/03/2026 10:54:59 -- 		 shacl-max: 1
10/03/2026 10:54:59 -- 	N1fe3162bc32546d1936b6adfea22cb13 | http://www.w3.org/ns/prov#wasDerivedFrom > http://data.vlaanderen.be/ns/besluit#Bestuursorgaan
10/03/2026 10:54:59 -- 		 min: 0 (min found at subject)
10/03/2026 10:54:59 -- 		 max: 1 (max found at subject)
10/03/2026 10:54:59 -- 		 shacl-max: 1
10/03/2026 10:54:59 -- 	Nb7e985abc05b4a81a5500ba37c947708 | http://www.w3.org/ns/prov#wasDerivedFrom > http://data.vlaanderen.be/ns/mandaat#Mandataris
10/03/2026 10:54:59 -- 		 min: 0 (min found at subject)
10/03/2026 10:54:59 -- 		 max: 2 (max found at subject)
10/03/2026 10:54:59 -- 	Nc3ef8575ae854ba1ac19c7e9f1ccca1a | http://www.w3.org/ns/prov#wasDerivedFrom > http://xmlns.com/foaf/0.1/Document
10/03/2026 10:54:59 -- 		 min: 1 (min found at subject)
10/03/2026 10:54:59 -- 		 max: 3 (max found at subject)
10/03/2026 10:54:59 -- 		 shacl-min: 1
10/03/2026 10:54:59 -- 	Nf6aee76d36f849babb25427d29d08b9d | http://www.w3.org/ns/prov#wasDerivedFrom > https://data.vlaanderen.be/id/concept/BesluitDocumentType/13fefad6-a9d6-4025-83b5-e4cbee3a8965
10/03/2026 10:54:59 -- 		 min: 0 (min found at subject)
10/03/2026 10:54:59 -- 		 max: 1 (max found at subject)
10/03/2026 10:54:59 -- 		 shacl-max: 1
10/03/2026 10:54:59 -- 	Na03022e060324101b19eff36eaf8ef05 | http://www.w3.org/ns/prov#wasDerivedFrom > https://data.vlaanderen.be/id/concept/BesluitDocumentType/3fa67785-ffdc-4b30-8880-2b99d97b4dee
10/03/2026 10:54:59 -- 		 min: 1 (min found at subject)
10/03/2026 10:54:59 -- 		 max: 1 (max found at subject)
10/03/2026 10:54:59 -- 		 shacl-min: 1
10/03/2026 10:54:59 -- 		 shacl-max: 1
10/03/2026 10:54:59 -- 	Nc8b4eba736fc4fe6ad5f61564b05260d | http://www.w3.org/ns/prov#wasDerivedFrom > https://data.vlaanderen.be/id/concept/BesluitDocumentType/8e791b27-7600-4577-b24e-c7c29e0eb773
10/03/2026 10:54:59 -- 		 min: 0 (min found at subject)
10/03/2026 10:54:59 -- 		 max: 1 (max found at subject)
10/03/2026 10:54:59 -- 		 shacl-max: 1
10/03/2026 10:54:59 -- 	Na3b9b8f9cb5a40b0a49cabcf0d41b829 | http://data.europa.eu/eli/ontology#first_date_entry_in_force > [no object/datatype]
10/03/2026 10:54:59 -- 		 min: 1 (min found at subject)
10/03/2026 10:54:59 -- 		 max: 3 (max found at subject)
10/03/2026 10:54:59 -- 		 shacl-min: 1
10/03/2026 10:54:59 -- 	N39698b53551f413595f810bb08af071f | http://data.europa.eu/eli/ontology#passed_by > http://data.vlaanderen.be/ns/besluit#Bestuurseenheid
10/03/2026 10:54:59 -- 		 min: 0 (min found at subject)
10/03/2026 10:54:59 -- 		 max: 1 (max found at subject)
10/03/2026 10:54:59 -- 		 shacl-max: 1
10/03/2026 10:54:59 -- 	Neae60c4cbfb84e6f8ab34364f5f48553 | http://data.europa.eu/eli/ontology#passed_by > http://data.vlaanderen.be/ns/besluit#Bestuursorgaan
10/03/2026 10:54:59 -- 		 min: 1 (min found at subject)
10/03/2026 10:54:59 -- 		 max: 1 (max found at subject)
10/03/2026 10:54:59 -- 		 shacl-min: 1
10/03/2026 10:54:59 -- 		 shacl-max: 1
10/03/2026 10:54:59 -- 	Na6688f53ce794e7f8cc1ac04dbc2c676 | http://data.europa.eu/eli/ontology#passed_by > http://data.vlaanderen.be/ns/mandaat#Mandataris
10/03/2026 10:54:59 -- 		 min: 0 (min found at subject)
10/03/2026 10:54:59 -- 		 max: 1 (max found at subject)
10/03/2026 10:54:59 -- 		 shacl-max: 1
10/03/2026 10:54:59 -- 	Nc4ac9640561d414797e6b52c416b61bf | http://data.europa.eu/eli/ontology#passed_by > http://xmlns.com/foaf/0.1/Document
10/03/2026 10:54:59 -- 		 min: 0 (min found at subject)
10/03/2026 10:54:59 -- 		 max: 1 (max found at subject)
10/03/2026 10:54:59 -- 		 shacl-max: 1
10/03/2026 10:54:59 -- 	Nfe645510711245269d7ab34dce1c9d56 | http://data.europa.eu/eli/ontology#passed_by > https://data.vlaanderen.be/id/concept/BesluitDocumentType/3fa67785-ffdc-4b30-8880-2b99d97b4dee
10/03/2026 10:54:59 -- 		 min: 0 (min found at subject)
10/03/2026 10:54:59 -- 		 max: 1 (max found at subject)
10/03/2026 10:54:59 -- 		 shacl-max: 1
10/03/2026 10:54:59 -- 	Nc5ae0e2d3e5c495c8d641f98c77ee293 | http://data.europa.eu/eli/ontology#title > [no object/datatype]
10/03/2026 10:54:59 -- 		 min: 1 (min found at subject)
10/03/2026 10:54:59 -- 		 max: 1 (max found at subject)
10/03/2026 10:54:59 -- 		 shacl-min: 1
10/03/2026 10:54:59 -- 		 shacl-max: 1
10/03/2026 10:54:59 -- 	N2c79304e5b144a3bbae95ba20d917900 | http://data.europa.eu/eli/ontology#date_publication > [no object/datatype]
10/03/2026 10:54:59 -- 		 min: 1 (min found at subject)
10/03/2026 10:54:59 -- 		 max: 3 (max found at subject)
10/03/2026 10:54:59 -- 		 shacl-min: 1
10/03/2026 10:54:59 -- 	Ne7f9dee70d2c47cfbbc7bba470035e6a | http://data.europa.eu/eli/ontology#description > [no object/datatype]
10/03/2026 10:54:59 -- 		 min: 1 (min found at subject)
10/03/2026 10:54:59 -- 		 max: 3 (max found at subject)
10/03/2026 10:54:59 -- 		 shacl-min: 1
10/03/2026 10:54:59 -- 	N261e0da536094bb99bf24e89f0aa0514 | http://www.w3.org/ns/prov#value > [no object/datatype]
10/03/2026 10:54:59 -- 		 min: 1 (min found at subject)
10/03/2026 10:54:59 -- 		 max: 3 (max found at subject)
10/03/2026 10:54:59 -- 		 shacl-min: 1
10/03/2026 10:54:59 -- 	Nd7e989dac7fa47dfac52c1f5f11d2167 | http://www.w3.org/ns/prov#wasGeneratedBy > http://data.vlaanderen.be/ns/besluit#BehandelingVanAgendapunt
10/03/2026 10:54:59 -- 		 min: 1 (min found at subject)
10/03/2026 10:54:59 -- 		 max: 1 (max found at subject)
10/03/2026 10:54:59 -- 		 shacl-min: 1
10/03/2026 10:54:59 -- 		 shacl-max: 1
10/03/2026 10:54:59 -- 	N87f2afe9b0ff4ac59b7005e85021f369 | http://lblod.data.gift/vocabularies/besluit/extractedDecisionContent > [no object/datatype]
10/03/2026 10:54:59 -- 		 min: 2 (min found at subject)
10/03/2026 10:54:59 -- 		 max: 47 (max found at subject)
10/03/2026 10:54:59 -- 		 shacl-min: 1
10/03/2026 10:54:59 -- 	N372c63f04eb345c6aca3032ba025a533 | http://data.europa.eu/eli/ontology#related_to > http://xmlns.com/foaf/0.1/Document
10/03/2026 10:54:59 -- 		 min: 0 (min found at subject)
10/03/2026 10:54:59 -- 		 max: 2 (max found at subject)
10/03/2026 10:54:59 -- http://example.com/shapes/69495aa8-1075-45f8-b03b-da7b60d3897d ~ https://data.vlaanderen.be/id/concept/BesluitDocumentType/91b8b15f-7631-4a21-9a90-489f5c91e73c
10/03/2026 10:54:59 -- 	N9d3ee136d7cf457bba0a3ac646043bdd | http://mu.semte.ch/vocabularies/core/uuid > [no object/datatype]
10/03/2026 10:54:59 -- 		 min: 1 (min found at subject)
10/03/2026 10:54:59 -- 		 max: 1 (max found at subject)
10/03/2026 10:54:59 -- 		 shacl-min: 1
10/03/2026 10:54:59 -- 		 shacl-max: 1
10/03/2026 10:54:59 -- 	N6b2f1451d6804e9997920119cfa7b534 | http://data.europa.eu/eli/ontology#date_publication > [no object/datatype]
10/03/2026 10:54:59 -- 		 min: 1 (min found at subject)
10/03/2026 10:54:59 -- 		 max: 3 (max found at subject)
10/03/2026 10:54:59 -- 		 shacl-min: 1
10/03/2026 10:54:59 -- 	Ncf647da3903b45e3a9229a6784109d95 | http://www.w3.org/ns/prov#wasGeneratedBy > http://data.vlaanderen.be/ns/besluit#BehandelingVanAgendapunt
10/03/2026 10:54:59 -- 		 min: 1 (min found at subject)
10/03/2026 10:54:59 -- 		 max: 1 (max found at subject)
10/03/2026 10:54:59 -- 		 shacl-min: 1
10/03/2026 10:54:59 -- 		 shacl-max: 1
10/03/2026 10:54:59 -- 	Nbef34cefb15446288e54e537c6d88713 | http://lblod.data.gift/vocabularies/besluit/extractedDecisionContent > [no object/datatype]
10/03/2026 10:54:59 -- 		 min: 2 (min found at subject)
10/03/2026 10:54:59 -- 		 max: 48 (max found at subject)
10/03/2026 10:54:59 -- 		 shacl-min: 1
10/03/2026 10:54:59 -- 	N2282a3cf12ee4906a1e8d124cf1480e3 | http://data.europa.eu/eli/ontology#title > [no object/datatype]
10/03/2026 10:54:59 -- 		 min: 1 (min found at subject)
10/03/2026 10:54:59 -- 		 max: 1 (max found at subject)
10/03/2026 10:54:59 -- 		 shacl-min: 1
10/03/2026 10:54:59 -- 		 shacl-max: 1
10/03/2026 10:54:59 -- 	N9cc0d4fa81a8411da45bb27904cb77f2 | http://www.w3.org/ns/prov#value > [no object/datatype]
10/03/2026 10:54:59 -- 		 min: 1 (min found at subject)
10/03/2026 10:54:59 -- 		 max: 3 (max found at subject)
10/03/2026 10:54:59 -- 		 shacl-min: 1
10/03/2026 10:54:59 -- 	N3653dfe2b8d849d1ab21b4fc93fff7ae | http://data.europa.eu/eli/ontology#language > http://www.w3.org/2004/02/skos/core#Concept
10/03/2026 10:54:59 -- 		 min: 1 (min found at subject)
10/03/2026 10:54:59 -- 		 max: 1 (max found at subject)
10/03/2026 10:54:59 -- 		 shacl-min: 1
10/03/2026 10:54:59 -- 		 shacl-max: 1
10/03/2026 10:54:59 -- 	N59e0a01959d84e76af7cee61d0d6131e | http://data.europa.eu/eli/ontology#first_date_entry_in_force > [no object/datatype]
10/03/2026 10:54:59 -- 		 min: 1 (min found at subject)
10/03/2026 10:54:59 -- 		 max: 3 (max found at subject)
10/03/2026 10:54:59 -- 		 shacl-min: 1
10/03/2026 10:54:59 -- 	N42f3e1d199a34b71a6b23c6785052ab8 | http://data.europa.eu/eli/ontology#passed_by > http://data.vlaanderen.be/ns/besluit#Bestuursorgaan
10/03/2026 10:54:59 -- 		 min: 1 (min found at subject)
10/03/2026 10:54:59 -- 		 max: 1 (max found at subject)
10/03/2026 10:54:59 -- 		 shacl-min: 1
10/03/2026 10:54:59 -- 		 shacl-max: 1
10/03/2026 10:54:59 -- 	N72d2a9fa4d5947da8f7acfc1540262ee | http://data.europa.eu/eli/ontology#description > [no object/datatype]
10/03/2026 10:54:59 -- 		 min: 1 (min found at subject)
10/03/2026 10:54:59 -- 		 max: 3 (max found at subject)
10/03/2026 10:54:59 -- 		 shacl-min: 1
10/03/2026 10:54:59 -- 	N3b92daaa04fa48ac816a89c113cb0671 | http://data.europa.eu/eli/ontology#related_to > http://xmlns.com/foaf/0.1/Document
10/03/2026 10:54:59 -- 		 min: 0 (min found at subject)
10/03/2026 10:54:59 -- 		 max: 2 (max found at subject)
10/03/2026 10:54:59 -- 	N7bfc64a213204fdb805fde8acd425b86 | http://www.w3.org/ns/prov#wasDerivedFrom > http://data.vlaanderen.be/ns/mandaat#Mandataris
10/03/2026 10:54:59 -- 		 min: 0 (min found at subject)
10/03/2026 10:54:59 -- 		 max: 3 (max found at subject)
10/03/2026 10:54:59 -- 	Ncc1f0f07613a4fdb948859e0267e14fa | http://www.w3.org/ns/prov#wasDerivedFrom > http://xmlns.com/foaf/0.1/Document
10/03/2026 10:54:59 -- 		 min: 1 (min found at subject)
10/03/2026 10:54:59 -- 		 max: 3 (max found at subject)
10/03/2026 10:54:59 -- 		 shacl-min: 1
10/03/2026 10:54:59 -- 	N116878b9e6d14b8fa5bcd528069f1587 | http://www.w3.org/ns/prov#wasDerivedFrom > https://data.vlaanderen.be/id/concept/BesluitDocumentType/13fefad6-a9d6-4025-83b5-e4cbee3a8965
10/03/2026 10:54:59 -- 		 min: 0 (min found at subject)
10/03/2026 10:54:59 -- 		 max: 1 (max found at subject)
10/03/2026 10:54:59 -- 		 shacl-max: 1
10/03/2026 10:54:59 -- 	N6a9bcd1ff62744e2b01baf31b137bd96 | http://www.w3.org/ns/prov#wasDerivedFrom > https://data.vlaanderen.be/id/concept/BesluitDocumentType/3fa67785-ffdc-4b30-8880-2b99d97b4dee
10/03/2026 10:54:59 -- 		 min: 1 (min found at subject)
10/03/2026 10:54:59 -- 		 max: 1 (max found at subject)
10/03/2026 10:54:59 -- 		 shacl-min: 1
10/03/2026 10:54:59 -- 		 shacl-max: 1
10/03/2026 10:54:59 -- 	Nd4478f08955747d0ac4d6450fb3900af | http://www.w3.org/ns/prov#wasDerivedFrom > https://data.vlaanderen.be/id/concept/BesluitDocumentType/8e791b27-7600-4577-b24e-c7c29e0eb773
10/03/2026 10:54:59 -- 		 min: 0 (min found at subject)
10/03/2026 10:54:59 -- 		 max: 1 (max found at subject)
10/03/2026 10:54:59 -- 		 shacl-max: 1
10/03/2026 10:54:59 -- http://example.com/shapes/6e68dc0f-2ee0-49fd-97af-5a76b5498877 ~ https://data.vlaanderen.be/id/concept/BesluitDocumentType/bea3944f-4f6d-4d2c-9a6e-23264859e1e5
10/03/2026 10:54:59 -- 	N8fa77aabd42b479b88923c5d0047bd3b | http://mu.semte.ch/vocabularies/core/uuid > [no object/datatype]
10/03/2026 10:54:59 -- 		 min: 1 (min found at subject)
10/03/2026 10:54:59 -- 		 max: 1 (max found at subject)
10/03/2026 10:54:59 -- 		 shacl-min: 1
10/03/2026 10:54:59 -- 		 shacl-max: 1
10/03/2026 10:54:59 -- 	N129bd388ed0d42fba96824a8c63cd5ac | http://data.europa.eu/eli/ontology#passed_by > http://data.vlaanderen.be/ns/besluit#Bestuursorgaan
10/03/2026 10:54:59 -- 		 min: 1 (min found at subject)
10/03/2026 10:54:59 -- 		 max: 1 (max found at subject)
10/03/2026 10:54:59 -- 		 shacl-min: 1
10/03/2026 10:54:59 -- 		 shacl-max: 1
10/03/2026 10:54:59 -- 	N18ab52319b4e4c18bbb1ebb52ba0424d | http://www.w3.org/ns/prov#wasGeneratedBy > http://data.vlaanderen.be/ns/besluit#BehandelingVanAgendapunt
10/03/2026 10:54:59 -- 		 min: 1 (min found at subject)
10/03/2026 10:54:59 -- 		 max: 1 (max found at subject)
10/03/2026 10:54:59 -- 		 shacl-min: 1
10/03/2026 10:54:59 -- 		 shacl-max: 1
10/03/2026 10:54:59 -- 	N107316443de646668e2da438ff9d23ea | http://data.europa.eu/eli/ontology#first_date_entry_in_force > [no object/datatype]
10/03/2026 10:54:59 -- 		 min: 2 (min found at subject)
10/03/2026 10:54:59 -- 		 max: 2 (max found at subject)
10/03/2026 10:54:59 -- 		 shacl-min: 2
10/03/2026 10:54:59 -- 	N58620d296f4d4d12a49c90c78bb0baa2 | http://www.w3.org/ns/prov#wasDerivedFrom > http://data.vlaanderen.be/ns/mandaat#Mandataris
10/03/2026 10:54:59 -- 		 min: 3 (min found at subject)
10/03/2026 10:54:59 -- 		 max: 3 (max found at subject)
10/03/2026 10:54:59 -- 		 shacl-min: 3
10/03/2026 10:54:59 -- 	N1f8ab70a9e9f463d9d42fd0b37add707 | http://www.w3.org/ns/prov#wasDerivedFrom > http://xmlns.com/foaf/0.1/Document
10/03/2026 10:54:59 -- 		 min: 3 (min found at subject)
10/03/2026 10:54:59 -- 		 max: 3 (max found at subject)
10/03/2026 10:54:59 -- 		 shacl-min: 3
10/03/2026 10:54:59 -- 	Nacbf3d2fe00d4c5cb3501d89c72793e8 | http://www.w3.org/ns/prov#wasDerivedFrom > https://data.vlaanderen.be/id/concept/BesluitDocumentType/13fefad6-a9d6-4025-83b5-e4cbee3a8965
10/03/2026 10:54:59 -- 		 min: 1 (min found at subject)
10/03/2026 10:54:59 -- 		 max: 1 (max found at subject)
10/03/2026 10:54:59 -- 		 shacl-min: 1
10/03/2026 10:54:59 -- 		 shacl-max: 1
10/03/2026 10:54:59 -- 	N9496ac26d858493a807255b61d604668 | http://www.w3.org/ns/prov#wasDerivedFrom > https://data.vlaanderen.be/id/concept/BesluitDocumentType/3fa67785-ffdc-4b30-8880-2b99d97b4dee
10/03/2026 10:54:59 -- 		 min: 1 (min found at subject)
10/03/2026 10:54:59 -- 		 max: 1 (max found at subject)
10/03/2026 10:54:59 -- 		 shacl-min: 1
10/03/2026 10:54:59 -- 		 shacl-max: 1
10/03/2026 10:54:59 -- 	Nebfbf267572e42bca6c7786287d215e4 | http://www.w3.org/ns/prov#wasDerivedFrom > https://data.vlaanderen.be/id/concept/BesluitDocumentType/8e791b27-7600-4577-b24e-c7c29e0eb773
10/03/2026 10:54:59 -- 		 min: 1 (min found at subject)
10/03/2026 10:54:59 -- 		 max: 1 (max found at subject)
10/03/2026 10:54:59 -- 		 shacl-min: 1
10/03/2026 10:54:59 -- 		 shacl-max: 1
10/03/2026 10:54:59 -- 	Naafd503190d14931bf9cbeec8a66622d | http://www.w3.org/ns/prov#value > [no object/datatype]
10/03/2026 10:54:59 -- 		 min: 3 (min found at subject)
10/03/2026 10:54:59 -- 		 max: 3 (max found at subject)
10/03/2026 10:54:59 -- 		 shacl-min: 3
10/03/2026 10:54:59 -- 	Nf117607de2764b7eab905842870bb451 | http://data.europa.eu/eli/ontology#date_publication > [no object/datatype]
10/03/2026 10:54:59 -- 		 min: 2 (min found at subject)
10/03/2026 10:54:59 -- 		 max: 2 (max found at subject)
10/03/2026 10:54:59 -- 		 shacl-min: 2
10/03/2026 10:54:59 -- 	Ndc7a14a5fd4e4751a8df9d1dfd18094d | http://data.europa.eu/eli/ontology#language > http://www.w3.org/2004/02/skos/core#Concept
10/03/2026 10:54:59 -- 		 min: 1 (min found at subject)
10/03/2026 10:54:59 -- 		 max: 1 (max found at subject)
10/03/2026 10:54:59 -- 		 shacl-min: 1
10/03/2026 10:54:59 -- 		 shacl-max: 1
10/03/2026 10:54:59 -- 	Nb75e253909324062a99bd8e74b1c814b | http://data.europa.eu/eli/ontology#title > [no object/datatype]
10/03/2026 10:54:59 -- 		 min: 1 (min found at subject)
10/03/2026 10:54:59 -- 		 max: 1 (max found at subject)
10/03/2026 10:54:59 -- 		 shacl-min: 1
10/03/2026 10:54:59 -- 		 shacl-max: 1
10/03/2026 10:54:59 -- 	Nfa74283ad3d0497598db694fbe09954f | http://lblod.data.gift/vocabularies/besluit/extractedDecisionContent > [no object/datatype]
10/03/2026 10:54:59 -- 		 min: 3 (min found at subject)
10/03/2026 10:54:59 -- 		 max: 3 (max found at subject)
10/03/2026 10:54:59 -- 		 shacl-min: 3
10/03/2026 10:54:59 -- 	Ne35841ea294a48e79c625966dd01afee | http://data.europa.eu/eli/ontology#description > [no object/datatype]
10/03/2026 10:54:59 -- 		 min: 3 (min found at subject)
10/03/2026 10:54:59 -- 		 max: 3 (max found at subject)
10/03/2026 10:54:59 -- 		 shacl-min: 3
10/03/2026 10:54:59 -- http://example.com/shapes/f0f0f3bb-bef3-4488-b432-3110ee8e5f4b ~ https://data.vlaanderen.be/id/concept/BesluitType/0d1278af-b69e-4152-a418-ec5cfd1c7d0b
10/03/2026 10:54:59 -- 	Nfcc47fa58d794e46a78bedafdc30b164 | http://data.europa.eu/eli/ontology#title > [no object/datatype]
10/03/2026 10:54:59 -- 		 min: 1 (min found at subject)
10/03/2026 10:54:59 -- 		 max: 1 (max found at subject)
10/03/2026 10:54:59 -- 		 shacl-min: 1
10/03/2026 10:54:59 -- 		 shacl-max: 1
10/03/2026 10:54:59 -- 	N0ec3908af8ff4e8ca16f4611c060065f | http://data.europa.eu/eli/ontology#language > http://www.w3.org/2004/02/skos/core#Concept
10/03/2026 10:54:59 -- 		 min: 1 (min found at subject)
10/03/2026 10:54:59 -- 		 max: 1 (max found at subject)
10/03/2026 10:54:59 -- 		 shacl-min: 1
10/03/2026 10:54:59 -- 		 shacl-max: 1
10/03/2026 10:54:59 -- 	N7df66df9d54e444caf5f6f7e8cacacc9 | http://www.w3.org/ns/prov#value > [no object/datatype]
10/03/2026 10:54:59 -- 		 min: 1 (min found at subject)
10/03/2026 10:54:59 -- 		 max: 2 (max found at subject)
10/03/2026 10:54:59 -- 		 shacl-min: 1
10/03/2026 10:54:59 -- 	Nc6d6c81007524c4485e5db504936bf04 | http://data.europa.eu/eli/ontology#date_publication > [no object/datatype]
10/03/2026 10:54:59 -- 		 min: 1 (min found at subject)
10/03/2026 10:54:59 -- 		 max: 3 (max found at subject)
10/03/2026 10:54:59 -- 		 shacl-min: 1
10/03/2026 10:54:59 -- 	Nadc3d99bdb9a487bbbc94f028016864b | http://www.w3.org/ns/prov#wasDerivedFrom > http://xmlns.com/foaf/0.1/Document
10/03/2026 10:54:59 -- 		 min: 1 (min found at subject)
10/03/2026 10:54:59 -- 		 max: 3 (max found at subject)
10/03/2026 10:54:59 -- 		 shacl-min: 1
10/03/2026 10:54:59 -- 	Nc62b64e96f974c7cb078e5077aa4f9da | http://www.w3.org/ns/prov#wasDerivedFrom > https://data.vlaanderen.be/id/concept/BesluitDocumentType/13fefad6-a9d6-4025-83b5-e4cbee3a8965
10/03/2026 10:54:59 -- 		 min: 0 (min found at subject)
10/03/2026 10:54:59 -- 		 max: 1 (max found at subject)
10/03/2026 10:54:59 -- 		 shacl-max: 1
10/03/2026 10:54:59 -- 	N2840b1c75402460ab03427382ac9a9bf | http://www.w3.org/ns/prov#wasDerivedFrom > https://data.vlaanderen.be/id/concept/BesluitDocumentType/3fa67785-ffdc-4b30-8880-2b99d97b4dee
10/03/2026 10:54:59 -- 		 min: 1 (min found at subject)
10/03/2026 10:54:59 -- 		 max: 1 (max found at subject)
10/03/2026 10:54:59 -- 		 shacl-min: 1
10/03/2026 10:54:59 -- 		 shacl-max: 1
10/03/2026 10:54:59 -- 	Nb4f4380bd33c47e9a4b10791174d5872 | http://www.w3.org/ns/prov#wasDerivedFrom > https://data.vlaanderen.be/id/concept/BesluitDocumentType/8e791b27-7600-4577-b24e-c7c29e0eb773
10/03/2026 10:54:59 -- 		 min: 0 (min found at subject)
10/03/2026 10:54:59 -- 		 max: 1 (max found at subject)
10/03/2026 10:54:59 -- 		 shacl-max: 1
10/03/2026 10:54:59 -- 	Nf318f141d4594dd6857fd3d19be60ed8 | http://data.europa.eu/eli/ontology#passed_by > http://data.vlaanderen.be/ns/besluit#Bestuursorgaan
10/03/2026 10:54:59 -- 		 min: 1 (min found at subject)
10/03/2026 10:54:59 -- 		 max: 1 (max found at subject)
10/03/2026 10:54:59 -- 		 shacl-min: 1
10/03/2026 10:54:59 -- 		 shacl-max: 1
10/03/2026 10:54:59 -- 	N01c4d563797f45b58373867cb99c0ce1 | http://lblod.data.gift/vocabularies/besluit/extractedDecisionContent > [no object/datatype]
10/03/2026 10:54:59 -- 		 min: 12 (min found at subject)
10/03/2026 10:54:59 -- 		 max: 34 (max found at subject)
10/03/2026 10:54:59 -- 		 shacl-min: 1
10/03/2026 10:54:59 -- 	N575af8a994b540c88b1e0076193cf39e | http://mu.semte.ch/vocabularies/core/uuid > [no object/datatype]
10/03/2026 10:54:59 -- 		 min: 1 (min found at subject)
10/03/2026 10:54:59 -- 		 max: 1 (max found at subject)
10/03/2026 10:54:59 -- 		 shacl-min: 1
10/03/2026 10:54:59 -- 		 shacl-max: 1
10/03/2026 10:54:59 -- 	Ndd42a2dea01f4a33a8c4c368add5547e | http://data.europa.eu/eli/ontology#related_to > http://xmlns.com/foaf/0.1/Document
10/03/2026 10:54:59 -- 		 min: 0 (min found at subject)
10/03/2026 10:54:59 -- 		 max: 1 (max found at subject)
10/03/2026 10:54:59 -- 		 shacl-max: 1
10/03/2026 10:54:59 -- 	N391e8833182a40b4bd8f92bc666739f5 | http://data.europa.eu/eli/ontology#first_date_entry_in_force > [no object/datatype]
10/03/2026 10:54:59 -- 		 min: 1 (min found at subject)
10/03/2026 10:54:59 -- 		 max: 3 (max found at subject)
10/03/2026 10:54:59 -- 		 shacl-min: 1
10/03/2026 10:54:59 -- 	N2349ae6d1aff420a9477e038897f7b75 | http://data.europa.eu/eli/ontology#description > [no object/datatype]
10/03/2026 10:54:59 -- 		 min: 1 (min found at subject)
10/03/2026 10:54:59 -- 		 max: 2 (max found at subject)
10/03/2026 10:54:59 -- 		 shacl-min: 1
10/03/2026 10:54:59 -- 	N5b48e7951b9346afb9216cce17e3c5b9 | http://www.w3.org/ns/prov#wasGeneratedBy > http://data.vlaanderen.be/ns/besluit#BehandelingVanAgendapunt
10/03/2026 10:54:59 -- 		 min: 1 (min found at subject)
10/03/2026 10:54:59 -- 		 max: 1 (max found at subject)
10/03/2026 10:54:59 -- 		 shacl-min: 1
10/03/2026 10:54:59 -- 		 shacl-max: 1
10/03/2026 10:54:59 -- http://example.com/shapes/c4990770-9f02-4a4e-81f3-9590f41d5fbd ~ https://data.vlaanderen.be/id/concept/BesluitType/0ee460b1-5ef4-4d4a-b5e1-e2d7c1d5086e
10/03/2026 10:54:59 -- 	N0b61facff66f4d4baf3a0e5a02406ee0 | http://lblod.data.gift/vocabularies/besluit/authenticityType > http://www.w3.org/2004/02/skos/core#Concept
10/03/2026 10:54:59 -- 		 min: 1 (min found at subject)
10/03/2026 10:54:59 -- 		 max: 1 (max found at subject)
10/03/2026 10:54:59 -- 		 shacl-min: 1
10/03/2026 10:54:59 -- 		 shacl-max: 1
10/03/2026 10:54:59 -- 	Nbe97903a8ad2486eb6869bea6f9a9aea | http://data.europa.eu/eli/ontology#passed_by > http://data.vlaanderen.be/ns/besluit#Bestuursorgaan
10/03/2026 10:54:59 -- 		 min: 1 (min found at subject)
10/03/2026 10:54:59 -- 		 max: 1 (max found at subject)
10/03/2026 10:54:59 -- 		 shacl-min: 1
10/03/2026 10:54:59 -- 		 shacl-max: 1
10/03/2026 10:54:59 -- 	N61e58f9e1364412f87a021243eb5fcd4 | http://data.europa.eu/eli/ontology#date_publication > [no object/datatype]
10/03/2026 10:54:59 -- 		 min: 1 (min found at subject)
10/03/2026 10:54:59 -- 		 max: 1 (max found at subject)
10/03/2026 10:54:59 -- 		 shacl-min: 1
10/03/2026 10:54:59 -- 		 shacl-max: 1
10/03/2026 10:54:59 -- 	N4fdcfadb97124db9a6181231b369f426 | http://data.europa.eu/eli/ontology#has_part > http://data.vlaanderen.be/ns/besluit#Artikel
10/03/2026 10:54:59 -- 		 min: 0 (min found at subject)
10/03/2026 10:54:59 -- 		 max: 5 (max found at subject)
10/03/2026 10:54:59 -- 	N83ecfe282fea4218957e88f8ace3c057 | http://data.europa.eu/eli/ontology#language > http://www.w3.org/2004/02/skos/core#Concept
10/03/2026 10:54:59 -- 		 min: 0 (min found at subject)
10/03/2026 10:54:59 -- 		 max: 1 (max found at subject)
10/03/2026 10:54:59 -- 		 shacl-max: 1
10/03/2026 10:54:59 -- 	Nf9d5a72b995d491c979879e5ed0fd94c | http://data.europa.eu/eli/ontology#title_short > [no object/datatype]
10/03/2026 10:54:59 -- 		 min: 0 (min found at subject)
10/03/2026 10:54:59 -- 		 max: 1 (max found at subject)
10/03/2026 10:54:59 -- 		 shacl-max: 1
10/03/2026 10:54:59 -- 	Nf41021ac0f1545c08e62d5059315e6ec | http://www.w3.org/ns/prov#wasDerivedFrom > [no object/datatype]
10/03/2026 10:54:59 -- 		 min: 1 (min found at subject)
10/03/2026 10:54:59 -- 		 max: 2 (max found at subject)
10/03/2026 10:54:59 -- 		 shacl-min: 1
10/03/2026 10:54:59 -- 	N8b2db7611bfa44ab90d6521a341ce217 | http://mu.semte.ch/vocabularies/core/uuid > [no object/datatype]
10/03/2026 10:54:59 -- 		 min: 1 (min found at subject)
10/03/2026 10:54:59 -- 		 max: 1 (max found at subject)
10/03/2026 10:54:59 -- 		 shacl-min: 1
10/03/2026 10:54:59 -- 		 shacl-max: 1
10/03/2026 10:54:59 -- 	N98c46711a2394d5e9d22d85877eb2f13 | http://data.vlaanderen.be/ns/besluit#motivering > [no object/datatype]
10/03/2026 10:54:59 -- 		 min: 0 (min found at subject)
10/03/2026 10:54:59 -- 		 max: 2 (max found at subject)
10/03/2026 10:54:59 -- 	Nd434b016d77f4f07b663a6db2a6a96c8 | http://www.w3.org/2000/01/rdf-schema#comment > [no object/datatype]
10/03/2026 10:54:59 -- 		 min: 0 (min found at subject)
10/03/2026 10:54:59 -- 		 max: 1 (max found at subject)
10/03/2026 10:54:59 -- 		 shacl-max: 1
10/03/2026 10:54:59 -- 	N595149a72a8445fe8e87131797d3cc43 | http://lblod.data.gift/vocabularies/besluit/extractedDecisionContent > [no object/datatype]
10/03/2026 10:54:59 -- 		 min: 0 (min found at subject)
10/03/2026 10:54:59 -- 		 max: 100 (max found at subject)
10/03/2026 10:54:59 -- 	Nd54e64c7006048fb9a87dede47ac4b03 | http://www.w3.org/ns/prov#value > [no object/datatype]
10/03/2026 10:54:59 -- 		 min: 0 (min found at subject)
10/03/2026 10:54:59 -- 		 max: 5 (max found at subject)
10/03/2026 10:54:59 -- 	Ne34a46cec7a642599a2ea217d292a34f | http://data.europa.eu/eli/ontology#title > [no object/datatype]
10/03/2026 10:54:59 -- 		 min: 0 (min found at subject)
10/03/2026 10:54:59 -- 		 max: 1 (max found at subject)
10/03/2026 10:54:59 -- 		 shacl-max: 1
10/03/2026 10:54:59 -- 	N77a9d93e09eb413bbe2e85a198ce786a | http://data.europa.eu/eli/ontology#related_to > http://xmlns.com/foaf/0.1/Document
10/03/2026 10:54:59 -- 		 min: 0 (min found at subject)
10/03/2026 10:54:59 -- 		 max: 1 (max found at subject)
10/03/2026 10:54:59 -- 		 shacl-max: 1
10/03/2026 10:54:59 -- 	N1788b4582d9640d8b78e7ffcf2bbd821 | http://www.w3.org/ns/prov#wasGeneratedBy > http://data.vlaanderen.be/ns/besluit#BehandelingVanAgendapunt
10/03/2026 10:54:59 -- 		 min: 0 (min found at subject)
10/03/2026 10:54:59 -- 		 max: 1 (max found at subject)
10/03/2026 10:54:59 -- 		 shacl-max: 1
10/03/2026 10:54:59 -- 	N2b897698a7b64aeaa3e044a74ee3c19f | http://data.europa.eu/eli/ontology#description > [no object/datatype]
10/03/2026 10:54:59 -- 		 min: 0 (min found at subject)
10/03/2026 10:54:59 -- 		 max: 1 (max found at subject)
10/03/2026 10:54:59 -- 		 shacl-max: 1
10/03/2026 10:54:59 -- http://example.com/shapes/ee04a1cd-0239-46f0-94d0-2a4edf1e0f55 ~ https://data.vlaanderen.be/id/concept/BesluitType/1105564e-30c7-4371-a864-6b7329cdae6f
10/03/2026 10:54:59 -- 	Nc4e10a6e18f74281b535ac8801df6372 | http://www.w3.org/ns/prov#wasDerivedFrom > http://xmlns.com/foaf/0.1/Document
10/03/2026 10:54:59 -- 		 min: 0 (min found at subject)
10/03/2026 10:54:59 -- 		 max: 3 (max found at subject)
10/03/2026 10:54:59 -- 	Nec838d6d5dbe45a28004d13f6bfc9374 | http://www.w3.org/ns/prov#wasDerivedFrom > https://data.vlaanderen.be/id/concept/BesluitDocumentType/13fefad6-a9d6-4025-83b5-e4cbee3a8965
10/03/2026 10:54:59 -- 		 min: 0 (min found at subject)
10/03/2026 10:54:59 -- 		 max: 1 (max found at subject)
10/03/2026 10:54:59 -- 		 shacl-max: 1
10/03/2026 10:54:59 -- 	Nb85792ce1d134a94a77f7d70af5df029 | http://www.w3.org/ns/prov#wasDerivedFrom > https://data.vlaanderen.be/id/concept/BesluitDocumentType/3fa67785-ffdc-4b30-8880-2b99d97b4dee
10/03/2026 10:54:59 -- 		 min: 0 (min found at subject)
10/03/2026 10:54:59 -- 		 max: 1 (max found at subject)
10/03/2026 10:54:59 -- 		 shacl-max: 1
10/03/2026 10:54:59 -- 	N7fceb02d86e74c95bb09c1cecc4452bb | http://www.w3.org/ns/prov#wasDerivedFrom > https://data.vlaanderen.be/id/concept/BesluitDocumentType/8e791b27-7600-4577-b24e-c7c29e0eb773
10/03/2026 10:54:59 -- 		 min: 0 (min found at subject)
10/03/2026 10:54:59 -- 		 max: 1 (max found at subject)
10/03/2026 10:54:59 -- 		 shacl-max: 1
10/03/2026 10:54:59 -- 	Ne3290724e698486db0ebceef1c0228ce | http://data.europa.eu/eli/ontology#passed_by > http://data.vlaanderen.be/ns/besluit#Bestuursorgaan
10/03/2026 10:54:59 -- 		 min: 1 (min found at subject)
10/03/2026 10:54:59 -- 		 max: 1 (max found at subject)
10/03/2026 10:54:59 -- 		 shacl-min: 1
10/03/2026 10:54:59 -- 		 shacl-max: 1
10/03/2026 10:54:59 -- 	Nb460e42f9a6f402ab2003497a4f87a8a | http://data.europa.eu/eli/ontology#first_date_entry_in_force > [no object/datatype]
10/03/2026 10:54:59 -- 		 min: 0 (min found at subject)
10/03/2026 10:54:59 -- 		 max: 3 (max found at subject)
10/03/2026 10:54:59 -- 	N086697ceedc44d98988074b425d30ed5 | http://mu.semte.ch/vocabularies/core/uuid > [no object/datatype]
10/03/2026 10:54:59 -- 		 min: 1 (min found at subject)
10/03/2026 10:54:59 -- 		 max: 1 (max found at subject)
10/03/2026 10:54:59 -- 		 shacl-min: 1
10/03/2026 10:54:59 -- 		 shacl-max: 1
10/03/2026 10:54:59 -- 	N8f60829a3be64f31ba8c7bb372cc79ea | http://data.europa.eu/eli/ontology#description > [no object/datatype]
10/03/2026 10:54:59 -- 		 min: 1 (min found at subject)
10/03/2026 10:54:59 -- 		 max: 3 (max found at subject)
10/03/2026 10:54:59 -- 		 shacl-min: 1
10/03/2026 10:54:59 -- 	Nc3eb47ba5bdf457295d73b858c6a3e3d | http://lblod.data.gift/vocabularies/besluit/extractedDecisionContent > [no object/datatype]
10/03/2026 10:54:59 -- 		 min: 48 (min found at subject)
10/03/2026 10:54:59 -- 		 max: 65 (max found at subject)
10/03/2026 10:54:59 -- 		 shacl-min: 1
10/03/2026 10:54:59 -- 	Nb4894091e7304d12afc873d5b5096bdc | http://www.w3.org/ns/prov#wasGeneratedBy > http://data.vlaanderen.be/ns/besluit#BehandelingVanAgendapunt
10/03/2026 10:54:59 -- 		 min: 1 (min found at subject)
10/03/2026 10:54:59 -- 		 max: 1 (max found at subject)
10/03/2026 10:54:59 -- 		 shacl-min: 1
10/03/2026 10:54:59 -- 		 shacl-max: 1
10/03/2026 10:54:59 -- 	N10272da739144355ab01c65ec68e36e2 | http://data.europa.eu/eli/ontology#has_part > http://data.vlaanderen.be/ns/besluit#Artikel
10/03/2026 10:54:59 -- 		 min: 0 (min found at subject)
10/03/2026 10:54:59 -- 		 max: 10 (max found at subject)
10/03/2026 10:54:59 -- 	Nc712eff969784e058cda2d55e93dc215 | http://lblod.data.gift/vocabularies/besluit/authenticityType > http://www.w3.org/2004/02/skos/core#Concept
10/03/2026 10:54:59 -- 		 min: 0 (min found at subject)
10/03/2026 10:54:59 -- 		 max: 1 (max found at subject)
10/03/2026 10:54:59 -- 		 shacl-max: 1
10/03/2026 10:54:59 -- 	Nacc0d3b382494f139a819bfad01580e4 | http://data.europa.eu/eli/ontology#title > [no object/datatype]
10/03/2026 10:54:59 -- 		 min: 1 (min found at subject)
10/03/2026 10:54:59 -- 		 max: 1 (max found at subject)
10/03/2026 10:54:59 -- 		 shacl-min: 1
10/03/2026 10:54:59 -- 		 shacl-max: 1
10/03/2026 10:54:59 -- 	N839d1c6c66b14327b5c1f203d89b3a4b | http://data.europa.eu/eli/ontology#title_short > [no object/datatype]
10/03/2026 10:54:59 -- 		 min: 0 (min found at subject)
10/03/2026 10:54:59 -- 		 max: 1 (max found at subject)
10/03/2026 10:54:59 -- 		 shacl-max: 1
10/03/2026 10:54:59 -- 	N6f5a7870728a4978a1e7e885ebd562e2 | http://data.europa.eu/eli/ontology#date_publication > [no object/datatype]
10/03/2026 10:54:59 -- 		 min: 2 (min found at subject)
10/03/2026 10:54:59 -- 		 max: 3 (max found at subject)
10/03/2026 10:54:59 -- 		 shacl-min: 1
10/03/2026 10:54:59 -- 	N3ea7a18de4dc409fbf692ff12ef61768 | http://data.vlaanderen.be/ns/besluit#motivering > [no object/datatype]
10/03/2026 10:54:59 -- 		 min: 0 (min found at subject)
10/03/2026 10:54:59 -- 		 max: 2 (max found at subject)
10/03/2026 10:54:59 -- 	Nb427d577afa0481782aaf39bb86f3932 | http://data.europa.eu/eli/ontology#related_to > http://xmlns.com/foaf/0.1/Document
10/03/2026 10:54:59 -- 		 min: 1 (min found at subject)
10/03/2026 10:54:59 -- 		 max: 3 (max found at subject)
10/03/2026 10:54:59 -- 		 shacl-min: 1
10/03/2026 10:54:59 -- 	N8719e64cbdc74d9e92a9fe5a6a5f7b03 | http://www.w3.org/ns/prov#value > [no object/datatype]
10/03/2026 10:54:59 -- 		 min: 3 (min found at subject)
10/03/2026 10:54:59 -- 		 max: 14 (max found at subject)
10/03/2026 10:54:59 -- 		 shacl-min: 1
10/03/2026 10:54:59 -- 	Ne44a20a7247b4217a5c612775f50f95c | http://data.europa.eu/eli/ontology#language > http://www.w3.org/2004/02/skos/core#Concept
10/03/2026 10:54:59 -- 		 min: 1 (min found at subject)
10/03/2026 10:54:59 -- 		 max: 1 (max found at subject)
10/03/2026 10:54:59 -- 		 shacl-min: 1
10/03/2026 10:54:59 -- 		 shacl-max: 1
10/03/2026 10:54:59 -- http://example.com/shapes/3635ff26-4a75-49a8-8c94-475b39e1b9f4 ~ https://data.vlaanderen.be/id/concept/BesluitType/13fefad6-a9d6-4025-83b5-e4cbee3a8965
10/03/2026 10:54:59 -- 	Naff2b77655374ed7935293f927cd2584 | http://www.w3.org/ns/prov#wasDerivedFrom > [no object/datatype]
10/03/2026 10:54:59 -- 		 min: 1 (min found at subject)
10/03/2026 10:54:59 -- 		 max: 1 (max found at subject)
10/03/2026 10:54:59 -- 		 shacl-min: 1
10/03/2026 10:54:59 -- 		 shacl-max: 1
10/03/2026 10:54:59 -- 	N660289c2956b404394dc5890a3d76ecb | http://data.europa.eu/eli/ontology#passed_by > http://data.vlaanderen.be/ns/besluit#Bestuursorgaan
10/03/2026 10:54:59 -- 		 min: 1 (min found at subject)
10/03/2026 10:54:59 -- 		 max: 1 (max found at subject)
10/03/2026 10:54:59 -- 		 shacl-min: 1
10/03/2026 10:54:59 -- 		 shacl-max: 1
10/03/2026 10:54:59 -- 	N0f378730a85442eba6f62efc22469824 | http://mu.semte.ch/vocabularies/core/uuid > [no object/datatype]
10/03/2026 10:54:59 -- 		 min: 1 (min found at subject)
10/03/2026 10:54:59 -- 		 max: 1 (max found at subject)
10/03/2026 10:54:59 -- 		 shacl-min: 1
10/03/2026 10:54:59 -- 		 shacl-max: 1
10/03/2026 10:54:59 -- 	N23ec210cf96f45498f04d5b1ad4f66c7 | http://lblod.data.gift/vocabularies/besluit/authenticityType > http://www.w3.org/2004/02/skos/core#Concept
10/03/2026 10:54:59 -- 		 min: 1 (min found at subject)
10/03/2026 10:54:59 -- 		 max: 1 (max found at subject)
10/03/2026 10:54:59 -- 		 shacl-min: 1
10/03/2026 10:54:59 -- 		 shacl-max: 1
10/03/2026 10:54:59 -- 	N77dfd926d730446c9d965397da42f964 | http://data.europa.eu/eli/ontology#date_publication > [no object/datatype]
10/03/2026 10:54:59 -- 		 min: 1 (min found at subject)
10/03/2026 10:54:59 -- 		 max: 1 (max found at subject)
10/03/2026 10:54:59 -- 		 shacl-min: 1
10/03/2026 10:54:59 -- 		 shacl-max: 1
10/03/2026 10:54:59 -- http://example.com/shapes/092dcf79-64dc-4a0a-bc06-a867909e6ab7 ~ https://data.vlaanderen.be/id/concept/BesluitType/256bd04a-b74b-4f2a-8f5d-14dda4765af9
10/03/2026 10:54:59 -- 	N148d2a1d81574021a446d3cde4d51ae5 | http://data.europa.eu/eli/ontology#has_part > http://data.vlaanderen.be/ns/besluit#Artikel
10/03/2026 10:54:59 -- 		 min: 0 (min found at subject)
10/03/2026 10:54:59 -- 		 max: 17 (max found at subject)
10/03/2026 10:54:59 -- 	N6f17f7b1b24d46f8b09cb5d7fff839b6 | http://data.vlaanderen.be/ns/besluit#citeeropschrift > [no object/datatype]
10/03/2026 10:54:59 -- 		 min: 0 (min found at subject)
10/03/2026 10:54:59 -- 		 max: 1 (max found at subject)
10/03/2026 10:54:59 -- 		 shacl-max: 1
10/03/2026 10:54:59 -- 	Nba7824c5078c46a1a4f5db10aaeabe8f | http://data.europa.eu/eli/ontology#title_short > [no object/datatype]
10/03/2026 10:54:59 -- 		 min: 0 (min found at subject)
10/03/2026 10:54:59 -- 		 max: 1 (max found at subject)
10/03/2026 10:54:59 -- 		 shacl-max: 1
10/03/2026 10:54:59 -- 	N56af0f55c5184c699b21629ba4212756 | http://data.europa.eu/eli/ontology#passed_by > http://data.vlaanderen.be/ns/besluit#Bestuurseenheid
10/03/2026 10:54:59 -- 		 min: 0 (min found at subject)
10/03/2026 10:54:59 -- 		 max: 1 (max found at subject)
10/03/2026 10:54:59 -- 		 shacl-max: 1
10/03/2026 10:54:59 -- 	Ndc7160662e2244958ebd9424e2a56683 | http://data.europa.eu/eli/ontology#passed_by > http://data.vlaanderen.be/ns/besluit#Bestuursorgaan
10/03/2026 10:54:59 -- 		 min: 1 (min found at subject)
10/03/2026 10:54:59 -- 		 max: 1 (max found at subject)
10/03/2026 10:54:59 -- 		 shacl-min: 1
10/03/2026 10:54:59 -- 		 shacl-max: 1
10/03/2026 10:54:59 -- 	N70b1b09c33d5432a9de5218193e73316 | http://data.europa.eu/eli/ontology#passed_by > http://data.vlaanderen.be/ns/mandaat#Mandataris
10/03/2026 10:54:59 -- 		 min: 0 (min found at subject)
10/03/2026 10:54:59 -- 		 max: 1 (max found at subject)
10/03/2026 10:54:59 -- 		 shacl-max: 1
10/03/2026 10:54:59 -- 	Ne954dc328d4d4c1aadcc9de9052b7806 | http://data.europa.eu/eli/ontology#passed_by > http://www.w3.org/2004/02/skos/core#Concept
10/03/2026 10:54:59 -- 		 min: 0 (min found at subject)
10/03/2026 10:54:59 -- 		 max: 1 (max found at subject)
10/03/2026 10:54:59 -- 		 shacl-max: 1
10/03/2026 10:54:59 -- 	Nef2804a9e49a4495b42d166a291f368d | http://data.europa.eu/eli/ontology#passed_by > http://xmlns.com/foaf/0.1/Document
10/03/2026 10:54:59 -- 		 min: 0 (min found at subject)
10/03/2026 10:54:59 -- 		 max: 1 (max found at subject)
10/03/2026 10:54:59 -- 		 shacl-max: 1
10/03/2026 10:54:59 -- 	N5507c75bbec440b18161fbdfaac11f2b | http://data.europa.eu/eli/ontology#passed_by > https://data.vlaanderen.be/id/concept/BesluitDocumentType/3fa67785-ffdc-4b30-8880-2b99d97b4dee
10/03/2026 10:54:59 -- 		 min: 0 (min found at subject)
10/03/2026 10:54:59 -- 		 max: 1 (max found at subject)
10/03/2026 10:54:59 -- 		 shacl-max: 1
10/03/2026 10:54:59 -- 	Ndf6bafc73b664521b1e66ec74a076eab | http://data.europa.eu/eli/ontology#cites > [no object/datatype]
10/03/2026 10:54:59 -- 		 min: 0 (min found at subject)
10/03/2026 10:54:59 -- 		 max: 1 (max found at subject)
10/03/2026 10:54:59 -- 		 shacl-max: 1
10/03/2026 10:54:59 -- 	N83e78380244d40e88b6ac8eb69f3d5f5 | http://mu.semte.ch/vocabularies/core/uuid > [no object/datatype]
10/03/2026 10:54:59 -- 		 min: 1 (min found at subject)
10/03/2026 10:54:59 -- 		 max: 1 (max found at subject)
10/03/2026 10:54:59 -- 		 shacl-min: 1
10/03/2026 10:54:59 -- 		 shacl-max: 1
10/03/2026 10:54:59 -- 	N46967b718fa74ed88c3ff88496e2eb45 | http://data.europa.eu/eli/ontology#date_no_longer_in_force > [no object/datatype]
10/03/2026 10:54:59 -- 		 min: 0 (min found at subject)
10/03/2026 10:54:59 -- 		 max: 2 (max found at subject)
10/03/2026 10:54:59 -- 	Nb3bfbf33b2b14fa7bf06e1293b44683c | http://www.w3.org/ns/prov#wasDerivedFrom > http://data.vlaanderen.be/ns/besluit#Bestuurseenheid
10/03/2026 10:54:59 -- 		 min: 0 (min found at subject)
10/03/2026 10:54:59 -- 		 max: 1 (max found at subject)
10/03/2026 10:54:59 -- 		 shacl-max: 1
10/03/2026 10:54:59 -- 	N1c57f5e6619e4f73a6a2d093f84e2fce | http://www.w3.org/ns/prov#wasDerivedFrom > http://data.vlaanderen.be/ns/besluit#Bestuursorgaan
10/03/2026 10:54:59 -- 		 min: 0 (min found at subject)
10/03/2026 10:54:59 -- 		 max: 1 (max found at subject)
10/03/2026 10:54:59 -- 		 shacl-max: 1
10/03/2026 10:54:59 -- 	N848cc5f9cb6f4540984e1056d5c5a981 | http://www.w3.org/ns/prov#wasDerivedFrom > http://data.vlaanderen.be/ns/mandaat#Mandataris
10/03/2026 10:54:59 -- 		 min: 0 (min found at subject)
10/03/2026 10:54:59 -- 		 max: 1 (max found at subject)
10/03/2026 10:54:59 -- 		 shacl-max: 1
10/03/2026 10:54:59 -- 	N0c9c3bb800324f46bc215948c542b6e6 | http://www.w3.org/ns/prov#wasDerivedFrom > http://www.w3.org/2004/02/skos/core#Concept
10/03/2026 10:54:59 -- 		 min: 0 (min found at subject)
10/03/2026 10:54:59 -- 		 max: 1 (max found at subject)
10/03/2026 10:54:59 -- 		 shacl-max: 1
10/03/2026 10:54:59 -- 	N3c4fb6725fbf45ba940a3484defa7d54 | http://www.w3.org/ns/prov#wasDerivedFrom > http://xmlns.com/foaf/0.1/Document
10/03/2026 10:54:59 -- 		 min: 0 (min found at subject)
10/03/2026 10:54:59 -- 		 max: 1 (max found at subject)
10/03/2026 10:54:59 -- 		 shacl-max: 1
10/03/2026 10:54:59 -- 	N4109aa1c21d04e139b6443daf98d9127 | http://www.w3.org/ns/prov#wasDerivedFrom > https://data.vlaanderen.be/id/concept/BesluitDocumentType/3fa67785-ffdc-4b30-8880-2b99d97b4dee
10/03/2026 10:54:59 -- 		 min: 0 (min found at subject)
10/03/2026 10:54:59 -- 		 max: 1 (max found at subject)
10/03/2026 10:54:59 -- 		 shacl-max: 1
10/03/2026 10:54:59 -- 	N0ef94b43bff6446087a3672aa42790a3 | http://data.europa.eu/eli/ontology#language > http://www.w3.org/2004/02/skos/core#Concept
10/03/2026 10:54:59 -- 		 min: 1 (min found at subject)
10/03/2026 10:54:59 -- 		 max: 1 (max found at subject)
10/03/2026 10:54:59 -- 		 shacl-min: 1
10/03/2026 10:54:59 -- 		 shacl-max: 1
10/03/2026 10:54:59 -- 	Nb30413a0422443d6b6d10fcd2d1563a6 | http://data.europa.eu/eli/ontology#title > [no object/datatype]
10/03/2026 10:54:59 -- 		 min: 1 (min found at subject)
10/03/2026 10:54:59 -- 		 max: 1 (max found at subject)
10/03/2026 10:54:59 -- 		 shacl-min: 1
10/03/2026 10:54:59 -- 		 shacl-max: 1
10/03/2026 10:54:59 -- 	N3047af60e70e4e228f44f6666d82ee3d | http://data.europa.eu/eli/ontology#date_publication > [no object/datatype]
10/03/2026 10:54:59 -- 		 min: 1 (min found at subject)
10/03/2026 10:54:59 -- 		 max: 2 (max found at subject)
10/03/2026 10:54:59 -- 		 shacl-min: 1
10/03/2026 10:54:59 -- 	N6a0046320bcf44c19901327bdca4276a | http://www.w3.org/ns/prov#wasGeneratedBy > http://data.vlaanderen.be/ns/besluit#BehandelingVanAgendapunt
10/03/2026 10:54:59 -- 		 min: 1 (min found at subject)
10/03/2026 10:54:59 -- 		 max: 1 (max found at subject)
10/03/2026 10:54:59 -- 		 shacl-min: 1
10/03/2026 10:54:59 -- 		 shacl-max: 1
10/03/2026 10:54:59 -- 	Na7d4ea3f316b45df8293f511d14abdab | http://data.europa.eu/eli/ontology#description > [no object/datatype]
10/03/2026 10:54:59 -- 		 min: 1 (min found at subject)
10/03/2026 10:54:59 -- 		 max: 2 (max found at subject)
10/03/2026 10:54:59 -- 		 shacl-min: 1
10/03/2026 10:54:59 -- 	N75ea1e97006f4dfd996ec82f575945c9 | http://data.europa.eu/eli/ontology#related_to > http://xmlns.com/foaf/0.1/Document
10/03/2026 10:54:59 -- 		 min: 0 (min found at subject)
10/03/2026 10:54:59 -- 		 max: 21 (max found at subject)
10/03/2026 10:54:59 -- 	Nbdbf8fbafd3b4cb5abec1890659f14fb | http://lblod.data.gift/vocabularies/besluit/extractedDecisionContent > [no object/datatype]
10/03/2026 10:54:59 -- 		 min: 1 (min found at subject)
10/03/2026 10:54:59 -- 		 max: 736 (max found at subject)
10/03/2026 10:54:59 -- 		 shacl-min: 1
10/03/2026 10:54:59 -- 	Ncbc67c258fd34f4f8b685ac0e9cbd46e | http://data.europa.eu/eli/ontology#first_date_entry_in_force > [no object/datatype]
10/03/2026 10:54:59 -- 		 min: 0 (min found at subject)
10/03/2026 10:54:59 -- 		 max: 1 (max found at subject)
10/03/2026 10:54:59 -- 		 shacl-max: 1
10/03/2026 10:54:59 -- 	N25e03084d3bb44439f4f26102836a17f | http://www.w3.org/ns/prov#value > [no object/datatype]
10/03/2026 10:54:59 -- 		 min: 1 (min found at subject)
10/03/2026 10:54:59 -- 		 max: 32 (max found at subject)
10/03/2026 10:54:59 -- 		 shacl-min: 1
10/03/2026 10:54:59 -- 	Nddce63d35214416781563de26cc151af | http://data.vlaanderen.be/ns/besluit#motivering > [no object/datatype]
10/03/2026 10:54:59 -- 		 min: 0 (min found at subject)
10/03/2026 10:54:59 -- 		 max: 2 (max found at subject)
10/03/2026 10:54:59 -- http://example.com/shapes/9f60be64-611d-4ba9-aa55-26ce22af718e ~ https://data.vlaanderen.be/id/concept/BesluitType/25deb453-ae3e-4d40-8027-36cdb48ab738
10/03/2026 10:54:59 -- 	N04b5faddc2c24de7951dbe855923759f | http://data.europa.eu/eli/ontology#passed_by > http://data.vlaanderen.be/ns/besluit#Bestuursorgaan
10/03/2026 10:54:59 -- 		 min: 1 (min found at subject)
10/03/2026 10:54:59 -- 		 max: 1 (max found at subject)
10/03/2026 10:54:59 -- 		 shacl-min: 1
10/03/2026 10:54:59 -- 		 shacl-max: 1
10/03/2026 10:54:59 -- 	N79fc4fcee1364591b333fd4ea1f41d14 | http://www.w3.org/ns/prov#wasDerivedFrom > http://data.vlaanderen.be/ns/mandaat#Mandataris
10/03/2026 10:54:59 -- 		 min: 0 (min found at subject)
10/03/2026 10:54:59 -- 		 max: 3 (max found at subject)
10/03/2026 10:54:59 -- 	N0b7198ec9a824d0f82d843f2aec5612f | http://www.w3.org/ns/prov#wasDerivedFrom > http://xmlns.com/foaf/0.1/Document
10/03/2026 10:54:59 -- 		 min: 0 (min found at subject)
10/03/2026 10:54:59 -- 		 max: 3 (max found at subject)
10/03/2026 10:54:59 -- 	Nfdbe53175a4446f68189e37874067f07 | http://www.w3.org/ns/prov#wasDerivedFrom > https://data.vlaanderen.be/id/concept/BesluitDocumentType/13fefad6-a9d6-4025-83b5-e4cbee3a8965
10/03/2026 10:54:59 -- 		 min: 0 (min found at subject)
10/03/2026 10:54:59 -- 		 max: 1 (max found at subject)
10/03/2026 10:54:59 -- 		 shacl-max: 1
10/03/2026 10:54:59 -- 	N793ab7d6dd524e9abb4a76b0e3412b23 | http://www.w3.org/ns/prov#wasDerivedFrom > https://data.vlaanderen.be/id/concept/BesluitDocumentType/3fa67785-ffdc-4b30-8880-2b99d97b4dee
10/03/2026 10:54:59 -- 		 min: 0 (min found at subject)
10/03/2026 10:54:59 -- 		 max: 1 (max found at subject)
10/03/2026 10:54:59 -- 		 shacl-max: 1
10/03/2026 10:54:59 -- 	N0477e602713649b393056b3b04e89c82 | http://www.w3.org/ns/prov#wasDerivedFrom > https://data.vlaanderen.be/id/concept/BesluitDocumentType/8e791b27-7600-4577-b24e-c7c29e0eb773
10/03/2026 10:54:59 -- 		 min: 0 (min found at subject)
10/03/2026 10:54:59 -- 		 max: 1 (max found at subject)
10/03/2026 10:54:59 -- 		 shacl-max: 1
10/03/2026 10:54:59 -- 	N05f38d3e485944eead861ab074f38f7e | http://data.europa.eu/eli/ontology#has_part > http://data.vlaanderen.be/ns/besluit#Artikel
10/03/2026 10:55:00 -- 		 min: 0 (min found at subject)
10/03/2026 10:55:00 -- 		 max: 4 (max found at subject)
10/03/2026 10:55:00 -- 	Na3c6fdb9e116422fbe3adde0bee82f1b | http://data.europa.eu/eli/ontology#description > [no object/datatype]
10/03/2026 10:55:00 -- 		 min: 1 (min found at subject)
10/03/2026 10:55:00 -- 		 max: 4 (max found at subject)
10/03/2026 10:55:00 -- 		 shacl-min: 1
10/03/2026 10:55:00 -- 	N28752136c7094a25932fbb77ca3ff398 | http://data.europa.eu/eli/ontology#date_publication > [no object/datatype]
10/03/2026 10:55:00 -- 		 min: 1 (min found at subject)
10/03/2026 10:55:00 -- 		 max: 3 (max found at subject)
10/03/2026 10:55:00 -- 		 shacl-min: 1
10/03/2026 10:55:00 -- 	Nd5714dd76cbe408890387f2e4b61361a | http://data.europa.eu/eli/ontology#title > [no object/datatype]
10/03/2026 10:55:00 -- 		 min: 1 (min found at subject)
10/03/2026 10:55:00 -- 		 max: 1 (max found at subject)
10/03/2026 10:55:00 -- 		 shacl-min: 1
10/03/2026 10:55:00 -- 		 shacl-max: 1
10/03/2026 10:55:00 -- 	N66607c3540ab48af84026fbe19ab4318 | http://data.europa.eu/eli/ontology#related_to > http://xmlns.com/foaf/0.1/Document
10/03/2026 10:55:00 -- 		 min: 0 (min found at subject)
10/03/2026 10:55:00 -- 		 max: 3 (max found at subject)
10/03/2026 10:55:00 -- 	N8e8e129fe7014eccb1fe213efd1fc81c | http://data.europa.eu/eli/ontology#first_date_entry_in_force > [no object/datatype]
10/03/2026 10:55:00 -- 		 min: 0 (min found at subject)
10/03/2026 10:55:00 -- 		 max: 3 (max found at subject)
10/03/2026 10:55:00 -- 	Nf31705e8e0d544fbb58589d8fe265090 | http://lblod.data.gift/vocabularies/besluit/extractedDecisionContent > [no object/datatype]
10/03/2026 10:55:00 -- 		 min: 3 (min found at subject)
10/03/2026 10:55:00 -- 		 max: 160 (max found at subject)
10/03/2026 10:55:00 -- 		 shacl-min: 1
10/03/2026 10:55:00 -- 	N50f8e18b87e94d7aaebd152ce9b7c47e | http://www.w3.org/ns/prov#wasGeneratedBy > http://data.vlaanderen.be/ns/besluit#BehandelingVanAgendapunt
10/03/2026 10:55:00 -- 		 min: 1 (min found at subject)
10/03/2026 10:55:00 -- 		 max: 1 (max found at subject)
10/03/2026 10:55:00 -- 		 shacl-min: 1
10/03/2026 10:55:00 -- 		 shacl-max: 1
10/03/2026 10:55:00 -- 	N8ce2eec36f224eb985d0cfdf3bd4b82c | http://www.w3.org/ns/prov#value > [no object/datatype]
10/03/2026 10:55:00 -- 		 min: 1 (min found at subject)
10/03/2026 10:55:00 -- 		 max: 8 (max found at subject)
10/03/2026 10:55:00 -- 		 shacl-min: 1
10/03/2026 10:55:00 -- 	Nd78811e4999341f78ce37b99292bd4de | http://data.vlaanderen.be/ns/besluit#motivering > [no object/datatype]
10/03/2026 10:55:00 -- 		 min: 0 (min found at subject)
10/03/2026 10:55:00 -- 		 max: 3 (max found at subject)
10/03/2026 10:55:00 -- 	N0342db7e5db747c28a8ed19478efb8b0 | http://mu.semte.ch/vocabularies/core/uuid > [no object/datatype]
10/03/2026 10:55:00 -- 		 min: 1 (min found at subject)
10/03/2026 10:55:00 -- 		 max: 1 (max found at subject)
10/03/2026 10:55:00 -- 		 shacl-min: 1
10/03/2026 10:55:00 -- 		 shacl-max: 1
10/03/2026 10:55:00 -- 	Nc4d39d612899487faca6aaa9a4bb6738 | http://data.europa.eu/eli/ontology#language > http://www.w3.org/2004/02/skos/core#Concept
10/03/2026 10:55:00 -- 		 min: 1 (min found at subject)
10/03/2026 10:55:00 -- 		 max: 1 (max found at subject)
10/03/2026 10:55:00 -- 		 shacl-min: 1
10/03/2026 10:55:00 -- 		 shacl-max: 1
10/03/2026 10:55:00 -- 	N6c29839fa5884d5fab6898f9bc0660ee | http://data.europa.eu/eli/ontology#cites > [no object/datatype]
10/03/2026 10:55:00 -- 		 min: 0 (min found at subject)
10/03/2026 10:55:00 -- 		 max: 1 (max found at subject)
10/03/2026 10:55:00 -- 		 shacl-max: 1
10/03/2026 10:55:00 -- 	N780c387473d54b7198842988510b34a6 | http://data.europa.eu/eli/ontology#title_short > [no object/datatype]
10/03/2026 10:55:00 -- 		 min: 0 (min found at subject)
10/03/2026 10:55:00 -- 		 max: 1 (max found at subject)
10/03/2026 10:55:00 -- 		 shacl-max: 1
10/03/2026 10:55:00 -- http://example.com/shapes/eaa77fce-b721-4fee-81f1-89c306737aee ~ https://data.vlaanderen.be/id/concept/BesluitType/2f189152-1786-4b55-a3a9-d7f06de63f1c
10/03/2026 10:55:00 -- 	N65a1d9a327094897834f6b707bddaffd | http://data.europa.eu/eli/ontology#has_part > http://data.vlaanderen.be/ns/besluit#Artikel
10/03/2026 10:55:00 -- 		 min: 0 (min found at subject)
10/03/2026 10:55:00 -- 		 max: 3 (max found at subject)
10/03/2026 10:55:00 -- 	Na15ea756c53e4d14a9325b6d2ccc994c | http://data.europa.eu/eli/ontology#title > [no object/datatype]
10/03/2026 10:55:00 -- 		 min: 1 (min found at subject)
10/03/2026 10:55:00 -- 		 max: 1 (max found at subject)
10/03/2026 10:55:00 -- 		 shacl-min: 1
10/03/2026 10:55:00 -- 		 shacl-max: 1
10/03/2026 10:55:00 -- 	Nd30e9dd490ad46c08fd842f6df8a20ef | http://lblod.data.gift/vocabularies/besluit/authenticityType > http://www.w3.org/2004/02/skos/core#Concept
10/03/2026 10:55:00 -- 		 min: 0 (min found at subject)
10/03/2026 10:55:00 -- 		 max: 1 (max found at subject)
10/03/2026 10:55:00 -- 		 shacl-max: 1
10/03/2026 10:55:00 -- 	N9411c7e4fb3f42109098478cfafd7390 | http://data.europa.eu/eli/ontology#related_to > http://xmlns.com/foaf/0.1/Document
10/03/2026 10:55:00 -- 		 min: 0 (min found at subject)
10/03/2026 10:55:00 -- 		 max: 4 (max found at subject)
10/03/2026 10:55:00 -- 	N38e670c8da944f44b682ce9da6b65e42 | http://data.europa.eu/eli/ontology#title_short > [no object/datatype]
10/03/2026 10:55:00 -- 		 min: 0 (min found at subject)
10/03/2026 10:55:00 -- 		 max: 1 (max found at subject)
10/03/2026 10:55:00 -- 		 shacl-max: 1
10/03/2026 10:55:00 -- 	N7fb38ba5352344648f2dd64bb01be2ab | http://lblod.data.gift/vocabularies/besluit/extractedDecisionContent > [no object/datatype]
10/03/2026 10:55:00 -- 		 min: 1 (min found at subject)
10/03/2026 10:55:00 -- 		 max: 138 (max found at subject)
10/03/2026 10:55:00 -- 		 shacl-min: 1
10/03/2026 10:55:00 -- 	N6487e2e0cbf44d2aa2313ba6d82e761c | http://www.w3.org/ns/prov#value > [no object/datatype]
10/03/2026 10:55:00 -- 		 min: 1 (min found at subject)
10/03/2026 10:55:00 -- 		 max: 6 (max found at subject)
10/03/2026 10:55:00 -- 		 shacl-min: 1
10/03/2026 10:55:00 -- 	N93a8217a690146d2a09b21644b1a399b | http://data.europa.eu/eli/ontology#cites > [no object/datatype]
10/03/2026 10:55:00 -- 		 min: 0 (min found at subject)
10/03/2026 10:55:00 -- 		 max: 1 (max found at subject)
10/03/2026 10:55:00 -- 		 shacl-max: 1
10/03/2026 10:55:00 -- 	N9d99d5e645154ee996ad04935d9e1959 | http://data.europa.eu/eli/ontology#first_date_entry_in_force > [no object/datatype]
10/03/2026 10:55:00 -- 		 min: 0 (min found at subject)
10/03/2026 10:55:00 -- 		 max: 3 (max found at subject)
10/03/2026 10:55:00 -- 	Nb296a001932749138374b98d4762b210 | http://mu.semte.ch/vocabularies/core/uuid > [no object/datatype]
10/03/2026 10:55:00 -- 		 min: 1 (min found at subject)
10/03/2026 10:55:00 -- 		 max: 1 (max found at subject)
10/03/2026 10:55:00 -- 		 shacl-min: 1
10/03/2026 10:55:00 -- 		 shacl-max: 1
10/03/2026 10:55:00 -- 	Nccad22825bfb4e5698a5e56f1650fc4a | http://www.w3.org/ns/prov#wasGeneratedBy > http://data.vlaanderen.be/ns/besluit#BehandelingVanAgendapunt
10/03/2026 10:55:00 -- 		 min: 1 (min found at subject)
10/03/2026 10:55:00 -- 		 max: 1 (max found at subject)
10/03/2026 10:55:00 -- 		 shacl-min: 1
10/03/2026 10:55:00 -- 		 shacl-max: 1
10/03/2026 10:55:00 -- 	Nf972b1d7d69b4527b56c6d54a151d99f | http://data.vlaanderen.be/ns/besluit#motivering > [no object/datatype]
10/03/2026 10:55:00 -- 		 min: 0 (min found at subject)
10/03/2026 10:55:00 -- 		 max: 2 (max found at subject)
10/03/2026 10:55:00 -- 	N80dac7405f764bb09c3272d0ff86be34 | http://data.europa.eu/eli/ontology#language > http://www.w3.org/2004/02/skos/core#Concept
10/03/2026 10:55:00 -- 		 min: 1 (min found at subject)
10/03/2026 10:55:00 -- 		 max: 1 (max found at subject)
10/03/2026 10:55:00 -- 		 shacl-min: 1
10/03/2026 10:55:00 -- 		 shacl-max: 1
10/03/2026 10:55:00 -- 	Nccbebc8ec62d4acc8dd8ca2d96984ea2 | http://data.vlaanderen.be/ns/besluit#citeeropschrift > [no object/datatype]
10/03/2026 10:55:00 -- 		 min: 0 (min found at subject)
10/03/2026 10:55:00 -- 		 max: 1 (max found at subject)
10/03/2026 10:55:00 -- 		 shacl-max: 1
10/03/2026 10:55:00 -- 	Nac45f2f3857d45af8b89386b05322681 | http://data.europa.eu/eli/ontology#description > [no object/datatype]
10/03/2026 10:55:00 -- 		 min: 1 (min found at subject)
10/03/2026 10:55:00 -- 		 max: 3 (max found at subject)
10/03/2026 10:55:00 -- 		 shacl-min: 1
10/03/2026 10:55:00 -- 	Ndfb2a4baec0647b99e335c46bb82e68f | http://data.europa.eu/eli/ontology#passed_by > http://data.vlaanderen.be/ns/besluit#Bestuursorgaan
10/03/2026 10:55:00 -- 		 min: 1 (min found at subject)
10/03/2026 10:55:00 -- 		 max: 1 (max found at subject)
10/03/2026 10:55:00 -- 		 shacl-min: 1
10/03/2026 10:55:00 -- 		 shacl-max: 1
10/03/2026 10:55:00 -- 	Nb16d1f5c035e475b87a9e57d0fe7c3cd | http://www.w3.org/ns/prov#wasDerivedFrom > http://data.vlaanderen.be/ns/mandaat#Mandataris
10/03/2026 10:55:00 -- 		 min: 0 (min found at subject)
10/03/2026 10:55:00 -- 		 max: 3 (max found at subject)
10/03/2026 10:55:00 -- 	N8745c091c37145bbbd7be88d5fb5a7bf | http://www.w3.org/ns/prov#wasDerivedFrom > http://xmlns.com/foaf/0.1/Document
10/03/2026 10:55:00 -- 		 min: 0 (min found at subject)
10/03/2026 10:55:00 -- 		 max: 3 (max found at subject)
10/03/2026 10:55:00 -- 	Nee7b1745e7544cec8c18b48fc808649c | http://www.w3.org/ns/prov#wasDerivedFrom > https://data.vlaanderen.be/id/concept/BesluitDocumentType/13fefad6-a9d6-4025-83b5-e4cbee3a8965
10/03/2026 10:55:00 -- 		 min: 0 (min found at subject)
10/03/2026 10:55:00 -- 		 max: 1 (max found at subject)
10/03/2026 10:55:00 -- 		 shacl-max: 1
10/03/2026 10:55:00 -- 	N69120f99b1804f7285f0d50fe0f9ab93 | http://www.w3.org/ns/prov#wasDerivedFrom > https://data.vlaanderen.be/id/concept/BesluitDocumentType/3fa67785-ffdc-4b30-8880-2b99d97b4dee
10/03/2026 10:55:00 -- 		 min: 0 (min found at subject)
10/03/2026 10:55:00 -- 		 max: 1 (max found at subject)
10/03/2026 10:55:00 -- 		 shacl-max: 1
10/03/2026 10:55:00 -- 	N64cdd5ca4bab4877bc8a62557b0783f3 | http://www.w3.org/ns/prov#wasDerivedFrom > https://data.vlaanderen.be/id/concept/BesluitDocumentType/8e791b27-7600-4577-b24e-c7c29e0eb773
10/03/2026 10:55:00 -- 		 min: 0 (min found at subject)
10/03/2026 10:55:00 -- 		 max: 1 (max found at subject)
10/03/2026 10:55:00 -- 		 shacl-max: 1
10/03/2026 10:55:00 -- 	Nbff6faa9d6ed43feab28e6398d8d0c8d | http://data.europa.eu/eli/ontology#date_publication > [no object/datatype]
10/03/2026 10:55:00 -- 		 min: 1 (min found at subject)
10/03/2026 10:55:00 -- 		 max: 3 (max found at subject)
10/03/2026 10:55:00 -- 		 shacl-min: 1
10/03/2026 10:55:00 -- 	Nf0f6edfadfbf4ed6a54bf52b056cb6eb | http://data.europa.eu/eli/ontology#date_no_longer_in_force > [no object/datatype]
10/03/2026 10:55:00 -- 		 min: 0 (min found at subject)
10/03/2026 10:55:00 -- 		 max: 1 (max found at subject)
10/03/2026 10:55:00 -- 		 shacl-max: 1
10/03/2026 10:55:00 -- http://example.com/shapes/2c79bed3-2f92-411c-afe5-3fadc7e9241f ~ https://data.vlaanderen.be/id/concept/BesluitType/380674ee-0894-4c41-bcc1-9deaeb9d464c
10/03/2026 10:55:00 -- 	N4d6ca848ceb547d1bef1f7a911762444 | http://data.europa.eu/eli/ontology#language > http://www.w3.org/2004/02/skos/core#Concept
10/03/2026 10:55:00 -- 		 min: 1 (min found at subject)
10/03/2026 10:55:00 -- 		 max: 1 (max found at subject)
10/03/2026 10:55:00 -- 		 shacl-min: 1
10/03/2026 10:55:00 -- 		 shacl-max: 1
10/03/2026 10:55:00 -- 	Na4dbb9a473ba4f6486bfd615f37253ed | http://www.w3.org/2000/01/rdf-schema#comment > [no object/datatype]
10/03/2026 10:55:00 -- 		 min: 0 (min found at subject)
10/03/2026 10:55:00 -- 		 max: 1 (max found at subject)
10/03/2026 10:55:00 -- 		 shacl-max: 1
10/03/2026 10:55:00 -- 	Nb79f4615ca46477684e9106a2e58ed76 | http://data.europa.eu/eli/ontology#has_part > http://data.vlaanderen.be/ns/besluit#Artikel
10/03/2026 10:55:00 -- 		 min: 2 (min found at subject)
10/03/2026 10:55:00 -- 		 max: 10 (max found at subject)
10/03/2026 10:55:00 -- 		 shacl-min: 1
10/03/2026 10:55:00 -- 	N4deacfbf558a4912a26740d8d334737c | http://www.w3.org/ns/prov#value > [no object/datatype]
10/03/2026 10:55:00 -- 		 min: 4 (min found at subject)
10/03/2026 10:55:00 -- 		 max: 20 (max found at subject)
10/03/2026 10:55:00 -- 		 shacl-min: 1
10/03/2026 10:55:00 -- 	N7557a9ae89d940588accbc50e2b5f89e | http://www.w3.org/ns/prov#wasGeneratedBy > http://data.vlaanderen.be/ns/besluit#BehandelingVanAgendapunt
10/03/2026 10:55:00 -- 		 min: 1 (min found at subject)
10/03/2026 10:55:00 -- 		 max: 1 (max found at subject)
10/03/2026 10:55:00 -- 		 shacl-min: 1
10/03/2026 10:55:00 -- 		 shacl-max: 1
10/03/2026 10:55:00 -- 	N6a46ef0a8eea4c9a9f332cf9c4bae9f9 | http://data.europa.eu/eli/ontology#description > [no object/datatype]
10/03/2026 10:55:00 -- 		 min: 1 (min found at subject)
10/03/2026 10:55:00 -- 		 max: 1 (max found at subject)
10/03/2026 10:55:00 -- 		 shacl-min: 1
10/03/2026 10:55:00 -- 		 shacl-max: 1
10/03/2026 10:55:00 -- 	Nd7e46fb3c40f47afa7b7ae57b0833ef4 | http://mu.semte.ch/vocabularies/core/uuid > [no object/datatype]
10/03/2026 10:55:00 -- 		 min: 1 (min found at subject)
10/03/2026 10:55:00 -- 		 max: 1 (max found at subject)
10/03/2026 10:55:00 -- 		 shacl-min: 1
10/03/2026 10:55:00 -- 		 shacl-max: 1
10/03/2026 10:55:00 -- 	N3ec8c57e936a4fe28491b1a2c30a6cc9 | http://data.europa.eu/eli/ontology#title > [no object/datatype]
10/03/2026 10:55:00 -- 		 min: 1 (min found at subject)
10/03/2026 10:55:00 -- 		 max: 1 (max found at subject)
10/03/2026 10:55:00 -- 		 shacl-min: 1
10/03/2026 10:55:00 -- 		 shacl-max: 1
10/03/2026 10:55:00 -- 	N6751930d9dc54b63a9c53baa34236083 | http://data.europa.eu/eli/ontology#title_short > [no object/datatype]
10/03/2026 10:55:00 -- 		 min: 1 (min found at subject)
10/03/2026 10:55:00 -- 		 max: 1 (max found at subject)
10/03/2026 10:55:00 -- 		 shacl-min: 1
10/03/2026 10:55:00 -- 		 shacl-max: 1
10/03/2026 10:55:00 -- 	N86c3344c6eaf489da617e71e29b1b638 | http://data.europa.eu/eli/ontology#date_publication > [no object/datatype]
10/03/2026 10:55:00 -- 		 min: 1 (min found at subject)
10/03/2026 10:55:00 -- 		 max: 1 (max found at subject)
10/03/2026 10:55:00 -- 		 shacl-min: 1
10/03/2026 10:55:00 -- 		 shacl-max: 1
10/03/2026 10:55:00 -- 	N21142ac4fca54f3eab8b8c2cd923dd0f | http://data.vlaanderen.be/ns/besluit#motivering > [no object/datatype]
10/03/2026 10:55:00 -- 		 min: 2 (min found at subject)
10/03/2026 10:55:00 -- 		 max: 2 (max found at subject)
10/03/2026 10:55:00 -- 		 shacl-min: 2
10/03/2026 10:55:00 -- 	N37ffc4e69d9e40ee84375ab7fa8e774c | http://lblod.data.gift/vocabularies/besluit/authenticityType > http://www.w3.org/2004/02/skos/core#Concept
10/03/2026 10:55:00 -- 		 min: 1 (min found at subject)
10/03/2026 10:55:00 -- 		 max: 1 (max found at subject)
10/03/2026 10:55:00 -- 		 shacl-min: 1
10/03/2026 10:55:00 -- 		 shacl-max: 1
10/03/2026 10:55:00 -- 	N442f9ced51414273a8308f7551406fe4 | http://lblod.data.gift/vocabularies/besluit/extractedDecisionContent > [no object/datatype]
10/03/2026 10:55:00 -- 		 min: 88 (min found at subject)
10/03/2026 10:55:00 -- 		 max: 420 (max found at subject)
10/03/2026 10:55:00 -- 		 shacl-min: 1
10/03/2026 10:55:00 -- 	Nc2d8aefffc37431ca350a600bdd3deb5 | http://data.europa.eu/eli/ontology#passed_by > http://data.vlaanderen.be/ns/besluit#Bestuursorgaan
10/03/2026 10:55:00 -- 		 min: 1 (min found at subject)
10/03/2026 10:55:00 -- 		 max: 1 (max found at subject)
10/03/2026 10:55:00 -- 		 shacl-min: 1
10/03/2026 10:55:00 -- 		 shacl-max: 1
10/03/2026 10:55:00 -- 	N89161a37f05043b6b667470b8a8f3ae7 | http://www.w3.org/ns/prov#wasDerivedFrom > [no object/datatype]
10/03/2026 10:55:00 -- 		 min: 2 (min found at subject)
10/03/2026 10:55:00 -- 		 max: 2 (max found at subject)
10/03/2026 10:55:00 -- 		 shacl-min: 2
10/03/2026 10:55:00 -- http://example.com/shapes/6ff12d9c-0083-4bb9-8675-15b963737c4d ~ https://data.vlaanderen.be/id/concept/BesluitType/3bba9f10-faff-49a6-acaa-85af7f2199a3
10/03/2026 10:55:00 -- 	N934a997bee0846429613eec19ab651bb | http://data.europa.eu/eli/ontology#title_short > [no object/datatype]
10/03/2026 10:55:00 -- 		 min: 1 (min found at subject)
10/03/2026 10:55:00 -- 		 max: 1 (max found at subject)
10/03/2026 10:55:00 -- 		 shacl-min: 1
10/03/2026 10:55:00 -- 		 shacl-max: 1
10/03/2026 10:55:00 -- 	Nf39e0d5e89474f0aa5acf6716de85748 | http://data.europa.eu/eli/ontology#description > [no object/datatype]
10/03/2026 10:55:00 -- 		 min: 1 (min found at subject)
10/03/2026 10:55:00 -- 		 max: 1 (max found at subject)
10/03/2026 10:55:00 -- 		 shacl-min: 1
10/03/2026 10:55:00 -- 		 shacl-max: 1
10/03/2026 10:55:00 -- 	Nadee5cd5a4f94d8eb5f21178ebbd1909 | http://data.europa.eu/eli/ontology#date_publication > [no object/datatype]
10/03/2026 10:55:00 -- 		 min: 1 (min found at subject)
10/03/2026 10:55:00 -- 		 max: 1 (max found at subject)
10/03/2026 10:55:00 -- 		 shacl-min: 1
10/03/2026 10:55:00 -- 		 shacl-max: 1
10/03/2026 10:55:00 -- 	N53e9a4f8dbca4e9a89ef67573d263ea3 | http://data.europa.eu/eli/ontology#passed_by > http://data.vlaanderen.be/ns/besluit#Bestuursorgaan
10/03/2026 10:55:00 -- 		 min: 1 (min found at subject)
10/03/2026 10:55:00 -- 		 max: 1 (max found at subject)
10/03/2026 10:55:00 -- 		 shacl-min: 1
10/03/2026 10:55:00 -- 		 shacl-max: 1
10/03/2026 10:55:00 -- 	N3b641fb8178c4c15941faa40f7b1060c | http://data.europa.eu/eli/ontology#related_to > http://xmlns.com/foaf/0.1/Document
10/03/2026 10:55:00 -- 		 min: 1 (min found at subject)
10/03/2026 10:55:00 -- 		 max: 1 (max found at subject)
10/03/2026 10:55:00 -- 		 shacl-min: 1
10/03/2026 10:55:00 -- 		 shacl-max: 1
10/03/2026 10:55:00 -- 	N381a0b073816455ca8feb7de9e29a43e | http://www.w3.org/ns/prov#wasGeneratedBy > http://data.vlaanderen.be/ns/besluit#BehandelingVanAgendapunt
10/03/2026 10:55:00 -- 		 min: 1 (min found at subject)
10/03/2026 10:55:00 -- 		 max: 1 (max found at subject)
10/03/2026 10:55:00 -- 		 shacl-min: 1
10/03/2026 10:55:00 -- 		 shacl-max: 1
10/03/2026 10:55:00 -- 	N27e4dff1aa6746d39451b17afe374425 | http://lblod.data.gift/vocabularies/besluit/extractedDecisionContent > [no object/datatype]
10/03/2026 10:55:00 -- 		 min: 6 (min found at subject)
10/03/2026 10:55:00 -- 		 max: 6 (max found at subject)
10/03/2026 10:55:00 -- 		 shacl-min: 6
10/03/2026 10:55:00 -- 	N2509f2ef380b44a28b31b9e871a3b95c | http://www.w3.org/ns/prov#wasDerivedFrom > [no object/datatype]
10/03/2026 10:55:00 -- 		 min: 1 (min found at subject)
10/03/2026 10:55:00 -- 		 max: 1 (max found at subject)
10/03/2026 10:55:00 -- 		 shacl-min: 1
10/03/2026 10:55:00 -- 		 shacl-max: 1
10/03/2026 10:55:00 -- 	Nce3176def83d45328c6a4db27d41fb10 | http://data.vlaanderen.be/ns/besluit#motivering > [no object/datatype]
10/03/2026 10:55:00 -- 		 min: 1 (min found at subject)
10/03/2026 10:55:00 -- 		 max: 1 (max found at subject)
10/03/2026 10:55:00 -- 		 shacl-min: 1
10/03/2026 10:55:00 -- 		 shacl-max: 1
10/03/2026 10:55:00 -- 	N37fe457f43b9400eb88ba9bc14b843f9 | http://data.europa.eu/eli/ontology#has_part > http://data.vlaanderen.be/ns/besluit#Artikel
10/03/2026 10:55:00 -- 		 min: 1 (min found at subject)
10/03/2026 10:55:00 -- 		 max: 1 (max found at subject)
10/03/2026 10:55:00 -- 		 shacl-min: 1
10/03/2026 10:55:00 -- 		 shacl-max: 1
10/03/2026 10:55:00 -- 	N17e2c614499c4c28b9245fbb86e40fed | http://data.europa.eu/eli/ontology#language > http://www.w3.org/2004/02/skos/core#Concept
10/03/2026 10:55:00 -- 		 min: 1 (min found at subject)
10/03/2026 10:55:00 -- 		 max: 1 (max found at subject)
10/03/2026 10:55:00 -- 		 shacl-min: 1
10/03/2026 10:55:00 -- 		 shacl-max: 1
10/03/2026 10:55:00 -- 	N50db59de2ed04872b32518a62bc2a0a4 | http://mu.semte.ch/vocabularies/core/uuid > [no object/datatype]
10/03/2026 10:55:00 -- 		 min: 1 (min found at subject)
10/03/2026 10:55:00 -- 		 max: 1 (max found at subject)
10/03/2026 10:55:00 -- 		 shacl-min: 1
10/03/2026 10:55:00 -- 		 shacl-max: 1
10/03/2026 10:55:00 -- 	Ncaef4769dd7d45b5a1108cef1745a743 | http://data.europa.eu/eli/ontology#title > [no object/datatype]
10/03/2026 10:55:00 -- 		 min: 1 (min found at subject)
10/03/2026 10:55:00 -- 		 max: 1 (max found at subject)
10/03/2026 10:55:00 -- 		 shacl-min: 1
10/03/2026 10:55:00 -- 		 shacl-max: 1
10/03/2026 10:55:00 -- 	N2ac586196c0e4dd6ba8540366af228ef | http://www.w3.org/ns/prov#value > [no object/datatype]
10/03/2026 10:55:00 -- 		 min: 1 (min found at subject)
10/03/2026 10:55:00 -- 		 max: 1 (max found at subject)
10/03/2026 10:55:00 -- 		 shacl-min: 1
10/03/2026 10:55:00 -- 		 shacl-max: 1
10/03/2026 10:55:00 -- http://example.com/shapes/35d03354-dda6-4d32-a90f-16b627aa9630 ~ https://data.vlaanderen.be/id/concept/BesluitType/3fa67785-ffdc-4b30-8880-2b99d97b4dee
10/03/2026 10:55:00 -- 	N69b59b35fcb54b50b59e6538fcf5b32d | http://lblod.data.gift/vocabularies/besluit/authenticityType > http://www.w3.org/2004/02/skos/core#Concept
10/03/2026 10:55:00 -- 		 min: 1 (min found at subject)
10/03/2026 10:55:00 -- 		 max: 1 (max found at subject)
10/03/2026 10:55:00 -- 		 shacl-min: 1
10/03/2026 10:55:00 -- 		 shacl-max: 1
10/03/2026 10:55:00 -- 	N1b9d3595525f4f57ac947a8ce6b17608 | http://data.europa.eu/eli/ontology#date_publication > [no object/datatype]
10/03/2026 10:55:00 -- 		 min: 1 (min found at subject)
10/03/2026 10:55:00 -- 		 max: 1 (max found at subject)
10/03/2026 10:55:00 -- 		 shacl-min: 1
10/03/2026 10:55:00 -- 		 shacl-max: 1
10/03/2026 10:55:00 -- 	Nd07d963dc9b3486684e4f770ebefdd35 | http://data.europa.eu/eli/ontology#description > [no object/datatype]
10/03/2026 10:55:00 -- 		 min: 1 (min found at subject)
10/03/2026 10:55:00 -- 		 max: 1 (max found at subject)
10/03/2026 10:55:00 -- 		 shacl-min: 1
10/03/2026 10:55:00 -- 		 shacl-max: 1
10/03/2026 10:55:00 -- 	N0c34c87595e0497795c75e9317764a81 | http://www.w3.org/ns/prov#wasGeneratedBy > http://data.vlaanderen.be/ns/besluit#BehandelingVanAgendapunt
10/03/2026 10:55:00 -- 		 min: 1 (min found at subject)
10/03/2026 10:55:00 -- 		 max: 1 (max found at subject)
10/03/2026 10:55:00 -- 		 shacl-min: 1
10/03/2026 10:55:00 -- 		 shacl-max: 1
10/03/2026 10:55:00 -- 	Ned0a247471f24c0ea1d22707e6db0d9e | http://data.europa.eu/eli/ontology#title > [no object/datatype]
10/03/2026 10:55:00 -- 		 min: 1 (min found at subject)
10/03/2026 10:55:00 -- 		 max: 1 (max found at subject)
10/03/2026 10:55:00 -- 		 shacl-min: 1
10/03/2026 10:55:00 -- 		 shacl-max: 1
10/03/2026 10:55:00 -- 	N44c6405efce443919d009787875a72c5 | http://data.vlaanderen.be/ns/besluit#motivering > [no object/datatype]
10/03/2026 10:55:00 -- 		 min: 1 (min found at subject)
10/03/2026 10:55:00 -- 		 max: 1 (max found at subject)
10/03/2026 10:55:00 -- 		 shacl-min: 1
10/03/2026 10:55:00 -- 		 shacl-max: 1
10/03/2026 10:55:00 -- 	N77bc9d8c38bb42c2b8b9b542ac399784 | http://data.europa.eu/eli/ontology#language > http://www.w3.org/2004/02/skos/core#Concept
10/03/2026 10:55:00 -- 		 min: 1 (min found at subject)
10/03/2026 10:55:00 -- 		 max: 1 (max found at subject)
10/03/2026 10:55:00 -- 		 shacl-min: 1
10/03/2026 10:55:00 -- 		 shacl-max: 1
10/03/2026 10:55:00 -- 	N071bc6af47624bc0880e92cb41122f95 | http://data.europa.eu/eli/ontology#related_to > http://xmlns.com/foaf/0.1/Document
10/03/2026 10:55:00 -- 		 min: 1 (min found at subject)
10/03/2026 10:55:00 -- 		 max: 1 (max found at subject)
10/03/2026 10:55:00 -- 		 shacl-min: 1
10/03/2026 10:55:00 -- 		 shacl-max: 1
10/03/2026 10:55:00 -- 	N227aae717eb94599bc4915c1724bc9f3 | http://www.w3.org/ns/prov#value > [no object/datatype]
10/03/2026 10:55:00 -- 		 min: 1 (min found at subject)
10/03/2026 10:55:00 -- 		 max: 1 (max found at subject)
10/03/2026 10:55:00 -- 		 shacl-min: 1
10/03/2026 10:55:00 -- 		 shacl-max: 1
10/03/2026 10:55:00 -- 	N105020b1ddcb4fbea86a31fe4999d3f1 | http://data.europa.eu/eli/ontology#passed_by > http://data.vlaanderen.be/ns/besluit#Bestuursorgaan
10/03/2026 10:55:00 -- 		 min: 1 (min found at subject)
10/03/2026 10:55:00 -- 		 max: 1 (max found at subject)
10/03/2026 10:55:00 -- 		 shacl-min: 1
10/03/2026 10:55:00 -- 		 shacl-max: 1
10/03/2026 10:55:00 -- 	Ne4a2fc4779054ae9b42ffcb23fb3e698 | http://lblod.data.gift/vocabularies/besluit/extractedDecisionContent > [no object/datatype]
10/03/2026 10:55:00 -- 		 min: 21 (min found at subject)
10/03/2026 10:55:00 -- 		 max: 21 (max found at subject)
10/03/2026 10:55:00 -- 		 shacl-min: 21
10/03/2026 10:55:00 -- 	N4ebab9e0f2354e37ba4939886263d8fb | http://data.europa.eu/eli/ontology#has_part > http://data.vlaanderen.be/ns/besluit#Artikel
10/03/2026 10:55:00 -- 		 min: 1 (min found at subject)
10/03/2026 10:55:00 -- 		 max: 1 (max found at subject)
10/03/2026 10:55:00 -- 		 shacl-min: 1
10/03/2026 10:55:00 -- 		 shacl-max: 1
10/03/2026 10:55:00 -- 	N692327247eb74ea580a25ce82cebd557 | http://www.w3.org/ns/prov#wasDerivedFrom > [no object/datatype]
10/03/2026 10:55:00 -- 		 min: 1 (min found at subject)
10/03/2026 10:55:00 -- 		 max: 1 (max found at subject)
10/03/2026 10:55:00 -- 		 shacl-min: 1
10/03/2026 10:55:00 -- 		 shacl-max: 1
10/03/2026 10:55:00 -- 	Nad5d61a3b4a747df99e84fb32b0d8a02 | http://mu.semte.ch/vocabularies/core/uuid > [no object/datatype]
10/03/2026 10:55:00 -- 		 min: 1 (min found at subject)
10/03/2026 10:55:00 -- 		 max: 1 (max found at subject)
10/03/2026 10:55:00 -- 		 shacl-min: 1
10/03/2026 10:55:00 -- 		 shacl-max: 1
10/03/2026 10:55:00 -- 	Nf9ff2915700f4ad485a779dfcba8ad96 | http://data.europa.eu/eli/ontology#title_short > [no object/datatype]
10/03/2026 10:55:00 -- 		 min: 1 (min found at subject)
10/03/2026 10:55:00 -- 		 max: 1 (max found at subject)
10/03/2026 10:55:00 -- 		 shacl-min: 1
10/03/2026 10:55:00 -- 		 shacl-max: 1
10/03/2026 10:55:00 -- http://example.com/shapes/7abbc67d-7851-4976-b45e-e207182ab6d5 ~ https://data.vlaanderen.be/id/concept/BesluitType/3fcf7dba-2e5b-4955-a489-6dd8285c013b
10/03/2026 10:55:00 -- 	N4e25141dd90e44498f268a86160ff92f | http://www.w3.org/ns/prov#wasDerivedFrom > http://data.vlaanderen.be/ns/mandaat#Mandataris
10/03/2026 10:55:00 -- 		 min: 0 (min found at subject)
10/03/2026 10:55:00 -- 		 max: 3 (max found at subject)
10/03/2026 10:55:00 -- 	N8ac377afaafb40c18573dfc26deaf6b3 | http://www.w3.org/ns/prov#wasDerivedFrom > http://xmlns.com/foaf/0.1/Document
10/03/2026 10:55:00 -- 		 min: 0 (min found at subject)
10/03/2026 10:55:00 -- 		 max: 3 (max found at subject)
10/03/2026 10:55:00 -- 	N08504109866c41e3aa03b149111fd281 | http://www.w3.org/ns/prov#wasDerivedFrom > https://data.vlaanderen.be/id/concept/BesluitDocumentType/13fefad6-a9d6-4025-83b5-e4cbee3a8965
10/03/2026 10:55:00 -- 		 min: 0 (min found at subject)
10/03/2026 10:55:00 -- 		 max: 1 (max found at subject)
10/03/2026 10:55:00 -- 		 shacl-max: 1
10/03/2026 10:55:00 -- 	Nb127c8ea5cd148f6befd46f07a4795f5 | http://www.w3.org/ns/prov#wasDerivedFrom > https://data.vlaanderen.be/id/concept/BesluitDocumentType/3fa67785-ffdc-4b30-8880-2b99d97b4dee
10/03/2026 10:55:00 -- 		 min: 0 (min found at subject)
10/03/2026 10:55:00 -- 		 max: 1 (max found at subject)
10/03/2026 10:55:00 -- 		 shacl-max: 1
10/03/2026 10:55:00 -- 	N1fd14c2dd3064446a458525491ac8127 | http://www.w3.org/ns/prov#wasDerivedFrom > https://data.vlaanderen.be/id/concept/BesluitDocumentType/8e791b27-7600-4577-b24e-c7c29e0eb773
10/03/2026 10:55:00 -- 		 min: 0 (min found at subject)
10/03/2026 10:55:00 -- 		 max: 1 (max found at subject)
10/03/2026 10:55:00 -- 		 shacl-max: 1
10/03/2026 10:55:00 -- 	Na44a663a492643428b91f79079958164 | http://data.vlaanderen.be/ns/besluit#citeeropschrift > [no object/datatype]
10/03/2026 10:55:00 -- 		 min: 0 (min found at subject)
10/03/2026 10:55:00 -- 		 max: 1 (max found at subject)
10/03/2026 10:55:00 -- 		 shacl-max: 1
10/03/2026 10:55:00 -- 	N931b3d93ee7740bea7c0bc57ce89a1c3 | http://data.europa.eu/eli/ontology#date_publication > [no object/datatype]
10/03/2026 10:55:00 -- 		 min: 1 (min found at subject)
10/03/2026 10:55:00 -- 		 max: 3 (max found at subject)
10/03/2026 10:55:00 -- 		 shacl-min: 1
10/03/2026 10:55:00 -- 	Na30b48eead1b466f9d584b8b919f96f8 | http://www.w3.org/ns/prov#value > [no object/datatype]
10/03/2026 10:55:00 -- 		 min: 1 (min found at subject)
10/03/2026 10:55:00 -- 		 max: 12 (max found at subject)
10/03/2026 10:55:00 -- 		 shacl-min: 1
10/03/2026 10:55:00 -- 	N446a95aa8177446794e2fe433af1f32d | http://data.europa.eu/eli/ontology#related_to > http://xmlns.com/foaf/0.1/Document
10/03/2026 10:55:00 -- 		 min: 0 (min found at subject)
10/03/2026 10:55:00 -- 		 max: 2 (max found at subject)
10/03/2026 10:55:00 -- 	Nac2a8117219644be88d42fb0d50ff94c | http://www.w3.org/ns/prov#wasGeneratedBy > http://data.vlaanderen.be/ns/besluit#BehandelingVanAgendapunt
10/03/2026 10:55:00 -- 		 min: 1 (min found at subject)
10/03/2026 10:55:00 -- 		 max: 1 (max found at subject)
10/03/2026 10:55:00 -- 		 shacl-min: 1
10/03/2026 10:55:00 -- 		 shacl-max: 1
10/03/2026 10:55:00 -- 	N5a2ecc3b0a6d4d709fbd5b04212e8a90 | http://data.europa.eu/eli/ontology#has_part > http://data.vlaanderen.be/ns/besluit#Artikel
10/03/2026 10:55:00 -- 		 min: 0 (min found at subject)
10/03/2026 10:55:00 -- 		 max: 6 (max found at subject)
10/03/2026 10:55:00 -- 	N6c5523ffc38d410fb685e985e9b295b5 | http://data.europa.eu/eli/ontology#language > http://www.w3.org/2004/02/skos/core#Concept
10/03/2026 10:55:00 -- 		 min: 1 (min found at subject)
10/03/2026 10:55:00 -- 		 max: 1 (max found at subject)
10/03/2026 10:55:00 -- 		 shacl-min: 1
10/03/2026 10:55:00 -- 		 shacl-max: 1
10/03/2026 10:55:00 -- 	N0e15af1b828546a3a9877bfb0396d2df | http://data.europa.eu/eli/ontology#title_short > [no object/datatype]
10/03/2026 10:55:00 -- 		 min: 0 (min found at subject)
10/03/2026 10:55:00 -- 		 max: 1 (max found at subject)
10/03/2026 10:55:00 -- 		 shacl-max: 1
10/03/2026 10:55:00 -- 	N2fe62756329b4909a802be456538eeaf | http://lblod.data.gift/vocabularies/besluit/extractedDecisionContent > [no object/datatype]
10/03/2026 10:55:00 -- 		 min: 5 (min found at subject)
10/03/2026 10:55:00 -- 		 max: 138 (max found at subject)
10/03/2026 10:55:00 -- 		 shacl-min: 1
10/03/2026 10:55:00 -- 	N689d9b26af844feea1adf876dfc041d6 | http://data.europa.eu/eli/ontology#passed_by > http://data.vlaanderen.be/ns/besluit#Bestuursorgaan
10/03/2026 10:55:00 -- 		 min: 1 (min found at subject)
10/03/2026 10:55:00 -- 		 max: 1 (max found at subject)
10/03/2026 10:55:00 -- 		 shacl-min: 1
10/03/2026 10:55:00 -- 		 shacl-max: 1
10/03/2026 10:55:00 -- 	N20474063cfac4aad923e92acb7ce12c6 | http://data.europa.eu/eli/ontology#date_no_longer_in_force > [no object/datatype]
10/03/2026 10:55:00 -- 		 min: 0 (min found at subject)
10/03/2026 10:55:00 -- 		 max: 1 (max found at subject)
10/03/2026 10:55:00 -- 		 shacl-max: 1
10/03/2026 10:55:00 -- 	Nccf147a9b550467c8c58c04cb3ec1d7a | http://mu.semte.ch/vocabularies/core/uuid > [no object/datatype]
10/03/2026 10:55:00 -- 		 min: 1 (min found at subject)
10/03/2026 10:55:00 -- 		 max: 1 (max found at subject)
10/03/2026 10:55:00 -- 		 shacl-min: 1
10/03/2026 10:55:00 -- 		 shacl-max: 1
10/03/2026 10:55:00 -- 	Nb77dc32811c4447dba35dcfa3f21b408 | http://data.vlaanderen.be/ns/besluit#motivering > [no object/datatype]
10/03/2026 10:55:00 -- 		 min: 0 (min found at subject)
10/03/2026 10:55:00 -- 		 max: 2 (max found at subject)
10/03/2026 10:55:00 -- 	N91c75865940142fa8bd78ec31e7e2ed7 | http://data.europa.eu/eli/ontology#first_date_entry_in_force > [no object/datatype]
10/03/2026 10:55:00 -- 		 min: 0 (min found at subject)
10/03/2026 10:55:00 -- 		 max: 3 (max found at subject)
10/03/2026 10:55:00 -- 	N8664665988d3491f87bafb776d24e7c3 | http://lblod.data.gift/vocabularies/besluit/authenticityType > http://www.w3.org/2004/02/skos/core#Concept
10/03/2026 10:55:00 -- 		 min: 0 (min found at subject)
10/03/2026 10:55:00 -- 		 max: 1 (max found at subject)
10/03/2026 10:55:00 -- 		 shacl-max: 1
10/03/2026 10:55:00 -- 	N0de4c1aadb7446c483fd4507f3be553a | http://data.europa.eu/eli/ontology#title > [no object/datatype]
10/03/2026 10:55:00 -- 		 min: 1 (min found at subject)
10/03/2026 10:55:00 -- 		 max: 1 (max found at subject)
10/03/2026 10:55:00 -- 		 shacl-min: 1
10/03/2026 10:55:00 -- 		 shacl-max: 1
10/03/2026 10:55:00 -- 	Na5c0a23ec26a4de98ef284c5b873ccd0 | http://data.europa.eu/eli/ontology#cites > [no object/datatype]
10/03/2026 10:55:00 -- 		 min: 0 (min found at subject)
10/03/2026 10:55:00 -- 		 max: 1 (max found at subject)
10/03/2026 10:55:00 -- 		 shacl-max: 1
10/03/2026 10:55:00 -- 	N21c397344ee7487c9be0c408611b3332 | http://data.europa.eu/eli/ontology#description > [no object/datatype]
10/03/2026 10:55:00 -- 		 min: 1 (min found at subject)
10/03/2026 10:55:00 -- 		 max: 3 (max found at subject)
10/03/2026 10:55:00 -- 		 shacl-min: 1
10/03/2026 10:55:00 -- http://example.com/shapes/46814963-fbc3-4a7b-aa25-019fe010ba42 ~ https://data.vlaanderen.be/id/concept/BesluitType/40831a2c-771d-4b41-9720-0399998f1873
10/03/2026 10:55:00 -- 	Nd19ba91046ba41d4a4dd168ef56b6bc0 | http://data.europa.eu/eli/ontology#title > [no object/datatype]
10/03/2026 10:55:00 -- 		 min: 1 (min found at subject)
10/03/2026 10:55:00 -- 		 max: 1 (max found at subject)
10/03/2026 10:55:00 -- 		 shacl-min: 1
10/03/2026 10:55:00 -- 		 shacl-max: 1
10/03/2026 10:55:00 -- 	N59e5e5d0b1294f8c9a4088e7302fac2a | http://www.w3.org/ns/prov#wasDerivedFrom > http://data.vlaanderen.be/ns/mandaat#Mandataris
10/03/2026 10:55:00 -- 		 min: 0 (min found at subject)
10/03/2026 10:55:00 -- 		 max: 3 (max found at subject)
10/03/2026 10:55:00 -- 	N3fdf858ae3244776a709b10604a88785 | http://www.w3.org/ns/prov#wasDerivedFrom > http://xmlns.com/foaf/0.1/Document
10/03/2026 10:55:00 -- 		 min: 0 (min found at subject)
10/03/2026 10:55:00 -- 		 max: 3 (max found at subject)
10/03/2026 10:55:00 -- 	Nf09b16cbef2c4436a2c20bd208f652b8 | http://www.w3.org/ns/prov#wasDerivedFrom > https://data.vlaanderen.be/id/concept/BesluitDocumentType/13fefad6-a9d6-4025-83b5-e4cbee3a8965
10/03/2026 10:55:00 -- 		 min: 0 (min found at subject)
10/03/2026 10:55:00 -- 		 max: 1 (max found at subject)
10/03/2026 10:55:00 -- 		 shacl-max: 1
10/03/2026 10:55:00 -- 	Nd9550b672e3f46529bf132b5d6b96a8b | http://www.w3.org/ns/prov#wasDerivedFrom > https://data.vlaanderen.be/id/concept/BesluitDocumentType/3fa67785-ffdc-4b30-8880-2b99d97b4dee
10/03/2026 10:55:00 -- 		 min: 0 (min found at subject)
10/03/2026 10:55:00 -- 		 max: 1 (max found at subject)
10/03/2026 10:55:00 -- 		 shacl-max: 1
10/03/2026 10:55:00 -- 	Nf142a5b495f347e5a1a078c97bff75ff | http://www.w3.org/ns/prov#wasDerivedFrom > https://data.vlaanderen.be/id/concept/BesluitDocumentType/8e791b27-7600-4577-b24e-c7c29e0eb773
10/03/2026 10:55:00 -- 		 min: 0 (min found at subject)
10/03/2026 10:55:00 -- 		 max: 1 (max found at subject)
10/03/2026 10:55:00 -- 		 shacl-max: 1
10/03/2026 10:55:00 -- 	N9b236c3ca12d4559887d7b4658827210 | http://mu.semte.ch/vocabularies/core/uuid > [no object/datatype]
10/03/2026 10:55:00 -- 		 min: 1 (min found at subject)
10/03/2026 10:55:00 -- 		 max: 1 (max found at subject)
10/03/2026 10:55:00 -- 		 shacl-min: 1
10/03/2026 10:55:00 -- 		 shacl-max: 1
10/03/2026 10:55:00 -- 	N60065db785134fa19889cd3a9e83e491 | http://data.europa.eu/eli/ontology#language > http://www.w3.org/2004/02/skos/core#Concept
10/03/2026 10:55:00 -- 		 min: 1 (min found at subject)
10/03/2026 10:55:00 -- 		 max: 1 (max found at subject)
10/03/2026 10:55:00 -- 		 shacl-min: 1
10/03/2026 10:55:00 -- 		 shacl-max: 1
10/03/2026 10:55:00 -- 	Ne411f3a6cf8f40798446ac633f60238a | http://lblod.data.gift/vocabularies/besluit/authenticityType > http://www.w3.org/2004/02/skos/core#Concept
10/03/2026 10:55:00 -- 		 min: 0 (min found at subject)
10/03/2026 10:55:00 -- 		 max: 1 (max found at subject)
10/03/2026 10:55:00 -- 		 shacl-max: 1
10/03/2026 10:55:00 -- 	Nf3b35418cecf490ea5ac3ab3e979d5f7 | http://data.europa.eu/eli/ontology#passed_by > http://data.vlaanderen.be/ns/besluit#Bestuursorgaan
10/03/2026 10:55:00 -- 		 min: 1 (min found at subject)
10/03/2026 10:55:00 -- 		 max: 1 (max found at subject)
10/03/2026 10:55:00 -- 		 shacl-min: 1
10/03/2026 10:55:00 -- 		 shacl-max: 1
10/03/2026 10:55:00 -- 	N790567ba76974e8e98e4e36a75362f9a | http://data.europa.eu/eli/ontology#date_publication > [no object/datatype]
10/03/2026 10:55:00 -- 		 min: 1 (min found at subject)
10/03/2026 10:55:00 -- 		 max: 3 (max found at subject)
10/03/2026 10:55:00 -- 		 shacl-min: 1
10/03/2026 10:55:00 -- 	N1e1fbf573e244f31b2734228e462b40d | http://www.w3.org/ns/prov#wasGeneratedBy > http://data.vlaanderen.be/ns/besluit#BehandelingVanAgendapunt
10/03/2026 10:55:00 -- 		 min: 1 (min found at subject)
10/03/2026 10:55:00 -- 		 max: 1 (max found at subject)
10/03/2026 10:55:00 -- 		 shacl-min: 1
10/03/2026 10:55:00 -- 		 shacl-max: 1
10/03/2026 10:55:00 -- 	Nc775307403114762bd200f6d39d4efd7 | http://data.europa.eu/eli/ontology#related_to > http://xmlns.com/foaf/0.1/Document
10/03/2026 10:55:00 -- 		 min: 0 (min found at subject)
10/03/2026 10:55:00 -- 		 max: 6 (max found at subject)
10/03/2026 10:55:00 -- 	N33bd6fb486a84c238fec255a56514b94 | http://lblod.data.gift/vocabularies/besluit/extractedDecisionContent > [no object/datatype]
10/03/2026 10:55:00 -- 		 min: 1 (min found at subject)
10/03/2026 10:55:00 -- 		 max: 315 (max found at subject)
10/03/2026 10:55:00 -- 		 shacl-min: 1
10/03/2026 10:55:00 -- 	N82aceb7f4b784e7bafe3750a5437d2a2 | http://www.w3.org/ns/prov#value > [no object/datatype]
10/03/2026 10:55:00 -- 		 min: 1 (min found at subject)
10/03/2026 10:55:00 -- 		 max: 14 (max found at subject)
10/03/2026 10:55:00 -- 		 shacl-min: 1
10/03/2026 10:55:00 -- 	N7371946576db4c04972403e136da5706 | http://data.europa.eu/eli/ontology#has_part > http://data.vlaanderen.be/ns/besluit#Artikel
10/03/2026 10:55:00 -- 		 min: 0 (min found at subject)
10/03/2026 10:55:00 -- 		 max: 7 (max found at subject)
10/03/2026 10:55:00 -- 	N95e874e0af4f4a609081f1c86ccc8f15 | http://data.vlaanderen.be/ns/besluit#motivering > [no object/datatype]
10/03/2026 10:55:00 -- 		 min: 0 (min found at subject)
10/03/2026 10:55:00 -- 		 max: 2 (max found at subject)
10/03/2026 10:55:00 -- 	Na77be5cd9a214a76905984f58d5ac4d1 | http://data.europa.eu/eli/ontology#date_no_longer_in_force > [no object/datatype]
10/03/2026 10:55:00 -- 		 min: 0 (min found at subject)
10/03/2026 10:55:00 -- 		 max: 1 (max found at subject)
10/03/2026 10:55:00 -- 		 shacl-max: 1
10/03/2026 10:55:00 -- 	Nc4506b323ee34beba90a89dd54b97e30 | http://data.europa.eu/eli/ontology#title_short > [no object/datatype]
10/03/2026 10:55:00 -- 		 min: 0 (min found at subject)
10/03/2026 10:55:00 -- 		 max: 1 (max found at subject)
10/03/2026 10:55:00 -- 		 shacl-max: 1
10/03/2026 10:55:00 -- 	N9e36672efab64587922014e6eb740269 | http://data.europa.eu/eli/ontology#first_date_entry_in_force > [no object/datatype]
10/03/2026 10:55:00 -- 		 min: 0 (min found at subject)
10/03/2026 10:55:00 -- 		 max: 3 (max found at subject)
10/03/2026 10:55:00 -- 	Na5dad6dc1c454a49ab9c9360b2ad0e90 | http://data.europa.eu/eli/ontology#description > [no object/datatype]
10/03/2026 10:55:00 -- 		 min: 1 (min found at subject)
10/03/2026 10:55:00 -- 		 max: 3 (max found at subject)
10/03/2026 10:55:00 -- 		 shacl-min: 1
10/03/2026 10:55:00 -- http://example.com/shapes/723f700c-b814-452b-8202-30f0a0347d97 ~ https://data.vlaanderen.be/id/concept/BesluitType/4350cdda-8291-4055-9026-5c7429357fce
10/03/2026 10:55:00 -- 	N8a2142d69848486e9c42b6042a533864 | http://data.europa.eu/eli/ontology#first_date_entry_in_force > [no object/datatype]
10/03/2026 10:55:00 -- 		 min: 0 (min found at subject)
10/03/2026 10:55:00 -- 		 max: 2 (max found at subject)
10/03/2026 10:55:00 -- 	N959d0507580d4420be4d58db493d6913 | http://www.w3.org/ns/prov#value > [no object/datatype]
10/03/2026 10:55:00 -- 		 min: 1 (min found at subject)
10/03/2026 10:55:00 -- 		 max: 5 (max found at subject)
10/03/2026 10:55:00 -- 		 shacl-min: 1
10/03/2026 10:55:00 -- 	Nbf911f2c842b47e9a31718c31f2996c0 | http://data.europa.eu/eli/ontology#title > [no object/datatype]
10/03/2026 10:55:00 -- 		 min: 1 (min found at subject)
10/03/2026 10:55:00 -- 		 max: 1 (max found at subject)
10/03/2026 10:55:00 -- 		 shacl-min: 1
10/03/2026 10:55:00 -- 		 shacl-max: 1
10/03/2026 10:55:00 -- 	Nc80bd6a1da03492bbf372c19be0eb38b | http://data.europa.eu/eli/ontology#description > [no object/datatype]
10/03/2026 10:55:00 -- 		 min: 1 (min found at subject)
10/03/2026 10:55:00 -- 		 max: 2 (max found at subject)
10/03/2026 10:55:00 -- 		 shacl-min: 1
10/03/2026 10:55:00 -- 	Nf4da1da36bbf4b058a3e53f8700ecf1f | http://www.w3.org/ns/prov#wasDerivedFrom > http://data.vlaanderen.be/ns/mandaat#Mandataris
10/03/2026 10:55:00 -- 		 min: 0 (min found at subject)
10/03/2026 10:55:00 -- 		 max: 2 (max found at subject)
10/03/2026 10:55:00 -- 	N06ebdea6b98240b28dc5280d7cf21325 | http://www.w3.org/ns/prov#wasDerivedFrom > http://xmlns.com/foaf/0.1/Document
10/03/2026 10:55:00 -- 		 min: 0 (min found at subject)
10/03/2026 10:55:00 -- 		 max: 2 (max found at subject)
10/03/2026 10:55:00 -- 	N72ee93effdb543728c1e7217a096ee81 | http://www.w3.org/ns/prov#wasDerivedFrom > https://data.vlaanderen.be/id/concept/BesluitDocumentType/13fefad6-a9d6-4025-83b5-e4cbee3a8965
10/03/2026 10:55:00 -- 		 min: 0 (min found at subject)
10/03/2026 10:55:00 -- 		 max: 1 (max found at subject)
10/03/2026 10:55:00 -- 		 shacl-max: 1
10/03/2026 10:55:00 -- 	N4b1750f01b1844b095401405b1aee4d1 | http://www.w3.org/ns/prov#wasDerivedFrom > https://data.vlaanderen.be/id/concept/BesluitDocumentType/3fa67785-ffdc-4b30-8880-2b99d97b4dee
10/03/2026 10:55:00 -- 		 min: 0 (min found at subject)
10/03/2026 10:55:00 -- 		 max: 1 (max found at subject)
10/03/2026 10:55:00 -- 		 shacl-max: 1
10/03/2026 10:55:00 -- 	N82a079f9afb54097b737f755b2c115f3 | http://lblod.data.gift/vocabularies/besluit/extractedDecisionContent > [no object/datatype]
10/03/2026 10:55:00 -- 		 min: 2 (min found at subject)
10/03/2026 10:55:00 -- 		 max: 92 (max found at subject)
10/03/2026 10:55:00 -- 		 shacl-min: 1
10/03/2026 10:55:00 -- 	Nc2321d47292d4651adbdd81b9656990e | http://lblod.data.gift/vocabularies/besluit/authenticityType > http://www.w3.org/2004/02/skos/core#Concept
10/03/2026 10:55:00 -- 		 min: 0 (min found at subject)
10/03/2026 10:55:00 -- 		 max: 1 (max found at subject)
10/03/2026 10:55:00 -- 		 shacl-max: 1
10/03/2026 10:55:00 -- 	N45a7a806e70f48c884db90176e6c5150 | http://data.europa.eu/eli/ontology#related_to > http://xmlns.com/foaf/0.1/Document
10/03/2026 10:55:00 -- 		 min: 0 (min found at subject)
10/03/2026 10:55:00 -- 		 max: 3 (max found at subject)
10/03/2026 10:55:00 -- 	Ndcb720cf49844a4dad4c2ff07860943b | http://data.europa.eu/eli/ontology#title_short > [no object/datatype]
10/03/2026 10:55:00 -- 		 min: 0 (min found at subject)
10/03/2026 10:55:00 -- 		 max: 1 (max found at subject)
10/03/2026 10:55:00 -- 		 shacl-max: 1
10/03/2026 10:55:00 -- 	N8ecc7cadfdb24ecc962b6fc53290c403 | http://www.w3.org/ns/prov#wasGeneratedBy > http://data.vlaanderen.be/ns/besluit#BehandelingVanAgendapunt
10/03/2026 10:55:00 -- 		 min: 1 (min found at subject)
10/03/2026 10:55:00 -- 		 max: 1 (max found at subject)
10/03/2026 10:55:00 -- 		 shacl-min: 1
10/03/2026 10:55:00 -- 		 shacl-max: 1
10/03/2026 10:55:00 -- 	Ne5ca1b872ff8415682cd303a5929cf95 | http://data.europa.eu/eli/ontology#date_publication > [no object/datatype]
10/03/2026 10:55:00 -- 		 min: 1 (min found at subject)
10/03/2026 10:55:00 -- 		 max: 2 (max found at subject)
10/03/2026 10:55:00 -- 		 shacl-min: 1
10/03/2026 10:55:00 -- 	N15fec51acd674243a1fda5d3e6b6782e | http://data.vlaanderen.be/ns/besluit#motivering > [no object/datatype]
10/03/2026 10:55:00 -- 		 min: 0 (min found at subject)
10/03/2026 10:55:00 -- 		 max: 2 (max found at subject)
10/03/2026 10:55:00 -- 	N5ef66ff174ce4651bb634109146b2131 | http://mu.semte.ch/vocabularies/core/uuid > [no object/datatype]
10/03/2026 10:55:00 -- 		 min: 1 (min found at subject)
10/03/2026 10:55:00 -- 		 max: 1 (max found at subject)
10/03/2026 10:55:00 -- 		 shacl-min: 1
10/03/2026 10:55:00 -- 		 shacl-max: 1
10/03/2026 10:55:00 -- 	N02506efaf3264ad0b01b0fcf1d21debc | http://data.europa.eu/eli/ontology#has_part > http://data.vlaanderen.be/ns/besluit#Artikel
10/03/2026 10:55:00 -- 		 min: 0 (min found at subject)
10/03/2026 10:55:00 -- 		 max: 2 (max found at subject)
10/03/2026 10:55:00 -- 	N394809b792dc440ab65977d825d8867d | http://data.europa.eu/eli/ontology#passed_by > http://data.vlaanderen.be/ns/besluit#Bestuursorgaan
10/03/2026 10:55:00 -- 		 min: 1 (min found at subject)
10/03/2026 10:55:00 -- 		 max: 1 (max found at subject)
10/03/2026 10:55:00 -- 		 shacl-min: 1
10/03/2026 10:55:00 -- 		 shacl-max: 1
10/03/2026 10:55:00 -- 	Nb66b1959962146e18277011c998de9bd | http://data.europa.eu/eli/ontology#language > http://www.w3.org/2004/02/skos/core#Concept
10/03/2026 10:55:00 -- 		 min: 1 (min found at subject)
10/03/2026 10:55:00 -- 		 max: 1 (max found at subject)
10/03/2026 10:55:00 -- 		 shacl-min: 1
10/03/2026 10:55:00 -- 		 shacl-max: 1
10/03/2026 10:55:00 -- http://example.com/shapes/66955dd4-cdb5-42c2-b073-0e6e9c1fe3f4 ~ https://data.vlaanderen.be/id/concept/BesluitType/4673d472-8dbc-4cea-b3ab-f92df3807eb3
10/03/2026 10:55:00 -- 	Neb817a1f8bae41a69c88988ab27b8004 | http://data.vlaanderen.be/ns/besluit#motivering > [no object/datatype]
10/03/2026 10:55:00 -- 		 min: 0 (min found at subject)
10/03/2026 10:55:00 -- 		 max: 2 (max found at subject)
10/03/2026 10:55:00 -- 	Nee2d6d7ecbbc48bfb87b34991955b8d5 | http://data.europa.eu/eli/ontology#date_publication > [no object/datatype]
10/03/2026 10:55:00 -- 		 min: 1 (min found at subject)
10/03/2026 10:55:00 -- 		 max: 3 (max found at subject)
10/03/2026 10:55:00 -- 		 shacl-min: 1
10/03/2026 10:55:00 -- 	N5e0fd3e8a7b74a6eaf0773efe9486fb1 | http://data.europa.eu/eli/ontology#first_date_entry_in_force > [no object/datatype]
10/03/2026 10:55:00 -- 		 min: 0 (min found at subject)
10/03/2026 10:55:00 -- 		 max: 3 (max found at subject)
10/03/2026 10:55:00 -- 	Nac93893e1dc345adaaab815b35e6624c | http://data.europa.eu/eli/ontology#cites > [no object/datatype]
10/03/2026 10:55:00 -- 		 min: 0 (min found at subject)
10/03/2026 10:55:00 -- 		 max: 1 (max found at subject)
10/03/2026 10:55:00 -- 		 shacl-max: 1
10/03/2026 10:55:00 -- 	Nc339f39f9603422b83e211437165f806 | http://mu.semte.ch/vocabularies/core/uuid > [no object/datatype]
10/03/2026 10:55:00 -- 		 min: 1 (min found at subject)
10/03/2026 10:55:00 -- 		 max: 1 (max found at subject)
10/03/2026 10:55:00 -- 		 shacl-min: 1
10/03/2026 10:55:00 -- 		 shacl-max: 1
10/03/2026 10:55:00 -- 	Na5574400fd6b4e70877c1b5a8d2a2fb3 | http://data.europa.eu/eli/ontology#passed_by > http://data.vlaanderen.be/ns/besluit#Bestuursorgaan
10/03/2026 10:55:00 -- 		 min: 1 (min found at subject)
10/03/2026 10:55:00 -- 		 max: 1 (max found at subject)
10/03/2026 10:55:00 -- 		 shacl-min: 1
10/03/2026 10:55:00 -- 		 shacl-max: 1
10/03/2026 10:55:00 -- 	Nc063700853564110a494dfa30c78658b | http://data.europa.eu/eli/ontology#related_to > http://xmlns.com/foaf/0.1/Document
10/03/2026 10:55:00 -- 		 min: 0 (min found at subject)
10/03/2026 10:55:00 -- 		 max: 10 (max found at subject)
10/03/2026 10:55:00 -- 	N28c25605401943ee9219c77913df6752 | http://data.europa.eu/eli/ontology#title > [no object/datatype]
10/03/2026 10:55:00 -- 		 min: 1 (min found at subject)
10/03/2026 10:55:00 -- 		 max: 1 (max found at subject)
10/03/2026 10:55:00 -- 		 shacl-min: 1
10/03/2026 10:55:00 -- 		 shacl-max: 1
10/03/2026 10:55:00 -- 	N5eae73b53fe94c13b8b586dd38da3ea5 | http://lblod.data.gift/vocabularies/besluit/extractedDecisionContent > [no object/datatype]
10/03/2026 10:55:00 -- 		 min: 1 (min found at subject)
10/03/2026 10:55:00 -- 		 max: 188 (max found at subject)
10/03/2026 10:55:00 -- 		 shacl-min: 1
10/03/2026 10:55:00 -- 	N3cb56cd9390841e6aa32297c9081aa85 | http://data.europa.eu/eli/ontology#title_short > [no object/datatype]
10/03/2026 10:55:00 -- 		 min: 0 (min found at subject)
10/03/2026 10:55:00 -- 		 max: 1 (max found at subject)
10/03/2026 10:55:00 -- 		 shacl-max: 1
10/03/2026 10:55:00 -- 	N9b28f17056154734a0c4197589f44652 | http://data.europa.eu/eli/ontology#has_part > http://data.vlaanderen.be/ns/besluit#Artikel
10/03/2026 10:55:00 -- 		 min: 0 (min found at subject)
10/03/2026 10:55:00 -- 		 max: 5 (max found at subject)
10/03/2026 10:55:00 -- 	N6488829afae14b19a7a4086f854694b3 | http://www.w3.org/ns/prov#wasGeneratedBy > http://data.vlaanderen.be/ns/besluit#BehandelingVanAgendapunt
10/03/2026 10:55:00 -- 		 min: 1 (min found at subject)
10/03/2026 10:55:00 -- 		 max: 1 (max found at subject)
10/03/2026 10:55:00 -- 		 shacl-min: 1
10/03/2026 10:55:00 -- 		 shacl-max: 1
10/03/2026 10:55:00 -- 	N8eee338cb6d1436abc989a9b7fd547e4 | http://data.europa.eu/eli/ontology#description > [no object/datatype]
10/03/2026 10:55:00 -- 		 min: 1 (min found at subject)
10/03/2026 10:55:00 -- 		 max: 3 (max found at subject)
10/03/2026 10:55:00 -- 		 shacl-min: 1
10/03/2026 10:55:00 -- 	Nf2a687c9a63c4fdd80b2d9a8895369e9 | http://data.europa.eu/eli/ontology#language > http://www.w3.org/2004/02/skos/core#Concept
10/03/2026 10:55:00 -- 		 min: 1 (min found at subject)
10/03/2026 10:55:00 -- 		 max: 1 (max found at subject)
10/03/2026 10:55:00 -- 		 shacl-min: 1
10/03/2026 10:55:00 -- 		 shacl-max: 1
10/03/2026 10:55:00 -- 	N8f9e3dc893004bc3a75b8ddadfd9de67 | http://www.w3.org/ns/prov#wasDerivedFrom > http://data.vlaanderen.be/ns/mandaat#Mandataris
10/03/2026 10:55:00 -- 		 min: 0 (min found at subject)
10/03/2026 10:55:00 -- 		 max: 3 (max found at subject)
10/03/2026 10:55:00 -- 	N4e8ec54e588148b5a24f7c42d79f57d6 | http://www.w3.org/ns/prov#wasDerivedFrom > http://xmlns.com/foaf/0.1/Document
10/03/2026 10:55:00 -- 		 min: 0 (min found at subject)
10/03/2026 10:55:00 -- 		 max: 3 (max found at subject)
10/03/2026 10:55:00 -- 	Nf95e324b0afb4806abf305da2c214e05 | http://www.w3.org/ns/prov#wasDerivedFrom > https://data.vlaanderen.be/id/concept/BesluitDocumentType/13fefad6-a9d6-4025-83b5-e4cbee3a8965
10/03/2026 10:55:00 -- 		 min: 0 (min found at subject)
10/03/2026 10:55:00 -- 		 max: 1 (max found at subject)
10/03/2026 10:55:00 -- 		 shacl-max: 1
10/03/2026 10:55:00 -- 	N6ab21eaa7dcc47009bfc6c2e8b1cf643 | http://www.w3.org/ns/prov#wasDerivedFrom > https://data.vlaanderen.be/id/concept/BesluitDocumentType/3fa67785-ffdc-4b30-8880-2b99d97b4dee
10/03/2026 10:55:00 -- 		 min: 0 (min found at subject)
10/03/2026 10:55:00 -- 		 max: 1 (max found at subject)
10/03/2026 10:55:00 -- 		 shacl-max: 1
10/03/2026 10:55:00 -- 	N40058103fa2a4340a9f41405cff807c9 | http://www.w3.org/ns/prov#wasDerivedFrom > https://data.vlaanderen.be/id/concept/BesluitDocumentType/8e791b27-7600-4577-b24e-c7c29e0eb773
10/03/2026 10:55:00 -- 		 min: 0 (min found at subject)
10/03/2026 10:55:00 -- 		 max: 1 (max found at subject)
10/03/2026 10:55:00 -- 		 shacl-max: 1
10/03/2026 10:55:00 -- 	N9d723cce443e4dde9307565c5ef68940 | http://data.europa.eu/eli/ontology#date_no_longer_in_force > [no object/datatype]
10/03/2026 10:55:00 -- 		 min: 0 (min found at subject)
10/03/2026 10:55:00 -- 		 max: 1 (max found at subject)
10/03/2026 10:55:00 -- 		 shacl-max: 1
10/03/2026 10:55:00 -- 	N7bbeac6437ba4c3eb3dfde40537d5ac4 | http://www.w3.org/ns/prov#value > [no object/datatype]
10/03/2026 10:55:00 -- 		 min: 1 (min found at subject)
10/03/2026 10:55:00 -- 		 max: 8 (max found at subject)
10/03/2026 10:55:00 -- 		 shacl-min: 1
10/03/2026 10:55:00 -- http://example.com/shapes/2b0d84f5-8eb3-419f-aaa6-c75acc595d0c ~ https://data.vlaanderen.be/id/concept/BesluitType/48c3290d-d9e3-4a38-b14e-e7c417e3a13a
10/03/2026 10:55:00 -- 	N3f58ff6ca32a4327a80425a963c4d9cf | http://www.w3.org/ns/prov#value > [no object/datatype]
10/03/2026 10:55:00 -- 		 min: 2 (min found at subject)
10/03/2026 10:55:00 -- 		 max: 3 (max found at subject)
10/03/2026 10:55:00 -- 		 shacl-min: 1
10/03/2026 10:55:00 -- 	N772d94d00f1945ef9e37e41e2df01ad7 | http://data.europa.eu/eli/ontology#related_to > http://xmlns.com/foaf/0.1/Document
10/03/2026 10:55:00 -- 		 min: 1 (min found at subject)
10/03/2026 10:55:00 -- 		 max: 2 (max found at subject)
10/03/2026 10:55:00 -- 		 shacl-min: 1
10/03/2026 10:55:00 -- 	N02426f7cd6034b378cace0f96396bd57 | http://lblod.data.gift/vocabularies/besluit/extractedDecisionContent > [no object/datatype]
10/03/2026 10:55:00 -- 		 min: 4 (min found at subject)
10/03/2026 10:55:00 -- 		 max: 37 (max found at subject)
10/03/2026 10:55:00 -- 		 shacl-min: 1
10/03/2026 10:55:00 -- 	Nd4e3f8c31b8a4f5884d00d89c6066556 | http://data.europa.eu/eli/ontology#title > [no object/datatype]
10/03/2026 10:55:00 -- 		 min: 1 (min found at subject)
10/03/2026 10:55:00 -- 		 max: 1 (max found at subject)
10/03/2026 10:55:00 -- 		 shacl-min: 1
10/03/2026 10:55:00 -- 		 shacl-max: 1
10/03/2026 10:55:00 -- 	N07ae10677ba74e8195eec845bdec6348 | http://data.europa.eu/eli/ontology#language > http://www.w3.org/2004/02/skos/core#Concept
10/03/2026 10:55:00 -- 		 min: 1 (min found at subject)
10/03/2026 10:55:00 -- 		 max: 1 (max found at subject)
10/03/2026 10:55:00 -- 		 shacl-min: 1
10/03/2026 10:55:00 -- 		 shacl-max: 1
10/03/2026 10:55:00 -- 	Nddfad2a1a6874479a9b1a30c28e95abd | http://www.w3.org/ns/prov#wasGeneratedBy > http://data.vlaanderen.be/ns/besluit#BehandelingVanAgendapunt
10/03/2026 10:55:00 -- 		 min: 1 (min found at subject)
10/03/2026 10:55:00 -- 		 max: 1 (max found at subject)
10/03/2026 10:55:00 -- 		 shacl-min: 1
10/03/2026 10:55:00 -- 		 shacl-max: 1
10/03/2026 10:55:00 -- 	N34230207672b42d1a06b1deb2634d774 | http://www.w3.org/ns/prov#wasDerivedFrom > http://xmlns.com/foaf/0.1/Document
10/03/2026 10:55:00 -- 		 min: 3 (min found at subject)
10/03/2026 10:55:00 -- 		 max: 3 (max found at subject)
10/03/2026 10:55:00 -- 		 shacl-min: 3
10/03/2026 10:55:00 -- 	Na3ac6d7212b24ba5acc9b4a6f9cee9f8 | http://www.w3.org/ns/prov#wasDerivedFrom > https://data.vlaanderen.be/id/concept/BesluitDocumentType/13fefad6-a9d6-4025-83b5-e4cbee3a8965
10/03/2026 10:55:00 -- 		 min: 1 (min found at subject)
10/03/2026 10:55:00 -- 		 max: 1 (max found at subject)
10/03/2026 10:55:00 -- 		 shacl-min: 1
10/03/2026 10:55:00 -- 		 shacl-max: 1
10/03/2026 10:55:00 -- 	N9ad717935dd04ca9a490da1980cd9dbb | http://www.w3.org/ns/prov#wasDerivedFrom > https://data.vlaanderen.be/id/concept/BesluitDocumentType/3fa67785-ffdc-4b30-8880-2b99d97b4dee
10/03/2026 10:55:00 -- 		 min: 1 (min found at subject)
10/03/2026 10:55:00 -- 		 max: 1 (max found at subject)
10/03/2026 10:55:00 -- 		 shacl-min: 1
10/03/2026 10:55:00 -- 		 shacl-max: 1
10/03/2026 10:55:00 -- 	N6381499e115f4696ac45aee6ae72803c | http://www.w3.org/ns/prov#wasDerivedFrom > https://data.vlaanderen.be/id/concept/BesluitDocumentType/8e791b27-7600-4577-b24e-c7c29e0eb773
10/03/2026 10:55:00 -- 		 min: 1 (min found at subject)
10/03/2026 10:55:00 -- 		 max: 1 (max found at subject)
10/03/2026 10:55:00 -- 		 shacl-min: 1
10/03/2026 10:55:00 -- 		 shacl-max: 1
10/03/2026 10:55:00 -- 	Nfcbec1ec00cf4f10a83ecd6164a0ed47 | http://data.europa.eu/eli/ontology#passed_by > http://data.vlaanderen.be/ns/besluit#Bestuursorgaan
10/03/2026 10:55:00 -- 		 min: 1 (min found at subject)
10/03/2026 10:55:00 -- 		 max: 1 (max found at subject)
10/03/2026 10:55:00 -- 		 shacl-min: 1
10/03/2026 10:55:00 -- 		 shacl-max: 1
10/03/2026 10:55:00 -- 	Nfb059173ffbe4a908b589e1ec6ea2c8b | http://data.europa.eu/eli/ontology#description > [no object/datatype]
10/03/2026 10:55:01 -- 		 min: 2 (min found at subject)
10/03/2026 10:55:01 -- 		 max: 3 (max found at subject)
10/03/2026 10:55:01 -- 		 shacl-min: 1
10/03/2026 10:55:01 -- 	N31cbc2a2bb424ed99c390e2b42216aee | http://mu.semte.ch/vocabularies/core/uuid > [no object/datatype]
10/03/2026 10:55:01 -- 		 min: 1 (min found at subject)
10/03/2026 10:55:01 -- 		 max: 1 (max found at subject)
10/03/2026 10:55:01 -- 		 shacl-min: 1
10/03/2026 10:55:01 -- 		 shacl-max: 1
10/03/2026 10:55:01 -- 	Nbdb5757c3f9241069cc44fac113253df | http://data.europa.eu/eli/ontology#first_date_entry_in_force > [no object/datatype]
10/03/2026 10:55:01 -- 		 min: 3 (min found at subject)
10/03/2026 10:55:01 -- 		 max: 3 (max found at subject)
10/03/2026 10:55:01 -- 		 shacl-min: 3
10/03/2026 10:55:01 -- 	Ne414e4237e2343c1a48c956364c11bc8 | http://data.europa.eu/eli/ontology#date_publication > [no object/datatype]
10/03/2026 10:55:01 -- 		 min: 3 (min found at subject)
10/03/2026 10:55:01 -- 		 max: 3 (max found at subject)
10/03/2026 10:55:01 -- 		 shacl-min: 3
10/03/2026 10:55:01 -- http://example.com/shapes/2a85e32a-3cc7-4642-8165-cff550f0c70f ~ https://data.vlaanderen.be/id/concept/BesluitType/4c22ef0a-f808-41dd-9c9f-2aff17fd851f
10/03/2026 10:55:01 -- 	N2c3b4cd3ecff46018417f08c96e963ff | http://data.europa.eu/eli/ontology#first_date_entry_in_force > [no object/datatype]
10/03/2026 10:55:01 -- 		 min: 1 (min found at subject)
10/03/2026 10:55:01 -- 		 max: 3 (max found at subject)
10/03/2026 10:55:01 -- 		 shacl-min: 1
10/03/2026 10:55:01 -- 	N465c9b94a8c6408494a558b29ee6936c | http://www.w3.org/ns/prov#wasDerivedFrom > http://data.vlaanderen.be/ns/mandaat#Mandataris
10/03/2026 10:55:01 -- 		 min: 0 (min found at subject)
10/03/2026 10:55:01 -- 		 max: 3 (max found at subject)
10/03/2026 10:55:01 -- 	N6cef67a9b9b74425a158bfadea1336e8 | http://www.w3.org/ns/prov#wasDerivedFrom > http://xmlns.com/foaf/0.1/Document
10/03/2026 10:55:01 -- 		 min: 0 (min found at subject)
10/03/2026 10:55:01 -- 		 max: 3 (max found at subject)
10/03/2026 10:55:01 -- 	N85632d10505b4822b6fb81a7b8abb09a | http://www.w3.org/ns/prov#wasDerivedFrom > https://data.vlaanderen.be/id/concept/BesluitDocumentType/13fefad6-a9d6-4025-83b5-e4cbee3a8965
10/03/2026 10:55:01 -- 		 min: 0 (min found at subject)
10/03/2026 10:55:01 -- 		 max: 1 (max found at subject)
10/03/2026 10:55:01 -- 		 shacl-max: 1
10/03/2026 10:55:01 -- 	Nbe664cb98a0047d69e508457de6fc398 | http://www.w3.org/ns/prov#wasDerivedFrom > https://data.vlaanderen.be/id/concept/BesluitDocumentType/3fa67785-ffdc-4b30-8880-2b99d97b4dee
10/03/2026 10:55:01 -- 		 min: 0 (min found at subject)
10/03/2026 10:55:01 -- 		 max: 1 (max found at subject)
10/03/2026 10:55:01 -- 		 shacl-max: 1
10/03/2026 10:55:01 -- 	Nbe19f8b8238b4facbf3c39e856142c8e | http://www.w3.org/ns/prov#wasDerivedFrom > https://data.vlaanderen.be/id/concept/BesluitDocumentType/8e791b27-7600-4577-b24e-c7c29e0eb773
10/03/2026 10:55:01 -- 		 min: 0 (min found at subject)
10/03/2026 10:55:01 -- 		 max: 1 (max found at subject)
10/03/2026 10:55:01 -- 		 shacl-max: 1
10/03/2026 10:55:01 -- 	Na36997239c6045bdbfb7c685e4c27292 | http://data.europa.eu/eli/ontology#description > [no object/datatype]
10/03/2026 10:55:01 -- 		 min: 1 (min found at subject)
10/03/2026 10:55:01 -- 		 max: 3 (max found at subject)
10/03/2026 10:55:01 -- 		 shacl-min: 1
10/03/2026 10:55:01 -- 	N95fb97ad0a174dd8a48df9cf29a47db3 | http://data.europa.eu/eli/ontology#date_no_longer_in_force > [no object/datatype]
10/03/2026 10:55:01 -- 		 min: 0 (min found at subject)
10/03/2026 10:55:01 -- 		 max: 1 (max found at subject)
10/03/2026 10:55:01 -- 		 shacl-max: 1
10/03/2026 10:55:01 -- 	Nfdb440a4ffe9493893fc00d3ba233d0e | http://data.europa.eu/eli/ontology#title_short > [no object/datatype]
10/03/2026 10:55:01 -- 		 min: 0 (min found at subject)
10/03/2026 10:55:01 -- 		 max: 1 (max found at subject)
10/03/2026 10:55:01 -- 		 shacl-max: 1
10/03/2026 10:55:01 -- 	N6f88e9da1f1e405ca1911b777d6ae3f4 | http://data.europa.eu/eli/ontology#date_publication > [no object/datatype]
10/03/2026 10:55:01 -- 		 min: 1 (min found at subject)
10/03/2026 10:55:01 -- 		 max: 3 (max found at subject)
10/03/2026 10:55:01 -- 		 shacl-min: 1
10/03/2026 10:55:01 -- 	N531bca162d904c5b8a3a1be02e797a89 | http://lblod.data.gift/vocabularies/besluit/extractedDecisionContent > [no object/datatype]
10/03/2026 10:55:01 -- 		 min: 4 (min found at subject)
10/03/2026 10:55:01 -- 		 max: 88 (max found at subject)
10/03/2026 10:55:01 -- 		 shacl-min: 1
10/03/2026 10:55:01 -- 	Nde4c1f8838d94f478ffe807982ac20d5 | http://mu.semte.ch/vocabularies/core/uuid > [no object/datatype]
10/03/2026 10:55:01 -- 		 min: 1 (min found at subject)
10/03/2026 10:55:01 -- 		 max: 1 (max found at subject)
10/03/2026 10:55:01 -- 		 shacl-min: 1
10/03/2026 10:55:01 -- 		 shacl-max: 1
10/03/2026 10:55:01 -- 	N5bc490a2b61f4e018f9d5bad8ce2e832 | http://data.europa.eu/eli/ontology#passed_by > http://data.vlaanderen.be/ns/besluit#Bestuursorgaan
10/03/2026 10:55:01 -- 		 min: 1 (min found at subject)
10/03/2026 10:55:01 -- 		 max: 1 (max found at subject)
10/03/2026 10:55:01 -- 		 shacl-min: 1
10/03/2026 10:55:01 -- 		 shacl-max: 1
10/03/2026 10:55:01 -- 	N47cdcef42af74e4398ef142b031db1f6 | http://www.w3.org/ns/prov#wasGeneratedBy > http://data.vlaanderen.be/ns/besluit#BehandelingVanAgendapunt
10/03/2026 10:55:01 -- 		 min: 1 (min found at subject)
10/03/2026 10:55:01 -- 		 max: 1 (max found at subject)
10/03/2026 10:55:01 -- 		 shacl-min: 1
10/03/2026 10:55:01 -- 		 shacl-max: 1
10/03/2026 10:55:01 -- 	N823cd7c9a5f1409a82372f1d39b42812 | http://data.europa.eu/eli/ontology#cites > [no object/datatype]
10/03/2026 10:55:01 -- 		 min: 0 (min found at subject)
10/03/2026 10:55:01 -- 		 max: 1 (max found at subject)
10/03/2026 10:55:01 -- 		 shacl-max: 1
10/03/2026 10:55:01 -- 	Nade8a78b60604112b0ad6c27fe594ec4 | http://data.vlaanderen.be/ns/besluit#motivering > [no object/datatype]
10/03/2026 10:55:01 -- 		 min: 0 (min found at subject)
10/03/2026 10:55:01 -- 		 max: 2 (max found at subject)
10/03/2026 10:55:01 -- 	N807c6b260fda420c89b4f6d7be06d897 | http://lblod.data.gift/vocabularies/besluit/hasAdditionalTaxRate > [no object/datatype]
10/03/2026 10:55:01 -- 		 min: 0 (min found at subject)
10/03/2026 10:55:01 -- 		 max: 1 (max found at subject)
10/03/2026 10:55:01 -- 		 shacl-max: 1
10/03/2026 10:55:01 -- 	N4f5ad4177b324fc3879689a3cd3d6569 | http://data.europa.eu/eli/ontology#related_to > http://xmlns.com/foaf/0.1/Document
10/03/2026 10:55:01 -- 		 min: 0 (min found at subject)
10/03/2026 10:55:01 -- 		 max: 1 (max found at subject)
10/03/2026 10:55:01 -- 		 shacl-max: 1
10/03/2026 10:55:01 -- 	Nf1c7d2bf224542fbb99df3dffb111aa5 | http://www.w3.org/ns/prov#value > [no object/datatype]
10/03/2026 10:55:01 -- 		 min: 1 (min found at subject)
10/03/2026 10:55:01 -- 		 max: 4 (max found at subject)
10/03/2026 10:55:01 -- 		 shacl-min: 1
10/03/2026 10:55:01 -- 	N7359b25f4b6d4e4abdf54765c0782189 | http://data.europa.eu/eli/ontology#title > [no object/datatype]
10/03/2026 10:55:01 -- 		 min: 1 (min found at subject)
10/03/2026 10:55:01 -- 		 max: 1 (max found at subject)
10/03/2026 10:55:01 -- 		 shacl-min: 1
10/03/2026 10:55:01 -- 		 shacl-max: 1
10/03/2026 10:55:01 -- 	N3188b05a4e9447cf8759a61da52f2791 | http://data.europa.eu/eli/ontology#has_part > http://data.vlaanderen.be/ns/besluit#Artikel
10/03/2026 10:55:01 -- 		 min: 0 (min found at subject)
10/03/2026 10:55:01 -- 		 max: 2 (max found at subject)
10/03/2026 10:55:01 -- 	N38b748dcee9e471985ac8dfeab44fa79 | http://data.vlaanderen.be/ns/besluit#citeeropschrift > [no object/datatype]
10/03/2026 10:55:01 -- 		 min: 0 (min found at subject)
10/03/2026 10:55:01 -- 		 max: 1 (max found at subject)
10/03/2026 10:55:01 -- 		 shacl-max: 1
10/03/2026 10:55:01 -- 	N13741da9bef948a3804059fa38e48fb0 | http://data.europa.eu/eli/ontology#language > http://www.w3.org/2004/02/skos/core#Concept
10/03/2026 10:55:01 -- 		 min: 1 (min found at subject)
10/03/2026 10:55:01 -- 		 max: 1 (max found at subject)
10/03/2026 10:55:01 -- 		 shacl-min: 1
10/03/2026 10:55:01 -- 		 shacl-max: 1
10/03/2026 10:55:01 -- 	N744636397df24d978e4227a936f89afb | http://lblod.data.gift/vocabularies/besluit/taxRate > [no object/datatype]
10/03/2026 10:55:01 -- 		 min: 0 (min found at subject)
10/03/2026 10:55:01 -- 		 max: 1 (max found at subject)
10/03/2026 10:55:01 -- 		 shacl-max: 1
10/03/2026 10:55:01 -- 	Nd5bd4a94a7644f51a7e880c38700d6bf | http://lblod.data.gift/vocabularies/besluit/chartOfAccount > http://www.w3.org/2004/02/skos/core#Concept
10/03/2026 10:55:01 -- 		 min: 0 (min found at subject)
10/03/2026 10:55:01 -- 		 max: 1 (max found at subject)
10/03/2026 10:55:01 -- 		 shacl-max: 1
10/03/2026 10:55:01 -- http://example.com/shapes/8a1cbdad-4601-4703-bb25-248e36893b62 ~ https://data.vlaanderen.be/id/concept/BesluitType/4d8f678a-6fa4-4d5f-a2a1-80974e43bf34
10/03/2026 10:55:01 -- 	N1b1767b5a91d4b2a8fe277faa946bc4f | http://data.europa.eu/eli/ontology#has_part > http://data.vlaanderen.be/ns/besluit#Artikel
10/03/2026 10:55:01 -- 		 min: 0 (min found at subject)
10/03/2026 10:55:01 -- 		 max: 26 (max found at subject)
10/03/2026 10:55:01 -- 	N103996526bab494cabff84adc1259f1f | http://data.europa.eu/eli/ontology#title_short > [no object/datatype]
10/03/2026 10:55:01 -- 		 min: 0 (min found at subject)
10/03/2026 10:55:01 -- 		 max: 2 (max found at subject)
10/03/2026 10:55:01 -- 	Nb1375b3deff949b88c9da3667a2cf119 | http://data.europa.eu/eli/ontology#language > http://www.w3.org/2004/02/skos/core#Concept
10/03/2026 10:55:01 -- 		 min: 0 (min found at subject)
10/03/2026 10:55:01 -- 		 max: 1 (max found at subject)
10/03/2026 10:55:01 -- 		 shacl-max: 1
10/03/2026 10:55:01 -- 	N74321730929a4db889dd71d97b018e26 | http://www.w3.org/ns/prov#wasDerivedFrom > http://data.vlaanderen.be/ns/besluit#Bestuurseenheid
10/03/2026 10:55:01 -- 		 min: 0 (min found at subject)
10/03/2026 10:55:01 -- 		 max: 1 (max found at subject)
10/03/2026 10:55:01 -- 		 shacl-max: 1
10/03/2026 10:55:01 -- 	N50b3daa7be8545f0b4a48bbd8dc78857 | http://www.w3.org/ns/prov#wasDerivedFrom > http://data.vlaanderen.be/ns/besluit#Bestuursorgaan
10/03/2026 10:55:01 -- 		 min: 0 (min found at subject)
10/03/2026 10:55:01 -- 		 max: 1 (max found at subject)
10/03/2026 10:55:01 -- 		 shacl-max: 1
10/03/2026 10:55:01 -- 	Na5371b5d903b4b8e9c18b1e0d90637bf | http://www.w3.org/ns/prov#wasDerivedFrom > http://data.vlaanderen.be/ns/mandaat#Mandataris
10/03/2026 10:55:01 -- 		 min: 0 (min found at subject)
10/03/2026 10:55:01 -- 		 max: 3 (max found at subject)
10/03/2026 10:55:01 -- 	N6f5bc7ff39b449a581cf1257af2356aa | http://www.w3.org/ns/prov#wasDerivedFrom > http://www.w3.org/2004/02/skos/core#Concept
10/03/2026 10:55:01 -- 		 min: 0 (min found at subject)
10/03/2026 10:55:01 -- 		 max: 1 (max found at subject)
10/03/2026 10:55:01 -- 		 shacl-max: 1
10/03/2026 10:55:01 -- 	N3b03f8afa1c847e5a99528eda03a6e30 | http://www.w3.org/ns/prov#wasDerivedFrom > http://xmlns.com/foaf/0.1/Document
10/03/2026 10:55:01 -- 		 min: 0 (min found at subject)
10/03/2026 10:55:01 -- 		 max: 3 (max found at subject)
10/03/2026 10:55:01 -- 	Ne7651ad05c774880b0e6adf5e1f2d031 | http://www.w3.org/ns/prov#wasDerivedFrom > https://data.vlaanderen.be/id/concept/BesluitDocumentType/13fefad6-a9d6-4025-83b5-e4cbee3a8965
10/03/2026 10:55:01 -- 		 min: 0 (min found at subject)
10/03/2026 10:55:01 -- 		 max: 1 (max found at subject)
10/03/2026 10:55:01 -- 		 shacl-max: 1
10/03/2026 10:55:01 -- 	Nd0a72e27ef594b54b1ab6a3953603aa7 | http://www.w3.org/ns/prov#wasDerivedFrom > https://data.vlaanderen.be/id/concept/BesluitDocumentType/3fa67785-ffdc-4b30-8880-2b99d97b4dee
10/03/2026 10:55:01 -- 		 min: 0 (min found at subject)
10/03/2026 10:55:01 -- 		 max: 1 (max found at subject)
10/03/2026 10:55:01 -- 		 shacl-max: 1
10/03/2026 10:55:01 -- 	N27d0e26770a242a3b2bec7687e6f958b | http://www.w3.org/ns/prov#wasDerivedFrom > https://data.vlaanderen.be/id/concept/BesluitDocumentType/8e791b27-7600-4577-b24e-c7c29e0eb773
10/03/2026 10:55:01 -- 		 min: 0 (min found at subject)
10/03/2026 10:55:01 -- 		 max: 1 (max found at subject)
10/03/2026 10:55:01 -- 		 shacl-max: 1
10/03/2026 10:55:01 -- 	N4f23acc5c7c1499a859143c5b492e550 | http://data.vlaanderen.be/ns/besluit#citeeropschrift > [no object/datatype]
10/03/2026 10:55:01 -- 		 min: 0 (min found at subject)
10/03/2026 10:55:01 -- 		 max: 1 (max found at subject)
10/03/2026 10:55:01 -- 		 shacl-max: 1
10/03/2026 10:55:01 -- 	N4bae0d715af34af4b8de252a64a2a901 | http://data.europa.eu/eli/ontology#title > [no object/datatype]
10/03/2026 10:55:01 -- 		 min: 0 (min found at subject)
10/03/2026 10:55:01 -- 		 max: 2 (max found at subject)
10/03/2026 10:55:01 -- 	Na319cc4d7ab94dd8a4517fb1621842c1 | http://lblod.data.gift/vocabularies/besluit/extractedDecisionContent > [no object/datatype]
10/03/2026 10:55:01 -- 		 min: 0 (min found at subject)
10/03/2026 10:55:01 -- 		 max: 962 (max found at subject)
10/03/2026 10:55:01 -- 	N6e78bdda2ae94e76b6ed27d3b0ecfa84 | http://data.europa.eu/eli/ontology#cites > [no object/datatype]
10/03/2026 10:55:01 -- 		 min: 0 (min found at subject)
10/03/2026 10:55:01 -- 		 max: 1 (max found at subject)
10/03/2026 10:55:01 -- 		 shacl-max: 1
10/03/2026 10:55:01 -- 	N0f330240445147349dfc6b9b0413dce8 | http://www.w3.org/ns/prov#wasGeneratedBy > http://data.vlaanderen.be/ns/besluit#BehandelingVanAgendapunt
10/03/2026 10:55:01 -- 		 min: 0 (min found at subject)
10/03/2026 10:55:01 -- 		 max: 1 (max found at subject)
10/03/2026 10:55:01 -- 		 shacl-max: 1
10/03/2026 10:55:01 -- 	N3da3bc6394944a3b98feaa2778fc3a02 | http://data.europa.eu/eli/ontology#passed_by > http://data.vlaanderen.be/ns/besluit#Bestuurseenheid
10/03/2026 10:55:01 -- 		 min: 0 (min found at subject)
10/03/2026 10:55:01 -- 		 max: 1 (max found at subject)
10/03/2026 10:55:01 -- 		 shacl-max: 1
10/03/2026 10:55:01 -- 	Nd085ffc5301c40d686acdf32389afed9 | http://data.europa.eu/eli/ontology#passed_by > http://data.vlaanderen.be/ns/besluit#Bestuursorgaan
10/03/2026 10:55:01 -- 		 min: 1 (min found at subject)
10/03/2026 10:55:01 -- 		 max: 2 (max found at subject)
10/03/2026 10:55:01 -- 		 shacl-min: 1
10/03/2026 10:55:01 -- 	N4174374797b94c108dd54a402dec4bfc | http://data.europa.eu/eli/ontology#passed_by > http://data.vlaanderen.be/ns/mandaat#Mandataris
10/03/2026 10:55:01 -- 		 min: 0 (min found at subject)
10/03/2026 10:55:01 -- 		 max: 1 (max found at subject)
10/03/2026 10:55:01 -- 		 shacl-max: 1
10/03/2026 10:55:01 -- 	N459b5ac41c5848779e8b7d3303f5340b | http://data.europa.eu/eli/ontology#passed_by > http://www.w3.org/2004/02/skos/core#Concept
10/03/2026 10:55:01 -- 		 min: 0 (min found at subject)
10/03/2026 10:55:01 -- 		 max: 1 (max found at subject)
10/03/2026 10:55:01 -- 		 shacl-max: 1
10/03/2026 10:55:01 -- 	N163ee8c36b5b482c839dd1f1fe2ff857 | http://data.europa.eu/eli/ontology#passed_by > http://xmlns.com/foaf/0.1/Document
10/03/2026 10:55:01 -- 		 min: 0 (min found at subject)
10/03/2026 10:55:01 -- 		 max: 1 (max found at subject)
10/03/2026 10:55:01 -- 		 shacl-max: 1
10/03/2026 10:55:01 -- 	Nd63f8176f24b43828914eb9577bd3b2d | http://data.europa.eu/eli/ontology#passed_by > https://data.vlaanderen.be/id/concept/BesluitDocumentType/3fa67785-ffdc-4b30-8880-2b99d97b4dee
10/03/2026 10:55:01 -- 		 min: 0 (min found at subject)
10/03/2026 10:55:01 -- 		 max: 1 (max found at subject)
10/03/2026 10:55:01 -- 		 shacl-max: 1
10/03/2026 10:55:01 -- 	N654bcfab15be4b2a9c8e2a367747ff30 | http://data.europa.eu/eli/ontology#description > [no object/datatype]
10/03/2026 10:55:01 -- 		 min: 0 (min found at subject)
10/03/2026 10:55:01 -- 		 max: 4 (max found at subject)
10/03/2026 10:55:01 -- 	N67b8b7515b1643259bf038a8a53c88d9 | http://lblod.data.gift/vocabularies/besluit/authenticityType > http://www.w3.org/2004/02/skos/core#Concept
10/03/2026 10:55:01 -- 		 min: 0 (min found at subject)
10/03/2026 10:55:01 -- 		 max: 1 (max found at subject)
10/03/2026 10:55:01 -- 		 shacl-max: 1
10/03/2026 10:55:01 -- 	N0d4844f3da294a379d7104363b530bf7 | http://data.vlaanderen.be/ns/besluit#motivering > [no object/datatype]
10/03/2026 10:55:01 -- 		 min: 0 (min found at subject)
10/03/2026 10:55:01 -- 		 max: 2 (max found at subject)
10/03/2026 10:55:01 -- 	N619f5b5289aa4e84bbfb95d45ee85801 | http://www.w3.org/ns/prov#value > [no object/datatype]
10/03/2026 10:55:01 -- 		 min: 0 (min found at subject)
10/03/2026 10:55:01 -- 		 max: 52 (max found at subject)
10/03/2026 10:55:01 -- 	Nae60904fb893441091c28a74b6cec263 | http://data.europa.eu/eli/ontology#date_publication > [no object/datatype]
10/03/2026 10:55:01 -- 		 min: 1 (min found at subject)
10/03/2026 10:55:01 -- 		 max: 4 (max found at subject)
10/03/2026 10:55:01 -- 		 shacl-min: 1
10/03/2026 10:55:01 -- 	N99cf21ffd4f74a3695a8630c5ed2f2b9 | http://data.europa.eu/eli/ontology#related_to > http://xmlns.com/foaf/0.1/Document
10/03/2026 10:55:01 -- 		 min: 0 (min found at subject)
10/03/2026 10:55:01 -- 		 max: 13 (max found at subject)
10/03/2026 10:55:01 -- 	N4398cd1ff5884b00b4462c5418651ed1 | http://data.europa.eu/eli/ontology#date_no_longer_in_force > [no object/datatype]
10/03/2026 10:55:01 -- 		 min: 0 (min found at subject)
10/03/2026 10:55:01 -- 		 max: 1 (max found at subject)
10/03/2026 10:55:01 -- 		 shacl-max: 1
10/03/2026 10:55:01 -- 	Ne895fb2c0e304320bad411ea021e15ad | http://data.europa.eu/eli/ontology#first_date_entry_in_force > [no object/datatype]
10/03/2026 10:55:01 -- 		 min: 0 (min found at subject)
10/03/2026 10:55:01 -- 		 max: 4 (max found at subject)
10/03/2026 10:55:01 -- 	Na0ca416da85d48cd80ec2fd0bc270bca | http://mu.semte.ch/vocabularies/core/uuid > [no object/datatype]
10/03/2026 10:55:01 -- 		 min: 1 (min found at subject)
10/03/2026 10:55:01 -- 		 max: 1 (max found at subject)
10/03/2026 10:55:01 -- 		 shacl-min: 1
10/03/2026 10:55:01 -- 		 shacl-max: 1
10/03/2026 10:55:01 -- http://example.com/shapes/4c784976-02ea-49f1-a046-4d2113aca650 ~ https://data.vlaanderen.be/id/concept/BesluitType/4efa4632-efc6-40d5-815a-dec785fbceac
10/03/2026 10:55:01 -- 	N4f9d3e502c1644bd8a162de8b70e66e1 | http://data.europa.eu/eli/ontology#has_part > http://data.vlaanderen.be/ns/besluit#Artikel
10/03/2026 10:55:01 -- 		 min: 2 (min found at subject)
10/03/2026 10:55:01 -- 		 max: 2 (max found at subject)
10/03/2026 10:55:01 -- 		 shacl-min: 2
10/03/2026 10:55:01 -- 	N8860eba5131240a8a187103d4e96704c | http://data.europa.eu/eli/ontology#description > [no object/datatype]
10/03/2026 10:55:01 -- 		 min: 1 (min found at subject)
10/03/2026 10:55:01 -- 		 max: 1 (max found at subject)
10/03/2026 10:55:01 -- 		 shacl-min: 1
10/03/2026 10:55:01 -- 		 shacl-max: 1
10/03/2026 10:55:01 -- 	N5cb8810d9d014f0cb1cc772d0bbbd9e7 | http://www.w3.org/ns/prov#wasGeneratedBy > http://data.vlaanderen.be/ns/besluit#BehandelingVanAgendapunt
10/03/2026 10:55:01 -- 		 min: 1 (min found at subject)
10/03/2026 10:55:01 -- 		 max: 1 (max found at subject)
10/03/2026 10:55:01 -- 		 shacl-min: 1
10/03/2026 10:55:01 -- 		 shacl-max: 1
10/03/2026 10:55:01 -- 	Nf12ac00733c74d3791474d66f4cd10ba | http://data.europa.eu/eli/ontology#language > http://www.w3.org/2004/02/skos/core#Concept
10/03/2026 10:55:01 -- 		 min: 1 (min found at subject)
10/03/2026 10:55:01 -- 		 max: 1 (max found at subject)
10/03/2026 10:55:01 -- 		 shacl-min: 1
10/03/2026 10:55:01 -- 		 shacl-max: 1
10/03/2026 10:55:01 -- 	N79fea7a66bf947908e2f2d0d023e3ae1 | http://lblod.data.gift/vocabularies/besluit/authenticityType > http://www.w3.org/2004/02/skos/core#Concept
10/03/2026 10:55:01 -- 		 min: 1 (min found at subject)
10/03/2026 10:55:01 -- 		 max: 1 (max found at subject)
10/03/2026 10:55:01 -- 		 shacl-min: 1
10/03/2026 10:55:01 -- 		 shacl-max: 1
10/03/2026 10:55:01 -- 	N4e85b52018544bab885bea6427399f76 | http://data.europa.eu/eli/ontology#title > [no object/datatype]
10/03/2026 10:55:01 -- 		 min: 1 (min found at subject)
10/03/2026 10:55:01 -- 		 max: 1 (max found at subject)
10/03/2026 10:55:01 -- 		 shacl-min: 1
10/03/2026 10:55:01 -- 		 shacl-max: 1
10/03/2026 10:55:01 -- 	Nbec3377852ec4f59998dc929a9f21c7e | http://mu.semte.ch/vocabularies/core/uuid > [no object/datatype]
10/03/2026 10:55:01 -- 		 min: 1 (min found at subject)
10/03/2026 10:55:01 -- 		 max: 1 (max found at subject)
10/03/2026 10:55:01 -- 		 shacl-min: 1
10/03/2026 10:55:01 -- 		 shacl-max: 1
10/03/2026 10:55:01 -- 	N5bd9c858f84045b38e4419121564dd22 | http://data.europa.eu/eli/ontology#related_to > http://xmlns.com/foaf/0.1/Document
10/03/2026 10:55:01 -- 		 min: 1 (min found at subject)
10/03/2026 10:55:01 -- 		 max: 2 (max found at subject)
10/03/2026 10:55:01 -- 		 shacl-min: 1
10/03/2026 10:55:01 -- 	N77359dc5bbce4decaf8143ec11193dd9 | http://data.europa.eu/eli/ontology#title_short > [no object/datatype]
10/03/2026 10:55:01 -- 		 min: 1 (min found at subject)
10/03/2026 10:55:01 -- 		 max: 1 (max found at subject)
10/03/2026 10:55:01 -- 		 shacl-min: 1
10/03/2026 10:55:01 -- 		 shacl-max: 1
10/03/2026 10:55:01 -- 	N26aed0de989348e5bb6293b0cf1368e2 | http://data.europa.eu/eli/ontology#passed_by > http://data.vlaanderen.be/ns/besluit#Bestuursorgaan
10/03/2026 10:55:01 -- 		 min: 1 (min found at subject)
10/03/2026 10:55:01 -- 		 max: 1 (max found at subject)
10/03/2026 10:55:01 -- 		 shacl-min: 1
10/03/2026 10:55:01 -- 		 shacl-max: 1
10/03/2026 10:55:01 -- 	Nabee5f53d23e4e7ba7e52d0313d3a08b | http://www.w3.org/ns/prov#value > [no object/datatype]
10/03/2026 10:55:01 -- 		 min: 4 (min found at subject)
10/03/2026 10:55:01 -- 		 max: 4 (max found at subject)
10/03/2026 10:55:01 -- 		 shacl-min: 4
10/03/2026 10:55:01 -- 	Ned160d5a74ef4f1c81e3940659e2e2c8 | http://data.europa.eu/eli/ontology#date_publication > [no object/datatype]
10/03/2026 10:55:01 -- 		 min: 1 (min found at subject)
10/03/2026 10:55:01 -- 		 max: 1 (max found at subject)
10/03/2026 10:55:01 -- 		 shacl-min: 1
10/03/2026 10:55:01 -- 		 shacl-max: 1
10/03/2026 10:55:01 -- 	N007e8ce9a68c48dbad370a84b6768f1e | http://data.vlaanderen.be/ns/besluit#motivering > [no object/datatype]
10/03/2026 10:55:01 -- 		 min: 2 (min found at subject)
10/03/2026 10:55:01 -- 		 max: 2 (max found at subject)
10/03/2026 10:55:01 -- 		 shacl-min: 2
10/03/2026 10:55:01 -- 	N8cc6a874ed4c4564929fe0fe367ca05e | http://lblod.data.gift/vocabularies/besluit/extractedDecisionContent > [no object/datatype]
10/03/2026 10:55:01 -- 		 min: 66 (min found at subject)
10/03/2026 10:55:01 -- 		 max: 84 (max found at subject)
10/03/2026 10:55:01 -- 		 shacl-min: 1
10/03/2026 10:55:01 -- 	Ncccf1da1eead4e0ca7fd4f6113944d73 | http://www.w3.org/ns/prov#wasDerivedFrom > [no object/datatype]
10/03/2026 10:55:01 -- 		 min: 2 (min found at subject)
10/03/2026 10:55:01 -- 		 max: 2 (max found at subject)
10/03/2026 10:55:01 -- 		 shacl-min: 2
10/03/2026 10:55:01 -- http://example.com/shapes/5ba6ea27-6d2c-45b5-aff4-1da9f4b113f4 ~ https://data.vlaanderen.be/id/concept/BesluitType/51982214-0d8b-4cd9-87cf-c46570cd1ed3
10/03/2026 10:55:01 -- 	Ndc354477474743cda27e67734bcd6471 | http://lblod.data.gift/vocabularies/besluit/extractedDecisionContent > [no object/datatype]
10/03/2026 10:55:01 -- 		 min: 24 (min found at subject)
10/03/2026 10:55:01 -- 		 max: 46 (max found at subject)
10/03/2026 10:55:01 -- 		 shacl-min: 1
10/03/2026 10:55:01 -- 	N5960615bfe734a519d9765f7c25f5f26 | http://lblod.data.gift/vocabularies/besluit/authenticityType > http://www.w3.org/2004/02/skos/core#Concept
10/03/2026 10:55:01 -- 		 min: 1 (min found at subject)
10/03/2026 10:55:01 -- 		 max: 1 (max found at subject)
10/03/2026 10:55:01 -- 		 shacl-min: 1
10/03/2026 10:55:01 -- 		 shacl-max: 1
10/03/2026 10:55:01 -- 	Nc38e156d942445eabe4582a2459663bd | http://data.europa.eu/eli/ontology#has_part > http://data.vlaanderen.be/ns/besluit#Artikel
10/03/2026 10:55:01 -- 		 min: 1 (min found at subject)
10/03/2026 10:55:01 -- 		 max: 1 (max found at subject)
10/03/2026 10:55:01 -- 		 shacl-min: 1
10/03/2026 10:55:01 -- 		 shacl-max: 1
10/03/2026 10:55:01 -- 	Nead888904edf45169a88e37dfe5a4bbb | http://www.w3.org/ns/prov#wasDerivedFrom > [no object/datatype]
10/03/2026 10:55:01 -- 		 min: 2 (min found at subject)
10/03/2026 10:55:01 -- 		 max: 2 (max found at subject)
10/03/2026 10:55:01 -- 		 shacl-min: 2
10/03/2026 10:55:01 -- 	N0f22a396075247a7b228cd25048db330 | http://data.europa.eu/eli/ontology#passed_by > http://data.vlaanderen.be/ns/besluit#Bestuursorgaan
10/03/2026 10:55:01 -- 		 min: 1 (min found at subject)
10/03/2026 10:55:01 -- 		 max: 1 (max found at subject)
10/03/2026 10:55:01 -- 		 shacl-min: 1
10/03/2026 10:55:01 -- 		 shacl-max: 1
10/03/2026 10:55:01 -- 	N7900fb980a1f4e489d3082747e2482f6 | http://data.europa.eu/eli/ontology#language > http://www.w3.org/2004/02/skos/core#Concept
10/03/2026 10:55:01 -- 		 min: 1 (min found at subject)
10/03/2026 10:55:01 -- 		 max: 1 (max found at subject)
10/03/2026 10:55:01 -- 		 shacl-min: 1
10/03/2026 10:55:01 -- 		 shacl-max: 1
10/03/2026 10:55:01 -- 	Nde5c26dc1c7a47c6866970081bfbbe57 | http://www.w3.org/ns/prov#wasGeneratedBy > http://data.vlaanderen.be/ns/besluit#BehandelingVanAgendapunt
10/03/2026 10:55:01 -- 		 min: 1 (min found at subject)
10/03/2026 10:55:01 -- 		 max: 1 (max found at subject)
10/03/2026 10:55:01 -- 		 shacl-min: 1
10/03/2026 10:55:01 -- 		 shacl-max: 1
10/03/2026 10:55:01 -- 	N8a6aedb1400648ce974de82aee232fe9 | http://data.europa.eu/eli/ontology#title_short > [no object/datatype]
10/03/2026 10:55:01 -- 		 min: 1 (min found at subject)
10/03/2026 10:55:01 -- 		 max: 1 (max found at subject)
10/03/2026 10:55:01 -- 		 shacl-min: 1
10/03/2026 10:55:01 -- 		 shacl-max: 1
10/03/2026 10:55:01 -- 	N27e96d491c2e43d0a2ad3295e92a4cef | http://data.europa.eu/eli/ontology#description > [no object/datatype]
10/03/2026 10:55:01 -- 		 min: 1 (min found at subject)
10/03/2026 10:55:01 -- 		 max: 1 (max found at subject)
10/03/2026 10:55:01 -- 		 shacl-min: 1
10/03/2026 10:55:01 -- 		 shacl-max: 1
10/03/2026 10:55:01 -- 	Ne244805ccede4a6a87a249b39474bff6 | http://data.europa.eu/eli/ontology#title > [no object/datatype]
10/03/2026 10:55:01 -- 		 min: 1 (min found at subject)
10/03/2026 10:55:01 -- 		 max: 1 (max found at subject)
10/03/2026 10:55:01 -- 		 shacl-min: 1
10/03/2026 10:55:01 -- 		 shacl-max: 1
10/03/2026 10:55:01 -- 	Na4913ce7fb1545d3aea29417115f3e4a | http://mu.semte.ch/vocabularies/core/uuid > [no object/datatype]
10/03/2026 10:55:01 -- 		 min: 1 (min found at subject)
10/03/2026 10:55:01 -- 		 max: 1 (max found at subject)
10/03/2026 10:55:01 -- 		 shacl-min: 1
10/03/2026 10:55:01 -- 		 shacl-max: 1
10/03/2026 10:55:01 -- 	N5a28a2893215483ab858750776807525 | http://data.vlaanderen.be/ns/besluit#motivering > [no object/datatype]
10/03/2026 10:55:01 -- 		 min: 2 (min found at subject)
10/03/2026 10:55:01 -- 		 max: 2 (max found at subject)
10/03/2026 10:55:01 -- 		 shacl-min: 2
10/03/2026 10:55:01 -- 	Nd17a965e768d4b8da519570a9232a203 | http://data.europa.eu/eli/ontology#date_publication > [no object/datatype]
10/03/2026 10:55:01 -- 		 min: 1 (min found at subject)
10/03/2026 10:55:01 -- 		 max: 1 (max found at subject)
10/03/2026 10:55:01 -- 		 shacl-min: 1
10/03/2026 10:55:01 -- 		 shacl-max: 1
10/03/2026 10:55:01 -- 	Ne946e6b0fe744474b42e2875e93af01d | http://www.w3.org/ns/prov#value > [no object/datatype]
10/03/2026 10:55:01 -- 		 min: 2 (min found at subject)
10/03/2026 10:55:01 -- 		 max: 2 (max found at subject)
10/03/2026 10:55:01 -- 		 shacl-min: 2
10/03/2026 10:55:01 -- 	Nd8526aed386d4b0a83a7e280e0dce2ae | http://data.europa.eu/eli/ontology#related_to > http://xmlns.com/foaf/0.1/Document
10/03/2026 10:55:01 -- 		 min: 0 (min found at subject)
10/03/2026 10:55:01 -- 		 max: 1 (max found at subject)
10/03/2026 10:55:01 -- 		 shacl-max: 1
10/03/2026 10:55:01 -- http://example.com/shapes/fe40ac6a-a90c-4bef-a40c-d690ea28570b ~ https://data.vlaanderen.be/id/concept/BesluitType/5226e23d-617d-48b9-9c00-3d679ae88fec
10/03/2026 10:55:01 -- 	N6c49b6d60f374c0f987dc3608a3bc2c5 | http://data.europa.eu/eli/ontology#title > [no object/datatype]
10/03/2026 10:55:01 -- 		 min: 1 (min found at subject)
10/03/2026 10:55:01 -- 		 max: 2 (max found at subject)
10/03/2026 10:55:01 -- 		 shacl-min: 1
10/03/2026 10:55:01 -- 	Nad7a0fbb9b99447484344e88d4b3f02b | http://data.europa.eu/eli/ontology#passed_by > http://data.vlaanderen.be/ns/besluit#Bestuursorgaan
10/03/2026 10:55:01 -- 		 min: 1 (min found at subject)
10/03/2026 10:55:01 -- 		 max: 1 (max found at subject)
10/03/2026 10:55:01 -- 		 shacl-min: 1
10/03/2026 10:55:01 -- 		 shacl-max: 1
10/03/2026 10:55:01 -- 	N777f9da87ad14cdda8da6f65ca79e861 | http://lblod.data.gift/vocabularies/besluit/authenticityType > http://www.w3.org/2004/02/skos/core#Concept
10/03/2026 10:55:01 -- 		 min: 1 (min found at subject)
10/03/2026 10:55:01 -- 		 max: 1 (max found at subject)
10/03/2026 10:55:01 -- 		 shacl-min: 1
10/03/2026 10:55:01 -- 		 shacl-max: 1
10/03/2026 10:55:01 -- 	N1a38dc09338a496cb65a6c2992b03104 | http://data.europa.eu/eli/ontology#date_publication > [no object/datatype]
10/03/2026 10:55:01 -- 		 min: 1 (min found at subject)
10/03/2026 10:55:01 -- 		 max: 2 (max found at subject)
10/03/2026 10:55:01 -- 		 shacl-min: 1
10/03/2026 10:55:01 -- 	Ne75b1b9c24eb4329aabed841b5197111 | http://data.europa.eu/eli/ontology#title_short > [no object/datatype]
10/03/2026 10:55:01 -- 		 min: 1 (min found at subject)
10/03/2026 10:55:01 -- 		 max: 2 (max found at subject)
10/03/2026 10:55:01 -- 		 shacl-min: 1
10/03/2026 10:55:01 -- 	N0c9b4cf4c8474258aa97299388d45dbf | http://data.vlaanderen.be/ns/besluit#motivering > [no object/datatype]
10/03/2026 10:55:01 -- 		 min: 1 (min found at subject)
10/03/2026 10:55:01 -- 		 max: 2 (max found at subject)
10/03/2026 10:55:01 -- 		 shacl-min: 1
10/03/2026 10:55:01 -- 	N3479b252f349407bb45b64fd0268b7c4 | http://www.w3.org/ns/prov#wasDerivedFrom > [no object/datatype]
10/03/2026 10:55:01 -- 		 min: 1 (min found at subject)
10/03/2026 10:55:01 -- 		 max: 2 (max found at subject)
10/03/2026 10:55:01 -- 		 shacl-min: 1
10/03/2026 10:55:01 -- 	Nef28aa8f39e54d4498ad9508e5e95c07 | http://www.w3.org/ns/prov#wasGeneratedBy > http://data.vlaanderen.be/ns/besluit#BehandelingVanAgendapunt
10/03/2026 10:55:01 -- 		 min: 1 (min found at subject)
10/03/2026 10:55:01 -- 		 max: 1 (max found at subject)
10/03/2026 10:55:01 -- 		 shacl-min: 1
10/03/2026 10:55:01 -- 		 shacl-max: 1
10/03/2026 10:55:01 -- 	N251afaf0a69c409c8f10f659ea156c6e | http://lblod.data.gift/vocabularies/besluit/extractedDecisionContent > [no object/datatype]
10/03/2026 10:55:01 -- 		 min: 3 (min found at subject)
10/03/2026 10:55:01 -- 		 max: 172 (max found at subject)
10/03/2026 10:55:01 -- 		 shacl-min: 1
10/03/2026 10:55:01 -- 	N8a1b94c6ac3a4590ab2d5752127a5f2a | http://mu.semte.ch/vocabularies/core/uuid > [no object/datatype]
10/03/2026 10:55:01 -- 		 min: 1 (min found at subject)
10/03/2026 10:55:01 -- 		 max: 1 (max found at subject)
10/03/2026 10:55:01 -- 		 shacl-min: 1
10/03/2026 10:55:01 -- 		 shacl-max: 1
10/03/2026 10:55:01 -- 	N15152af01f934abd94934ca5e626c8a6 | http://data.europa.eu/eli/ontology#language > http://www.w3.org/2004/02/skos/core#Concept
10/03/2026 10:55:01 -- 		 min: 1 (min found at subject)
10/03/2026 10:55:01 -- 		 max: 1 (max found at subject)
10/03/2026 10:55:01 -- 		 shacl-min: 1
10/03/2026 10:55:01 -- 		 shacl-max: 1
10/03/2026 10:55:01 -- 	N5b1eb66dd16b42b1be4c37f02c2481f9 | http://data.europa.eu/eli/ontology#has_part > http://data.vlaanderen.be/ns/besluit#Artikel
10/03/2026 10:55:01 -- 		 min: 1 (min found at subject)
10/03/2026 10:55:01 -- 		 max: 6 (max found at subject)
10/03/2026 10:55:01 -- 		 shacl-min: 1
10/03/2026 10:55:01 -- 	Na47a3808f2dc455db7bc01aa8349ea29 | http://data.europa.eu/eli/ontology#related_to > http://xmlns.com/foaf/0.1/Document
10/03/2026 10:55:01 -- 		 min: 0 (min found at subject)
10/03/2026 10:55:01 -- 		 max: 2 (max found at subject)
10/03/2026 10:55:01 -- 	Nbad6fcde2e49445a80b9ca9c1829690d | http://www.w3.org/ns/prov#value > [no object/datatype]
10/03/2026 10:55:01 -- 		 min: 1 (min found at subject)
10/03/2026 10:55:01 -- 		 max: 12 (max found at subject)
10/03/2026 10:55:01 -- 		 shacl-min: 1
10/03/2026 10:55:01 -- 	N6228b126e75343d5be7b9b9a9f00185b | http://data.europa.eu/eli/ontology#description > [no object/datatype]
10/03/2026 10:55:01 -- 		 min: 1 (min found at subject)
10/03/2026 10:55:01 -- 		 max: 2 (max found at subject)
10/03/2026 10:55:01 -- 		 shacl-min: 1
10/03/2026 10:55:01 -- http://example.com/shapes/fb4c21bb-ec82-4809-84ce-35ec539839bd ~ https://data.vlaanderen.be/id/concept/BesluitType/5ee63f84-2fa0-4758-8820-99dca2bdce7c
10/03/2026 10:55:01 -- 	Nc18f23e4e1c8499ea83da6e3055a7b11 | http://data.europa.eu/eli/ontology#title > [no object/datatype]
10/03/2026 10:55:01 -- 		 min: 1 (min found at subject)
10/03/2026 10:55:01 -- 		 max: 1 (max found at subject)
10/03/2026 10:55:01 -- 		 shacl-min: 1
10/03/2026 10:55:01 -- 		 shacl-max: 1
10/03/2026 10:55:01 -- 	Nebf1455e49984db28e59d51a4744f289 | http://www.w3.org/ns/prov#wasDerivedFrom > http://data.vlaanderen.be/ns/mandaat#Mandataris
10/03/2026 10:55:01 -- 		 min: 0 (min found at subject)
10/03/2026 10:55:01 -- 		 max: 3 (max found at subject)
10/03/2026 10:55:01 -- 	Nd15f5cc89d944bd7817a4bfc738903f3 | http://www.w3.org/ns/prov#wasDerivedFrom > http://xmlns.com/foaf/0.1/Document
10/03/2026 10:55:01 -- 		 min: 0 (min found at subject)
10/03/2026 10:55:01 -- 		 max: 3 (max found at subject)
10/03/2026 10:55:01 -- 	N64d144af4a0f44eb869d2bfc6829493c | http://www.w3.org/ns/prov#wasDerivedFrom > https://data.vlaanderen.be/id/concept/BesluitDocumentType/13fefad6-a9d6-4025-83b5-e4cbee3a8965
10/03/2026 10:55:01 -- 		 min: 0 (min found at subject)
10/03/2026 10:55:01 -- 		 max: 1 (max found at subject)
10/03/2026 10:55:01 -- 		 shacl-max: 1
10/03/2026 10:55:01 -- 	N5bbbcf37a6ec4424a44e260401e44578 | http://www.w3.org/ns/prov#wasDerivedFrom > https://data.vlaanderen.be/id/concept/BesluitDocumentType/3fa67785-ffdc-4b30-8880-2b99d97b4dee
10/03/2026 10:55:01 -- 		 min: 0 (min found at subject)
10/03/2026 10:55:01 -- 		 max: 1 (max found at subject)
10/03/2026 10:55:01 -- 		 shacl-max: 1
10/03/2026 10:55:01 -- 	Ne0811bb14e434e3eb7180196a197090b | http://www.w3.org/ns/prov#wasDerivedFrom > https://data.vlaanderen.be/id/concept/BesluitDocumentType/8e791b27-7600-4577-b24e-c7c29e0eb773
10/03/2026 10:55:01 -- 		 min: 0 (min found at subject)
10/03/2026 10:55:01 -- 		 max: 1 (max found at subject)
10/03/2026 10:55:01 -- 		 shacl-max: 1
10/03/2026 10:55:01 -- 	Nd8fa4f0e668a4cc987fe40312b19ab55 | http://data.europa.eu/eli/ontology#date_publication > [no object/datatype]
10/03/2026 10:55:01 -- 		 min: 1 (min found at subject)
10/03/2026 10:55:01 -- 		 max: 3 (max found at subject)
10/03/2026 10:55:01 -- 		 shacl-min: 1
10/03/2026 10:55:01 -- 	N63ba08136d2546a78b5f1bf2597b128b | http://data.europa.eu/eli/ontology#passed_by > http://data.vlaanderen.be/ns/besluit#Bestuursorgaan
10/03/2026 10:55:01 -- 		 min: 1 (min found at subject)
10/03/2026 10:55:01 -- 		 max: 1 (max found at subject)
10/03/2026 10:55:01 -- 		 shacl-min: 1
10/03/2026 10:55:01 -- 		 shacl-max: 1
10/03/2026 10:55:01 -- 	N6e298df5a48c405f89e7e020d8c8beeb | http://data.europa.eu/eli/ontology#language > http://www.w3.org/2004/02/skos/core#Concept
10/03/2026 10:55:01 -- 		 min: 1 (min found at subject)
10/03/2026 10:55:01 -- 		 max: 1 (max found at subject)
10/03/2026 10:55:01 -- 		 shacl-min: 1
10/03/2026 10:55:01 -- 		 shacl-max: 1
10/03/2026 10:55:01 -- 	N46e1660e4e0b45e5bf224b541d0a58fe | http://data.europa.eu/eli/ontology#cites > [no object/datatype]
10/03/2026 10:55:01 -- 		 min: 0 (min found at subject)
10/03/2026 10:55:01 -- 		 max: 1 (max found at subject)
10/03/2026 10:55:01 -- 		 shacl-max: 1
10/03/2026 10:55:01 -- 	Ne5687f9e671b486f864242e7509950a1 | http://data.vlaanderen.be/ns/besluit#citeeropschrift > [no object/datatype]
10/03/2026 10:55:01 -- 		 min: 0 (min found at subject)
10/03/2026 10:55:01 -- 		 max: 1 (max found at subject)
10/03/2026 10:55:01 -- 		 shacl-max: 1
10/03/2026 10:55:01 -- 	N994354f8bc064cde91d56537beb8dcdc | http://data.europa.eu/eli/ontology#first_date_entry_in_force > [no object/datatype]
10/03/2026 10:55:01 -- 		 min: 0 (min found at subject)
10/03/2026 10:55:01 -- 		 max: 3 (max found at subject)
10/03/2026 10:55:01 -- 	N75b30b2dc0ff4374a53cfe4879f542ab | http://data.europa.eu/eli/ontology#related_to > http://xmlns.com/foaf/0.1/Document
10/03/2026 10:55:01 -- 		 min: 0 (min found at subject)
10/03/2026 10:55:01 -- 		 max: 1 (max found at subject)
10/03/2026 10:55:01 -- 		 shacl-max: 1
10/03/2026 10:55:01 -- 	N6f11328e0edd4c99932fe6939ddaa447 | http://www.w3.org/ns/prov#wasGeneratedBy > http://data.vlaanderen.be/ns/besluit#BehandelingVanAgendapunt
10/03/2026 10:55:01 -- 		 min: 1 (min found at subject)
10/03/2026 10:55:01 -- 		 max: 1 (max found at subject)
10/03/2026 10:55:01 -- 		 shacl-min: 1
10/03/2026 10:55:01 -- 		 shacl-max: 1
10/03/2026 10:55:01 -- 	N0848ac2ec5614d80912cbea5a6c932cc | http://lblod.data.gift/vocabularies/besluit/extractedDecisionContent > [no object/datatype]
10/03/2026 10:55:01 -- 		 min: 4 (min found at subject)
10/03/2026 10:55:01 -- 		 max: 780 (max found at subject)
10/03/2026 10:55:01 -- 		 shacl-min: 1
10/03/2026 10:55:01 -- 	N11a2c43ca0e74057a9a57ae6d44a7bcd | http://data.europa.eu/eli/ontology#description > [no object/datatype]
10/03/2026 10:55:01 -- 		 min: 1 (min found at subject)
10/03/2026 10:55:01 -- 		 max: 4 (max found at subject)
10/03/2026 10:55:01 -- 		 shacl-min: 1
10/03/2026 10:55:01 -- 	Nfb2d80ca35d04da6b6b3af4c59a09409 | http://data.europa.eu/eli/ontology#has_part > http://data.vlaanderen.be/ns/besluit#Artikel
10/03/2026 10:55:01 -- 		 min: 0 (min found at subject)
10/03/2026 10:55:01 -- 		 max: 20 (max found at subject)
10/03/2026 10:55:01 -- 	N34b7c445488a4eb1996e1178aa0b256e | http://data.europa.eu/eli/ontology#date_no_longer_in_force > [no object/datatype]
10/03/2026 10:55:01 -- 		 min: 0 (min found at subject)
10/03/2026 10:55:01 -- 		 max: 1 (max found at subject)
10/03/2026 10:55:01 -- 		 shacl-max: 1
10/03/2026 10:55:01 -- 	N9e841c3f5f7046bc9d26d7349894600a | http://mu.semte.ch/vocabularies/core/uuid > [no object/datatype]
10/03/2026 10:55:01 -- 		 min: 1 (min found at subject)
10/03/2026 10:55:01 -- 		 max: 1 (max found at subject)
10/03/2026 10:55:01 -- 		 shacl-min: 1
10/03/2026 10:55:01 -- 		 shacl-max: 1
10/03/2026 10:55:01 -- 	N508c9c7ef04f496e9c7358742a8e1ffb | http://data.vlaanderen.be/ns/besluit#motivering > [no object/datatype]
10/03/2026 10:55:01 -- 		 min: 0 (min found at subject)
10/03/2026 10:55:01 -- 		 max: 2 (max found at subject)
10/03/2026 10:55:01 -- 	Nfc80e9a73eba46faa63da64ea75d8643 | http://data.europa.eu/eli/ontology#title_short > [no object/datatype]
10/03/2026 10:55:01 -- 		 min: 0 (min found at subject)
10/03/2026 10:55:01 -- 		 max: 1 (max found at subject)
10/03/2026 10:55:01 -- 		 shacl-max: 1
10/03/2026 10:55:01 -- 	Nc85adf69c72b45f59705e5296b557f24 | http://www.w3.org/ns/prov#value > [no object/datatype]
10/03/2026 10:55:01 -- 		 min: 1 (min found at subject)
10/03/2026 10:55:01 -- 		 max: 40 (max found at subject)
10/03/2026 10:55:01 -- 		 shacl-min: 1
10/03/2026 10:55:01 -- http://example.com/shapes/3eba0b18-2485-4300-b5f1-d4b2bbe5ccb8 ~ https://data.vlaanderen.be/id/concept/BesluitType/67378dd0-5413-474b-8996-d992ef81637a
10/03/2026 10:55:01 -- 	N6ef3832e6c1c4af7865bf89475ef3121 | http://data.europa.eu/eli/ontology#related_to > http://xmlns.com/foaf/0.1/Document
10/03/2026 10:55:01 -- 		 min: 0 (min found at subject)
10/03/2026 10:55:01 -- 		 max: 46 (max found at subject)
10/03/2026 10:55:01 -- 	N458b5a53b45f48c19f3e465d2ae9ffc4 | http://data.europa.eu/eli/ontology#cites > [no object/datatype]
10/03/2026 10:55:01 -- 		 min: 0 (min found at subject)
10/03/2026 10:55:01 -- 		 max: 2 (max found at subject)
10/03/2026 10:55:01 -- 	Na9fb2204734a409aa57c638d9102b1e2 | http://www.w3.org/ns/prov#wasGeneratedBy > http://data.vlaanderen.be/ns/besluit#BehandelingVanAgendapunt
10/03/2026 10:55:01 -- 		 min: 0 (min found at subject)
10/03/2026 10:55:01 -- 		 max: 1 (max found at subject)
10/03/2026 10:55:01 -- 		 shacl-max: 1
10/03/2026 10:55:01 -- 	N3d4b05af04334d378295e5d7dcd0f76e | http://data.europa.eu/eli/ontology#description > [no object/datatype]
10/03/2026 10:55:02 -- 		 min: 0 (min found at subject)
10/03/2026 10:55:02 -- 		 max: 4 (max found at subject)
10/03/2026 10:55:02 -- 	N0b6da7b6ea7c4bcea03301cf4abd5cd8 | http://data.europa.eu/eli/ontology#date_publication > [no object/datatype]
10/03/2026 10:55:02 -- 		 min: 0 (min found at subject)
10/03/2026 10:55:02 -- 		 max: 4 (max found at subject)
10/03/2026 10:55:02 -- 	N0bf490df32064b55a47b0e521e1f19fb | http://www.w3.org/ns/prov#value > [no object/datatype]
10/03/2026 10:55:02 -- 		 min: 0 (min found at subject)
10/03/2026 10:55:02 -- 		 max: 74 (max found at subject)
10/03/2026 10:55:02 -- 	N6ae3baefa36c49cab4eb61172bfa7639 | http://lblod.data.gift/vocabularies/besluit/authenticityType > http://www.w3.org/2004/02/skos/core#Concept
10/03/2026 10:55:02 -- 		 min: 0 (min found at subject)
10/03/2026 10:55:02 -- 		 max: 1 (max found at subject)
10/03/2026 10:55:02 -- 		 shacl-max: 1
10/03/2026 10:55:02 -- 	N3486e957dd6c4f3587264e4ce7abee9e | http://data.vlaanderen.be/ns/besluit#noopener > [no object/datatype]
10/03/2026 10:55:02 -- 		 min: 0 (min found at subject)
10/03/2026 10:55:02 -- 		 max: 2 (max found at subject)
10/03/2026 10:55:02 -- 	Nf4c6fd758fab4a1085048fe7b5d2f9e6 | http://data.vlaanderen.be/ns/besluit#noreferrer > [no object/datatype]
10/03/2026 10:55:02 -- 		 min: 0 (min found at subject)
10/03/2026 10:55:02 -- 		 max: 2 (max found at subject)
10/03/2026 10:55:02 -- 	Nda15a2cb88384fc494e525bc3dd5331b | http://data.europa.eu/eli/ontology#title_short > [no object/datatype]
10/03/2026 10:55:02 -- 		 min: 0 (min found at subject)
10/03/2026 10:55:02 -- 		 max: 2 (max found at subject)
10/03/2026 10:55:02 -- 	N218e19f5c754455ca97e6bd6608d00d4 | http://data.europa.eu/eli/ontology#has_part > http://data.vlaanderen.be/ns/besluit#Artikel
10/03/2026 10:55:02 -- 		 min: 0 (min found at subject)
10/03/2026 10:55:02 -- 		 max: 37 (max found at subject)
10/03/2026 10:55:02 -- 	N39c5754e1a3a4ce2896fc56de9db3953 | http://data.vlaanderen.be/ns/besluit#citeeropschrift > [no object/datatype]
10/03/2026 10:55:02 -- 		 min: 0 (min found at subject)
10/03/2026 10:55:02 -- 		 max: 1 (max found at subject)
10/03/2026 10:55:02 -- 		 shacl-max: 1
10/03/2026 10:55:02 -- 	Ne640552de441491083ba2f038f63273b | http://lblod.data.gift/vocabularies/besluit/extractedDecisionContent > [no object/datatype]
10/03/2026 10:55:02 -- 		 min: 0 (min found at subject)
10/03/2026 10:55:02 -- 		 max: 1591 (max found at subject)
10/03/2026 10:55:02 -- 	N63cf051c936c4dfe86a95699ec0ef61d | http://data.vlaanderen.be/ns/besluit#motivering > [no object/datatype]
10/03/2026 10:55:02 -- 		 min: 0 (min found at subject)
10/03/2026 10:55:02 -- 		 max: 3 (max found at subject)
10/03/2026 10:55:02 -- 	N5de293e251e84c768e83f639645a12d5 | http://lblod.data.gift/vocabularies/besluit/taxRate > [no object/datatype]
10/03/2026 10:55:02 -- 		 min: 0 (min found at subject)
10/03/2026 10:55:02 -- 		 max: 1 (max found at subject)
10/03/2026 10:55:02 -- 		 shacl-max: 1
10/03/2026 10:55:02 -- 	N54b2fa4f49454a7dad1c915e9c6aa1ec | http://www.w3.org/ns/prov#wasDerivedFrom > http://data.vlaanderen.be/ns/besluit#Bestuurseenheid
10/03/2026 10:55:02 -- 		 min: 0 (min found at subject)
10/03/2026 10:55:02 -- 		 max: 1 (max found at subject)
10/03/2026 10:55:02 -- 		 shacl-max: 1
10/03/2026 10:55:02 -- 	Nc4f052c3904a44bb8e39c5cf75a9116a | http://www.w3.org/ns/prov#wasDerivedFrom > http://data.vlaanderen.be/ns/besluit#Bestuursorgaan
10/03/2026 10:55:02 -- 		 min: 0 (min found at subject)
10/03/2026 10:55:02 -- 		 max: 1 (max found at subject)
10/03/2026 10:55:02 -- 		 shacl-max: 1
10/03/2026 10:55:02 -- 	N56f9f9997242486fb707743b4fbf7005 | http://www.w3.org/ns/prov#wasDerivedFrom > http://data.vlaanderen.be/ns/mandaat#Mandataris
10/03/2026 10:55:02 -- 		 min: 0 (min found at subject)
10/03/2026 10:55:02 -- 		 max: 3 (max found at subject)
10/03/2026 10:55:02 -- 	N4b33bf8f68ea423d8f8bab3b7b9b81c9 | http://www.w3.org/ns/prov#wasDerivedFrom > http://www.w3.org/2004/02/skos/core#Concept
10/03/2026 10:55:02 -- 		 min: 0 (min found at subject)
10/03/2026 10:55:02 -- 		 max: 1 (max found at subject)
10/03/2026 10:55:02 -- 		 shacl-max: 1
10/03/2026 10:55:02 -- 	Nd74bd502a98b4ea6807425b9a6147ff3 | http://www.w3.org/ns/prov#wasDerivedFrom > http://xmlns.com/foaf/0.1/Document
10/03/2026 10:55:02 -- 		 min: 0 (min found at subject)
10/03/2026 10:55:02 -- 		 max: 3 (max found at subject)
10/03/2026 10:55:02 -- 	Nf6fdaeb334144534ad96ed7ebc63f778 | http://www.w3.org/ns/prov#wasDerivedFrom > https://data.vlaanderen.be/id/concept/BesluitDocumentType/13fefad6-a9d6-4025-83b5-e4cbee3a8965
10/03/2026 10:55:02 -- 		 min: 0 (min found at subject)
10/03/2026 10:55:02 -- 		 max: 1 (max found at subject)
10/03/2026 10:55:02 -- 		 shacl-max: 1
10/03/2026 10:55:02 -- 	Nfeb067b5a8d34c13b59c76a1142316c1 | http://www.w3.org/ns/prov#wasDerivedFrom > https://data.vlaanderen.be/id/concept/BesluitDocumentType/3fa67785-ffdc-4b30-8880-2b99d97b4dee
10/03/2026 10:55:02 -- 		 min: 0 (min found at subject)
10/03/2026 10:55:02 -- 		 max: 1 (max found at subject)
10/03/2026 10:55:02 -- 		 shacl-max: 1
10/03/2026 10:55:02 -- 	N67c80b3acad3417bb5e3f132c230101a | http://www.w3.org/ns/prov#wasDerivedFrom > https://data.vlaanderen.be/id/concept/BesluitDocumentType/8e791b27-7600-4577-b24e-c7c29e0eb773
10/03/2026 10:55:02 -- 		 min: 0 (min found at subject)
10/03/2026 10:55:02 -- 		 max: 1 (max found at subject)
10/03/2026 10:55:02 -- 		 shacl-max: 1
10/03/2026 10:55:02 -- 	Nbfac2405ded544bc98d1db78d39443e6 | http://data.europa.eu/eli/ontology#language > http://www.w3.org/2004/02/skos/core#Concept
10/03/2026 10:55:02 -- 		 min: 0 (min found at subject)
10/03/2026 10:55:02 -- 		 max: 1 (max found at subject)
10/03/2026 10:55:02 -- 		 shacl-max: 1
10/03/2026 10:55:02 -- 	N23a03de0f06346dca07233545ce88f6c | http://data.europa.eu/eli/ontology#title > [no object/datatype]
10/03/2026 10:55:02 -- 		 min: 0 (min found at subject)
10/03/2026 10:55:02 -- 		 max: 2 (max found at subject)
10/03/2026 10:55:02 -- 	N3c844bcbdcc340dfa4f61b03d2b2bc2e | http://data.europa.eu/eli/ontology#passed_by > http://data.vlaanderen.be/ns/besluit#Bestuurseenheid
10/03/2026 10:55:02 -- 		 min: 0 (min found at subject)
10/03/2026 10:55:02 -- 		 max: 1 (max found at subject)
10/03/2026 10:55:02 -- 		 shacl-max: 1
10/03/2026 10:55:02 -- 	Ndb2d9a007a7c443894ad3c266a1c23fa | http://data.europa.eu/eli/ontology#passed_by > http://data.vlaanderen.be/ns/besluit#Bestuursorgaan
10/03/2026 10:55:02 -- 		 min: 0 (min found at subject)
10/03/2026 10:55:02 -- 		 max: 2 (max found at subject)
10/03/2026 10:55:02 -- 	N9a49908678224fadbf6b7c5f575de5c6 | http://data.europa.eu/eli/ontology#passed_by > http://data.vlaanderen.be/ns/mandaat#Mandataris
10/03/2026 10:55:02 -- 		 min: 0 (min found at subject)
10/03/2026 10:55:02 -- 		 max: 1 (max found at subject)
10/03/2026 10:55:02 -- 		 shacl-max: 1
10/03/2026 10:55:02 -- 	N611d2fa5ab464bcb8773b97e8f14a133 | http://data.europa.eu/eli/ontology#passed_by > http://www.w3.org/2004/02/skos/core#Concept
10/03/2026 10:55:02 -- 		 min: 0 (min found at subject)
10/03/2026 10:55:02 -- 		 max: 1 (max found at subject)
10/03/2026 10:55:02 -- 		 shacl-max: 1
10/03/2026 10:55:02 -- 	Nec84222f071642d1baae7f840cc351ef | http://data.europa.eu/eli/ontology#passed_by > http://xmlns.com/foaf/0.1/Document
10/03/2026 10:55:02 -- 		 min: 0 (min found at subject)
10/03/2026 10:55:02 -- 		 max: 1 (max found at subject)
10/03/2026 10:55:02 -- 		 shacl-max: 1
10/03/2026 10:55:02 -- 	N706148ffae15497dbac3c8be09d68bab | http://data.europa.eu/eli/ontology#passed_by > https://data.vlaanderen.be/id/concept/BesluitDocumentType/13fefad6-a9d6-4025-83b5-e4cbee3a8965
10/03/2026 10:55:02 -- 		 min: 0 (min found at subject)
10/03/2026 10:55:02 -- 		 max: 1 (max found at subject)
10/03/2026 10:55:02 -- 		 shacl-max: 1
10/03/2026 10:55:02 -- 	Naa74b50d290e4188be910cc9c30011ba | http://data.europa.eu/eli/ontology#passed_by > https://data.vlaanderen.be/id/concept/BesluitDocumentType/3fa67785-ffdc-4b30-8880-2b99d97b4dee
10/03/2026 10:55:02 -- 		 min: 0 (min found at subject)
10/03/2026 10:55:02 -- 		 max: 1 (max found at subject)
10/03/2026 10:55:02 -- 		 shacl-max: 1
10/03/2026 10:55:02 -- 	N20eb65a68cb44e279174d7f020ada93b | http://mu.semte.ch/vocabularies/core/uuid > [no object/datatype]
10/03/2026 10:55:02 -- 		 min: 1 (min found at subject)
10/03/2026 10:55:02 -- 		 max: 1 (max found at subject)
10/03/2026 10:55:02 -- 		 shacl-min: 1
10/03/2026 10:55:02 -- 		 shacl-max: 1
10/03/2026 10:55:02 -- 	N9069110ad4e14a7786cb91d1d4e6a26b | http://lblod.data.gift/vocabularies/besluit/chartOfAccount > http://www.w3.org/2004/02/skos/core#Concept
10/03/2026 10:55:02 -- 		 min: 0 (min found at subject)
10/03/2026 10:55:02 -- 		 max: 1 (max found at subject)
10/03/2026 10:55:02 -- 		 shacl-max: 1
10/03/2026 10:55:02 -- 	N7bc904c5cdbf46209f63b68cf906475c | http://data.europa.eu/eli/ontology#first_date_entry_in_force > [no object/datatype]
10/03/2026 10:55:02 -- 		 min: 0 (min found at subject)
10/03/2026 10:55:02 -- 		 max: 4 (max found at subject)
10/03/2026 10:55:02 -- 	N53bb6e955ac742ecaf7407ff24f2e9d6 | http://data.europa.eu/eli/ontology#date_no_longer_in_force > [no object/datatype]
10/03/2026 10:55:02 -- 		 min: 0 (min found at subject)
10/03/2026 10:55:02 -- 		 max: 2 (max found at subject)
10/03/2026 10:55:02 -- 	Nbc05ddf6a9944706a6332774060adb5a | http://lblod.data.gift/vocabularies/besluit/hasAdditionalTaxRate > [no object/datatype]
10/03/2026 10:55:02 -- 		 min: 0 (min found at subject)
10/03/2026 10:55:02 -- 		 max: 1 (max found at subject)
10/03/2026 10:55:02 -- 		 shacl-max: 1
10/03/2026 10:55:02 -- http://example.com/shapes/ceac29c1-e16f-4fb3-b83f-b5f20e471e06 ~ https://data.vlaanderen.be/id/concept/BesluitType/7927f4f4-ad4c-4460-9207-2a4b5d21a9d7
10/03/2026 10:55:02 -- 	N66effd0fa1814c7f9770249ccb815d4c | http://data.europa.eu/eli/ontology#date_publication > [no object/datatype]
10/03/2026 10:55:02 -- 		 min: 1 (min found at subject)
10/03/2026 10:55:02 -- 		 max: 3 (max found at subject)
10/03/2026 10:55:02 -- 		 shacl-min: 1
10/03/2026 10:55:02 -- 	N811bf200b77041f5af130c83d4b145da | http://mu.semte.ch/vocabularies/core/uuid > [no object/datatype]
10/03/2026 10:55:02 -- 		 min: 1 (min found at subject)
10/03/2026 10:55:02 -- 		 max: 1 (max found at subject)
10/03/2026 10:55:02 -- 		 shacl-min: 1
10/03/2026 10:55:02 -- 		 shacl-max: 1
10/03/2026 10:55:02 -- 	N9bd896d7810546f5818b44654995058b | http://lblod.data.gift/vocabularies/besluit/authenticityType > http://www.w3.org/2004/02/skos/core#Concept
10/03/2026 10:55:02 -- 		 min: 0 (min found at subject)
10/03/2026 10:55:02 -- 		 max: 1 (max found at subject)
10/03/2026 10:55:02 -- 		 shacl-max: 1
10/03/2026 10:55:02 -- 	N0613461e7cef44d7bc2906b453717bb3 | http://data.europa.eu/eli/ontology#title_short > [no object/datatype]
10/03/2026 10:55:02 -- 		 min: 0 (min found at subject)
10/03/2026 10:55:02 -- 		 max: 1 (max found at subject)
10/03/2026 10:55:02 -- 		 shacl-max: 1
10/03/2026 10:55:02 -- 	N8469607bc8fc4ed7be32abc1d809b0b6 | http://data.europa.eu/eli/ontology#cites > [no object/datatype]
10/03/2026 10:55:02 -- 		 min: 0 (min found at subject)
10/03/2026 10:55:02 -- 		 max: 1 (max found at subject)
10/03/2026 10:55:02 -- 		 shacl-max: 1
10/03/2026 10:55:02 -- 	N1c4dfc2a80f04556b3e8ac5efed556ba | http://www.w3.org/ns/prov#wasGeneratedBy > http://data.vlaanderen.be/ns/besluit#BehandelingVanAgendapunt
10/03/2026 10:55:02 -- 		 min: 1 (min found at subject)
10/03/2026 10:55:02 -- 		 max: 1 (max found at subject)
10/03/2026 10:55:02 -- 		 shacl-min: 1
10/03/2026 10:55:02 -- 		 shacl-max: 1
10/03/2026 10:55:02 -- 	N5d2f9f3b67244c719771c7c2da5f3f30 | http://www.w3.org/ns/prov#value > [no object/datatype]
10/03/2026 10:55:02 -- 		 min: 1 (min found at subject)
10/03/2026 10:55:02 -- 		 max: 6 (max found at subject)
10/03/2026 10:55:02 -- 		 shacl-min: 1
10/03/2026 10:55:02 -- 	Na8147307d00c4e5c9a890802a859144a | http://lblod.data.gift/vocabularies/besluit/extractedDecisionContent > [no object/datatype]
10/03/2026 10:55:02 -- 		 min: 1 (min found at subject)
10/03/2026 10:55:02 -- 		 max: 84 (max found at subject)
10/03/2026 10:55:02 -- 		 shacl-min: 1
10/03/2026 10:55:02 -- 	N12e669b459ad456d8e13c39659dd785a | http://data.vlaanderen.be/ns/besluit#motivering > [no object/datatype]
10/03/2026 10:55:02 -- 		 min: 0 (min found at subject)
10/03/2026 10:55:02 -- 		 max: 2 (max found at subject)
10/03/2026 10:55:02 -- 	N7e0fc65b7ad64501a8a9e087c40fafe4 | http://data.europa.eu/eli/ontology#passed_by > http://data.vlaanderen.be/ns/besluit#Bestuursorgaan
10/03/2026 10:55:02 -- 		 min: 1 (min found at subject)
10/03/2026 10:55:02 -- 		 max: 1 (max found at subject)
10/03/2026 10:55:02 -- 		 shacl-min: 1
10/03/2026 10:55:02 -- 		 shacl-max: 1
10/03/2026 10:55:02 -- 	Nac6080636ed94213b0406c31abec5db1 | http://data.europa.eu/eli/ontology#related_to > http://xmlns.com/foaf/0.1/Document
10/03/2026 10:55:02 -- 		 min: 0 (min found at subject)
10/03/2026 10:55:02 -- 		 max: 7 (max found at subject)
10/03/2026 10:55:02 -- 	N50f26d9ab979454281ea6cb2230e7178 | http://data.europa.eu/eli/ontology#first_date_entry_in_force > [no object/datatype]
10/03/2026 10:55:02 -- 		 min: 0 (min found at subject)
10/03/2026 10:55:02 -- 		 max: 3 (max found at subject)
10/03/2026 10:55:02 -- 	Nabb0bc634b62480490dcc3ec04baa178 | http://data.europa.eu/eli/ontology#has_part > http://data.vlaanderen.be/ns/besluit#Artikel
10/03/2026 10:55:02 -- 		 min: 0 (min found at subject)
10/03/2026 10:55:02 -- 		 max: 3 (max found at subject)
10/03/2026 10:55:02 -- 	Ncb208cb057ee4cfdb96ebc71758e402a | http://www.w3.org/ns/prov#wasDerivedFrom > http://data.vlaanderen.be/ns/mandaat#Mandataris
10/03/2026 10:55:02 -- 		 min: 0 (min found at subject)
10/03/2026 10:55:02 -- 		 max: 3 (max found at subject)
10/03/2026 10:55:02 -- 	Nea44f62138c04e1db2cd77dcc75c4e17 | http://www.w3.org/ns/prov#wasDerivedFrom > http://xmlns.com/foaf/0.1/Document
10/03/2026 10:55:02 -- 		 min: 0 (min found at subject)
10/03/2026 10:55:02 -- 		 max: 3 (max found at subject)
10/03/2026 10:55:02 -- 	N62f39cc2933f492aa82f480dc557257b | http://www.w3.org/ns/prov#wasDerivedFrom > https://data.vlaanderen.be/id/concept/BesluitDocumentType/13fefad6-a9d6-4025-83b5-e4cbee3a8965
10/03/2026 10:55:02 -- 		 min: 0 (min found at subject)
10/03/2026 10:55:02 -- 		 max: 1 (max found at subject)
10/03/2026 10:55:02 -- 		 shacl-max: 1
10/03/2026 10:55:02 -- 	N34775abb48bf4d63afb274dc006a8e64 | http://www.w3.org/ns/prov#wasDerivedFrom > https://data.vlaanderen.be/id/concept/BesluitDocumentType/3fa67785-ffdc-4b30-8880-2b99d97b4dee
10/03/2026 10:55:02 -- 		 min: 0 (min found at subject)
10/03/2026 10:55:02 -- 		 max: 1 (max found at subject)
10/03/2026 10:55:02 -- 		 shacl-max: 1
10/03/2026 10:55:02 -- 	Ndb4f73426fc24671a3007d5f10b46cf7 | http://www.w3.org/ns/prov#wasDerivedFrom > https://data.vlaanderen.be/id/concept/BesluitDocumentType/8e791b27-7600-4577-b24e-c7c29e0eb773
10/03/2026 10:55:02 -- 		 min: 0 (min found at subject)
10/03/2026 10:55:02 -- 		 max: 1 (max found at subject)
10/03/2026 10:55:02 -- 		 shacl-max: 1
10/03/2026 10:55:02 -- 	N011f7d785a384f2da0520cf61fe53679 | http://data.europa.eu/eli/ontology#description > [no object/datatype]
10/03/2026 10:55:02 -- 		 min: 1 (min found at subject)
10/03/2026 10:55:02 -- 		 max: 3 (max found at subject)
10/03/2026 10:55:02 -- 		 shacl-min: 1
10/03/2026 10:55:02 -- 	N0e53d5749d9a4d2dad8ba6018cf625c9 | http://data.europa.eu/eli/ontology#date_no_longer_in_force > [no object/datatype]
10/03/2026 10:55:02 -- 		 min: 0 (min found at subject)
10/03/2026 10:55:02 -- 		 max: 1 (max found at subject)
10/03/2026 10:55:02 -- 		 shacl-max: 1
10/03/2026 10:55:02 -- 	Nf2489394ed8a489c8214070138f4b6ea | http://data.europa.eu/eli/ontology#title > [no object/datatype]
10/03/2026 10:55:02 -- 		 min: 1 (min found at subject)
10/03/2026 10:55:02 -- 		 max: 1 (max found at subject)
10/03/2026 10:55:02 -- 		 shacl-min: 1
10/03/2026 10:55:02 -- 		 shacl-max: 1
10/03/2026 10:55:02 -- 	Nd9501468452f40bd9c51be94503664a4 | http://data.europa.eu/eli/ontology#language > http://www.w3.org/2004/02/skos/core#Concept
10/03/2026 10:55:02 -- 		 min: 1 (min found at subject)
10/03/2026 10:55:02 -- 		 max: 1 (max found at subject)
10/03/2026 10:55:02 -- 		 shacl-min: 1
10/03/2026 10:55:02 -- 		 shacl-max: 1
10/03/2026 10:55:02 -- http://example.com/shapes/89d4cc89-0912-4ac2-bb03-53c7df6971b9 ~ https://data.vlaanderen.be/id/concept/BesluitType/79414af4-4f57-4ca3-aaa4-f8f1e015e71c
10/03/2026 10:55:02 -- 	Ne42b6902e54f4fff84f034388ae62984 | http://data.europa.eu/eli/ontology#related_to > http://xmlns.com/foaf/0.1/Document
10/03/2026 10:55:02 -- 		 min: 0 (min found at subject)
10/03/2026 10:55:02 -- 		 max: 17 (max found at subject)
10/03/2026 10:55:02 -- 	N1275e6e353254816a0cc1d234e6ace62 | http://data.europa.eu/eli/ontology#cites > [no object/datatype]
10/03/2026 10:55:02 -- 		 min: 0 (min found at subject)
10/03/2026 10:55:02 -- 		 max: 1 (max found at subject)
10/03/2026 10:55:02 -- 		 shacl-max: 1
10/03/2026 10:55:02 -- 	Nbe417271546a467888e4ee8e0fe53e04 | http://www.w3.org/ns/prov#wasGeneratedBy > http://data.vlaanderen.be/ns/besluit#BehandelingVanAgendapunt
10/03/2026 10:55:02 -- 		 min: 1 (min found at subject)
10/03/2026 10:55:02 -- 		 max: 1 (max found at subject)
10/03/2026 10:55:02 -- 		 shacl-min: 1
10/03/2026 10:55:02 -- 		 shacl-max: 1
10/03/2026 10:55:02 -- 	Nca6a51d770f14ebabdd35e50a355ca1b | http://data.europa.eu/eli/ontology#description > [no object/datatype]
10/03/2026 10:55:02 -- 		 min: 1 (min found at subject)
10/03/2026 10:55:02 -- 		 max: 3 (max found at subject)
10/03/2026 10:55:02 -- 		 shacl-min: 1
10/03/2026 10:55:02 -- 	N376506d4184d413993f40ea59af2d64a | http://data.europa.eu/eli/ontology#date_publication > [no object/datatype]
10/03/2026 10:55:02 -- 		 min: 1 (min found at subject)
10/03/2026 10:55:02 -- 		 max: 3 (max found at subject)
10/03/2026 10:55:02 -- 		 shacl-min: 1
10/03/2026 10:55:02 -- 	N8c73bc8d91674ee981de351329c89164 | http://data.europa.eu/eli/ontology#passed_by > http://data.vlaanderen.be/ns/besluit#Bestuursorgaan
10/03/2026 10:55:02 -- 		 min: 1 (min found at subject)
10/03/2026 10:55:02 -- 		 max: 1 (max found at subject)
10/03/2026 10:55:02 -- 		 shacl-min: 1
10/03/2026 10:55:02 -- 		 shacl-max: 1
10/03/2026 10:55:02 -- 	N53b97534c7e1443699cb3b05cb27747d | http://data.vlaanderen.be/ns/besluit#motivering > [no object/datatype]
10/03/2026 10:55:02 -- 		 min: 0 (min found at subject)
10/03/2026 10:55:02 -- 		 max: 2 (max found at subject)
10/03/2026 10:55:02 -- 	N1263fd89a6a348dfb9d4ba83a517c325 | http://data.europa.eu/eli/ontology#title_short > [no object/datatype]
10/03/2026 10:55:02 -- 		 min: 0 (min found at subject)
10/03/2026 10:55:02 -- 		 max: 1 (max found at subject)
10/03/2026 10:55:02 -- 		 shacl-max: 1
10/03/2026 10:55:02 -- 	Ndb5afc0cf7874863a0806f544cf96afa | http://data.europa.eu/eli/ontology#language > http://www.w3.org/2004/02/skos/core#Concept
10/03/2026 10:55:02 -- 		 min: 1 (min found at subject)
10/03/2026 10:55:02 -- 		 max: 1 (max found at subject)
10/03/2026 10:55:02 -- 		 shacl-min: 1
10/03/2026 10:55:02 -- 		 shacl-max: 1
10/03/2026 10:55:02 -- 	Nd4ae137b78a84f19b9fb702d8a7cea6f | http://www.w3.org/ns/prov#wasDerivedFrom > http://data.vlaanderen.be/ns/mandaat#Mandataris
10/03/2026 10:55:02 -- 		 min: 0 (min found at subject)
10/03/2026 10:55:02 -- 		 max: 3 (max found at subject)
10/03/2026 10:55:02 -- 	Ncce7324d01ba40b789499a780c40d529 | http://www.w3.org/ns/prov#wasDerivedFrom > http://xmlns.com/foaf/0.1/Document
10/03/2026 10:55:02 -- 		 min: 0 (min found at subject)
10/03/2026 10:55:02 -- 		 max: 3 (max found at subject)
10/03/2026 10:55:02 -- 	Nb7f9fcf96b054d3e9d4e3dd13464cb5c | http://www.w3.org/ns/prov#wasDerivedFrom > https://data.vlaanderen.be/id/concept/BesluitDocumentType/13fefad6-a9d6-4025-83b5-e4cbee3a8965
10/03/2026 10:55:02 -- 		 min: 0 (min found at subject)
10/03/2026 10:55:02 -- 		 max: 1 (max found at subject)
10/03/2026 10:55:02 -- 		 shacl-max: 1
10/03/2026 10:55:02 -- 	Nd36be37338bf46dc8b103d63ca69b587 | http://www.w3.org/ns/prov#wasDerivedFrom > https://data.vlaanderen.be/id/concept/BesluitDocumentType/3fa67785-ffdc-4b30-8880-2b99d97b4dee
10/03/2026 10:55:02 -- 		 min: 0 (min found at subject)
10/03/2026 10:55:02 -- 		 max: 1 (max found at subject)
10/03/2026 10:55:02 -- 		 shacl-max: 1
10/03/2026 10:55:02 -- 	N9564142f3e06421e901bfdfd5440459d | http://www.w3.org/ns/prov#wasDerivedFrom > https://data.vlaanderen.be/id/concept/BesluitDocumentType/8e791b27-7600-4577-b24e-c7c29e0eb773
10/03/2026 10:55:02 -- 		 min: 0 (min found at subject)
10/03/2026 10:55:02 -- 		 max: 1 (max found at subject)
10/03/2026 10:55:02 -- 		 shacl-max: 1
10/03/2026 10:55:02 -- 	Nc8b4b870508e456085081dfb1f73a36b | http://www.w3.org/ns/prov#value > [no object/datatype]
10/03/2026 10:55:02 -- 		 min: 1 (min found at subject)
10/03/2026 10:55:02 -- 		 max: 22 (max found at subject)
10/03/2026 10:55:02 -- 		 shacl-min: 1
10/03/2026 10:55:02 -- 	N228b9c1c0863440dabe6310ccc09c8b9 | http://data.europa.eu/eli/ontology#has_part > http://data.vlaanderen.be/ns/besluit#Artikel
10/03/2026 10:55:02 -- 		 min: 0 (min found at subject)
10/03/2026 10:55:02 -- 		 max: 11 (max found at subject)
10/03/2026 10:55:02 -- 	N8023556326c6406e9cb51729d1c81556 | http://mu.semte.ch/vocabularies/core/uuid > [no object/datatype]
10/03/2026 10:55:02 -- 		 min: 1 (min found at subject)
10/03/2026 10:55:02 -- 		 max: 1 (max found at subject)
10/03/2026 10:55:02 -- 		 shacl-min: 1
10/03/2026 10:55:02 -- 		 shacl-max: 1
10/03/2026 10:55:02 -- 	Nd0a4d01ece7b4cdd9bd58aaee55343f9 | http://data.europa.eu/eli/ontology#title > [no object/datatype]
10/03/2026 10:55:02 -- 		 min: 1 (min found at subject)
10/03/2026 10:55:02 -- 		 max: 1 (max found at subject)
10/03/2026 10:55:02 -- 		 shacl-min: 1
10/03/2026 10:55:02 -- 		 shacl-max: 1
10/03/2026 10:55:02 -- 	N7f935e206cf44b71b555dfc8b89f4ca2 | http://lblod.data.gift/vocabularies/besluit/authenticityType > http://www.w3.org/2004/02/skos/core#Concept
10/03/2026 10:55:02 -- 		 min: 0 (min found at subject)
10/03/2026 10:55:02 -- 		 max: 1 (max found at subject)
10/03/2026 10:55:02 -- 		 shacl-max: 1
10/03/2026 10:55:02 -- 	Nc9f4156eb55740eda0fdcba73551be2d | http://data.europa.eu/eli/ontology#first_date_entry_in_force > [no object/datatype]
10/03/2026 10:55:02 -- 		 min: 0 (min found at subject)
10/03/2026 10:55:02 -- 		 max: 3 (max found at subject)
10/03/2026 10:55:02 -- 	N4bcbe273b55d4d43b1bb68b9ab6456a1 | http://lblod.data.gift/vocabularies/besluit/extractedDecisionContent > [no object/datatype]
10/03/2026 10:55:02 -- 		 min: 1 (min found at subject)
10/03/2026 10:55:02 -- 		 max: 484 (max found at subject)
10/03/2026 10:55:02 -- 		 shacl-min: 1
10/03/2026 10:55:02 -- http://example.com/shapes/0b8d1f20-6b26-4e1c-9934-b8aed51e4243 ~ https://data.vlaanderen.be/id/concept/BesluitType/7d95fd2e-3cc9-4a4c-a58e-0fbc408c2f9b
10/03/2026 10:55:02 -- 	Nfa8719307ae7462591c763885f6f1d9b | http://data.europa.eu/eli/ontology#date_publication > [no object/datatype]
10/03/2026 10:55:02 -- 		 min: 1 (min found at subject)
10/03/2026 10:55:02 -- 		 max: 3 (max found at subject)
10/03/2026 10:55:02 -- 		 shacl-min: 1
10/03/2026 10:55:02 -- 	Nf84d628b82be41c5982676555496baee | http://www.w3.org/ns/prov#wasGeneratedBy > http://data.vlaanderen.be/ns/besluit#BehandelingVanAgendapunt
10/03/2026 10:55:02 -- 		 min: 1 (min found at subject)
10/03/2026 10:55:02 -- 		 max: 1 (max found at subject)
10/03/2026 10:55:02 -- 		 shacl-min: 1
10/03/2026 10:55:02 -- 		 shacl-max: 1
10/03/2026 10:55:02 -- 	N44d2f449b4524ca69f731f97cb556372 | http://data.europa.eu/eli/ontology#title_short > [no object/datatype]
10/03/2026 10:55:02 -- 		 min: 0 (min found at subject)
10/03/2026 10:55:02 -- 		 max: 1 (max found at subject)
10/03/2026 10:55:02 -- 		 shacl-max: 1
10/03/2026 10:55:02 -- 	Nb930f840583d4b61b165580477cfdaab | http://data.europa.eu/eli/ontology#cites > [no object/datatype]
10/03/2026 10:55:02 -- 		 min: 0 (min found at subject)
10/03/2026 10:55:02 -- 		 max: 1 (max found at subject)
10/03/2026 10:55:02 -- 		 shacl-max: 1
10/03/2026 10:55:02 -- 	N980f3f19a1c842d59585e9517ef1c5d1 | http://data.europa.eu/eli/ontology#language > http://www.w3.org/2004/02/skos/core#Concept
10/03/2026 10:55:02 -- 		 min: 1 (min found at subject)
10/03/2026 10:55:02 -- 		 max: 1 (max found at subject)
10/03/2026 10:55:02 -- 		 shacl-min: 1
10/03/2026 10:55:02 -- 		 shacl-max: 1
10/03/2026 10:55:02 -- 	Ncdcb3c45c62e406d8a9192f4a7b01e94 | http://data.europa.eu/eli/ontology#has_part > http://data.vlaanderen.be/ns/besluit#Artikel
10/03/2026 10:55:02 -- 		 min: 0 (min found at subject)
10/03/2026 10:55:02 -- 		 max: 23 (max found at subject)
10/03/2026 10:55:02 -- 	N6b969d52a1934f6eb5f0b62c288fb06b | http://data.europa.eu/eli/ontology#description > [no object/datatype]
10/03/2026 10:55:02 -- 		 min: 1 (min found at subject)
10/03/2026 10:55:02 -- 		 max: 3 (max found at subject)
10/03/2026 10:55:02 -- 		 shacl-min: 1
10/03/2026 10:55:02 -- 	Nb71fe4bf59df4aac9c35782d5a4f6cee | http://www.w3.org/ns/prov#value > [no object/datatype]
10/03/2026 10:55:02 -- 		 min: 1 (min found at subject)
10/03/2026 10:55:02 -- 		 max: 23 (max found at subject)
10/03/2026 10:55:02 -- 		 shacl-min: 1
10/03/2026 10:55:02 -- 	N7493b38f56bf4dd1a75026c9ce0c7f49 | http://data.vlaanderen.be/ns/besluit#citeeropschrift > [no object/datatype]
10/03/2026 10:55:02 -- 		 min: 0 (min found at subject)
10/03/2026 10:55:02 -- 		 max: 1 (max found at subject)
10/03/2026 10:55:02 -- 		 shacl-max: 1
10/03/2026 10:55:02 -- 	N952f00307ed44b08b384856f410687e0 | http://data.vlaanderen.be/ns/besluit#motivering > [no object/datatype]
10/03/2026 10:55:02 -- 		 min: 0 (min found at subject)
10/03/2026 10:55:02 -- 		 max: 2 (max found at subject)
10/03/2026 10:55:02 -- 	Nbac99231df924b13a9fa86127f45e620 | http://data.europa.eu/eli/ontology#title > [no object/datatype]
10/03/2026 10:55:02 -- 		 min: 1 (min found at subject)
10/03/2026 10:55:02 -- 		 max: 1 (max found at subject)
10/03/2026 10:55:02 -- 		 shacl-min: 1
10/03/2026 10:55:02 -- 		 shacl-max: 1
10/03/2026 10:55:02 -- 	N1f0382d4b46242e489375486459c0d61 | http://lblod.data.gift/vocabularies/besluit/extractedDecisionContent > [no object/datatype]
10/03/2026 10:55:02 -- 		 min: 1 (min found at subject)
10/03/2026 10:55:02 -- 		 max: 550 (max found at subject)
10/03/2026 10:55:02 -- 		 shacl-min: 1
10/03/2026 10:55:02 -- 	N3e82688535034346aec809ef037deb49 | http://data.europa.eu/eli/ontology#passed_by > http://data.vlaanderen.be/ns/besluit#Bestuursorgaan
10/03/2026 10:55:02 -- 		 min: 1 (min found at subject)
10/03/2026 10:55:02 -- 		 max: 2 (max found at subject)
10/03/2026 10:55:02 -- 		 shacl-min: 1
10/03/2026 10:55:02 -- 	Necb7d48fecd149f79a7ec6098cc04543 | http://data.europa.eu/eli/ontology#related_to > http://xmlns.com/foaf/0.1/Document
10/03/2026 10:55:02 -- 		 min: 0 (min found at subject)
10/03/2026 10:55:02 -- 		 max: 15 (max found at subject)
10/03/2026 10:55:02 -- 	N35744690efcf40d281157caa0874fd18 | http://data.europa.eu/eli/ontology#first_date_entry_in_force > [no object/datatype]
10/03/2026 10:55:02 -- 		 min: 0 (min found at subject)
10/03/2026 10:55:02 -- 		 max: 3 (max found at subject)
10/03/2026 10:55:02 -- 	N7d3cb62f4a6d4cf9a8bea233354d4e90 | http://mu.semte.ch/vocabularies/core/uuid > [no object/datatype]
10/03/2026 10:55:02 -- 		 min: 1 (min found at subject)
10/03/2026 10:55:02 -- 		 max: 1 (max found at subject)
10/03/2026 10:55:02 -- 		 shacl-min: 1
10/03/2026 10:55:02 -- 		 shacl-max: 1
10/03/2026 10:55:02 -- 	N4954136749ad42048df2a56d32e2020e | http://lblod.data.gift/vocabularies/besluit/authenticityType > http://www.w3.org/2004/02/skos/core#Concept
10/03/2026 10:55:02 -- 		 min: 0 (min found at subject)
10/03/2026 10:55:02 -- 		 max: 1 (max found at subject)
10/03/2026 10:55:02 -- 		 shacl-max: 1
10/03/2026 10:55:02 -- 	N37f6ba81b88340cb99dc37ed9c7d7661 | http://www.w3.org/ns/prov#wasDerivedFrom > http://data.vlaanderen.be/ns/mandaat#Mandataris
10/03/2026 10:55:02 -- 		 min: 0 (min found at subject)
10/03/2026 10:55:02 -- 		 max: 3 (max found at subject)
10/03/2026 10:55:02 -- 	N5f16eb3821d64637bede27f2c6006646 | http://www.w3.org/ns/prov#wasDerivedFrom > http://xmlns.com/foaf/0.1/Document
10/03/2026 10:55:02 -- 		 min: 0 (min found at subject)
10/03/2026 10:55:02 -- 		 max: 3 (max found at subject)
10/03/2026 10:55:02 -- 	Ne108a20a20ae430383760bf9df0ebed8 | http://www.w3.org/ns/prov#wasDerivedFrom > https://data.vlaanderen.be/id/concept/BesluitDocumentType/13fefad6-a9d6-4025-83b5-e4cbee3a8965
10/03/2026 10:55:02 -- 		 min: 0 (min found at subject)
10/03/2026 10:55:02 -- 		 max: 1 (max found at subject)
10/03/2026 10:55:02 -- 		 shacl-max: 1
10/03/2026 10:55:02 -- 	Na27d4b64105d4a18a099b2a8370195ab | http://www.w3.org/ns/prov#wasDerivedFrom > https://data.vlaanderen.be/id/concept/BesluitDocumentType/3fa67785-ffdc-4b30-8880-2b99d97b4dee
10/03/2026 10:55:02 -- 		 min: 0 (min found at subject)
10/03/2026 10:55:02 -- 		 max: 1 (max found at subject)
10/03/2026 10:55:02 -- 		 shacl-max: 1
10/03/2026 10:55:02 -- 	N1e19f177d0ad462dbfb4758a6570d963 | http://www.w3.org/ns/prov#wasDerivedFrom > https://data.vlaanderen.be/id/concept/BesluitDocumentType/8e791b27-7600-4577-b24e-c7c29e0eb773
10/03/2026 10:55:02 -- 		 min: 0 (min found at subject)
10/03/2026 10:55:02 -- 		 max: 1 (max found at subject)
10/03/2026 10:55:02 -- 		 shacl-max: 1
10/03/2026 10:55:02 -- http://example.com/shapes/854554a5-f882-41b4-8e55-0dc8a72da82a ~ https://data.vlaanderen.be/id/concept/BesluitType/84121221-4217-40e3-ada2-cd1379b168e1
10/03/2026 10:55:02 -- 	N6e6cfbaf4a2e47c99f6fdbdd05cf4eaa | http://lblod.data.gift/vocabularies/besluit/extractedDecisionContent > [no object/datatype]
10/03/2026 10:55:02 -- 		 min: 1 (min found at subject)
10/03/2026 10:55:02 -- 		 max: 989 (max found at subject)
10/03/2026 10:55:02 -- 		 shacl-min: 1
10/03/2026 10:55:02 -- 	Ne1ee77a20d734ad8bd0441a3b6bdf1a8 | http://www.w3.org/ns/prov#wasDerivedFrom > http://data.vlaanderen.be/ns/besluit#Bestuurseenheid
10/03/2026 10:55:02 -- 		 min: 0 (min found at subject)
10/03/2026 10:55:02 -- 		 max: 1 (max found at subject)
10/03/2026 10:55:02 -- 		 shacl-max: 1
10/03/2026 10:55:02 -- 	N34a6a3d5b7d54af18918b8ddceb52d02 | http://www.w3.org/ns/prov#wasDerivedFrom > http://data.vlaanderen.be/ns/besluit#Bestuursorgaan
10/03/2026 10:55:02 -- 		 min: 0 (min found at subject)
10/03/2026 10:55:02 -- 		 max: 1 (max found at subject)
10/03/2026 10:55:02 -- 		 shacl-max: 1
10/03/2026 10:55:02 -- 	N68657a0c4e864116af5054524d9a1462 | http://www.w3.org/ns/prov#wasDerivedFrom > http://data.vlaanderen.be/ns/mandaat#Mandataris
10/03/2026 10:55:02 -- 		 min: 0 (min found at subject)
10/03/2026 10:55:02 -- 		 max: 3 (max found at subject)
10/03/2026 10:55:02 -- 	Nb18f958152cd49838cc7606cd71c14f9 | http://www.w3.org/ns/prov#wasDerivedFrom > http://xmlns.com/foaf/0.1/Document
10/03/2026 10:55:02 -- 		 min: 0 (min found at subject)
10/03/2026 10:55:02 -- 		 max: 3 (max found at subject)
10/03/2026 10:55:02 -- 	Ncc3d7d0f1ad442dfb9a7696a25570982 | http://www.w3.org/ns/prov#wasDerivedFrom > https://data.vlaanderen.be/id/concept/BesluitDocumentType/13fefad6-a9d6-4025-83b5-e4cbee3a8965
10/03/2026 10:55:02 -- 		 min: 0 (min found at subject)
10/03/2026 10:55:02 -- 		 max: 1 (max found at subject)
10/03/2026 10:55:02 -- 		 shacl-max: 1
10/03/2026 10:55:02 -- 	N0093a5043aba439b900376ebed6aeb18 | http://www.w3.org/ns/prov#wasDerivedFrom > https://data.vlaanderen.be/id/concept/BesluitDocumentType/3fa67785-ffdc-4b30-8880-2b99d97b4dee
10/03/2026 10:55:02 -- 		 min: 0 (min found at subject)
10/03/2026 10:55:02 -- 		 max: 1 (max found at subject)
10/03/2026 10:55:02 -- 		 shacl-max: 1
10/03/2026 10:55:02 -- 	Ne86b431584bf4d6aa46eee14e1321e87 | http://www.w3.org/ns/prov#wasDerivedFrom > https://data.vlaanderen.be/id/concept/BesluitDocumentType/8e791b27-7600-4577-b24e-c7c29e0eb773
10/03/2026 10:55:02 -- 		 min: 0 (min found at subject)
10/03/2026 10:55:02 -- 		 max: 1 (max found at subject)
10/03/2026 10:55:02 -- 		 shacl-max: 1
10/03/2026 10:55:02 -- 	N221b25a3f64740e09f52ca8600ec0c97 | http://data.europa.eu/eli/ontology#date_no_longer_in_force > [no object/datatype]
10/03/2026 10:55:02 -- 		 min: 0 (min found at subject)
10/03/2026 10:55:02 -- 		 max: 1 (max found at subject)
10/03/2026 10:55:02 -- 		 shacl-max: 1
10/03/2026 10:55:02 -- 	Nbdc3142fabec4187834b96906459de24 | http://data.europa.eu/eli/ontology#date_publication > [no object/datatype]
10/03/2026 10:55:02 -- 		 min: 1 (min found at subject)
10/03/2026 10:55:02 -- 		 max: 3 (max found at subject)
10/03/2026 10:55:02 -- 		 shacl-min: 1
10/03/2026 10:55:02 -- 	Nca91c089c8454deea095bb105dbaa545 | http://data.europa.eu/eli/ontology#first_date_entry_in_force > [no object/datatype]
10/03/2026 10:55:02 -- 		 min: 0 (min found at subject)
10/03/2026 10:55:02 -- 		 max: 3 (max found at subject)
10/03/2026 10:55:02 -- 	N03ac6d3525654e5a82ce501a37f3a9aa | http://data.europa.eu/eli/ontology#cites > [no object/datatype]
10/03/2026 10:55:02 -- 		 min: 0 (min found at subject)
10/03/2026 10:55:02 -- 		 max: 2 (max found at subject)
10/03/2026 10:55:02 -- 	N5c8acf932109453aa53f54c1332ba3e9 | http://data.vlaanderen.be/ns/besluit#noreferrer > [no object/datatype]
10/03/2026 10:55:02 -- 		 min: 0 (min found at subject)
10/03/2026 10:55:02 -- 		 max: 1 (max found at subject)
10/03/2026 10:55:02 -- 		 shacl-max: 1
10/03/2026 10:55:02 -- 	Nc3709adf284947feb71c2d575c7ad628 | http://data.europa.eu/eli/ontology#related_to > http://xmlns.com/foaf/0.1/Document
10/03/2026 10:55:02 -- 		 min: 0 (min found at subject)
10/03/2026 10:55:02 -- 		 max: 15 (max found at subject)
10/03/2026 10:55:02 -- 	Nd0e261f00caf4ffab1295541df1366a8 | http://data.europa.eu/eli/ontology#passed_by > http://data.vlaanderen.be/ns/besluit#Bestuurseenheid
10/03/2026 10:55:02 -- 		 min: 0 (min found at subject)
10/03/2026 10:55:02 -- 		 max: 1 (max found at subject)
10/03/2026 10:55:02 -- 		 shacl-max: 1
10/03/2026 10:55:02 -- 	N263a30f139fe4b6eb75d6f28a08d7694 | http://data.europa.eu/eli/ontology#passed_by > http://data.vlaanderen.be/ns/besluit#Bestuursorgaan
10/03/2026 10:55:02 -- 		 min: 0 (min found at subject)
10/03/2026 10:55:02 -- 		 max: 2 (max found at subject)
10/03/2026 10:55:02 -- 	Nb31b11b536d94abb9d83b2ee6a6d66e2 | http://data.europa.eu/eli/ontology#passed_by > http://data.vlaanderen.be/ns/mandaat#Mandataris
10/03/2026 10:55:02 -- 		 min: 0 (min found at subject)
10/03/2026 10:55:02 -- 		 max: 1 (max found at subject)
10/03/2026 10:55:02 -- 		 shacl-max: 1
10/03/2026 10:55:02 -- 	N3cd7d242dfe84bc0aec5d9aad018757a | http://data.europa.eu/eli/ontology#passed_by > http://xmlns.com/foaf/0.1/Document
10/03/2026 10:55:02 -- 		 min: 0 (min found at subject)
10/03/2026 10:55:02 -- 		 max: 1 (max found at subject)
10/03/2026 10:55:02 -- 		 shacl-max: 1
10/03/2026 10:55:02 -- 	Nef16973d94d547bfa0cf1eb9e732010d | http://data.europa.eu/eli/ontology#passed_by > https://data.vlaanderen.be/id/concept/BesluitDocumentType/13fefad6-a9d6-4025-83b5-e4cbee3a8965
10/03/2026 10:55:02 -- 		 min: 0 (min found at subject)
10/03/2026 10:55:02 -- 		 max: 1 (max found at subject)
10/03/2026 10:55:02 -- 		 shacl-max: 1
10/03/2026 10:55:02 -- 	Nccb47d7d798146ac8014f9085dff2baa | http://www.w3.org/ns/prov#wasGeneratedBy > http://data.vlaanderen.be/ns/besluit#BehandelingVanAgendapunt
10/03/2026 10:55:02 -- 		 min: 1 (min found at subject)
10/03/2026 10:55:02 -- 		 max: 1 (max found at subject)
10/03/2026 10:55:02 -- 		 shacl-min: 1
10/03/2026 10:55:02 -- 		 shacl-max: 1
10/03/2026 10:55:02 -- 	N198338636bde425893d376703b51e491 | http://data.europa.eu/eli/ontology#has_part > http://data.vlaanderen.be/ns/besluit#Artikel
10/03/2026 10:55:02 -- 		 min: 0 (min found at subject)
10/03/2026 10:55:02 -- 		 max: 23 (max found at subject)
10/03/2026 10:55:02 -- 	N3a5232f26f08471ab2f97c46e984af50 | http://data.europa.eu/eli/ontology#title_short > [no object/datatype]
10/03/2026 10:55:02 -- 		 min: 0 (min found at subject)
10/03/2026 10:55:02 -- 		 max: 1 (max found at subject)
10/03/2026 10:55:02 -- 		 shacl-max: 1
10/03/2026 10:55:02 -- 	Neb0367713e2b469d8b4f8d17c316b356 | http://data.vlaanderen.be/ns/besluit#motivering > [no object/datatype]
10/03/2026 10:55:02 -- 		 min: 0 (min found at subject)
10/03/2026 10:55:02 -- 		 max: 3 (max found at subject)
10/03/2026 10:55:02 -- 	N751353bec59d449e823a0fa82b87c510 | http://data.vlaanderen.be/ns/besluit#citeeropschrift > [no object/datatype]
10/03/2026 10:55:02 -- 		 min: 0 (min found at subject)
10/03/2026 10:55:02 -- 		 max: 1 (max found at subject)
10/03/2026 10:55:02 -- 		 shacl-max: 1
10/03/2026 10:55:02 -- 	N124fcb6c000340198b5540ece0954c8c | http://data.europa.eu/eli/ontology#title > [no object/datatype]
10/03/2026 10:55:02 -- 		 min: 1 (min found at subject)
10/03/2026 10:55:02 -- 		 max: 1 (max found at subject)
10/03/2026 10:55:02 -- 		 shacl-min: 1
10/03/2026 10:55:02 -- 		 shacl-max: 1
10/03/2026 10:55:02 -- 	N9930281c80d04ed88013f4cfef29878b | http://data.vlaanderen.be/ns/besluit#noopener > [no object/datatype]
10/03/2026 10:55:02 -- 		 min: 0 (min found at subject)
10/03/2026 10:55:02 -- 		 max: 1 (max found at subject)
10/03/2026 10:55:02 -- 		 shacl-max: 1
10/03/2026 10:55:02 -- 	N7ab62a67b4cf40658ee84a5eca93aeec | http://data.europa.eu/eli/ontology#language > http://www.w3.org/2004/02/skos/core#Concept
10/03/2026 10:55:02 -- 		 min: 1 (min found at subject)
10/03/2026 10:55:02 -- 		 max: 1 (max found at subject)
10/03/2026 10:55:02 -- 		 shacl-min: 1
10/03/2026 10:55:02 -- 		 shacl-max: 1
10/03/2026 10:55:02 -- 	Nc82a2d3bf88445d688471df25a45f241 | http://www.w3.org/ns/prov#value > [no object/datatype]
10/03/2026 10:55:02 -- 		 min: 1 (min found at subject)
10/03/2026 10:55:02 -- 		 max: 46 (max found at subject)
10/03/2026 10:55:02 -- 		 shacl-min: 1
10/03/2026 10:55:02 -- 	Nabcdcb3bc6ba42fea13457f13e8119e6 | http://mu.semte.ch/vocabularies/core/uuid > [no object/datatype]
10/03/2026 10:55:03 -- 		 min: 1 (min found at subject)
10/03/2026 10:55:03 -- 		 max: 1 (max found at subject)
10/03/2026 10:55:03 -- 		 shacl-min: 1
10/03/2026 10:55:03 -- 		 shacl-max: 1
10/03/2026 10:55:03 -- 	Nbf41f744da80410c873aca1c81effbfa | http://data.europa.eu/eli/ontology#description > [no object/datatype]
10/03/2026 10:55:03 -- 		 min: 1 (min found at subject)
10/03/2026 10:55:03 -- 		 max: 4 (max found at subject)
10/03/2026 10:55:03 -- 		 shacl-min: 1
10/03/2026 10:55:03 -- http://example.com/shapes/a9cb0141-8b1b-4723-8833-3a0b317f0a30 ~ https://data.vlaanderen.be/id/concept/BesluitType/849c66c2-ba33-4ac1-a693-be48d8ac7bc7
10/03/2026 10:55:03 -- 	Ne2fd3fefc3854a3f9677d5c42e1dd39d | http://data.europa.eu/eli/ontology#related_to > http://xmlns.com/foaf/0.1/Document
10/03/2026 10:55:03 -- 		 min: 0 (min found at subject)
10/03/2026 10:55:03 -- 		 max: 6 (max found at subject)
10/03/2026 10:55:03 -- 	N3dd4b928210f475e9128e461edc87589 | http://data.europa.eu/eli/ontology#cites > [no object/datatype]
10/03/2026 10:55:03 -- 		 min: 0 (min found at subject)
10/03/2026 10:55:03 -- 		 max: 1 (max found at subject)
10/03/2026 10:55:03 -- 		 shacl-max: 1
10/03/2026 10:55:03 -- 	Ne472386614644ffa8f39d8f473677e41 | http://data.europa.eu/eli/ontology#date_no_longer_in_force > [no object/datatype]
10/03/2026 10:55:03 -- 		 min: 0 (min found at subject)
10/03/2026 10:55:03 -- 		 max: 1 (max found at subject)
10/03/2026 10:55:03 -- 		 shacl-max: 1
10/03/2026 10:55:03 -- 	N32f5429ad6264247b02bbcac40cd5e48 | http://www.w3.org/ns/prov#value > [no object/datatype]
10/03/2026 10:55:03 -- 		 min: 0 (min found at subject)
10/03/2026 10:55:03 -- 		 max: 10 (max found at subject)
10/03/2026 10:55:03 -- 	Na37276ab8e234892aed9c702c06a0412 | http://data.europa.eu/eli/ontology#title_short > [no object/datatype]
10/03/2026 10:55:03 -- 		 min: 0 (min found at subject)
10/03/2026 10:55:03 -- 		 max: 1 (max found at subject)
10/03/2026 10:55:03 -- 		 shacl-max: 1
10/03/2026 10:55:03 -- 	N83b272a43735424b9b6a544ab96372ce | http://data.europa.eu/eli/ontology#title > [no object/datatype]
10/03/2026 10:55:03 -- 		 min: 0 (min found at subject)
10/03/2026 10:55:03 -- 		 max: 1 (max found at subject)
10/03/2026 10:55:03 -- 		 shacl-max: 1
10/03/2026 10:55:03 -- 	N3e8bf0fe0446494f9463d789e61827a5 | http://lblod.data.gift/vocabularies/besluit/authenticityType > http://www.w3.org/2004/02/skos/core#Concept
10/03/2026 10:55:03 -- 		 min: 0 (min found at subject)
10/03/2026 10:55:03 -- 		 max: 1 (max found at subject)
10/03/2026 10:55:03 -- 		 shacl-max: 1
10/03/2026 10:55:03 -- 	Nd9facff8ef1f418684749d61fa4c9ceb | http://data.europa.eu/eli/ontology#date_publication > [no object/datatype]
10/03/2026 10:55:03 -- 		 min: 1 (min found at subject)
10/03/2026 10:55:03 -- 		 max: 3 (max found at subject)
10/03/2026 10:55:03 -- 		 shacl-min: 1
10/03/2026 10:55:03 -- 	Nf452c080f0fe4360a405eee9e6ec58bb | http://data.vlaanderen.be/ns/besluit#motivering > [no object/datatype]
10/03/2026 10:55:03 -- 		 min: 0 (min found at subject)
10/03/2026 10:55:03 -- 		 max: 2 (max found at subject)
10/03/2026 10:55:03 -- 	Nc7e034ad17ae426f9453a199edcb4d8d | http://data.europa.eu/eli/ontology#has_part > http://data.vlaanderen.be/ns/besluit#Artikel
10/03/2026 10:55:03 -- 		 min: 0 (min found at subject)
10/03/2026 10:55:03 -- 		 max: 5 (max found at subject)
10/03/2026 10:55:03 -- 	Nef79ad839ef04300a75678383429698b | http://data.europa.eu/eli/ontology#passed_by > http://data.vlaanderen.be/ns/besluit#Bestuurseenheid
10/03/2026 10:55:03 -- 		 min: 0 (min found at subject)
10/03/2026 10:55:03 -- 		 max: 3 (max found at subject)
10/03/2026 10:55:03 -- 	N545bda3a0883400cb35129b84154a5e1 | http://data.europa.eu/eli/ontology#passed_by > http://data.vlaanderen.be/ns/besluit#Bestuursorgaan
10/03/2026 10:55:03 -- 		 min: 1 (min found at subject)
10/03/2026 10:55:03 -- 		 max: 3 (max found at subject)
10/03/2026 10:55:03 -- 		 shacl-min: 1
10/03/2026 10:55:03 -- 	Nda5cd91f6b1649b0973af4bbac03157b | http://data.europa.eu/eli/ontology#passed_by > http://data.vlaanderen.be/ns/mandaat#Mandataris
10/03/2026 10:55:03 -- 		 min: 0 (min found at subject)
10/03/2026 10:55:03 -- 		 max: 3 (max found at subject)
10/03/2026 10:55:03 -- 	Nf4af69a2e82445169e5faa116750030b | http://data.europa.eu/eli/ontology#passed_by > http://www.w3.org/2004/02/skos/core#Concept
10/03/2026 10:55:03 -- 		 min: 0 (min found at subject)
10/03/2026 10:55:03 -- 		 max: 3 (max found at subject)
10/03/2026 10:55:03 -- 	N017d2b08b85e48b580f1aaf992d1c44a | http://data.europa.eu/eli/ontology#passed_by > http://xmlns.com/foaf/0.1/Document
10/03/2026 10:55:03 -- 		 min: 0 (min found at subject)
10/03/2026 10:55:03 -- 		 max: 3 (max found at subject)
10/03/2026 10:55:03 -- 	N0303d3b19b2f459083e3fb45b81d5b40 | http://data.europa.eu/eli/ontology#passed_by > https://data.vlaanderen.be/id/concept/BesluitDocumentType/13fefad6-a9d6-4025-83b5-e4cbee3a8965
10/03/2026 10:55:03 -- 		 min: 0 (min found at subject)
10/03/2026 10:55:03 -- 		 max: 1 (max found at subject)
10/03/2026 10:55:03 -- 		 shacl-max: 1
10/03/2026 10:55:03 -- 	N5b58fd5a63c24ed1960d1bc9e5ec1223 | http://data.europa.eu/eli/ontology#passed_by > https://data.vlaanderen.be/id/concept/BesluitDocumentType/3fa67785-ffdc-4b30-8880-2b99d97b4dee
10/03/2026 10:55:03 -- 		 min: 0 (min found at subject)
10/03/2026 10:55:03 -- 		 max: 1 (max found at subject)
10/03/2026 10:55:03 -- 		 shacl-max: 1
10/03/2026 10:55:03 -- 	Nfb93d3c7d5b1463994b78934b892570f | http://data.europa.eu/eli/ontology#passed_by > https://data.vlaanderen.be/id/concept/BesluitDocumentType/8e791b27-7600-4577-b24e-c7c29e0eb773
10/03/2026 10:55:03 -- 		 min: 0 (min found at subject)
10/03/2026 10:55:03 -- 		 max: 1 (max found at subject)
10/03/2026 10:55:03 -- 		 shacl-max: 1
10/03/2026 10:55:03 -- 	N016161d8bde04332a7bbaf5335344cb2 | http://www.w3.org/ns/prov#wasGeneratedBy > http://data.vlaanderen.be/ns/besluit#BehandelingVanAgendapunt
10/03/2026 10:55:03 -- 		 min: 0 (min found at subject)
10/03/2026 10:55:03 -- 		 max: 1 (max found at subject)
10/03/2026 10:55:03 -- 		 shacl-max: 1
10/03/2026 10:55:03 -- 	Ne6a0f1451e4c410d9d5314e6e2ba3671 | http://mu.semte.ch/vocabularies/core/uuid > [no object/datatype]
10/03/2026 10:55:03 -- 		 min: 1 (min found at subject)
10/03/2026 10:55:03 -- 		 max: 1 (max found at subject)
10/03/2026 10:55:03 -- 		 shacl-min: 1
10/03/2026 10:55:03 -- 		 shacl-max: 1
10/03/2026 10:55:03 -- 	N337812b0fac94bf8b7c77c5b46e96f94 | http://www.w3.org/ns/prov#wasDerivedFrom > http://data.vlaanderen.be/ns/besluit#Bestuurseenheid
10/03/2026 10:55:03 -- 		 min: 0 (min found at subject)
10/03/2026 10:55:03 -- 		 max: 3 (max found at subject)
10/03/2026 10:55:03 -- 	N4ffd9da629a3439a98d1bbdb2071482b | http://www.w3.org/ns/prov#wasDerivedFrom > http://data.vlaanderen.be/ns/besluit#Bestuursorgaan
10/03/2026 10:55:03 -- 		 min: 0 (min found at subject)
10/03/2026 10:55:03 -- 		 max: 3 (max found at subject)
10/03/2026 10:55:03 -- 	Nd29fcb1e16124b2a8f4a0570f2d0957d | http://www.w3.org/ns/prov#wasDerivedFrom > http://data.vlaanderen.be/ns/mandaat#Mandataris
10/03/2026 10:55:03 -- 		 min: 0 (min found at subject)
10/03/2026 10:55:03 -- 		 max: 3 (max found at subject)
10/03/2026 10:55:03 -- 	N3eea203de4f74f0189eff474c667bbe7 | http://www.w3.org/ns/prov#wasDerivedFrom > http://www.w3.org/2004/02/skos/core#Concept
10/03/2026 10:55:03 -- 		 min: 0 (min found at subject)
10/03/2026 10:55:03 -- 		 max: 3 (max found at subject)
10/03/2026 10:55:03 -- 	N93917679f0bc4c9f8011e628ef64f85a | http://www.w3.org/ns/prov#wasDerivedFrom > http://xmlns.com/foaf/0.1/Document
10/03/2026 10:55:03 -- 		 min: 0 (min found at subject)
10/03/2026 10:55:03 -- 		 max: 3 (max found at subject)
10/03/2026 10:55:03 -- 	N7e4c5cfacac84c09b90d599a45b5fad5 | http://www.w3.org/ns/prov#wasDerivedFrom > https://data.vlaanderen.be/id/concept/BesluitDocumentType/13fefad6-a9d6-4025-83b5-e4cbee3a8965
10/03/2026 10:55:03 -- 		 min: 0 (min found at subject)
10/03/2026 10:55:03 -- 		 max: 1 (max found at subject)
10/03/2026 10:55:03 -- 		 shacl-max: 1
10/03/2026 10:55:03 -- 	Ne2c1c518eb434bfc9c2f48195245040a | http://www.w3.org/ns/prov#wasDerivedFrom > https://data.vlaanderen.be/id/concept/BesluitDocumentType/3fa67785-ffdc-4b30-8880-2b99d97b4dee
10/03/2026 10:55:03 -- 		 min: 0 (min found at subject)
10/03/2026 10:55:03 -- 		 max: 1 (max found at subject)
10/03/2026 10:55:03 -- 		 shacl-max: 1
10/03/2026 10:55:03 -- 	N2973d15a765340c1ac7c9f368c337416 | http://www.w3.org/ns/prov#wasDerivedFrom > https://data.vlaanderen.be/id/concept/BesluitDocumentType/8e791b27-7600-4577-b24e-c7c29e0eb773
10/03/2026 10:55:03 -- 		 min: 0 (min found at subject)
10/03/2026 10:55:03 -- 		 max: 1 (max found at subject)
10/03/2026 10:55:03 -- 		 shacl-max: 1
10/03/2026 10:55:03 -- 	Nb9e4ec55e1fe43c188310bb197e04945 | http://lblod.data.gift/vocabularies/besluit/extractedDecisionContent > [no object/datatype]
10/03/2026 10:55:03 -- 		 min: 0 (min found at subject)
10/03/2026 10:55:03 -- 		 max: 220 (max found at subject)
10/03/2026 10:55:03 -- 	N2af8919e356b402396e0e7cde671e076 | http://data.europa.eu/eli/ontology#description > [no object/datatype]
10/03/2026 10:55:03 -- 		 min: 0 (min found at subject)
10/03/2026 10:55:03 -- 		 max: 3 (max found at subject)
10/03/2026 10:55:03 -- 	N55bb3840943c4cd9802f9b0a02f3b3e9 | http://data.europa.eu/eli/ontology#language > http://www.w3.org/2004/02/skos/core#Concept
10/03/2026 10:55:03 -- 		 min: 0 (min found at subject)
10/03/2026 10:55:03 -- 		 max: 1 (max found at subject)
10/03/2026 10:55:03 -- 		 shacl-max: 1
10/03/2026 10:55:03 -- 	N96ed95cb63c148e491fe855606226228 | http://data.europa.eu/eli/ontology#first_date_entry_in_force > [no object/datatype]
10/03/2026 10:55:03 -- 		 min: 0 (min found at subject)
10/03/2026 10:55:03 -- 		 max: 3 (max found at subject)
10/03/2026 10:55:03 -- 	Nd67c6b3af69d465794fea2578ef38fa2 | http://data.vlaanderen.be/ns/besluit#citeeropschrift > [no object/datatype]
10/03/2026 10:55:03 -- 		 min: 0 (min found at subject)
10/03/2026 10:55:03 -- 		 max: 1 (max found at subject)
10/03/2026 10:55:03 -- 		 shacl-max: 1
10/03/2026 10:55:03 -- http://example.com/shapes/16bf9b1d-2290-4afe-8d57-e407b8ec783e ~ https://data.vlaanderen.be/id/concept/BesluitType/8597e056-b96d-4213-ad4c-37338f2aaf35
10/03/2026 10:55:03 -- 	N6d2b7b352791405a905f4fdaf4476617 | http://data.vlaanderen.be/ns/besluit#citeeropschrift > [no object/datatype]
10/03/2026 10:55:03 -- 		 min: 0 (min found at subject)
10/03/2026 10:55:03 -- 		 max: 1 (max found at subject)
10/03/2026 10:55:03 -- 		 shacl-max: 1
10/03/2026 10:55:03 -- 	Nd11996358642472fa3ffd6bfd8bf7732 | http://lblod.data.gift/vocabularies/besluit/hasAdditionalTaxRate > [no object/datatype]
10/03/2026 10:55:03 -- 		 min: 0 (min found at subject)
10/03/2026 10:55:03 -- 		 max: 1 (max found at subject)
10/03/2026 10:55:03 -- 		 shacl-max: 1
10/03/2026 10:55:03 -- 	N75cf9248992143daab4664936c521182 | http://data.europa.eu/eli/ontology#has_part > http://data.vlaanderen.be/ns/besluit#Artikel
10/03/2026 10:55:03 -- 		 min: 0 (min found at subject)
10/03/2026 10:55:03 -- 		 max: 21 (max found at subject)
10/03/2026 10:55:03 -- 	N7c8c34154cc9416b800b0e1b9cc2b2b8 | http://data.europa.eu/eli/ontology#description > [no object/datatype]
10/03/2026 10:55:03 -- 		 min: 1 (min found at subject)
10/03/2026 10:55:03 -- 		 max: 3 (max found at subject)
10/03/2026 10:55:03 -- 		 shacl-min: 1
10/03/2026 10:55:03 -- 	Nb7cd626c2c2f4a16b21d321ab3756b50 | http://data.europa.eu/eli/ontology#language > http://www.w3.org/2004/02/skos/core#Concept
10/03/2026 10:55:03 -- 		 min: 1 (min found at subject)
10/03/2026 10:55:03 -- 		 max: 1 (max found at subject)
10/03/2026 10:55:03 -- 		 shacl-min: 1
10/03/2026 10:55:03 -- 		 shacl-max: 1
10/03/2026 10:55:03 -- 	Nd9ce738a97a24c70bd98bae65e2eb9ba | http://data.europa.eu/eli/ontology#first_date_entry_in_force > [no object/datatype]
10/03/2026 10:55:03 -- 		 min: 0 (min found at subject)
10/03/2026 10:55:03 -- 		 max: 3 (max found at subject)
10/03/2026 10:55:03 -- 	Nee46627a15334dc38ef742d3d1d7434e | http://data.europa.eu/eli/ontology#passed_by > http://data.vlaanderen.be/ns/besluit#Bestuursorgaan
10/03/2026 10:55:03 -- 		 min: 1 (min found at subject)
10/03/2026 10:55:03 -- 		 max: 1 (max found at subject)
10/03/2026 10:55:03 -- 		 shacl-min: 1
10/03/2026 10:55:03 -- 		 shacl-max: 1
10/03/2026 10:55:03 -- 	Ne6192270752048a3829cc5d2465007ce | http://lblod.data.gift/vocabularies/besluit/chartOfAccount > http://www.w3.org/2004/02/skos/core#Concept
10/03/2026 10:55:03 -- 		 min: 0 (min found at subject)
10/03/2026 10:55:03 -- 		 max: 1 (max found at subject)
10/03/2026 10:55:03 -- 		 shacl-max: 1
10/03/2026 10:55:03 -- 	N001f02c42ca24490b7c447b92edb2c12 | http://data.europa.eu/eli/ontology#cites > [no object/datatype]
10/03/2026 10:55:03 -- 		 min: 0 (min found at subject)
10/03/2026 10:55:03 -- 		 max: 1 (max found at subject)
10/03/2026 10:55:03 -- 		 shacl-max: 1
10/03/2026 10:55:03 -- 	Nc29d4d017af24782bd91b85292309b79 | http://data.europa.eu/eli/ontology#related_to > http://xmlns.com/foaf/0.1/Document
10/03/2026 10:55:03 -- 		 min: 0 (min found at subject)
10/03/2026 10:55:03 -- 		 max: 20 (max found at subject)
10/03/2026 10:55:03 -- 	Nc2d8c7841a884469bdb9898b93dbe320 | http://data.europa.eu/eli/ontology#title > [no object/datatype]
10/03/2026 10:55:03 -- 		 min: 1 (min found at subject)
10/03/2026 10:55:03 -- 		 max: 2 (max found at subject)
10/03/2026 10:55:03 -- 		 shacl-min: 1
10/03/2026 10:55:03 -- 	Ndbb4f19183484724b999be48807ed04d | http://www.w3.org/ns/prov#wasGeneratedBy > http://data.vlaanderen.be/ns/besluit#BehandelingVanAgendapunt
10/03/2026 10:55:03 -- 		 min: 1 (min found at subject)
10/03/2026 10:55:03 -- 		 max: 1 (max found at subject)
10/03/2026 10:55:03 -- 		 shacl-min: 1
10/03/2026 10:55:03 -- 		 shacl-max: 1
10/03/2026 10:55:03 -- 	Na4f4b6b1f6a540faab3a552b2ac81adf | http://lblod.data.gift/vocabularies/besluit/extractedDecisionContent > [no object/datatype]
10/03/2026 10:55:03 -- 		 min: 1 (min found at subject)
10/03/2026 10:55:03 -- 		 max: 430 (max found at subject)
10/03/2026 10:55:03 -- 		 shacl-min: 1
10/03/2026 10:55:03 -- 	Nac2c9fcbe22a49d9afd45051f06385a9 | http://data.vlaanderen.be/ns/besluit#motivering > [no object/datatype]
10/03/2026 10:55:03 -- 		 min: 0 (min found at subject)
10/03/2026 10:55:03 -- 		 max: 3 (max found at subject)
10/03/2026 10:55:03 -- 	N167c0cd5bcbe4f3c9cd02266239251f1 | http://www.w3.org/ns/prov#value > [no object/datatype]
10/03/2026 10:55:03 -- 		 min: 1 (min found at subject)
10/03/2026 10:55:03 -- 		 max: 42 (max found at subject)
10/03/2026 10:55:03 -- 		 shacl-min: 1
10/03/2026 10:55:03 -- 	Nafa5b71a88cd47d98c352bf648d0bc69 | http://data.europa.eu/eli/ontology#date_no_longer_in_force > [no object/datatype]
10/03/2026 10:55:03 -- 		 min: 0 (min found at subject)
10/03/2026 10:55:03 -- 		 max: 1 (max found at subject)
10/03/2026 10:55:03 -- 		 shacl-max: 1
10/03/2026 10:55:03 -- 	Nb1a35bb1af324b71864e0316b3d7d893 | http://data.europa.eu/eli/ontology#title_short > [no object/datatype]
10/03/2026 10:55:03 -- 		 min: 0 (min found at subject)
10/03/2026 10:55:03 -- 		 max: 2 (max found at subject)
10/03/2026 10:55:03 -- 	N65519169a7a241d1b234c4e116621d93 | http://mu.semte.ch/vocabularies/core/uuid > [no object/datatype]
10/03/2026 10:55:03 -- 		 min: 1 (min found at subject)
10/03/2026 10:55:03 -- 		 max: 1 (max found at subject)
10/03/2026 10:55:03 -- 		 shacl-min: 1
10/03/2026 10:55:03 -- 		 shacl-max: 1
10/03/2026 10:55:03 -- 	Nc5219aff762b439fb0b552adcff1e376 | http://lblod.data.gift/vocabularies/besluit/taxRate > [no object/datatype]
10/03/2026 10:55:03 -- 		 min: 0 (min found at subject)
10/03/2026 10:55:03 -- 		 max: 1 (max found at subject)
10/03/2026 10:55:03 -- 		 shacl-max: 1
10/03/2026 10:55:03 -- 	N9138653ca51147bab2ca33661f3da3bc | http://data.europa.eu/eli/ontology#date_publication > [no object/datatype]
10/03/2026 10:55:03 -- 		 min: 1 (min found at subject)
10/03/2026 10:55:03 -- 		 max: 3 (max found at subject)
10/03/2026 10:55:03 -- 		 shacl-min: 1
10/03/2026 10:55:03 -- 	N7ca789d1368a48fa8c5c74b400eade2e | http://www.w3.org/ns/prov#wasDerivedFrom > http://data.vlaanderen.be/ns/mandaat#Mandataris
10/03/2026 10:55:03 -- 		 min: 0 (min found at subject)
10/03/2026 10:55:03 -- 		 max: 3 (max found at subject)
10/03/2026 10:55:03 -- 	N7482fd3a1f654d4993260df2a8056ae0 | http://www.w3.org/ns/prov#wasDerivedFrom > http://xmlns.com/foaf/0.1/Document
10/03/2026 10:55:03 -- 		 min: 0 (min found at subject)
10/03/2026 10:55:03 -- 		 max: 3 (max found at subject)
10/03/2026 10:55:03 -- 	N16c0a6a1bc094bc99b94924a700f926d | http://www.w3.org/ns/prov#wasDerivedFrom > https://data.vlaanderen.be/id/concept/BesluitDocumentType/13fefad6-a9d6-4025-83b5-e4cbee3a8965
10/03/2026 10:55:03 -- 		 min: 0 (min found at subject)
10/03/2026 10:55:03 -- 		 max: 1 (max found at subject)
10/03/2026 10:55:03 -- 		 shacl-max: 1
10/03/2026 10:55:03 -- 	Nadef42a1abd5403d854ecd79c48d4e21 | http://www.w3.org/ns/prov#wasDerivedFrom > https://data.vlaanderen.be/id/concept/BesluitDocumentType/3fa67785-ffdc-4b30-8880-2b99d97b4dee
10/03/2026 10:55:03 -- 		 min: 0 (min found at subject)
10/03/2026 10:55:03 -- 		 max: 1 (max found at subject)
10/03/2026 10:55:03 -- 		 shacl-max: 1
10/03/2026 10:55:03 -- 	N8ee1350a577a464aba8d6b9fa24cdfcf | http://www.w3.org/ns/prov#wasDerivedFrom > https://data.vlaanderen.be/id/concept/BesluitDocumentType/8e791b27-7600-4577-b24e-c7c29e0eb773
10/03/2026 10:55:03 -- 		 min: 0 (min found at subject)
10/03/2026 10:55:03 -- 		 max: 1 (max found at subject)
10/03/2026 10:55:03 -- 		 shacl-max: 1
10/03/2026 10:55:03 -- http://example.com/shapes/d7a96723-9bea-471d-aa30-36a94c2d6069 ~ https://data.vlaanderen.be/id/concept/BesluitType/8e791b27-7600-4577-b24e-c7c29e0eb773
10/03/2026 10:55:03 -- 	Na2c4fc55124d4e3a864fe77cda135a20 | http://data.europa.eu/eli/ontology#has_part > http://data.vlaanderen.be/ns/besluit#Artikel
10/03/2026 10:55:03 -- 		 min: 3 (min found at subject)
10/03/2026 10:55:03 -- 		 max: 3 (max found at subject)
10/03/2026 10:55:03 -- 		 shacl-min: 3
10/03/2026 10:55:03 -- 	N2d1b08f83a934d31a16164cfd0e70c4a | http://data.europa.eu/eli/ontology#passed_by > http://data.vlaanderen.be/ns/besluit#Bestuursorgaan
10/03/2026 10:55:03 -- 		 min: 1 (min found at subject)
10/03/2026 10:55:03 -- 		 max: 1 (max found at subject)
10/03/2026 10:55:03 -- 		 shacl-min: 1
10/03/2026 10:55:03 -- 		 shacl-max: 1
10/03/2026 10:55:03 -- 	N3b0f74230911443eba3fe2ab49f70395 | http://data.europa.eu/eli/ontology#title > [no object/datatype]
10/03/2026 10:55:03 -- 		 min: 1 (min found at subject)
10/03/2026 10:55:03 -- 		 max: 1 (max found at subject)
10/03/2026 10:55:03 -- 		 shacl-min: 1
10/03/2026 10:55:03 -- 		 shacl-max: 1
10/03/2026 10:55:03 -- 	Nf798758ac0c54dd18e46d05c1a4db28a | http://www.w3.org/ns/prov#wasGeneratedBy > http://data.vlaanderen.be/ns/besluit#BehandelingVanAgendapunt
10/03/2026 10:55:03 -- 		 min: 1 (min found at subject)
10/03/2026 10:55:03 -- 		 max: 1 (max found at subject)
10/03/2026 10:55:03 -- 		 shacl-min: 1
10/03/2026 10:55:03 -- 		 shacl-max: 1
10/03/2026 10:55:03 -- 	N5de7379ee6314fe3bab08bc6ba3c4371 | http://data.europa.eu/eli/ontology#description > [no object/datatype]
10/03/2026 10:55:03 -- 		 min: 1 (min found at subject)
10/03/2026 10:55:03 -- 		 max: 1 (max found at subject)
10/03/2026 10:55:03 -- 		 shacl-min: 1
10/03/2026 10:55:03 -- 		 shacl-max: 1
10/03/2026 10:55:03 -- 	N64be3ffeb37c42738625d43401db9693 | http://mu.semte.ch/vocabularies/core/uuid > [no object/datatype]
10/03/2026 10:55:03 -- 		 min: 1 (min found at subject)
10/03/2026 10:55:03 -- 		 max: 1 (max found at subject)
10/03/2026 10:55:03 -- 		 shacl-min: 1
10/03/2026 10:55:03 -- 		 shacl-max: 1
10/03/2026 10:55:03 -- 	N465a1347b8da41e3b6ce9bdae8fa26b0 | http://data.vlaanderen.be/ns/besluit#motivering > [no object/datatype]
10/03/2026 10:55:03 -- 		 min: 2 (min found at subject)
10/03/2026 10:55:03 -- 		 max: 2 (max found at subject)
10/03/2026 10:55:03 -- 		 shacl-min: 2
10/03/2026 10:55:03 -- 	Nd3e12796a99c4abfb6250333f582e0e8 | http://lblod.data.gift/vocabularies/besluit/extractedDecisionContent > [no object/datatype]
10/03/2026 10:55:03 -- 		 min: 39 (min found at subject)
10/03/2026 10:55:03 -- 		 max: 39 (max found at subject)
10/03/2026 10:55:03 -- 		 shacl-min: 39
10/03/2026 10:55:03 -- 	Ndf874d67065747d7a3ae16c5303a9da2 | http://data.europa.eu/eli/ontology#title_short > [no object/datatype]
10/03/2026 10:55:03 -- 		 min: 1 (min found at subject)
10/03/2026 10:55:03 -- 		 max: 1 (max found at subject)
10/03/2026 10:55:03 -- 		 shacl-min: 1
10/03/2026 10:55:03 -- 		 shacl-max: 1
10/03/2026 10:55:03 -- 	Ncfe08a48d68d4fdbb6af51e915386668 | http://data.europa.eu/eli/ontology#language > http://www.w3.org/2004/02/skos/core#Concept
10/03/2026 10:55:03 -- 		 min: 1 (min found at subject)
10/03/2026 10:55:03 -- 		 max: 1 (max found at subject)
10/03/2026 10:55:03 -- 		 shacl-min: 1
10/03/2026 10:55:03 -- 		 shacl-max: 1
10/03/2026 10:55:03 -- 	N1c798850d5914a14942c5535a8345f46 | http://www.w3.org/ns/prov#value > [no object/datatype]
10/03/2026 10:55:03 -- 		 min: 6 (min found at subject)
10/03/2026 10:55:03 -- 		 max: 6 (max found at subject)
10/03/2026 10:55:03 -- 		 shacl-min: 6
10/03/2026 10:55:03 -- 	N18ef679f8fa34290a823335b437b58cd | http://data.europa.eu/eli/ontology#date_publication > [no object/datatype]
10/03/2026 10:55:03 -- 		 min: 1 (min found at subject)
10/03/2026 10:55:03 -- 		 max: 1 (max found at subject)
10/03/2026 10:55:03 -- 		 shacl-min: 1
10/03/2026 10:55:03 -- 		 shacl-max: 1
10/03/2026 10:55:03 -- 	N56179ebb31d94ef9b39029152638d1e8 | http://data.europa.eu/eli/ontology#related_to > http://xmlns.com/foaf/0.1/Document
10/03/2026 10:55:03 -- 		 min: 1 (min found at subject)
10/03/2026 10:55:03 -- 		 max: 1 (max found at subject)
10/03/2026 10:55:03 -- 		 shacl-min: 1
10/03/2026 10:55:03 -- 		 shacl-max: 1
10/03/2026 10:55:03 -- 	Ne35695b75cf54c32bb024192c9baef36 | http://lblod.data.gift/vocabularies/besluit/authenticityType > http://www.w3.org/2004/02/skos/core#Concept
10/03/2026 10:55:03 -- 		 min: 1 (min found at subject)
10/03/2026 10:55:03 -- 		 max: 1 (max found at subject)
10/03/2026 10:55:03 -- 		 shacl-min: 1
10/03/2026 10:55:03 -- 		 shacl-max: 1
10/03/2026 10:55:03 -- 	N7b3a2ccb61c14164a68a75f580848b7c | http://www.w3.org/ns/prov#wasDerivedFrom > [no object/datatype]
10/03/2026 10:55:03 -- 		 min: 2 (min found at subject)
10/03/2026 10:55:03 -- 		 max: 2 (max found at subject)
10/03/2026 10:55:03 -- 		 shacl-min: 2
10/03/2026 10:55:03 -- http://example.com/shapes/8f2fddea-6ef8-44c8-8cac-f1049d48880f ~ https://data.vlaanderen.be/id/concept/BesluitType/9a02d21f-fdc4-455e-8892-c2ae1d33759a
10/03/2026 10:55:03 -- 	N806a6719422b44ef98c015a642505b95 | http://data.europa.eu/eli/ontology#passed_by > http://data.vlaanderen.be/ns/besluit#Bestuursorgaan
10/03/2026 10:55:03 -- 		 min: 1 (min found at subject)
10/03/2026 10:55:03 -- 		 max: 1 (max found at subject)
10/03/2026 10:55:03 -- 		 shacl-min: 1
10/03/2026 10:55:03 -- 		 shacl-max: 1
10/03/2026 10:55:03 -- 	N5a18f08eee95467181ed1697406f564f | http://www.w3.org/ns/prov#wasGeneratedBy > http://data.vlaanderen.be/ns/besluit#BehandelingVanAgendapunt
10/03/2026 10:55:03 -- 		 min: 1 (min found at subject)
10/03/2026 10:55:03 -- 		 max: 1 (max found at subject)
10/03/2026 10:55:03 -- 		 shacl-min: 1
10/03/2026 10:55:03 -- 		 shacl-max: 1
10/03/2026 10:55:03 -- 	N88a350a59c974abf9e91af417aa7d3d0 | http://data.europa.eu/eli/ontology#title > [no object/datatype]
10/03/2026 10:55:03 -- 		 min: 1 (min found at subject)
10/03/2026 10:55:03 -- 		 max: 1 (max found at subject)
10/03/2026 10:55:03 -- 		 shacl-min: 1
10/03/2026 10:55:03 -- 		 shacl-max: 1
10/03/2026 10:55:03 -- 	N47dcea37fb254a7ea3875a2521e916d4 | http://data.europa.eu/eli/ontology#description > [no object/datatype]
10/03/2026 10:55:03 -- 		 min: 1 (min found at subject)
10/03/2026 10:55:03 -- 		 max: 1 (max found at subject)
10/03/2026 10:55:03 -- 		 shacl-min: 1
10/03/2026 10:55:03 -- 		 shacl-max: 1
10/03/2026 10:55:03 -- 	N6eb9f9346afd4006ad06a0b93205e049 | http://data.vlaanderen.be/ns/besluit#motivering > [no object/datatype]
10/03/2026 10:55:03 -- 		 min: 2 (min found at subject)
10/03/2026 10:55:03 -- 		 max: 2 (max found at subject)
10/03/2026 10:55:03 -- 		 shacl-min: 2
10/03/2026 10:55:03 -- 	Ncb20ceca3052424eb2751fc636ebbfe2 | http://lblod.data.gift/vocabularies/besluit/authenticityType > http://www.w3.org/2004/02/skos/core#Concept
10/03/2026 10:55:03 -- 		 min: 1 (min found at subject)
10/03/2026 10:55:03 -- 		 max: 1 (max found at subject)
10/03/2026 10:55:03 -- 		 shacl-min: 1
10/03/2026 10:55:03 -- 		 shacl-max: 1
10/03/2026 10:55:03 -- 	N0a3019827ed54027b2c1260642074647 | http://www.w3.org/ns/prov#value > [no object/datatype]
10/03/2026 10:55:03 -- 		 min: 2 (min found at subject)
10/03/2026 10:55:03 -- 		 max: 2 (max found at subject)
10/03/2026 10:55:03 -- 		 shacl-min: 2
10/03/2026 10:55:03 -- 	N82f3e03f870a4317bf8d3fab50e366d3 | http://www.w3.org/ns/prov#wasDerivedFrom > [no object/datatype]
10/03/2026 10:55:03 -- 		 min: 2 (min found at subject)
10/03/2026 10:55:03 -- 		 max: 2 (max found at subject)
10/03/2026 10:55:03 -- 		 shacl-min: 2
10/03/2026 10:55:03 -- 	N77cc5002196f42cf9b8f761220c28af8 | http://data.europa.eu/eli/ontology#has_part > http://data.vlaanderen.be/ns/besluit#Artikel
10/03/2026 10:55:03 -- 		 min: 1 (min found at subject)
10/03/2026 10:55:03 -- 		 max: 1 (max found at subject)
10/03/2026 10:55:03 -- 		 shacl-min: 1
10/03/2026 10:55:03 -- 		 shacl-max: 1
10/03/2026 10:55:03 -- 	N1dc421a2418c4e69a11ae3c3de540963 | http://data.europa.eu/eli/ontology#language > http://www.w3.org/2004/02/skos/core#Concept
10/03/2026 10:55:03 -- 		 min: 1 (min found at subject)
10/03/2026 10:55:03 -- 		 max: 1 (max found at subject)
10/03/2026 10:55:03 -- 		 shacl-min: 1
10/03/2026 10:55:03 -- 		 shacl-max: 1
10/03/2026 10:55:03 -- 	N44c15e6a347847058781c6ac8a52e03b | http://data.europa.eu/eli/ontology#title_short > [no object/datatype]
10/03/2026 10:55:03 -- 		 min: 1 (min found at subject)
10/03/2026 10:55:03 -- 		 max: 1 (max found at subject)
10/03/2026 10:55:03 -- 		 shacl-min: 1
10/03/2026 10:55:03 -- 		 shacl-max: 1
10/03/2026 10:55:03 -- 	N47291d24ffff47e89b165c2f54f0ec9f | http://mu.semte.ch/vocabularies/core/uuid > [no object/datatype]
10/03/2026 10:55:03 -- 		 min: 1 (min found at subject)
10/03/2026 10:55:03 -- 		 max: 1 (max found at subject)
10/03/2026 10:55:03 -- 		 shacl-min: 1
10/03/2026 10:55:03 -- 		 shacl-max: 1
10/03/2026 10:55:03 -- 	N8fb5b49ce8174709a34ea51c9bf8ec54 | http://lblod.data.gift/vocabularies/besluit/extractedDecisionContent > [no object/datatype]
10/03/2026 10:55:03 -- 		 min: 39 (min found at subject)
10/03/2026 10:55:03 -- 		 max: 39 (max found at subject)
10/03/2026 10:55:03 -- 		 shacl-min: 39
10/03/2026 10:55:03 -- 	N402d48a988a24aa5baff80ebedc21f20 | http://data.europa.eu/eli/ontology#date_publication > [no object/datatype]
10/03/2026 10:55:03 -- 		 min: 2 (min found at subject)
10/03/2026 10:55:03 -- 		 max: 2 (max found at subject)
10/03/2026 10:55:03 -- 		 shacl-min: 2
10/03/2026 10:55:03 -- http://example.com/shapes/f04a09f9-7a2c-4410-bc51-328f25a29e4c ~ https://data.vlaanderen.be/id/concept/BesluitType/9d5bfaca-bbf2-49dd-a830-769f91a6377b
10/03/2026 10:55:03 -- 	N39068e4e64754cc4aac281a373d4ffee | http://data.europa.eu/eli/ontology#has_part > http://data.vlaanderen.be/ns/besluit#Artikel
10/03/2026 10:55:03 -- 		 min: 1 (min found at subject)
10/03/2026 10:55:03 -- 		 max: 1 (max found at subject)
10/03/2026 10:55:03 -- 		 shacl-min: 1
10/03/2026 10:55:03 -- 		 shacl-max: 1
10/03/2026 10:55:03 -- 	N7337c2268da3400cb07048f71589d7a5 | http://www.w3.org/ns/prov#value > [no object/datatype]
10/03/2026 10:55:03 -- 		 min: 2 (min found at subject)
10/03/2026 10:55:03 -- 		 max: 2 (max found at subject)
10/03/2026 10:55:03 -- 		 shacl-min: 2
10/03/2026 10:55:03 -- 	N574c410059474e54aa2e6b0ac3da1f1f | http://data.europa.eu/eli/ontology#description > [no object/datatype]
10/03/2026 10:55:03 -- 		 min: 1 (min found at subject)
10/03/2026 10:55:03 -- 		 max: 1 (max found at subject)
10/03/2026 10:55:03 -- 		 shacl-min: 1
10/03/2026 10:55:03 -- 		 shacl-max: 1
10/03/2026 10:55:03 -- 	Nb60656ba355045d986a1e3543cf94a44 | http://data.europa.eu/eli/ontology#related_to > http://xmlns.com/foaf/0.1/Document
10/03/2026 10:55:03 -- 		 min: 2 (min found at subject)
10/03/2026 10:55:03 -- 		 max: 2 (max found at subject)
10/03/2026 10:55:03 -- 		 shacl-min: 2
10/03/2026 10:55:03 -- 	Nd6336fdca53f412697e0b981ba9f1c01 | http://data.vlaanderen.be/ns/besluit#motivering > [no object/datatype]
10/03/2026 10:55:03 -- 		 min: 2 (min found at subject)
10/03/2026 10:55:03 -- 		 max: 2 (max found at subject)
10/03/2026 10:55:03 -- 		 shacl-min: 2
10/03/2026 10:55:03 -- 	N65261d6927aa4d1b902cbc5af27a53a7 | http://www.w3.org/ns/prov#wasDerivedFrom > [no object/datatype]
10/03/2026 10:55:03 -- 		 min: 2 (min found at subject)
10/03/2026 10:55:03 -- 		 max: 2 (max found at subject)
10/03/2026 10:55:03 -- 		 shacl-min: 2
10/03/2026 10:55:03 -- 	N1bcc56427f3a4e90b50f021585b730e8 | http://lblod.data.gift/vocabularies/besluit/authenticityType > http://www.w3.org/2004/02/skos/core#Concept
10/03/2026 10:55:03 -- 		 min: 1 (min found at subject)
10/03/2026 10:55:03 -- 		 max: 1 (max found at subject)
10/03/2026 10:55:03 -- 		 shacl-min: 1
10/03/2026 10:55:03 -- 		 shacl-max: 1
10/03/2026 10:55:03 -- 	Ncc66d15a1b3347169051152fa29ae6e7 | http://data.europa.eu/eli/ontology#title_short > [no object/datatype]
10/03/2026 10:55:03 -- 		 min: 1 (min found at subject)
10/03/2026 10:55:03 -- 		 max: 1 (max found at subject)
10/03/2026 10:55:03 -- 		 shacl-min: 1
10/03/2026 10:55:03 -- 		 shacl-max: 1
10/03/2026 10:55:03 -- 	Nd9424193142e4a0289fe3ff6ea1bfdc7 | http://data.europa.eu/eli/ontology#title > [no object/datatype]
10/03/2026 10:55:03 -- 		 min: 1 (min found at subject)
10/03/2026 10:55:03 -- 		 max: 1 (max found at subject)
10/03/2026 10:55:03 -- 		 shacl-min: 1
10/03/2026 10:55:03 -- 		 shacl-max: 1
10/03/2026 10:55:03 -- 	N51724afa7cd047a9a15ba9c8a2b021fe | http://data.europa.eu/eli/ontology#date_publication > [no object/datatype]
10/03/2026 10:55:03 -- 		 min: 1 (min found at subject)
10/03/2026 10:55:03 -- 		 max: 1 (max found at subject)
10/03/2026 10:55:03 -- 		 shacl-min: 1
10/03/2026 10:55:03 -- 		 shacl-max: 1
10/03/2026 10:55:03 -- 	N44f8ded11b674c57ac88420301d8616f | http://lblod.data.gift/vocabularies/besluit/extractedDecisionContent > [no object/datatype]
10/03/2026 10:55:03 -- 		 min: 22 (min found at subject)
10/03/2026 10:55:03 -- 		 max: 22 (max found at subject)
10/03/2026 10:55:03 -- 		 shacl-min: 22
10/03/2026 10:55:03 -- 	N8845002ef28847b496d4769469dbe6ef | http://www.w3.org/ns/prov#wasGeneratedBy > http://data.vlaanderen.be/ns/besluit#BehandelingVanAgendapunt
10/03/2026 10:55:03 -- 		 min: 1 (min found at subject)
10/03/2026 10:55:03 -- 		 max: 1 (max found at subject)
10/03/2026 10:55:03 -- 		 shacl-min: 1
10/03/2026 10:55:03 -- 		 shacl-max: 1
10/03/2026 10:55:03 -- 	N461127da1d28444b975f0d67a76e231e | http://data.europa.eu/eli/ontology#language > http://www.w3.org/2004/02/skos/core#Concept
10/03/2026 10:55:03 -- 		 min: 1 (min found at subject)
10/03/2026 10:55:03 -- 		 max: 1 (max found at subject)
10/03/2026 10:55:03 -- 		 shacl-min: 1
10/03/2026 10:55:03 -- 		 shacl-max: 1
10/03/2026 10:55:03 -- 	Nf31a4a1478354531aaaa856d682619ad | http://data.europa.eu/eli/ontology#cites > [no object/datatype]
10/03/2026 10:55:03 -- 		 min: 1 (min found at subject)
10/03/2026 10:55:03 -- 		 max: 1 (max found at subject)
10/03/2026 10:55:03 -- 		 shacl-min: 1
10/03/2026 10:55:03 -- 		 shacl-max: 1
10/03/2026 10:55:03 -- 	N70dfe9e73b8a4ff9ba50af77227843d8 | http://mu.semte.ch/vocabularies/core/uuid > [no object/datatype]
10/03/2026 10:55:03 -- 		 min: 1 (min found at subject)
10/03/2026 10:55:03 -- 		 max: 1 (max found at subject)
10/03/2026 10:55:03 -- 		 shacl-min: 1
10/03/2026 10:55:03 -- 		 shacl-max: 1
10/03/2026 10:55:03 -- 	N3168560fb1894768a50668c009c9f76c | http://data.europa.eu/eli/ontology#passed_by > http://data.vlaanderen.be/ns/besluit#Bestuursorgaan
10/03/2026 10:55:03 -- 		 min: 1 (min found at subject)
10/03/2026 10:55:03 -- 		 max: 1 (max found at subject)
10/03/2026 10:55:03 -- 		 shacl-min: 1
10/03/2026 10:55:03 -- 		 shacl-max: 1
10/03/2026 10:55:03 -- http://example.com/shapes/a1e5ad15-fb5f-44d2-9638-84c76efc96f9 ~ https://data.vlaanderen.be/id/concept/BesluitType/9f12dc58-18ba-4a1f-9e7a-cf73d0b4f025
10/03/2026 10:55:03 -- 	Ndcaeb5aef0b54099b88743dda37a3999 | http://lblod.data.gift/vocabularies/besluit/extractedDecisionContent > [no object/datatype]
10/03/2026 10:55:03 -- 		 min: 21 (min found at subject)
10/03/2026 10:55:03 -- 		 max: 84 (max found at subject)
10/03/2026 10:55:03 -- 		 shacl-min: 1
10/03/2026 10:55:03 -- 	N90a8aab66d09460bb9a0b73e42d7323a | http://data.europa.eu/eli/ontology#passed_by > http://data.vlaanderen.be/ns/besluit#Bestuursorgaan
10/03/2026 10:55:03 -- 		 min: 1 (min found at subject)
10/03/2026 10:55:03 -- 		 max: 1 (max found at subject)
10/03/2026 10:55:03 -- 		 shacl-min: 1
10/03/2026 10:55:03 -- 		 shacl-max: 1
10/03/2026 10:55:03 -- 	N5c55717ba7fa4e8485a1dd383b2e7096 | http://data.europa.eu/eli/ontology#language > http://www.w3.org/2004/02/skos/core#Concept
10/03/2026 10:55:03 -- 		 min: 1 (min found at subject)
10/03/2026 10:55:03 -- 		 max: 1 (max found at subject)
10/03/2026 10:55:03 -- 		 shacl-min: 1
10/03/2026 10:55:03 -- 		 shacl-max: 1
10/03/2026 10:55:03 -- 	N0cd62b43a8c84459bc4373339688c20a | http://lblod.data.gift/vocabularies/besluit/authenticityType > http://www.w3.org/2004/02/skos/core#Concept
10/03/2026 10:55:03 -- 		 min: 0 (min found at subject)
10/03/2026 10:55:03 -- 		 max: 1 (max found at subject)
10/03/2026 10:55:03 -- 		 shacl-max: 1
10/03/2026 10:55:03 -- 	Nc0855016b8e642f7b69bd14097e649d7 | http://data.europa.eu/eli/ontology#date_publication > [no object/datatype]
10/03/2026 10:55:03 -- 		 min: 1 (min found at subject)
10/03/2026 10:55:03 -- 		 max: 3 (max found at subject)
10/03/2026 10:55:03 -- 		 shacl-min: 1
10/03/2026 10:55:03 -- 	N7d32748c28cc4b26a5fda0feaba080c7 | http://data.europa.eu/eli/ontology#first_date_entry_in_force > [no object/datatype]
10/03/2026 10:55:03 -- 		 min: 0 (min found at subject)
10/03/2026 10:55:03 -- 		 max: 3 (max found at subject)
10/03/2026 10:55:03 -- 	Nff160b57b6ef4947a72b3ce63a9292f8 | http://data.europa.eu/eli/ontology#has_part > http://data.vlaanderen.be/ns/besluit#Artikel
10/03/2026 10:55:03 -- 		 min: 0 (min found at subject)
10/03/2026 10:55:03 -- 		 max: 2 (max found at subject)
10/03/2026 10:55:03 -- 	N37246561c7414b558a5f0e1f9b9b5572 | http://www.w3.org/ns/prov#value > [no object/datatype]
10/03/2026 10:55:03 -- 		 min: 1 (min found at subject)
10/03/2026 10:55:03 -- 		 max: 4 (max found at subject)
10/03/2026 10:55:03 -- 		 shacl-min: 1
10/03/2026 10:55:03 -- 	Ncca2d2af14154c8590d4ce99bc502cca | http://data.europa.eu/eli/ontology#title > [no object/datatype]
10/03/2026 10:55:03 -- 		 min: 1 (min found at subject)
10/03/2026 10:55:03 -- 		 max: 1 (max found at subject)
10/03/2026 10:55:03 -- 		 shacl-min: 1
10/03/2026 10:55:03 -- 		 shacl-max: 1
10/03/2026 10:55:03 -- 	Nf07393c76fa141e590e3bd20a6b7383e | http://data.europa.eu/eli/ontology#related_to > http://xmlns.com/foaf/0.1/Document
10/03/2026 10:55:03 -- 		 min: 0 (min found at subject)
10/03/2026 10:55:03 -- 		 max: 4 (max found at subject)
10/03/2026 10:55:03 -- 	N7e5408d44fd640ee85c4eec66b2402e9 | http://data.vlaanderen.be/ns/besluit#motivering > [no object/datatype]
10/03/2026 10:55:03 -- 		 min: 0 (min found at subject)
10/03/2026 10:55:03 -- 		 max: 2 (max found at subject)
10/03/2026 10:55:03 -- 	N53ed9cdf6145487ab8823e68a42359c0 | http://www.w3.org/ns/prov#wasGeneratedBy > http://data.vlaanderen.be/ns/besluit#BehandelingVanAgendapunt
10/03/2026 10:55:03 -- 		 min: 1 (min found at subject)
10/03/2026 10:55:03 -- 		 max: 1 (max found at subject)
10/03/2026 10:55:03 -- 		 shacl-min: 1
10/03/2026 10:55:03 -- 		 shacl-max: 1
10/03/2026 10:55:03 -- 	N83a75f11f02d4da4820ab2d9ffa23fa5 | http://data.europa.eu/eli/ontology#date_no_longer_in_force > [no object/datatype]
10/03/2026 10:55:03 -- 		 min: 0 (min found at subject)
10/03/2026 10:55:03 -- 		 max: 1 (max found at subject)
10/03/2026 10:55:03 -- 		 shacl-max: 1
10/03/2026 10:55:03 -- 	Nf1fe70dec93345b780f155b3018b4829 | http://data.europa.eu/eli/ontology#description > [no object/datatype]
10/03/2026 10:55:03 -- 		 min: 1 (min found at subject)
10/03/2026 10:55:03 -- 		 max: 3 (max found at subject)
10/03/2026 10:55:03 -- 		 shacl-min: 1
10/03/2026 10:55:03 -- 	N73eba5b5a5a2416eb5a8478e20af4397 | http://www.w3.org/ns/prov#wasDerivedFrom > http://data.vlaanderen.be/ns/mandaat#Mandataris
10/03/2026 10:55:03 -- 		 min: 0 (min found at subject)
10/03/2026 10:55:03 -- 		 max: 3 (max found at subject)
10/03/2026 10:55:03 -- 	Nf8a102d814d347059ee5189a7e0166b1 | http://www.w3.org/ns/prov#wasDerivedFrom > http://xmlns.com/foaf/0.1/Document
10/03/2026 10:55:03 -- 		 min: 0 (min found at subject)
10/03/2026 10:55:03 -- 		 max: 3 (max found at subject)
10/03/2026 10:55:03 -- 	N6602751e537b456ebd498a2936e6d160 | http://www.w3.org/ns/prov#wasDerivedFrom > https://data.vlaanderen.be/id/concept/BesluitDocumentType/13fefad6-a9d6-4025-83b5-e4cbee3a8965
10/03/2026 10:55:03 -- 		 min: 0 (min found at subject)
10/03/2026 10:55:03 -- 		 max: 1 (max found at subject)
10/03/2026 10:55:03 -- 		 shacl-max: 1
10/03/2026 10:55:03 -- 	N489fdd2df6f243bb9bc25f0e8998e3ff | http://www.w3.org/ns/prov#wasDerivedFrom > https://data.vlaanderen.be/id/concept/BesluitDocumentType/3fa67785-ffdc-4b30-8880-2b99d97b4dee
10/03/2026 10:55:03 -- 		 min: 0 (min found at subject)
10/03/2026 10:55:03 -- 		 max: 1 (max found at subject)
10/03/2026 10:55:03 -- 		 shacl-max: 1
10/03/2026 10:55:03 -- 	N41783d49f98848648c9d11af91cee4d2 | http://www.w3.org/ns/prov#wasDerivedFrom > https://data.vlaanderen.be/id/concept/BesluitDocumentType/8e791b27-7600-4577-b24e-c7c29e0eb773
10/03/2026 10:55:03 -- 		 min: 0 (min found at subject)
10/03/2026 10:55:03 -- 		 max: 1 (max found at subject)
10/03/2026 10:55:03 -- 		 shacl-max: 1
10/03/2026 10:55:03 -- 	N7463420322bd4f3ebfd306bc5a6fa1e8 | http://mu.semte.ch/vocabularies/core/uuid > [no object/datatype]
10/03/2026 10:55:03 -- 		 min: 1 (min found at subject)
10/03/2026 10:55:03 -- 		 max: 1 (max found at subject)
10/03/2026 10:55:03 -- 		 shacl-min: 1
10/03/2026 10:55:03 -- 		 shacl-max: 1
10/03/2026 10:55:03 -- 	N22f13173585246d4b11ea570b193337a | http://data.europa.eu/eli/ontology#title_short > [no object/datatype]
10/03/2026 10:55:03 -- 		 min: 0 (min found at subject)
10/03/2026 10:55:03 -- 		 max: 1 (max found at subject)
10/03/2026 10:55:03 -- 		 shacl-max: 1
10/03/2026 10:55:03 -- http://example.com/shapes/8cffe069-8e86-4b8c-aef2-1f3cd50f45b5 ~ https://data.vlaanderen.be/id/concept/BesluitType/a0a709a7-ac07-4457-8d40-de4aea9b1432
10/03/2026 10:55:03 -- 	N7bb2c76129f0416995129645c7b20156 | http://mu.semte.ch/vocabularies/core/uuid > [no object/datatype]
10/03/2026 10:55:03 -- 		 min: 1 (min found at subject)
10/03/2026 10:55:03 -- 		 max: 1 (max found at subject)
10/03/2026 10:55:03 -- 		 shacl-min: 1
10/03/2026 10:55:03 -- 		 shacl-max: 1
10/03/2026 10:55:03 -- 	Nd8794774ae0842829865f1348d54dafe | http://data.europa.eu/eli/ontology#has_part > http://data.vlaanderen.be/ns/besluit#Artikel
10/03/2026 10:55:03 -- 		 min: 0 (min found at subject)
10/03/2026 10:55:03 -- 		 max: 7 (max found at subject)
10/03/2026 10:55:03 -- 	N1a19fdff6ba346819623c0081f35128a | http://www.w3.org/ns/prov#wasDerivedFrom > http://data.vlaanderen.be/ns/mandaat#Mandataris
10/03/2026 10:55:03 -- 		 min: 0 (min found at subject)
10/03/2026 10:55:03 -- 		 max: 3 (max found at subject)
10/03/2026 10:55:03 -- 	Nf47e42e8d57447e09bb772f9f3d9820a | http://www.w3.org/ns/prov#wasDerivedFrom > http://xmlns.com/foaf/0.1/Document
10/03/2026 10:55:03 -- 		 min: 0 (min found at subject)
10/03/2026 10:55:03 -- 		 max: 3 (max found at subject)
10/03/2026 10:55:03 -- 	N0f82e0d19b3a400f8b834124b1ba433c | http://www.w3.org/ns/prov#wasDerivedFrom > https://data.vlaanderen.be/id/concept/BesluitDocumentType/13fefad6-a9d6-4025-83b5-e4cbee3a8965
10/03/2026 10:55:03 -- 		 min: 0 (min found at subject)
10/03/2026 10:55:03 -- 		 max: 1 (max found at subject)
10/03/2026 10:55:03 -- 		 shacl-max: 1
10/03/2026 10:55:03 -- 	N72343ea408cb4b95ba444d41cec81b04 | http://www.w3.org/ns/prov#wasDerivedFrom > https://data.vlaanderen.be/id/concept/BesluitDocumentType/3fa67785-ffdc-4b30-8880-2b99d97b4dee
10/03/2026 10:55:03 -- 		 min: 0 (min found at subject)
10/03/2026 10:55:03 -- 		 max: 1 (max found at subject)
10/03/2026 10:55:03 -- 		 shacl-max: 1
10/03/2026 10:55:03 -- 	N418c2d4536ba4ad3bd9c8973bd2a1d7b | http://www.w3.org/ns/prov#wasDerivedFrom > https://data.vlaanderen.be/id/concept/BesluitDocumentType/8e791b27-7600-4577-b24e-c7c29e0eb773
10/03/2026 10:55:03 -- 		 min: 0 (min found at subject)
10/03/2026 10:55:03 -- 		 max: 1 (max found at subject)
10/03/2026 10:55:03 -- 		 shacl-max: 1
10/03/2026 10:55:03 -- 	N2adb3ad3696a4276aa9874502ac7fd94 | http://data.europa.eu/eli/ontology#passed_by > http://data.vlaanderen.be/ns/besluit#Bestuursorgaan
10/03/2026 10:55:03 -- 		 min: 1 (min found at subject)
10/03/2026 10:55:03 -- 		 max: 1 (max found at subject)
10/03/2026 10:55:03 -- 		 shacl-min: 1
10/03/2026 10:55:03 -- 		 shacl-max: 1
10/03/2026 10:55:03 -- 	N12627ff29b0d460a89efdc5132d69d87 | http://data.europa.eu/eli/ontology#language > http://www.w3.org/2004/02/skos/core#Concept
10/03/2026 10:55:03 -- 		 min: 0 (min found at subject)
10/03/2026 10:55:03 -- 		 max: 1 (max found at subject)
10/03/2026 10:55:03 -- 		 shacl-max: 1
10/03/2026 10:55:03 -- 	Neb36eb687e9247d7a49475297ea9251c | http://www.w3.org/ns/prov#value > [no object/datatype]
10/03/2026 10:55:03 -- 		 min: 0 (min found at subject)
10/03/2026 10:55:03 -- 		 max: 14 (max found at subject)
10/03/2026 10:55:03 -- 	N980baab81c1d4c62b867d6f20ea7f787 | http://data.europa.eu/eli/ontology#title_short > [no object/datatype]
10/03/2026 10:55:03 -- 		 min: 0 (min found at subject)
10/03/2026 10:55:03 -- 		 max: 2 (max found at subject)
10/03/2026 10:55:03 -- 	N7a6e03d3980a4d40b2e2199db44c1fc2 | http://www.w3.org/ns/prov#wasGeneratedBy > http://data.vlaanderen.be/ns/besluit#BehandelingVanAgendapunt
10/03/2026 10:55:03 -- 		 min: 0 (min found at subject)
10/03/2026 10:55:03 -- 		 max: 1 (max found at subject)
10/03/2026 10:55:03 -- 		 shacl-max: 1
10/03/2026 10:55:03 -- 	N5a94a9c000574d7d85232c2c9beb15e2 | http://lblod.data.gift/vocabularies/besluit/extractedDecisionContent > [no object/datatype]
10/03/2026 10:55:03 -- 		 min: 0 (min found at subject)
10/03/2026 10:55:03 -- 		 max: 301 (max found at subject)
10/03/2026 10:55:03 -- 	Nd4e323e7518b4a63978b675983092ce1 | http://lblod.data.gift/vocabularies/besluit/authenticityType > http://www.w3.org/2004/02/skos/core#Concept
10/03/2026 10:55:03 -- 		 min: 0 (min found at subject)
10/03/2026 10:55:03 -- 		 max: 1 (max found at subject)
10/03/2026 10:55:03 -- 		 shacl-max: 1
10/03/2026 10:55:03 -- 	Nddd55f50b99f4490ad13262490f65230 | http://data.vlaanderen.be/ns/besluit#noreferrer > [no object/datatype]
10/03/2026 10:55:03 -- 		 min: 0 (min found at subject)
10/03/2026 10:55:03 -- 		 max: 1 (max found at subject)
10/03/2026 10:55:03 -- 		 shacl-max: 1
10/03/2026 10:55:03 -- 	N6293d7319ce64f0fbea7646e520055d8 | http://data.europa.eu/eli/ontology#title > [no object/datatype]
10/03/2026 10:55:03 -- 		 min: 0 (min found at subject)
10/03/2026 10:55:03 -- 		 max: 2 (max found at subject)
10/03/2026 10:55:03 -- 	Ne67598126f6b48b58d332fb41ba2e9df | http://data.europa.eu/eli/ontology#date_no_longer_in_force > [no object/datatype]
10/03/2026 10:55:03 -- 		 min: 0 (min found at subject)
10/03/2026 10:55:03 -- 		 max: 1 (max found at subject)
10/03/2026 10:55:03 -- 		 shacl-max: 1
10/03/2026 10:55:03 -- 	N6e6cdfcca6004449aff3c9bca102e054 | http://data.europa.eu/eli/ontology#first_date_entry_in_force > [no object/datatype]
10/03/2026 10:55:03 -- 		 min: 0 (min found at subject)
10/03/2026 10:55:03 -- 		 max: 4 (max found at subject)
10/03/2026 10:55:03 -- 	N142024787f4a4bbc895f961d349addc3 | http://data.vlaanderen.be/ns/besluit#noopener > [no object/datatype]
10/03/2026 10:55:03 -- 		 min: 0 (min found at subject)
10/03/2026 10:55:03 -- 		 max: 1 (max found at subject)
10/03/2026 10:55:03 -- 		 shacl-max: 1
10/03/2026 10:55:03 -- 	N7708128318c04aeeb14a821f3f7f3b21 | http://data.europa.eu/eli/ontology#related_to > http://xmlns.com/foaf/0.1/Document
10/03/2026 10:55:03 -- 		 min: 0 (min found at subject)
10/03/2026 10:55:03 -- 		 max: 6 (max found at subject)
10/03/2026 10:55:03 -- 	Nedd0791306a04b25a3d60f221800414c | http://data.europa.eu/eli/ontology#description > [no object/datatype]
10/03/2026 10:55:03 -- 		 min: 0 (min found at subject)
10/03/2026 10:55:03 -- 		 max: 3 (max found at subject)
10/03/2026 10:55:03 -- 	Nb9e71b0f500044dc9a01a7bfca39658d | http://data.europa.eu/eli/ontology#date_publication > [no object/datatype]
10/03/2026 10:55:03 -- 		 min: 1 (min found at subject)
10/03/2026 10:55:03 -- 		 max: 4 (max found at subject)
10/03/2026 10:55:03 -- 		 shacl-min: 1
10/03/2026 10:55:03 -- 	Ne76cf8eba3af4d0cb414631466312242 | http://data.europa.eu/eli/ontology#cites > [no object/datatype]
10/03/2026 10:55:03 -- 		 min: 0 (min found at subject)
10/03/2026 10:55:03 -- 		 max: 1 (max found at subject)
10/03/2026 10:55:03 -- 		 shacl-max: 1
10/03/2026 10:55:03 -- 	N97804a872d7d4d98ba9342dd2e251f7c | http://data.vlaanderen.be/ns/besluit#motivering > [no object/datatype]
10/03/2026 10:55:03 -- 		 min: 0 (min found at subject)
10/03/2026 10:55:03 -- 		 max: 2 (max found at subject)
10/03/2026 10:55:03 -- http://example.com/shapes/b6b9eca0-1942-4eb4-b681-49fb489d6c6b ~ https://data.vlaanderen.be/id/concept/BesluitType/a8486fa3-6375-494d-aa48-e34289b87d5b
10/03/2026 10:55:03 -- 	Nb943e1b5179745deb564c07248a5c698 | http://data.vlaanderen.be/ns/besluit#motivering > [no object/datatype]
10/03/2026 10:55:03 -- 		 min: 0 (min found at subject)
10/03/2026 10:55:03 -- 		 max: 3 (max found at subject)
10/03/2026 10:55:03 -- 	Nb183283b87c0497f9c472d1bb70d149c | http://data.europa.eu/eli/ontology#first_date_entry_in_force > [no object/datatype]
10/03/2026 10:55:03 -- 		 min: 0 (min found at subject)
10/03/2026 10:55:03 -- 		 max: 3 (max found at subject)
10/03/2026 10:55:03 -- 	N6bcac7a28ffa48ee8a5a9d46f98de632 | http://data.europa.eu/eli/ontology#language > http://www.w3.org/2004/02/skos/core#Concept
10/03/2026 10:55:03 -- 		 min: 1 (min found at subject)
10/03/2026 10:55:03 -- 		 max: 1 (max found at subject)
10/03/2026 10:55:03 -- 		 shacl-min: 1
10/03/2026 10:55:03 -- 		 shacl-max: 1
10/03/2026 10:55:03 -- 	N64f156541e0e4f59920e035e10baed21 | http://www.w3.org/ns/prov#wasDerivedFrom > http://data.vlaanderen.be/ns/besluit#Bestuurseenheid
10/03/2026 10:55:03 -- 		 min: 0 (min found at subject)
10/03/2026 10:55:03 -- 		 max: 1 (max found at subject)
10/03/2026 10:55:03 -- 		 shacl-max: 1
10/03/2026 10:55:03 -- 	Nc01e00667c6e42cea5310e45b40322d2 | http://www.w3.org/ns/prov#wasDerivedFrom > http://data.vlaanderen.be/ns/besluit#Bestuursorgaan
10/03/2026 10:55:03 -- 		 min: 0 (min found at subject)
10/03/2026 10:55:03 -- 		 max: 1 (max found at subject)
10/03/2026 10:55:03 -- 		 shacl-max: 1
10/03/2026 10:55:03 -- 	Ne4178924bfd24b2dace0838cb4616921 | http://www.w3.org/ns/prov#wasDerivedFrom > http://data.vlaanderen.be/ns/mandaat#Mandataris
10/03/2026 10:55:03 -- 		 min: 0 (min found at subject)
10/03/2026 10:55:03 -- 		 max: 3 (max found at subject)
10/03/2026 10:55:03 -- 	Naec880a273744d41929504962e258323 | http://www.w3.org/ns/prov#wasDerivedFrom > http://xmlns.com/foaf/0.1/Document
10/03/2026 10:55:03 -- 		 min: 0 (min found at subject)
10/03/2026 10:55:03 -- 		 max: 3 (max found at subject)
10/03/2026 10:55:03 -- 	N221ae8b8b41e493fa56b4a202a14ae11 | http://www.w3.org/ns/prov#wasDerivedFrom > https://data.vlaanderen.be/id/concept/BesluitDocumentType/13fefad6-a9d6-4025-83b5-e4cbee3a8965
10/03/2026 10:55:03 -- 		 min: 0 (min found at subject)
10/03/2026 10:55:03 -- 		 max: 1 (max found at subject)
10/03/2026 10:55:03 -- 		 shacl-max: 1
10/03/2026 10:55:03 -- 	N9a17a52bf1574aa1be4cbf0348162af3 | http://www.w3.org/ns/prov#wasDerivedFrom > https://data.vlaanderen.be/id/concept/BesluitDocumentType/3fa67785-ffdc-4b30-8880-2b99d97b4dee
10/03/2026 10:55:03 -- 		 min: 0 (min found at subject)
10/03/2026 10:55:03 -- 		 max: 1 (max found at subject)
10/03/2026 10:55:03 -- 		 shacl-max: 1
10/03/2026 10:55:03 -- 	Nf87e74c942984f1c95c496126fbd1dc1 | http://www.w3.org/ns/prov#wasDerivedFrom > https://data.vlaanderen.be/id/concept/BesluitDocumentType/8e791b27-7600-4577-b24e-c7c29e0eb773
10/03/2026 10:55:03 -- 		 min: 0 (min found at subject)
10/03/2026 10:55:03 -- 		 max: 1 (max found at subject)
10/03/2026 10:55:03 -- 		 shacl-max: 1
10/03/2026 10:55:03 -- 	N639c1a6f82ae4461b5040282a9ec0110 | http://data.vlaanderen.be/ns/besluit#citeeropschrift > [no object/datatype]
10/03/2026 10:55:03 -- 		 min: 0 (min found at subject)
10/03/2026 10:55:03 -- 		 max: 1 (max found at subject)
10/03/2026 10:55:03 -- 		 shacl-max: 1
10/03/2026 10:55:03 -- 	Nc91724ac74dd4745ad2774c66c3afd2d | http://data.europa.eu/eli/ontology#title > [no object/datatype]
10/03/2026 10:55:03 -- 		 min: 1 (min found at subject)
10/03/2026 10:55:03 -- 		 max: 1 (max found at subject)
10/03/2026 10:55:03 -- 		 shacl-min: 1
10/03/2026 10:55:03 -- 		 shacl-max: 1
10/03/2026 10:55:03 -- 	Neec3643800364b7d9febbee087316f88 | http://data.europa.eu/eli/ontology#cites > [no object/datatype]
10/03/2026 10:55:03 -- 		 min: 0 (min found at subject)
10/03/2026 10:55:03 -- 		 max: 1 (max found at subject)
10/03/2026 10:55:03 -- 		 shacl-max: 1
10/03/2026 10:55:03 -- 	N4e4d97d369d54f09a61e0d078871a6da | http://data.vlaanderen.be/ns/besluit#noreferrer > [no object/datatype]
10/03/2026 10:55:03 -- 		 min: 0 (min found at subject)
10/03/2026 10:55:03 -- 		 max: 2 (max found at subject)
10/03/2026 10:55:03 -- 	Nba00a82efda34923935ccd41593cde83 | http://www.w3.org/ns/prov#wasGeneratedBy > http://data.vlaanderen.be/ns/besluit#BehandelingVanAgendapunt
10/03/2026 10:55:03 -- 		 min: 1 (min found at subject)
10/03/2026 10:55:03 -- 		 max: 1 (max found at subject)
10/03/2026 10:55:03 -- 		 shacl-min: 1
10/03/2026 10:55:03 -- 		 shacl-max: 1
10/03/2026 10:55:03 -- 	N66a5ac2da5334155bfd4389a209eed2d | http://data.europa.eu/eli/ontology#passed_by > http://data.vlaanderen.be/ns/besluit#Bestuurseenheid
10/03/2026 10:55:03 -- 		 min: 0 (min found at subject)
10/03/2026 10:55:03 -- 		 max: 1 (max found at subject)
10/03/2026 10:55:03 -- 		 shacl-max: 1
10/03/2026 10:55:03 -- 	Nc5f90340fde74cb68a99a804fb1db6af | http://data.europa.eu/eli/ontology#passed_by > http://data.vlaanderen.be/ns/besluit#Bestuursorgaan
10/03/2026 10:55:03 -- 		 min: 1 (min found at subject)
10/03/2026 10:55:03 -- 		 max: 2 (max found at subject)
10/03/2026 10:55:03 -- 		 shacl-min: 1
10/03/2026 10:55:03 -- 	N5194a2a5f14f466284e395379cdba1fb | http://data.europa.eu/eli/ontology#passed_by > http://data.vlaanderen.be/ns/mandaat#Mandataris
10/03/2026 10:55:03 -- 		 min: 0 (min found at subject)
10/03/2026 10:55:03 -- 		 max: 1 (max found at subject)
10/03/2026 10:55:03 -- 		 shacl-max: 1
10/03/2026 10:55:03 -- 	N8ca394ce5440419099c4ef97a366dd36 | http://data.europa.eu/eli/ontology#passed_by > http://xmlns.com/foaf/0.1/Document
10/03/2026 10:55:03 -- 		 min: 0 (min found at subject)
10/03/2026 10:55:03 -- 		 max: 1 (max found at subject)
10/03/2026 10:55:03 -- 		 shacl-max: 1
10/03/2026 10:55:03 -- 	N9aae9969d04344e4804f35978b401b2d | http://data.europa.eu/eli/ontology#passed_by > https://data.vlaanderen.be/id/concept/BesluitDocumentType/13fefad6-a9d6-4025-83b5-e4cbee3a8965
10/03/2026 10:55:03 -- 		 min: 0 (min found at subject)
10/03/2026 10:55:03 -- 		 max: 1 (max found at subject)
10/03/2026 10:55:03 -- 		 shacl-max: 1
10/03/2026 10:55:03 -- 	Ndbe8439d13af42d99425ee9a1373fb78 | http://data.europa.eu/eli/ontology#title_short > [no object/datatype]
10/03/2026 10:55:03 -- 		 min: 0 (min found at subject)
10/03/2026 10:55:03 -- 		 max: 1 (max found at subject)
10/03/2026 10:55:03 -- 		 shacl-max: 1
10/03/2026 10:55:03 -- 	N16f44ced22b04ede95bb8c00a69faffc | http://mu.semte.ch/vocabularies/core/uuid > [no object/datatype]
10/03/2026 10:55:04 -- 		 min: 1 (min found at subject)
10/03/2026 10:55:04 -- 		 max: 1 (max found at subject)
10/03/2026 10:55:04 -- 		 shacl-min: 1
10/03/2026 10:55:04 -- 		 shacl-max: 1
10/03/2026 10:55:04 -- 	N52e09804648043d1a94d21a450c5f226 | http://data.vlaanderen.be/ns/besluit#noopener > [no object/datatype]
10/03/2026 10:55:04 -- 		 min: 0 (min found at subject)
10/03/2026 10:55:04 -- 		 max: 2 (max found at subject)
10/03/2026 10:55:04 -- 	N0fa6fb3f75eb4c68b677d742eea06580 | http://data.europa.eu/eli/ontology#date_no_longer_in_force > [no object/datatype]
10/03/2026 10:55:04 -- 		 min: 0 (min found at subject)
10/03/2026 10:55:04 -- 		 max: 1 (max found at subject)
10/03/2026 10:55:04 -- 		 shacl-max: 1
10/03/2026 10:55:04 -- 	N55a40a09747b410e9e71ca5046b5bfad | http://lblod.data.gift/vocabularies/besluit/extractedDecisionContent > [no object/datatype]
10/03/2026 10:55:04 -- 		 min: 1 (min found at subject)
10/03/2026 10:55:04 -- 		 max: 378 (max found at subject)
10/03/2026 10:55:04 -- 		 shacl-min: 1
10/03/2026 10:55:04 -- 	N08f4399fb3fe4160bad4d6d7978710bd | http://www.w3.org/ns/prov#value > [no object/datatype]
10/03/2026 10:55:04 -- 		 min: 1 (min found at subject)
10/03/2026 10:55:04 -- 		 max: 18 (max found at subject)
10/03/2026 10:55:04 -- 		 shacl-min: 1
10/03/2026 10:55:04 -- 	Nb82e778132c54d44b0942523006f58cc | http://data.europa.eu/eli/ontology#related_to > http://xmlns.com/foaf/0.1/Document
10/03/2026 10:55:04 -- 		 min: 0 (min found at subject)
10/03/2026 10:55:04 -- 		 max: 4 (max found at subject)
10/03/2026 10:55:04 -- 	N1f7946159d88453fb33e28dd9c655671 | http://data.europa.eu/eli/ontology#date_publication > [no object/datatype]
10/03/2026 10:55:04 -- 		 min: 1 (min found at subject)
10/03/2026 10:55:04 -- 		 max: 3 (max found at subject)
10/03/2026 10:55:04 -- 		 shacl-min: 1
10/03/2026 10:55:04 -- 	N2cc6990fc5064c768ff59c3efc7edb56 | http://data.europa.eu/eli/ontology#has_part > http://data.vlaanderen.be/ns/besluit#Artikel
10/03/2026 10:55:04 -- 		 min: 0 (min found at subject)
10/03/2026 10:55:04 -- 		 max: 9 (max found at subject)
10/03/2026 10:55:04 -- 	Nf926df0e0d974c969312a02e3371c229 | http://data.europa.eu/eli/ontology#description > [no object/datatype]
10/03/2026 10:55:04 -- 		 min: 1 (min found at subject)
10/03/2026 10:55:04 -- 		 max: 4 (max found at subject)
10/03/2026 10:55:04 -- 		 shacl-min: 1
10/03/2026 10:55:04 -- http://example.com/shapes/a5e4e6f3-e8e9-43a5-94d4-281ca2df86f6 ~ https://data.vlaanderen.be/id/concept/BesluitType/b0fcc0c3-bb33-427f-8da2-4ef3833c9060
10/03/2026 10:55:04 -- 	N4a594c8b56804f38a202120bbd2a631b | http://data.europa.eu/eli/ontology#language > http://www.w3.org/2004/02/skos/core#Concept
10/03/2026 10:55:04 -- 		 min: 1 (min found at subject)
10/03/2026 10:55:04 -- 		 max: 1 (max found at subject)
10/03/2026 10:55:04 -- 		 shacl-min: 1
10/03/2026 10:55:04 -- 		 shacl-max: 1
10/03/2026 10:55:04 -- 	N92300b6c83de4f568b52ec88faa73d5c | http://data.europa.eu/eli/ontology#description > [no object/datatype]
10/03/2026 10:55:04 -- 		 min: 1 (min found at subject)
10/03/2026 10:55:04 -- 		 max: 3 (max found at subject)
10/03/2026 10:55:04 -- 		 shacl-min: 1
10/03/2026 10:55:04 -- 	Nfbd14096b21b4ed0b02afc3d5b3b9b93 | http://www.w3.org/ns/prov#value > [no object/datatype]
10/03/2026 10:55:04 -- 		 min: 1 (min found at subject)
10/03/2026 10:55:04 -- 		 max: 3 (max found at subject)
10/03/2026 10:55:04 -- 		 shacl-min: 1
10/03/2026 10:55:04 -- 	N3973a239e4e145a7a61e535ad9edba82 | http://data.europa.eu/eli/ontology#first_date_entry_in_force > [no object/datatype]
10/03/2026 10:55:04 -- 		 min: 1 (min found at subject)
10/03/2026 10:55:04 -- 		 max: 3 (max found at subject)
10/03/2026 10:55:04 -- 		 shacl-min: 1
10/03/2026 10:55:04 -- 	Na6d3a56210614ac1805c5e741e912700 | http://mu.semte.ch/vocabularies/core/uuid > [no object/datatype]
10/03/2026 10:55:04 -- 		 min: 1 (min found at subject)
10/03/2026 10:55:04 -- 		 max: 1 (max found at subject)
10/03/2026 10:55:04 -- 		 shacl-min: 1
10/03/2026 10:55:04 -- 		 shacl-max: 1
10/03/2026 10:55:04 -- 	N528434927a464702aa1a250697adc67e | http://www.w3.org/ns/prov#wasGeneratedBy > http://data.vlaanderen.be/ns/besluit#BehandelingVanAgendapunt
10/03/2026 10:55:04 -- 		 min: 1 (min found at subject)
10/03/2026 10:55:04 -- 		 max: 1 (max found at subject)
10/03/2026 10:55:04 -- 		 shacl-min: 1
10/03/2026 10:55:04 -- 		 shacl-max: 1
10/03/2026 10:55:04 -- 	N03c0abe85d34468bbd453ab60849582f | http://data.europa.eu/eli/ontology#passed_by > http://data.vlaanderen.be/ns/besluit#Bestuursorgaan
10/03/2026 10:55:04 -- 		 min: 1 (min found at subject)
10/03/2026 10:55:04 -- 		 max: 1 (max found at subject)
10/03/2026 10:55:04 -- 		 shacl-min: 1
10/03/2026 10:55:04 -- 		 shacl-max: 1
10/03/2026 10:55:04 -- 	Nfd3d77a703cc4e38b6ff7bcc617a3452 | http://lblod.data.gift/vocabularies/besluit/extractedDecisionContent > [no object/datatype]
10/03/2026 10:55:04 -- 		 min: 1 (min found at subject)
10/03/2026 10:55:04 -- 		 max: 37 (max found at subject)
10/03/2026 10:55:04 -- 		 shacl-min: 1
10/03/2026 10:55:04 -- 	Ne29e92412c77418cb064008da97c13c3 | http://data.europa.eu/eli/ontology#date_publication > [no object/datatype]
10/03/2026 10:55:04 -- 		 min: 1 (min found at subject)
10/03/2026 10:55:04 -- 		 max: 3 (max found at subject)
10/03/2026 10:55:04 -- 		 shacl-min: 1
10/03/2026 10:55:04 -- 	Nb6d8e82fff2a4d38a672be2c48bc8dc9 | http://www.w3.org/ns/prov#wasDerivedFrom > http://data.vlaanderen.be/ns/mandaat#Mandataris
10/03/2026 10:55:04 -- 		 min: 0 (min found at subject)
10/03/2026 10:55:04 -- 		 max: 3 (max found at subject)
10/03/2026 10:55:04 -- 	N156f270eceb0411ca871ccfbed363248 | http://www.w3.org/ns/prov#wasDerivedFrom > http://xmlns.com/foaf/0.1/Document
10/03/2026 10:55:04 -- 		 min: 0 (min found at subject)
10/03/2026 10:55:04 -- 		 max: 3 (max found at subject)
10/03/2026 10:55:04 -- 	N9f3f023f60b740998c66a553887d1945 | http://www.w3.org/ns/prov#wasDerivedFrom > https://data.vlaanderen.be/id/concept/BesluitDocumentType/13fefad6-a9d6-4025-83b5-e4cbee3a8965
10/03/2026 10:55:04 -- 		 min: 0 (min found at subject)
10/03/2026 10:55:04 -- 		 max: 1 (max found at subject)
10/03/2026 10:55:04 -- 		 shacl-max: 1
10/03/2026 10:55:04 -- 	N13ebfdc7697249a49650a98a2e785b8c | http://www.w3.org/ns/prov#wasDerivedFrom > https://data.vlaanderen.be/id/concept/BesluitDocumentType/3fa67785-ffdc-4b30-8880-2b99d97b4dee
10/03/2026 10:55:04 -- 		 min: 0 (min found at subject)
10/03/2026 10:55:04 -- 		 max: 1 (max found at subject)
10/03/2026 10:55:04 -- 		 shacl-max: 1
10/03/2026 10:55:04 -- 	Ncb7fd5a9e7264b60b03c9bd090bc1189 | http://www.w3.org/ns/prov#wasDerivedFrom > https://data.vlaanderen.be/id/concept/BesluitDocumentType/8e791b27-7600-4577-b24e-c7c29e0eb773
10/03/2026 10:55:04 -- 		 min: 0 (min found at subject)
10/03/2026 10:55:04 -- 		 max: 1 (max found at subject)
10/03/2026 10:55:04 -- 		 shacl-max: 1
10/03/2026 10:55:04 -- 	Nf3f54c150fc74c55a6f36ac11f8a0547 | http://data.europa.eu/eli/ontology#title > [no object/datatype]
10/03/2026 10:55:04 -- 		 min: 1 (min found at subject)
10/03/2026 10:55:04 -- 		 max: 1 (max found at subject)
10/03/2026 10:55:04 -- 		 shacl-min: 1
10/03/2026 10:55:04 -- 		 shacl-max: 1
10/03/2026 10:55:04 -- 	Ne8d3c853e61d4e59aae0ee56f8e02927 | http://data.europa.eu/eli/ontology#date_no_longer_in_force > [no object/datatype]
10/03/2026 10:55:04 -- 		 min: 0 (min found at subject)
10/03/2026 10:55:04 -- 		 max: 1 (max found at subject)
10/03/2026 10:55:04 -- 		 shacl-max: 1
10/03/2026 10:55:04 -- http://example.com/shapes/a64ffa6d-58b6-4e5a-a6e2-2e373e4ad2ed ~ https://data.vlaanderen.be/id/concept/BesluitType/b25faa84-3ab5-47ae-98c0-1b389c77b827
10/03/2026 10:55:04 -- 	N54f6076cc4754d1b82dd89613dcce9a7 | http://data.vlaanderen.be/ns/besluit#motivering > [no object/datatype]
10/03/2026 10:55:04 -- 		 min: 2 (min found at subject)
10/03/2026 10:55:04 -- 		 max: 2 (max found at subject)
10/03/2026 10:55:04 -- 		 shacl-min: 2
10/03/2026 10:55:04 -- 	N0bd0bac1d6a74639989a404cea7b2313 | http://data.europa.eu/eli/ontology#title > [no object/datatype]
10/03/2026 10:55:04 -- 		 min: 1 (min found at subject)
10/03/2026 10:55:04 -- 		 max: 1 (max found at subject)
10/03/2026 10:55:04 -- 		 shacl-min: 1
10/03/2026 10:55:04 -- 		 shacl-max: 1
10/03/2026 10:55:04 -- 	N5cf61eb9985f412fabd728da983aa8a2 | http://lblod.data.gift/vocabularies/besluit/extractedDecisionContent > [no object/datatype]
10/03/2026 10:55:04 -- 		 min: 13 (min found at subject)
10/03/2026 10:55:04 -- 		 max: 13 (max found at subject)
10/03/2026 10:55:04 -- 		 shacl-min: 13
10/03/2026 10:55:04 -- 	N25bbe32c25b1485487e7ddf114e9bf08 | http://mu.semte.ch/vocabularies/core/uuid > [no object/datatype]
10/03/2026 10:55:04 -- 		 min: 1 (min found at subject)
10/03/2026 10:55:04 -- 		 max: 1 (max found at subject)
10/03/2026 10:55:04 -- 		 shacl-min: 1
10/03/2026 10:55:04 -- 		 shacl-max: 1
10/03/2026 10:55:04 -- 	N6f343014b58141fe959b1080e00d0e16 | http://www.w3.org/ns/prov#wasDerivedFrom > [no object/datatype]
10/03/2026 10:55:04 -- 		 min: 2 (min found at subject)
10/03/2026 10:55:04 -- 		 max: 2 (max found at subject)
10/03/2026 10:55:04 -- 		 shacl-min: 2
10/03/2026 10:55:04 -- 	Nd1fb60140c144f3884deb34f216fa03c | http://data.europa.eu/eli/ontology#related_to > http://xmlns.com/foaf/0.1/Document
10/03/2026 10:55:04 -- 		 min: 1 (min found at subject)
10/03/2026 10:55:04 -- 		 max: 1 (max found at subject)
10/03/2026 10:55:04 -- 		 shacl-min: 1
10/03/2026 10:55:04 -- 		 shacl-max: 1
10/03/2026 10:55:04 -- 	Nf7a84482aafb48cb9e497af00dc897d4 | http://lblod.data.gift/vocabularies/besluit/authenticityType > http://www.w3.org/2004/02/skos/core#Concept
10/03/2026 10:55:04 -- 		 min: 1 (min found at subject)
10/03/2026 10:55:04 -- 		 max: 1 (max found at subject)
10/03/2026 10:55:04 -- 		 shacl-min: 1
10/03/2026 10:55:04 -- 		 shacl-max: 1
10/03/2026 10:55:04 -- 	N9beefa9bcf3c4fa8babe1197c71f1956 | http://data.europa.eu/eli/ontology#has_part > http://data.vlaanderen.be/ns/besluit#Artikel
10/03/2026 10:55:04 -- 		 min: 1 (min found at subject)
10/03/2026 10:55:04 -- 		 max: 1 (max found at subject)
10/03/2026 10:55:04 -- 		 shacl-min: 1
10/03/2026 10:55:04 -- 		 shacl-max: 1
10/03/2026 10:55:04 -- 	Nc820cf0d680f46b7876f6df310cd3abd | http://data.europa.eu/eli/ontology#title_short > [no object/datatype]
10/03/2026 10:55:04 -- 		 min: 1 (min found at subject)
10/03/2026 10:55:04 -- 		 max: 1 (max found at subject)
10/03/2026 10:55:04 -- 		 shacl-min: 1
10/03/2026 10:55:04 -- 		 shacl-max: 1
10/03/2026 10:55:04 -- 	Ncdc264f1c71e4ac5af44c4fe81250d44 | http://data.europa.eu/eli/ontology#language > http://www.w3.org/2004/02/skos/core#Concept
10/03/2026 10:55:04 -- 		 min: 1 (min found at subject)
10/03/2026 10:55:04 -- 		 max: 1 (max found at subject)
10/03/2026 10:55:04 -- 		 shacl-min: 1
10/03/2026 10:55:04 -- 		 shacl-max: 1
10/03/2026 10:55:04 -- 	N9ee47b7bd15e473381513db389f417d5 | http://data.europa.eu/eli/ontology#description > [no object/datatype]
10/03/2026 10:55:04 -- 		 min: 1 (min found at subject)
10/03/2026 10:55:04 -- 		 max: 1 (max found at subject)
10/03/2026 10:55:04 -- 		 shacl-min: 1
10/03/2026 10:55:04 -- 		 shacl-max: 1
10/03/2026 10:55:04 -- 	N4b872cf0d6554ed480150d9b1a681cfb | http://www.w3.org/ns/prov#wasGeneratedBy > http://data.vlaanderen.be/ns/besluit#BehandelingVanAgendapunt
10/03/2026 10:55:04 -- 		 min: 1 (min found at subject)
10/03/2026 10:55:04 -- 		 max: 1 (max found at subject)
10/03/2026 10:55:04 -- 		 shacl-min: 1
10/03/2026 10:55:04 -- 		 shacl-max: 1
10/03/2026 10:55:04 -- 	Nedc3a0daa82b4f56a55a08e1164b5beb | http://data.europa.eu/eli/ontology#date_publication > [no object/datatype]
10/03/2026 10:55:04 -- 		 min: 1 (min found at subject)
10/03/2026 10:55:04 -- 		 max: 1 (max found at subject)
10/03/2026 10:55:04 -- 		 shacl-min: 1
10/03/2026 10:55:04 -- 		 shacl-max: 1
10/03/2026 10:55:04 -- 	N5f48e27d090a4a5c8c66d8137cfeb2cc | http://www.w3.org/ns/prov#value > [no object/datatype]
10/03/2026 10:55:04 -- 		 min: 2 (min found at subject)
10/03/2026 10:55:04 -- 		 max: 2 (max found at subject)
10/03/2026 10:55:04 -- 		 shacl-min: 2
10/03/2026 10:55:04 -- 	Ne5dcc487d7bb482cab96a3edb4cda852 | http://data.europa.eu/eli/ontology#passed_by > http://data.vlaanderen.be/ns/besluit#Bestuursorgaan
10/03/2026 10:55:04 -- 		 min: 1 (min found at subject)
10/03/2026 10:55:04 -- 		 max: 1 (max found at subject)
10/03/2026 10:55:04 -- 		 shacl-min: 1
10/03/2026 10:55:04 -- 		 shacl-max: 1
10/03/2026 10:55:04 -- http://example.com/shapes/46d3eae2-0abf-4f91-bbbf-0ba7638f3e09 ~ https://data.vlaanderen.be/id/concept/BesluitType/b2d0734d-13d0-44b4-9af8-1722933c5288
10/03/2026 10:55:04 -- 	N4b4204174e4346a582ce33056c2894c4 | http://www.w3.org/ns/prov#wasDerivedFrom > http://data.vlaanderen.be/ns/mandaat#Mandataris
10/03/2026 10:55:04 -- 		 min: 0 (min found at subject)
10/03/2026 10:55:04 -- 		 max: 3 (max found at subject)
10/03/2026 10:55:04 -- 	Ne580096f0566464ba750eb4c8e19d3f0 | http://www.w3.org/ns/prov#wasDerivedFrom > http://xmlns.com/foaf/0.1/Document
10/03/2026 10:55:04 -- 		 min: 0 (min found at subject)
10/03/2026 10:55:04 -- 		 max: 3 (max found at subject)
10/03/2026 10:55:04 -- 	Nd360b1dc9a6b42d6962b8ffdeae914b4 | http://www.w3.org/ns/prov#wasDerivedFrom > https://data.vlaanderen.be/id/concept/BesluitDocumentType/13fefad6-a9d6-4025-83b5-e4cbee3a8965
10/03/2026 10:55:04 -- 		 min: 0 (min found at subject)
10/03/2026 10:55:04 -- 		 max: 1 (max found at subject)
10/03/2026 10:55:04 -- 		 shacl-max: 1
10/03/2026 10:55:04 -- 	N0c59bfe58c174788a3960a72ef5549b9 | http://www.w3.org/ns/prov#wasDerivedFrom > https://data.vlaanderen.be/id/concept/BesluitDocumentType/3fa67785-ffdc-4b30-8880-2b99d97b4dee
10/03/2026 10:55:04 -- 		 min: 0 (min found at subject)
10/03/2026 10:55:04 -- 		 max: 1 (max found at subject)
10/03/2026 10:55:04 -- 		 shacl-max: 1
10/03/2026 10:55:04 -- 	N0c678cccee8540d09c8dabdaec2e639c | http://www.w3.org/ns/prov#wasDerivedFrom > https://data.vlaanderen.be/id/concept/BesluitDocumentType/8e791b27-7600-4577-b24e-c7c29e0eb773
10/03/2026 10:55:04 -- 		 min: 0 (min found at subject)
10/03/2026 10:55:04 -- 		 max: 1 (max found at subject)
10/03/2026 10:55:04 -- 		 shacl-max: 1
10/03/2026 10:55:04 -- 	Nc43a369acf91459bb01fe6529773178c | http://data.europa.eu/eli/ontology#title > [no object/datatype]
10/03/2026 10:55:04 -- 		 min: 1 (min found at subject)
10/03/2026 10:55:04 -- 		 max: 1 (max found at subject)
10/03/2026 10:55:04 -- 		 shacl-min: 1
10/03/2026 10:55:04 -- 		 shacl-max: 1
10/03/2026 10:55:04 -- 	N3e4e572c1d3742cfbe8983fb721ad931 | http://data.europa.eu/eli/ontology#first_date_entry_in_force > [no object/datatype]
10/03/2026 10:55:04 -- 		 min: 0 (min found at subject)
10/03/2026 10:55:04 -- 		 max: 3 (max found at subject)
10/03/2026 10:55:04 -- 	N6554b169a07842e7a52ad2dbf500a8ef | http://data.vlaanderen.be/ns/besluit#citeeropschrift > [no object/datatype]
10/03/2026 10:55:04 -- 		 min: 0 (min found at subject)
10/03/2026 10:55:04 -- 		 max: 1 (max found at subject)
10/03/2026 10:55:04 -- 		 shacl-max: 1
10/03/2026 10:55:04 -- 	N76ed3f935e894e2bbf9d36b16642a7d2 | http://data.europa.eu/eli/ontology#passed_by > http://data.vlaanderen.be/ns/besluit#Bestuursorgaan
10/03/2026 10:55:04 -- 		 min: 1 (min found at subject)
10/03/2026 10:55:04 -- 		 max: 1 (max found at subject)
10/03/2026 10:55:04 -- 		 shacl-min: 1
10/03/2026 10:55:04 -- 		 shacl-max: 1
10/03/2026 10:55:04 -- 	Nf3bae316121a4bacbd3e1e27995b16be | http://lblod.data.gift/vocabularies/besluit/taxRate > [no object/datatype]
10/03/2026 10:55:04 -- 		 min: 0 (min found at subject)
10/03/2026 10:55:04 -- 		 max: 1 (max found at subject)
10/03/2026 10:55:04 -- 		 shacl-max: 1
10/03/2026 10:55:04 -- 	N4b04aedc38f54980a06fa84d726884fa | http://lblod.data.gift/vocabularies/besluit/hasAdditionalTaxRate > [no object/datatype]
10/03/2026 10:55:04 -- 		 min: 0 (min found at subject)
10/03/2026 10:55:04 -- 		 max: 1 (max found at subject)
10/03/2026 10:55:04 -- 		 shacl-max: 1
10/03/2026 10:55:04 -- 	N419ef7020de544de921349bbaf459be1 | http://data.europa.eu/eli/ontology#description > [no object/datatype]
10/03/2026 10:55:04 -- 		 min: 1 (min found at subject)
10/03/2026 10:55:04 -- 		 max: 3 (max found at subject)
10/03/2026 10:55:04 -- 		 shacl-min: 1
10/03/2026 10:55:04 -- 	N633828bdae8844cd94fabf0c85ae42ad | http://www.w3.org/ns/prov#value > [no object/datatype]
10/03/2026 10:55:04 -- 		 min: 1 (min found at subject)
10/03/2026 10:55:04 -- 		 max: 20 (max found at subject)
10/03/2026 10:55:04 -- 		 shacl-min: 1
10/03/2026 10:55:04 -- 	Ne3c33f7230eb4eda8c9fdc63e25c0043 | http://data.europa.eu/eli/ontology#has_part > http://data.vlaanderen.be/ns/besluit#Artikel
10/03/2026 10:55:04 -- 		 min: 0 (min found at subject)
10/03/2026 10:55:04 -- 		 max: 10 (max found at subject)
10/03/2026 10:55:04 -- 	N616e65de7a5f4f43bd8c75ff2be826ba | http://data.vlaanderen.be/ns/besluit#motivering > [no object/datatype]
10/03/2026 10:55:04 -- 		 min: 0 (min found at subject)
10/03/2026 10:55:04 -- 		 max: 3 (max found at subject)
10/03/2026 10:55:04 -- 	N8f6c8ef422d54852883d055ce67ed00a | http://www.w3.org/ns/prov#wasGeneratedBy > http://data.vlaanderen.be/ns/besluit#BehandelingVanAgendapunt
10/03/2026 10:55:04 -- 		 min: 1 (min found at subject)
10/03/2026 10:55:04 -- 		 max: 1 (max found at subject)
10/03/2026 10:55:04 -- 		 shacl-min: 1
10/03/2026 10:55:04 -- 		 shacl-max: 1
10/03/2026 10:55:04 -- 	Nc4a42435392647368a5ecc3b5c89c195 | http://data.europa.eu/eli/ontology#cites > [no object/datatype]
10/03/2026 10:55:04 -- 		 min: 0 (min found at subject)
10/03/2026 10:55:04 -- 		 max: 1 (max found at subject)
10/03/2026 10:55:04 -- 		 shacl-max: 1
10/03/2026 10:55:04 -- 	Ncc3bde2439354f348a7b394599fc15ea | http://data.europa.eu/eli/ontology#date_publication > [no object/datatype]
10/03/2026 10:55:04 -- 		 min: 1 (min found at subject)
10/03/2026 10:55:04 -- 		 max: 3 (max found at subject)
10/03/2026 10:55:04 -- 		 shacl-min: 1
10/03/2026 10:55:04 -- 	N73b30ff8672449628b64b0d70f747b36 | http://mu.semte.ch/vocabularies/core/uuid > [no object/datatype]
10/03/2026 10:55:04 -- 		 min: 1 (min found at subject)
10/03/2026 10:55:04 -- 		 max: 1 (max found at subject)
10/03/2026 10:55:04 -- 		 shacl-min: 1
10/03/2026 10:55:04 -- 		 shacl-max: 1
10/03/2026 10:55:04 -- 	N2a48a2386bf04014ba1507300eb2a837 | http://data.europa.eu/eli/ontology#date_no_longer_in_force > [no object/datatype]
10/03/2026 10:55:04 -- 		 min: 0 (min found at subject)
10/03/2026 10:55:04 -- 		 max: 1 (max found at subject)
10/03/2026 10:55:04 -- 		 shacl-max: 1
10/03/2026 10:55:04 -- 	Nb9822000ac924d32bd8dd9569074a641 | http://lblod.data.gift/vocabularies/besluit/extractedDecisionContent > [no object/datatype]
10/03/2026 10:55:04 -- 		 min: 1 (min found at subject)
10/03/2026 10:55:04 -- 		 max: 370 (max found at subject)
10/03/2026 10:55:04 -- 		 shacl-min: 1
10/03/2026 10:55:04 -- 	N61acdf53f0814169978f2decfdac7680 | http://data.europa.eu/eli/ontology#related_to > http://xmlns.com/foaf/0.1/Document
10/03/2026 10:55:04 -- 		 min: 0 (min found at subject)
10/03/2026 10:55:04 -- 		 max: 6 (max found at subject)
10/03/2026 10:55:04 -- 	N7617f1a93b6247118c06a64dd0f024a6 | http://data.europa.eu/eli/ontology#title_short > [no object/datatype]
10/03/2026 10:55:04 -- 		 min: 0 (min found at subject)
10/03/2026 10:55:04 -- 		 max: 1 (max found at subject)
10/03/2026 10:55:04 -- 		 shacl-max: 1
10/03/2026 10:55:04 -- 	N51a51c78f15a4d4fbea5f11fbc6dd1ac | http://lblod.data.gift/vocabularies/besluit/chartOfAccount > http://www.w3.org/2004/02/skos/core#Concept
10/03/2026 10:55:04 -- 		 min: 0 (min found at subject)
10/03/2026 10:55:04 -- 		 max: 1 (max found at subject)
10/03/2026 10:55:04 -- 		 shacl-max: 1
10/03/2026 10:55:04 -- 	Ne41b6471b2f3420d83e1cd2173e7ea6a | http://data.europa.eu/eli/ontology#language > http://www.w3.org/2004/02/skos/core#Concept
10/03/2026 10:55:04 -- 		 min: 1 (min found at subject)
10/03/2026 10:55:04 -- 		 max: 1 (max found at subject)
10/03/2026 10:55:04 -- 		 shacl-min: 1
10/03/2026 10:55:04 -- 		 shacl-max: 1
10/03/2026 10:55:04 -- http://example.com/shapes/d36341aa-f6c8-40d0-a994-ab4686f7087d ~ https://data.vlaanderen.be/id/concept/BesluitType/b4c828e4-bcb8-46ff-8abf-5fde227d2459
10/03/2026 10:55:04 -- 	N069c87af05bd4220a8abdea98b5dfdeb | http://mu.semte.ch/vocabularies/core/uuid > [no object/datatype]
10/03/2026 10:55:04 -- 		 min: 1 (min found at subject)
10/03/2026 10:55:04 -- 		 max: 1 (max found at subject)
10/03/2026 10:55:04 -- 		 shacl-min: 1
10/03/2026 10:55:04 -- 		 shacl-max: 1
10/03/2026 10:55:04 -- 	N95c2af16b91a47b28c2da5d200684c39 | http://data.europa.eu/eli/ontology#related_to > http://xmlns.com/foaf/0.1/Document
10/03/2026 10:55:04 -- 		 min: 0 (min found at subject)
10/03/2026 10:55:04 -- 		 max: 7 (max found at subject)
10/03/2026 10:55:04 -- 	N66d976a8803541ddaa6659550e0cc384 | http://data.europa.eu/eli/ontology#language > http://www.w3.org/2004/02/skos/core#Concept
10/03/2026 10:55:04 -- 		 min: 1 (min found at subject)
10/03/2026 10:55:04 -- 		 max: 1 (max found at subject)
10/03/2026 10:55:04 -- 		 shacl-min: 1
10/03/2026 10:55:04 -- 		 shacl-max: 1
10/03/2026 10:55:04 -- 	N82b6886e1e7d4553872ae979ef0bc46c | http://data.europa.eu/eli/ontology#description > [no object/datatype]
10/03/2026 10:55:04 -- 		 min: 1 (min found at subject)
10/03/2026 10:55:04 -- 		 max: 4 (max found at subject)
10/03/2026 10:55:04 -- 		 shacl-min: 1
10/03/2026 10:55:04 -- 	N652f6d4d87b24da680318c152204bc0d | http://data.europa.eu/eli/ontology#title > [no object/datatype]
10/03/2026 10:55:04 -- 		 min: 1 (min found at subject)
10/03/2026 10:55:04 -- 		 max: 1 (max found at subject)
10/03/2026 10:55:04 -- 		 shacl-min: 1
10/03/2026 10:55:04 -- 		 shacl-max: 1
10/03/2026 10:55:04 -- 	N708319ba3c834449b7ce74ae100659e7 | http://data.europa.eu/eli/ontology#date_publication > [no object/datatype]
10/03/2026 10:55:04 -- 		 min: 1 (min found at subject)
10/03/2026 10:55:04 -- 		 max: 3 (max found at subject)
10/03/2026 10:55:04 -- 		 shacl-min: 1
10/03/2026 10:55:04 -- 	N61098a05102a448c8170d8ae403b9bb1 | http://www.w3.org/ns/prov#wasDerivedFrom > http://data.vlaanderen.be/ns/besluit#Bestuurseenheid
10/03/2026 10:55:04 -- 		 min: 0 (min found at subject)
10/03/2026 10:55:04 -- 		 max: 2 (max found at subject)
10/03/2026 10:55:04 -- 	N11ef2bc3f913448ea24e64d0dc98918e | http://www.w3.org/ns/prov#wasDerivedFrom > http://data.vlaanderen.be/ns/besluit#Bestuursorgaan
10/03/2026 10:55:04 -- 		 min: 0 (min found at subject)
10/03/2026 10:55:04 -- 		 max: 2 (max found at subject)
10/03/2026 10:55:04 -- 	Nd5506342380b4eb087a9364724cc82fd | http://www.w3.org/ns/prov#wasDerivedFrom > http://data.vlaanderen.be/ns/mandaat#Mandataris
10/03/2026 10:55:04 -- 		 min: 0 (min found at subject)
10/03/2026 10:55:04 -- 		 max: 3 (max found at subject)
10/03/2026 10:55:04 -- 	N200252068c354a8096f2f045aa63a315 | http://www.w3.org/ns/prov#wasDerivedFrom > http://www.w3.org/2004/02/skos/core#Concept
10/03/2026 10:55:04 -- 		 min: 0 (min found at subject)
10/03/2026 10:55:04 -- 		 max: 2 (max found at subject)
10/03/2026 10:55:04 -- 	Ne56f0291686248e18666016b95fadb49 | http://www.w3.org/ns/prov#wasDerivedFrom > http://xmlns.com/foaf/0.1/Document
10/03/2026 10:55:04 -- 		 min: 0 (min found at subject)
10/03/2026 10:55:04 -- 		 max: 3 (max found at subject)
10/03/2026 10:55:04 -- 	N8358c0b1d1054b94a41197500e0f7d7a | http://www.w3.org/ns/prov#wasDerivedFrom > https://data.vlaanderen.be/id/concept/BesluitDocumentType/13fefad6-a9d6-4025-83b5-e4cbee3a8965
10/03/2026 10:55:04 -- 		 min: 0 (min found at subject)
10/03/2026 10:55:04 -- 		 max: 1 (max found at subject)
10/03/2026 10:55:04 -- 		 shacl-max: 1
10/03/2026 10:55:04 -- 	Nb1fab49d23004ff3b2e19f7dc2913d54 | http://www.w3.org/ns/prov#wasDerivedFrom > https://data.vlaanderen.be/id/concept/BesluitDocumentType/3fa67785-ffdc-4b30-8880-2b99d97b4dee
10/03/2026 10:55:04 -- 		 min: 0 (min found at subject)
10/03/2026 10:55:04 -- 		 max: 1 (max found at subject)
10/03/2026 10:55:04 -- 		 shacl-max: 1
10/03/2026 10:55:04 -- 	Ne94b035bfa9e4241915fab0cd468442f | http://www.w3.org/ns/prov#wasDerivedFrom > https://data.vlaanderen.be/id/concept/BesluitDocumentType/8e791b27-7600-4577-b24e-c7c29e0eb773
10/03/2026 10:55:04 -- 		 min: 0 (min found at subject)
10/03/2026 10:55:04 -- 		 max: 1 (max found at subject)
10/03/2026 10:55:04 -- 		 shacl-max: 1
10/03/2026 10:55:04 -- 	N299ea11679464c5b8a117751932b1253 | http://www.w3.org/ns/prov#value > [no object/datatype]
10/03/2026 10:55:04 -- 		 min: 1 (min found at subject)
10/03/2026 10:55:04 -- 		 max: 4 (max found at subject)
10/03/2026 10:55:04 -- 		 shacl-min: 1
10/03/2026 10:55:04 -- 	N1fbe2856188343a6ad4619a863977661 | http://www.w3.org/ns/prov#wasGeneratedBy > http://data.vlaanderen.be/ns/besluit#BehandelingVanAgendapunt
10/03/2026 10:55:04 -- 		 min: 1 (min found at subject)
10/03/2026 10:55:04 -- 		 max: 1 (max found at subject)
10/03/2026 10:55:04 -- 		 shacl-min: 1
10/03/2026 10:55:04 -- 		 shacl-max: 1
10/03/2026 10:55:04 -- 	Nbdf3492799e744af8d21173614d9db4c | http://lblod.data.gift/vocabularies/besluit/extractedDecisionContent > [no object/datatype]
10/03/2026 10:55:04 -- 		 min: 1 (min found at subject)
10/03/2026 10:55:04 -- 		 max: 67 (max found at subject)
10/03/2026 10:55:04 -- 		 shacl-min: 1
10/03/2026 10:55:04 -- 	N3c30930e343d419cb99237749fdf4503 | http://data.europa.eu/eli/ontology#first_date_entry_in_force > [no object/datatype]
10/03/2026 10:55:04 -- 		 min: 1 (min found at subject)
10/03/2026 10:55:04 -- 		 max: 3 (max found at subject)
10/03/2026 10:55:04 -- 		 shacl-min: 1
10/03/2026 10:55:04 -- 	N7ddada25a518472ca9848f8a5111ead7 | http://data.europa.eu/eli/ontology#date_no_longer_in_force > [no object/datatype]
10/03/2026 10:55:04 -- 		 min: 0 (min found at subject)
10/03/2026 10:55:04 -- 		 max: 1 (max found at subject)
10/03/2026 10:55:04 -- 		 shacl-max: 1
10/03/2026 10:55:04 -- 	N113d74e1232b48bbbc8c8046f6910571 | http://data.europa.eu/eli/ontology#passed_by > http://data.vlaanderen.be/ns/besluit#Bestuurseenheid
10/03/2026 10:55:04 -- 		 min: 0 (min found at subject)
10/03/2026 10:55:04 -- 		 max: 2 (max found at subject)
10/03/2026 10:55:04 -- 	N2738758824d14347a69455233c94a267 | http://data.europa.eu/eli/ontology#passed_by > http://data.vlaanderen.be/ns/besluit#Bestuursorgaan
10/03/2026 10:55:04 -- 		 min: 1 (min found at subject)
10/03/2026 10:55:04 -- 		 max: 2 (max found at subject)
10/03/2026 10:55:04 -- 		 shacl-min: 1
10/03/2026 10:55:04 -- 	N7300abf1ec4e408a8309f66da1dac2ca | http://data.europa.eu/eli/ontology#passed_by > http://data.vlaanderen.be/ns/mandaat#Mandataris
10/03/2026 10:55:04 -- 		 min: 0 (min found at subject)
10/03/2026 10:55:04 -- 		 max: 2 (max found at subject)
10/03/2026 10:55:04 -- 	N23748541c08a4b25ada82fcac881e101 | http://data.europa.eu/eli/ontology#passed_by > http://www.w3.org/2004/02/skos/core#Concept
10/03/2026 10:55:04 -- 		 min: 0 (min found at subject)
10/03/2026 10:55:04 -- 		 max: 2 (max found at subject)
10/03/2026 10:55:04 -- 	N2f1691b53ae44515ba1a1b7bc385fffc | http://data.europa.eu/eli/ontology#passed_by > http://xmlns.com/foaf/0.1/Document
10/03/2026 10:55:04 -- 		 min: 0 (min found at subject)
10/03/2026 10:55:04 -- 		 max: 2 (max found at subject)
10/03/2026 10:55:04 -- 	N3f8a310dfd3946669ae9e3c396a6e26a | http://data.europa.eu/eli/ontology#passed_by > https://data.vlaanderen.be/id/concept/BesluitDocumentType/13fefad6-a9d6-4025-83b5-e4cbee3a8965
10/03/2026 10:55:04 -- 		 min: 0 (min found at subject)
10/03/2026 10:55:04 -- 		 max: 1 (max found at subject)
10/03/2026 10:55:04 -- 		 shacl-max: 1
10/03/2026 10:55:04 -- 	Nb869671c83ea4f39bd7c31d3131f9358 | http://data.europa.eu/eli/ontology#passed_by > https://data.vlaanderen.be/id/concept/BesluitDocumentType/3fa67785-ffdc-4b30-8880-2b99d97b4dee
10/03/2026 10:55:04 -- 		 min: 0 (min found at subject)
10/03/2026 10:55:04 -- 		 max: 1 (max found at subject)
10/03/2026 10:55:04 -- 		 shacl-max: 1
10/03/2026 10:55:04 -- http://example.com/shapes/065f8f6b-09df-44ab-8dd3-7cdaaf89d050 ~ https://data.vlaanderen.be/id/concept/BesluitType/b69c9f18-967c-4feb-90a8-8eea3c8ce46b
10/03/2026 10:55:04 -- 	N81d571b8789841efb8eb5f04904331a9 | http://data.europa.eu/eli/ontology#title > [no object/datatype]
10/03/2026 10:55:04 -- 		 min: 1 (min found at subject)
10/03/2026 10:55:04 -- 		 max: 1 (max found at subject)
10/03/2026 10:55:04 -- 		 shacl-min: 1
10/03/2026 10:55:04 -- 		 shacl-max: 1
10/03/2026 10:55:04 -- 	Nf3aba100cedc47869354a98c6e3bb002 | http://data.vlaanderen.be/ns/besluit#motivering > [no object/datatype]
10/03/2026 10:55:04 -- 		 min: 1 (min found at subject)
10/03/2026 10:55:04 -- 		 max: 2 (max found at subject)
10/03/2026 10:55:04 -- 		 shacl-min: 1
10/03/2026 10:55:04 -- 	N22182e4c29bc4e619bc0075c01424e63 | http://data.europa.eu/eli/ontology#language > http://www.w3.org/2004/02/skos/core#Concept
10/03/2026 10:55:04 -- 		 min: 1 (min found at subject)
10/03/2026 10:55:04 -- 		 max: 1 (max found at subject)
10/03/2026 10:55:04 -- 		 shacl-min: 1
10/03/2026 10:55:04 -- 		 shacl-max: 1
10/03/2026 10:55:04 -- 	N5d2c8823a1d14066868a1a46455c8412 | http://www.w3.org/ns/prov#wasGeneratedBy > http://data.vlaanderen.be/ns/besluit#BehandelingVanAgendapunt
10/03/2026 10:55:04 -- 		 min: 1 (min found at subject)
10/03/2026 10:55:04 -- 		 max: 1 (max found at subject)
10/03/2026 10:55:04 -- 		 shacl-min: 1
10/03/2026 10:55:04 -- 		 shacl-max: 1
10/03/2026 10:55:04 -- 	N71e53f6c75794a53a959be3a887cb568 | http://data.europa.eu/eli/ontology#related_to > http://xmlns.com/foaf/0.1/Document
10/03/2026 10:55:04 -- 		 min: 0 (min found at subject)
10/03/2026 10:55:04 -- 		 max: 4 (max found at subject)
10/03/2026 10:55:04 -- 	Na92132c8bc014ffeab5517d4557fe31e | http://data.europa.eu/eli/ontology#has_part > http://data.vlaanderen.be/ns/besluit#Artikel
10/03/2026 10:55:04 -- 		 min: 2 (min found at subject)
10/03/2026 10:55:04 -- 		 max: 3 (max found at subject)
10/03/2026 10:55:04 -- 		 shacl-min: 1
10/03/2026 10:55:04 -- 	Nad2f1fbb77844fb48ce9e255d2f5a653 | http://www.w3.org/ns/prov#wasDerivedFrom > [no object/datatype]
10/03/2026 10:55:04 -- 		 min: 1 (min found at subject)
10/03/2026 10:55:04 -- 		 max: 2 (max found at subject)
10/03/2026 10:55:04 -- 		 shacl-min: 1
10/03/2026 10:55:04 -- 	Nf2d73902d1634cbea3d4bf297b6840dc | http://www.w3.org/ns/prov#value > [no object/datatype]
10/03/2026 10:55:04 -- 		 min: 2 (min found at subject)
10/03/2026 10:55:04 -- 		 max: 6 (max found at subject)
10/03/2026 10:55:04 -- 		 shacl-min: 1
10/03/2026 10:55:04 -- 	N88410e1a3b2740319a0779dc29119375 | http://data.europa.eu/eli/ontology#passed_by > http://data.vlaanderen.be/ns/besluit#Bestuursorgaan
10/03/2026 10:55:04 -- 		 min: 1 (min found at subject)
10/03/2026 10:55:04 -- 		 max: 1 (max found at subject)
10/03/2026 10:55:04 -- 		 shacl-min: 1
10/03/2026 10:55:04 -- 		 shacl-max: 1
10/03/2026 10:55:04 -- 	N070dab9a42d8417ab34e4aa803dd257f | http://lblod.data.gift/vocabularies/besluit/authenticityType > http://www.w3.org/2004/02/skos/core#Concept
10/03/2026 10:55:04 -- 		 min: 1 (min found at subject)
10/03/2026 10:55:04 -- 		 max: 1 (max found at subject)
10/03/2026 10:55:04 -- 		 shacl-min: 1
10/03/2026 10:55:04 -- 		 shacl-max: 1
10/03/2026 10:55:04 -- 	Nbf96da2273b34804b148bb091e752e7e | http://data.europa.eu/eli/ontology#date_publication > [no object/datatype]
10/03/2026 10:55:04 -- 		 min: 1 (min found at subject)
10/03/2026 10:55:04 -- 		 max: 1 (max found at subject)
10/03/2026 10:55:04 -- 		 shacl-min: 1
10/03/2026 10:55:04 -- 		 shacl-max: 1
10/03/2026 10:55:04 -- 	Nbbe9cc092a8c4ec98166f4c621c1cf9a | http://lblod.data.gift/vocabularies/besluit/extractedDecisionContent > [no object/datatype]
10/03/2026 10:55:04 -- 		 min: 42 (min found at subject)
10/03/2026 10:55:04 -- 		 max: 135 (max found at subject)
10/03/2026 10:55:04 -- 		 shacl-min: 1
10/03/2026 10:55:04 -- 	Ne48ebf9d69ff41af84359c77113cca82 | http://data.europa.eu/eli/ontology#description > [no object/datatype]
10/03/2026 10:55:04 -- 		 min: 1 (min found at subject)
10/03/2026 10:55:04 -- 		 max: 1 (max found at subject)
10/03/2026 10:55:04 -- 		 shacl-min: 1
10/03/2026 10:55:04 -- 		 shacl-max: 1
10/03/2026 10:55:04 -- 	Nd63476e3fe5642a6ba74d886cfc20a49 | http://data.europa.eu/eli/ontology#title_short > [no object/datatype]
10/03/2026 10:55:04 -- 		 min: 1 (min found at subject)
10/03/2026 10:55:04 -- 		 max: 1 (max found at subject)
10/03/2026 10:55:04 -- 		 shacl-min: 1
10/03/2026 10:55:04 -- 		 shacl-max: 1
10/03/2026 10:55:04 -- 	Nfe5a3465d3004c45824ee4dd3176230e | http://mu.semte.ch/vocabularies/core/uuid > [no object/datatype]
10/03/2026 10:55:04 -- 		 min: 1 (min found at subject)
10/03/2026 10:55:04 -- 		 max: 1 (max found at subject)
10/03/2026 10:55:04 -- 		 shacl-min: 1
10/03/2026 10:55:04 -- 		 shacl-max: 1
10/03/2026 10:55:04 -- http://example.com/shapes/6565c6b7-69af-499c-8f35-2303c2ca58e8 ~ https://data.vlaanderen.be/id/concept/BesluitType/ba5922c9-cfad-4b2e-b203-36479219ba56
10/03/2026 10:55:04 -- 	Nccb66ada77d0415ba642ee6e0c668cef | http://data.europa.eu/eli/ontology#first_date_entry_in_force > [no object/datatype]
10/03/2026 10:55:04 -- 		 min: 0 (min found at subject)
10/03/2026 10:55:04 -- 		 max: 3 (max found at subject)
10/03/2026 10:55:04 -- 	Nacb3e6c2f14a464bb8caaf09889327e6 | http://data.europa.eu/eli/ontology#cites > [no object/datatype]
10/03/2026 10:55:04 -- 		 min: 0 (min found at subject)
10/03/2026 10:55:04 -- 		 max: 1 (max found at subject)
10/03/2026 10:55:04 -- 		 shacl-max: 1
10/03/2026 10:55:04 -- 	N19e1af4e6c224b7ba0c89b35da708516 | http://data.europa.eu/eli/ontology#description > [no object/datatype]
10/03/2026 10:55:04 -- 		 min: 1 (min found at subject)
10/03/2026 10:55:04 -- 		 max: 4 (max found at subject)
10/03/2026 10:55:04 -- 		 shacl-min: 1
10/03/2026 10:55:04 -- 	Nd2a950ab09bb4168b8234b2e5ce071d9 | http://data.europa.eu/eli/ontology#has_part > http://data.vlaanderen.be/ns/besluit#Artikel
10/03/2026 10:55:04 -- 		 min: 0 (min found at subject)
10/03/2026 10:55:04 -- 		 max: 16 (max found at subject)
10/03/2026 10:55:04 -- 	N8184dbd06041467696ab08b1ee31eb66 | http://data.europa.eu/eli/ontology#date_no_longer_in_force > [no object/datatype]
10/03/2026 10:55:04 -- 		 min: 0 (min found at subject)
10/03/2026 10:55:04 -- 		 max: 2 (max found at subject)
10/03/2026 10:55:04 -- 	Nb353c06d468f4944af76fa136ebb090e | http://www.w3.org/ns/prov#wasGeneratedBy > http://data.vlaanderen.be/ns/besluit#BehandelingVanAgendapunt
10/03/2026 10:55:04 -- 		 min: 1 (min found at subject)
10/03/2026 10:55:04 -- 		 max: 1 (max found at subject)
10/03/2026 10:55:04 -- 		 shacl-min: 1
10/03/2026 10:55:04 -- 		 shacl-max: 1
10/03/2026 10:55:04 -- 	N765c25117d7a4cdb881db4c12bccb880 | http://data.europa.eu/eli/ontology#passed_by > http://data.vlaanderen.be/ns/besluit#Bestuursorgaan
10/03/2026 10:55:04 -- 		 min: 0 (min found at subject)
10/03/2026 10:55:04 -- 		 max: 1 (max found at subject)
10/03/2026 10:55:04 -- 		 shacl-max: 1
10/03/2026 10:55:04 -- 	N7808ada1e7c2427fa4fb29561ddaedb7 | http://data.vlaanderen.be/ns/besluit#citeeropschrift > [no object/datatype]
10/03/2026 10:55:04 -- 		 min: 0 (min found at subject)
10/03/2026 10:55:04 -- 		 max: 1 (max found at subject)
10/03/2026 10:55:04 -- 		 shacl-max: 1
10/03/2026 10:55:04 -- 	Na9276f7ce3fa4d1cb2171ab6a8cbc09f | http://www.w3.org/ns/prov#value > [no object/datatype]
10/03/2026 10:55:04 -- 		 min: 1 (min found at subject)
10/03/2026 10:55:04 -- 		 max: 32 (max found at subject)
10/03/2026 10:55:04 -- 		 shacl-min: 1
10/03/2026 10:55:04 -- 	N493c9d62325944d0af64624aa7885968 | http://data.vlaanderen.be/ns/besluit#noreferrer > [no object/datatype]
10/03/2026 10:55:04 -- 		 min: 0 (min found at subject)
10/03/2026 10:55:04 -- 		 max: 1 (max found at subject)
10/03/2026 10:55:04 -- 		 shacl-max: 1
10/03/2026 10:55:04 -- 	Nc12ea08a605049d9aaea80b566f5491a | http://data.vlaanderen.be/ns/besluit#noopener > [no object/datatype]
10/03/2026 10:55:04 -- 		 min: 0 (min found at subject)
10/03/2026 10:55:04 -- 		 max: 1 (max found at subject)
10/03/2026 10:55:04 -- 		 shacl-max: 1
10/03/2026 10:55:04 -- 	Nbe906e7174bc4cd1b019cd3374ef448b | http://lblod.data.gift/vocabularies/besluit/extractedDecisionContent > [no object/datatype]
10/03/2026 10:55:04 -- 		 min: 1 (min found at subject)
10/03/2026 10:55:04 -- 		 max: 656 (max found at subject)
10/03/2026 10:55:04 -- 		 shacl-min: 1
10/03/2026 10:55:04 -- 	N3812cec5026a4e3db2e849ff80fbc32d | http://data.europa.eu/eli/ontology#language > http://www.w3.org/2004/02/skos/core#Concept
10/03/2026 10:55:04 -- 		 min: 1 (min found at subject)
10/03/2026 10:55:04 -- 		 max: 1 (max found at subject)
10/03/2026 10:55:04 -- 		 shacl-min: 1
10/03/2026 10:55:04 -- 		 shacl-max: 1
10/03/2026 10:55:04 -- 	Nbe9795d847944e7ab19c4dab9f1da2bf | http://mu.semte.ch/vocabularies/core/uuid > [no object/datatype]
10/03/2026 10:55:04 -- 		 min: 1 (min found at subject)
10/03/2026 10:55:04 -- 		 max: 1 (max found at subject)
10/03/2026 10:55:04 -- 		 shacl-min: 1
10/03/2026 10:55:04 -- 		 shacl-max: 1
10/03/2026 10:55:04 -- 	Nd1b764504ca8420bbc40d3bd8d25b802 | http://data.europa.eu/eli/ontology#title > [no object/datatype]
10/03/2026 10:55:04 -- 		 min: 1 (min found at subject)
10/03/2026 10:55:04 -- 		 max: 1 (max found at subject)
10/03/2026 10:55:04 -- 		 shacl-min: 1
10/03/2026 10:55:04 -- 		 shacl-max: 1
10/03/2026 10:55:04 -- 	N19dca21a4038471cb5e5f998f97c9b86 | http://data.europa.eu/eli/ontology#title_short > [no object/datatype]
10/03/2026 10:55:04 -- 		 min: 0 (min found at subject)
10/03/2026 10:55:04 -- 		 max: 1 (max found at subject)
10/03/2026 10:55:04 -- 		 shacl-max: 1
10/03/2026 10:55:04 -- 	N0dc99ccdb58c47f7be7311569b0b9e67 | http://data.vlaanderen.be/ns/besluit#motivering > [no object/datatype]
10/03/2026 10:55:04 -- 		 min: 0 (min found at subject)
10/03/2026 10:55:04 -- 		 max: 3 (max found at subject)
10/03/2026 10:55:04 -- 	N1749b39193dd41baa1ed43d778ae14c7 | http://www.w3.org/ns/prov#wasDerivedFrom > http://data.vlaanderen.be/ns/mandaat#Mandataris
10/03/2026 10:55:04 -- 		 min: 0 (min found at subject)
10/03/2026 10:55:04 -- 		 max: 3 (max found at subject)
10/03/2026 10:55:04 -- 	N540ea4dd4d59421f8fa1c6de774f1572 | http://www.w3.org/ns/prov#wasDerivedFrom > http://xmlns.com/foaf/0.1/Document
10/03/2026 10:55:04 -- 		 min: 0 (min found at subject)
10/03/2026 10:55:04 -- 		 max: 3 (max found at subject)
10/03/2026 10:55:04 -- 	N2305351d817d4ac29ec6023288c3e759 | http://www.w3.org/ns/prov#wasDerivedFrom > https://data.vlaanderen.be/id/concept/BesluitDocumentType/13fefad6-a9d6-4025-83b5-e4cbee3a8965
10/03/2026 10:55:04 -- 		 min: 0 (min found at subject)
10/03/2026 10:55:04 -- 		 max: 1 (max found at subject)
10/03/2026 10:55:04 -- 		 shacl-max: 1
10/03/2026 10:55:04 -- 	N336a2f01fa754f85bbb3cac52ef69d0e | http://www.w3.org/ns/prov#wasDerivedFrom > https://data.vlaanderen.be/id/concept/BesluitDocumentType/3fa67785-ffdc-4b30-8880-2b99d97b4dee
10/03/2026 10:55:04 -- 		 min: 0 (min found at subject)
10/03/2026 10:55:04 -- 		 max: 1 (max found at subject)
10/03/2026 10:55:04 -- 		 shacl-max: 1
10/03/2026 10:55:04 -- 	Na821eeaa0e3747aa94af1c86034db864 | http://www.w3.org/ns/prov#wasDerivedFrom > https://data.vlaanderen.be/id/concept/BesluitDocumentType/8e791b27-7600-4577-b24e-c7c29e0eb773
10/03/2026 10:55:04 -- 		 min: 0 (min found at subject)
10/03/2026 10:55:04 -- 		 max: 1 (max found at subject)
10/03/2026 10:55:04 -- 		 shacl-max: 1
10/03/2026 10:55:04 -- 	Ndb085ee540844b5e85f26b1c819c64ff | http://data.europa.eu/eli/ontology#date_publication > [no object/datatype]
10/03/2026 10:55:04 -- 		 min: 1 (min found at subject)
10/03/2026 10:55:04 -- 		 max: 3 (max found at subject)
10/03/2026 10:55:04 -- 		 shacl-min: 1
10/03/2026 10:55:04 -- 	N3c13a1b2a55f49e695e7b0632aed20b1 | http://data.europa.eu/eli/ontology#related_to > http://xmlns.com/foaf/0.1/Document
10/03/2026 10:55:04 -- 		 min: 0 (min found at subject)
10/03/2026 10:55:04 -- 		 max: 13 (max found at subject)
10/03/2026 10:55:04 -- http://example.com/shapes/ca1515bf-82d2-4696-9d10-551e3976a40f ~ https://data.vlaanderen.be/id/concept/BesluitType/c945b531-4742-43fe-af55-b13da6ecc6fe
10/03/2026 10:55:04 -- 	N57a1dfc3b44a44bfb887ec7f42ea204a | http://data.europa.eu/eli/ontology#date_publication > [no object/datatype]
10/03/2026 10:55:04 -- 		 min: 1 (min found at subject)
10/03/2026 10:55:04 -- 		 max: 3 (max found at subject)
10/03/2026 10:55:04 -- 		 shacl-min: 1
10/03/2026 10:55:04 -- 	Nfa2f9bf9c6cf48f1bf8d5260c2e14059 | http://mu.semte.ch/vocabularies/core/uuid > [no object/datatype]
10/03/2026 10:55:04 -- 		 min: 1 (min found at subject)
10/03/2026 10:55:04 -- 		 max: 1 (max found at subject)
10/03/2026 10:55:04 -- 		 shacl-min: 1
10/03/2026 10:55:04 -- 		 shacl-max: 1
10/03/2026 10:55:04 -- 	N8bb53f805c234be19fc78b085ad02e54 | http://data.europa.eu/eli/ontology#title > [no object/datatype]
10/03/2026 10:55:04 -- 		 min: 1 (min found at subject)
10/03/2026 10:55:04 -- 		 max: 1 (max found at subject)
10/03/2026 10:55:04 -- 		 shacl-min: 1
10/03/2026 10:55:04 -- 		 shacl-max: 1
10/03/2026 10:55:04 -- 	N25837976f62a4266a3ec04dd0450e258 | http://www.w3.org/ns/prov#wasGeneratedBy > http://data.vlaanderen.be/ns/besluit#BehandelingVanAgendapunt
10/03/2026 10:55:04 -- 		 min: 1 (min found at subject)
10/03/2026 10:55:04 -- 		 max: 1 (max found at subject)
10/03/2026 10:55:04 -- 		 shacl-min: 1
10/03/2026 10:55:04 -- 		 shacl-max: 1
10/03/2026 10:55:04 -- 	N2c6515e86ae943a0a4a2651f96fe7838 | http://data.europa.eu/eli/ontology#language > http://www.w3.org/2004/02/skos/core#Concept
10/03/2026 10:55:04 -- 		 min: 1 (min found at subject)
10/03/2026 10:55:04 -- 		 max: 1 (max found at subject)
10/03/2026 10:55:04 -- 		 shacl-min: 1
10/03/2026 10:55:04 -- 		 shacl-max: 1
10/03/2026 10:55:04 -- 	N70c7fd80776b4dba8109fde21e8309b2 | http://data.europa.eu/eli/ontology#related_to > http://xmlns.com/foaf/0.1/Document
10/03/2026 10:55:04 -- 		 min: 1 (min found at subject)
10/03/2026 10:55:04 -- 		 max: 1 (max found at subject)
10/03/2026 10:55:04 -- 		 shacl-min: 1
10/03/2026 10:55:04 -- 		 shacl-max: 1
10/03/2026 10:55:04 -- 	Ncb9434d36d6b461283f82f94f7b29475 | http://www.w3.org/ns/prov#wasDerivedFrom > http://data.vlaanderen.be/ns/besluit#Bestuurseenheid
10/03/2026 10:55:04 -- 		 min: 0 (min found at subject)
10/03/2026 10:55:04 -- 		 max: 1 (max found at subject)
10/03/2026 10:55:04 -- 		 shacl-max: 1
10/03/2026 10:55:04 -- 	Nf09af6f6dea04e5eb41b001ae9e9451f | http://www.w3.org/ns/prov#wasDerivedFrom > http://data.vlaanderen.be/ns/besluit#Bestuursorgaan
10/03/2026 10:55:04 -- 		 min: 0 (min found at subject)
10/03/2026 10:55:04 -- 		 max: 1 (max found at subject)
10/03/2026 10:55:04 -- 		 shacl-max: 1
10/03/2026 10:55:04 -- 	N1bc57c794fc442d19fd7c257824e7735 | http://www.w3.org/ns/prov#wasDerivedFrom > http://data.vlaanderen.be/ns/mandaat#Mandataris
10/03/2026 10:55:04 -- 		 min: 0 (min found at subject)
10/03/2026 10:55:04 -- 		 max: 2 (max found at subject)
10/03/2026 10:55:04 -- 	Nf05780005d034a1c806cb122e4254773 | http://www.w3.org/ns/prov#wasDerivedFrom > http://xmlns.com/foaf/0.1/Document
10/03/2026 10:55:04 -- 		 min: 1 (min found at subject)
10/03/2026 10:55:04 -- 		 max: 3 (max found at subject)
10/03/2026 10:55:04 -- 		 shacl-min: 1
10/03/2026 10:55:04 -- 	Ne45494a3d642413db9a2b021315eaf4f | http://www.w3.org/ns/prov#wasDerivedFrom > https://data.vlaanderen.be/id/concept/BesluitDocumentType/13fefad6-a9d6-4025-83b5-e4cbee3a8965
10/03/2026 10:55:04 -- 		 min: 0 (min found at subject)
10/03/2026 10:55:04 -- 		 max: 1 (max found at subject)
10/03/2026 10:55:04 -- 		 shacl-max: 1
10/03/2026 10:55:04 -- 	N3c9100447eb244ec8cc0dcbee1d6a40b | http://www.w3.org/ns/prov#wasDerivedFrom > https://data.vlaanderen.be/id/concept/BesluitDocumentType/3fa67785-ffdc-4b30-8880-2b99d97b4dee
10/03/2026 10:55:04 -- 		 min: 1 (min found at subject)
10/03/2026 10:55:04 -- 		 max: 1 (max found at subject)
10/03/2026 10:55:04 -- 		 shacl-min: 1
10/03/2026 10:55:04 -- 		 shacl-max: 1
10/03/2026 10:55:04 -- 	N5125098b1e9d465da6b6e574b18a0d5f | http://www.w3.org/ns/prov#wasDerivedFrom > https://data.vlaanderen.be/id/concept/BesluitDocumentType/8e791b27-7600-4577-b24e-c7c29e0eb773
10/03/2026 10:55:04 -- 		 min: 0 (min found at subject)
10/03/2026 10:55:04 -- 		 max: 1 (max found at subject)
10/03/2026 10:55:04 -- 		 shacl-max: 1
10/03/2026 10:55:04 -- 	Nadd62cfefd2c4db5a3464b6008723511 | http://data.europa.eu/eli/ontology#description > [no object/datatype]
10/03/2026 10:55:04 -- 		 min: 1 (min found at subject)
10/03/2026 10:55:04 -- 		 max: 3 (max found at subject)
10/03/2026 10:55:04 -- 		 shacl-min: 1
10/03/2026 10:55:04 -- 	Ne7f1b5bd310e4806be9457cc0f6519d8 | http://data.europa.eu/eli/ontology#first_date_entry_in_force > [no object/datatype]
10/03/2026 10:55:04 -- 		 min: 1 (min found at subject)
10/03/2026 10:55:04 -- 		 max: 3 (max found at subject)
10/03/2026 10:55:04 -- 		 shacl-min: 1
10/03/2026 10:55:04 -- 	N08dad86ebf314ef49c8ed2ec49f7d7ee | http://www.w3.org/ns/prov#value > [no object/datatype]
10/03/2026 10:55:04 -- 		 min: 1 (min found at subject)
10/03/2026 10:55:04 -- 		 max: 3 (max found at subject)
10/03/2026 10:55:04 -- 		 shacl-min: 1
10/03/2026 10:55:04 -- 	N7313cfa1320d406e8c3a45eeeb13b0c0 | http://data.europa.eu/eli/ontology#passed_by > http://data.vlaanderen.be/ns/besluit#Bestuurseenheid
10/03/2026 10:55:04 -- 		 min: 0 (min found at subject)
10/03/2026 10:55:04 -- 		 max: 1 (max found at subject)
10/03/2026 10:55:04 -- 		 shacl-max: 1
10/03/2026 10:55:04 -- 	N9056c981b5744c4fb4047121877fab21 | http://data.europa.eu/eli/ontology#passed_by > http://data.vlaanderen.be/ns/besluit#Bestuursorgaan
10/03/2026 10:55:04 -- 		 min: 1 (min found at subject)
10/03/2026 10:55:04 -- 		 max: 1 (max found at subject)
10/03/2026 10:55:04 -- 		 shacl-min: 1
10/03/2026 10:55:04 -- 		 shacl-max: 1
10/03/2026 10:55:04 -- 	N85a6027cf9e543cb90f0dbf137ef5b77 | http://data.europa.eu/eli/ontology#passed_by > http://data.vlaanderen.be/ns/mandaat#Mandataris
10/03/2026 10:55:04 -- 		 min: 0 (min found at subject)
10/03/2026 10:55:04 -- 		 max: 1 (max found at subject)
10/03/2026 10:55:04 -- 		 shacl-max: 1
10/03/2026 10:55:04 -- 	N5ab71afc50da4fdcb4c01b33842843cb | http://data.europa.eu/eli/ontology#passed_by > http://xmlns.com/foaf/0.1/Document
10/03/2026 10:55:04 -- 		 min: 0 (min found at subject)
10/03/2026 10:55:04 -- 		 max: 1 (max found at subject)
10/03/2026 10:55:04 -- 		 shacl-max: 1
10/03/2026 10:55:04 -- 	Nf6713960f4af4bcb8d0ad490b4846a40 | http://data.europa.eu/eli/ontology#passed_by > https://data.vlaanderen.be/id/concept/BesluitDocumentType/3fa67785-ffdc-4b30-8880-2b99d97b4dee
10/03/2026 10:55:04 -- 		 min: 0 (min found at subject)
10/03/2026 10:55:04 -- 		 max: 1 (max found at subject)
10/03/2026 10:55:04 -- 		 shacl-max: 1
10/03/2026 10:55:04 -- 	N431862536dea41dcae4ec12e6b536f08 | http://lblod.data.gift/vocabularies/besluit/extractedDecisionContent > [no object/datatype]
10/03/2026 10:55:04 -- 		 min: 1 (min found at subject)
10/03/2026 10:55:04 -- 		 max: 59 (max found at subject)
10/03/2026 10:55:04 -- 		 shacl-min: 1
10/03/2026 10:55:04 -- http://example.com/shapes/0bed178d-806b-4019-ad83-cba1da1f83b1 ~ https://data.vlaanderen.be/id/concept/BesluitType/d7060f97-c417-474c-abc6-ef006cb61f41
10/03/2026 10:55:04 -- 	Na8a5dc99270a4f9eaf977b61ff3dde8a | http://lblod.data.gift/vocabularies/besluit/extractedDecisionContent > [no object/datatype]
10/03/2026 10:55:04 -- 		 min: 1 (min found at subject)
10/03/2026 10:55:04 -- 		 max: 600 (max found at subject)
10/03/2026 10:55:04 -- 		 shacl-min: 1
10/03/2026 10:55:04 -- 	Ndae7a62523034fa5afda4df88ca1f526 | http://www.w3.org/ns/prov#value > [no object/datatype]
10/03/2026 10:55:04 -- 		 min: 1 (min found at subject)
10/03/2026 10:55:04 -- 		 max: 30 (max found at subject)
10/03/2026 10:55:04 -- 		 shacl-min: 1
10/03/2026 10:55:04 -- 	Nfa9e01f2c9034c4b8e3d90449294761c | http://data.europa.eu/eli/ontology#date_no_longer_in_force > [no object/datatype]
10/03/2026 10:55:04 -- 		 min: 0 (min found at subject)
10/03/2026 10:55:04 -- 		 max: 1 (max found at subject)
10/03/2026 10:55:04 -- 		 shacl-max: 1
10/03/2026 10:55:04 -- 	N4fc850841d444f8eb5abaea94fd11716 | http://data.europa.eu/eli/ontology#passed_by > http://data.vlaanderen.be/ns/besluit#Bestuurseenheid
10/03/2026 10:55:04 -- 		 min: 0 (min found at subject)
10/03/2026 10:55:04 -- 		 max: 1 (max found at subject)
10/03/2026 10:55:04 -- 		 shacl-max: 1
10/03/2026 10:55:04 -- 	N1cee08bd6b9f4058b3cd5a5497456611 | http://data.europa.eu/eli/ontology#passed_by > http://data.vlaanderen.be/ns/besluit#Bestuursorgaan
10/03/2026 10:55:04 -- 		 min: 0 (min found at subject)
10/03/2026 10:55:04 -- 		 max: 1 (max found at subject)
10/03/2026 10:55:04 -- 		 shacl-max: 1
10/03/2026 10:55:04 -- 	N7cc6ff5abf5c4a6c9d7fe4c37e0e792b | http://data.europa.eu/eli/ontology#passed_by > http://data.vlaanderen.be/ns/mandaat#Mandataris
10/03/2026 10:55:04 -- 		 min: 0 (min found at subject)
10/03/2026 10:55:04 -- 		 max: 1 (max found at subject)
10/03/2026 10:55:04 -- 		 shacl-max: 1
10/03/2026 10:55:04 -- 	N55f6c9830e6b4232a92b3dfc2504eb71 | http://data.europa.eu/eli/ontology#passed_by > http://www.w3.org/2004/02/skos/core#Concept
10/03/2026 10:55:04 -- 		 min: 0 (min found at subject)
10/03/2026 10:55:04 -- 		 max: 1 (max found at subject)
10/03/2026 10:55:04 -- 		 shacl-max: 1
10/03/2026 10:55:04 -- 	N41bc05d83ff646deb3b9699dedc3fab6 | http://data.europa.eu/eli/ontology#passed_by > http://xmlns.com/foaf/0.1/Document
10/03/2026 10:55:04 -- 		 min: 0 (min found at subject)
10/03/2026 10:55:04 -- 		 max: 1 (max found at subject)
10/03/2026 10:55:04 -- 		 shacl-max: 1
10/03/2026 10:55:04 -- 	Na8bd2ff71a42482c8217ec2eab12897b | http://data.europa.eu/eli/ontology#passed_by > https://data.vlaanderen.be/id/concept/BesluitDocumentType/3fa67785-ffdc-4b30-8880-2b99d97b4dee
10/03/2026 10:55:04 -- 		 min: 0 (min found at subject)
10/03/2026 10:55:04 -- 		 max: 1 (max found at subject)
10/03/2026 10:55:04 -- 		 shacl-max: 1
10/03/2026 10:55:04 -- 	Ne9e4affc46c34b44aebd92a8483bd8df | http://data.europa.eu/eli/ontology#description > [no object/datatype]
10/03/2026 10:55:04 -- 		 min: 1 (min found at subject)
10/03/2026 10:55:04 -- 		 max: 3 (max found at subject)
10/03/2026 10:55:04 -- 		 shacl-min: 1
10/03/2026 10:55:04 -- 	Ndfb3fb9b1ae7494597523151dfee727c | http://data.europa.eu/eli/ontology#title > [no object/datatype]
10/03/2026 10:55:04 -- 		 min: 1 (min found at subject)
10/03/2026 10:55:04 -- 		 max: 2 (max found at subject)
10/03/2026 10:55:04 -- 		 shacl-min: 1
10/03/2026 10:55:04 -- 	N688f5a91de904638a609a2892e3043e1 | http://www.w3.org/ns/prov#wasGeneratedBy > http://data.vlaanderen.be/ns/besluit#BehandelingVanAgendapunt
10/03/2026 10:55:04 -- 		 min: 1 (min found at subject)
10/03/2026 10:55:04 -- 		 max: 1 (max found at subject)
10/03/2026 10:55:04 -- 		 shacl-min: 1
10/03/2026 10:55:04 -- 		 shacl-max: 1
10/03/2026 10:55:04 -- 	Nf64cd4facb004854ae94a91eba5b4ce9 | http://data.europa.eu/eli/ontology#has_part > http://data.vlaanderen.be/ns/besluit#Artikel
10/03/2026 10:55:04 -- 		 min: 0 (min found at subject)
10/03/2026 10:55:04 -- 		 max: 15 (max found at subject)
10/03/2026 10:55:04 -- 	Na57fb9d9dbb24aaf87e4a2c3320bf790 | http://data.europa.eu/eli/ontology#cites > [no object/datatype]
10/03/2026 10:55:04 -- 		 min: 0 (min found at subject)
10/03/2026 10:55:04 -- 		 max: 1 (max found at subject)
10/03/2026 10:55:04 -- 		 shacl-max: 1
10/03/2026 10:55:04 -- 	Nac6d2648c4c841a78644007ba9efa073 | http://data.europa.eu/eli/ontology#related_to > http://xmlns.com/foaf/0.1/Document
10/03/2026 10:55:04 -- 		 min: 0 (min found at subject)
10/03/2026 10:55:04 -- 		 max: 12 (max found at subject)
10/03/2026 10:55:04 -- 	Nb39b6ec7b785413d99802790a735ceb1 | http://data.europa.eu/eli/ontology#first_date_entry_in_force > [no object/datatype]
10/03/2026 10:55:04 -- 		 min: 0 (min found at subject)
10/03/2026 10:55:04 -- 		 max: 3 (max found at subject)
10/03/2026 10:55:04 -- 	Nff3eee241a294addaa725dcf8d2c0dad | http://www.w3.org/ns/prov#wasDerivedFrom > http://data.vlaanderen.be/ns/besluit#Bestuurseenheid
10/03/2026 10:55:04 -- 		 min: 0 (min found at subject)
10/03/2026 10:55:04 -- 		 max: 1 (max found at subject)
10/03/2026 10:55:04 -- 		 shacl-max: 1
10/03/2026 10:55:04 -- 	N84e7983822a1477f9cc57d3d08ead809 | http://www.w3.org/ns/prov#wasDerivedFrom > http://data.vlaanderen.be/ns/besluit#Bestuursorgaan
10/03/2026 10:55:04 -- 		 min: 0 (min found at subject)
10/03/2026 10:55:04 -- 		 max: 1 (max found at subject)
10/03/2026 10:55:04 -- 		 shacl-max: 1
10/03/2026 10:55:04 -- 	N3ae233fcc46e43f881363c323b6ce6dc | http://www.w3.org/ns/prov#wasDerivedFrom > http://data.vlaanderen.be/ns/mandaat#Mandataris
10/03/2026 10:55:04 -- 		 min: 0 (min found at subject)
10/03/2026 10:55:04 -- 		 max: 3 (max found at subject)
10/03/2026 10:55:04 -- 	N1fc478a3f3684387b2a5c0d1598d97ac | http://www.w3.org/ns/prov#wasDerivedFrom > http://www.w3.org/2004/02/skos/core#Concept
10/03/2026 10:55:04 -- 		 min: 0 (min found at subject)
10/03/2026 10:55:04 -- 		 max: 1 (max found at subject)
10/03/2026 10:55:04 -- 		 shacl-max: 1
10/03/2026 10:55:04 -- 	N52feec92c31641c684890ea15a32024c | http://www.w3.org/ns/prov#wasDerivedFrom > http://xmlns.com/foaf/0.1/Document
10/03/2026 10:55:05 -- 		 min: 0 (min found at subject)
10/03/2026 10:55:05 -- 		 max: 3 (max found at subject)
10/03/2026 10:55:05 -- 	N980f027df82c4a228240e5aeb1b3a379 | http://www.w3.org/ns/prov#wasDerivedFrom > https://data.vlaanderen.be/id/concept/BesluitDocumentType/13fefad6-a9d6-4025-83b5-e4cbee3a8965
10/03/2026 10:55:05 -- 		 min: 0 (min found at subject)
10/03/2026 10:55:05 -- 		 max: 1 (max found at subject)
10/03/2026 10:55:05 -- 		 shacl-max: 1
10/03/2026 10:55:05 -- 	N6a8507331a434d54a6c9b19a1ad1e4be | http://www.w3.org/ns/prov#wasDerivedFrom > https://data.vlaanderen.be/id/concept/BesluitDocumentType/3fa67785-ffdc-4b30-8880-2b99d97b4dee
10/03/2026 10:55:05 -- 		 min: 0 (min found at subject)
10/03/2026 10:55:05 -- 		 max: 1 (max found at subject)
10/03/2026 10:55:05 -- 		 shacl-max: 1
10/03/2026 10:55:05 -- 	Nd7ed694ebe0446efbaf8952a06adfa6f | http://www.w3.org/ns/prov#wasDerivedFrom > https://data.vlaanderen.be/id/concept/BesluitDocumentType/8e791b27-7600-4577-b24e-c7c29e0eb773
10/03/2026 10:55:05 -- 		 min: 0 (min found at subject)
10/03/2026 10:55:05 -- 		 max: 1 (max found at subject)
10/03/2026 10:55:05 -- 		 shacl-max: 1
10/03/2026 10:55:05 -- 	N1f4a44aca16c4cd2a7d4fca82f9b970a | http://data.vlaanderen.be/ns/besluit#citeeropschrift > [no object/datatype]
10/03/2026 10:55:05 -- 		 min: 0 (min found at subject)
10/03/2026 10:55:05 -- 		 max: 1 (max found at subject)
10/03/2026 10:55:05 -- 		 shacl-max: 1
10/03/2026 10:55:05 -- 	N9b0a3544fb134504a936816f32b6944e | http://data.europa.eu/eli/ontology#language > http://www.w3.org/2004/02/skos/core#Concept
10/03/2026 10:55:05 -- 		 min: 1 (min found at subject)
10/03/2026 10:55:05 -- 		 max: 1 (max found at subject)
10/03/2026 10:55:05 -- 		 shacl-min: 1
10/03/2026 10:55:05 -- 		 shacl-max: 1
10/03/2026 10:55:05 -- 	N1a6c896320e1478f84ff5b30b386ddd8 | http://data.europa.eu/eli/ontology#date_publication > [no object/datatype]
10/03/2026 10:55:05 -- 		 min: 0 (min found at subject)
10/03/2026 10:55:05 -- 		 max: 3 (max found at subject)
10/03/2026 10:55:05 -- 	N254b6d8d39c6475799ed5f63b90ce7c8 | http://data.europa.eu/eli/ontology#title_short > [no object/datatype]
10/03/2026 10:55:05 -- 		 min: 0 (min found at subject)
10/03/2026 10:55:05 -- 		 max: 2 (max found at subject)
10/03/2026 10:55:05 -- 	N60a530e78c3f463dbe236b38fc76db02 | http://data.vlaanderen.be/ns/besluit#motivering > [no object/datatype]
10/03/2026 10:55:05 -- 		 min: 0 (min found at subject)
10/03/2026 10:55:05 -- 		 max: 3 (max found at subject)
10/03/2026 10:55:05 -- 	N24104241d5de4a70899d12f26006aec3 | http://mu.semte.ch/vocabularies/core/uuid > [no object/datatype]
10/03/2026 10:55:05 -- 		 min: 1 (min found at subject)
10/03/2026 10:55:05 -- 		 max: 1 (max found at subject)
10/03/2026 10:55:05 -- 		 shacl-min: 1
10/03/2026 10:55:05 -- 		 shacl-max: 1
10/03/2026 10:55:05 -- http://example.com/shapes/5a897a23-bf05-4ae1-9747-c6503bf20756 ~ https://data.vlaanderen.be/id/concept/BesluitType/d9c3d177-6dc6-4775-8c6a-1055a9cbdcc6
10/03/2026 10:55:05 -- 	Ndefd2f444b6448c19f61e117f73eb140 | http://data.europa.eu/eli/ontology#language > http://www.w3.org/2004/02/skos/core#Concept
10/03/2026 10:55:05 -- 		 min: 1 (min found at subject)
10/03/2026 10:55:05 -- 		 max: 1 (max found at subject)
10/03/2026 10:55:05 -- 		 shacl-min: 1
10/03/2026 10:55:05 -- 		 shacl-max: 1
10/03/2026 10:55:05 -- 	N88b61590fce44b9bad507d9f69ae9bdc | http://data.europa.eu/eli/ontology#date_publication > [no object/datatype]
10/03/2026 10:55:05 -- 		 min: 1 (min found at subject)
10/03/2026 10:55:05 -- 		 max: 1 (max found at subject)
10/03/2026 10:55:05 -- 		 shacl-min: 1
10/03/2026 10:55:05 -- 		 shacl-max: 1
10/03/2026 10:55:05 -- 	N742cd63f2ad94c29821b1e057010ecd1 | http://www.w3.org/ns/prov#wasDerivedFrom > [no object/datatype]
10/03/2026 10:55:05 -- 		 min: 1 (min found at subject)
10/03/2026 10:55:05 -- 		 max: 1 (max found at subject)
10/03/2026 10:55:05 -- 		 shacl-min: 1
10/03/2026 10:55:05 -- 		 shacl-max: 1
10/03/2026 10:55:05 -- 	N774730e1103e4a138d305a1ea1c6ea02 | http://data.europa.eu/eli/ontology#has_part > http://data.vlaanderen.be/ns/besluit#Artikel
10/03/2026 10:55:05 -- 		 min: 6 (min found at subject)
10/03/2026 10:55:05 -- 		 max: 6 (max found at subject)
10/03/2026 10:55:05 -- 		 shacl-min: 6
10/03/2026 10:55:05 -- 	N9533603e31d14225ab23ca348c4bf44a | http://www.w3.org/ns/prov#value > [no object/datatype]
10/03/2026 10:55:05 -- 		 min: 6 (min found at subject)
10/03/2026 10:55:05 -- 		 max: 6 (max found at subject)
10/03/2026 10:55:05 -- 		 shacl-min: 6
10/03/2026 10:55:05 -- 	N3643f97ab0c8490b98e5bdaff638c79f | http://data.vlaanderen.be/ns/besluit#motivering > [no object/datatype]
10/03/2026 10:55:05 -- 		 min: 1 (min found at subject)
10/03/2026 10:55:05 -- 		 max: 1 (max found at subject)
10/03/2026 10:55:05 -- 		 shacl-min: 1
10/03/2026 10:55:05 -- 		 shacl-max: 1
10/03/2026 10:55:05 -- 	Na29f378e914540e7a7badf6389a067be | http://data.europa.eu/eli/ontology#related_to > http://xmlns.com/foaf/0.1/Document
10/03/2026 10:55:05 -- 		 min: 3 (min found at subject)
10/03/2026 10:55:05 -- 		 max: 3 (max found at subject)
10/03/2026 10:55:05 -- 		 shacl-min: 3
10/03/2026 10:55:05 -- 	Nec211fa8ca6e48acb7e71386db3ad0d0 | http://data.europa.eu/eli/ontology#description > [no object/datatype]
10/03/2026 10:55:05 -- 		 min: 1 (min found at subject)
10/03/2026 10:55:05 -- 		 max: 1 (max found at subject)
10/03/2026 10:55:05 -- 		 shacl-min: 1
10/03/2026 10:55:05 -- 		 shacl-max: 1
10/03/2026 10:55:05 -- 	Naa6abc4a37cb4e3786f768ba10e85e4b | http://lblod.data.gift/vocabularies/besluit/authenticityType > http://www.w3.org/2004/02/skos/core#Concept
10/03/2026 10:55:05 -- 		 min: 1 (min found at subject)
10/03/2026 10:55:05 -- 		 max: 1 (max found at subject)
10/03/2026 10:55:05 -- 		 shacl-min: 1
10/03/2026 10:55:05 -- 		 shacl-max: 1
10/03/2026 10:55:05 -- 	Nd1b38e2fc82d4aa7ba9104cf8b980848 | http://data.europa.eu/eli/ontology#title > [no object/datatype]
10/03/2026 10:55:05 -- 		 min: 1 (min found at subject)
10/03/2026 10:55:05 -- 		 max: 1 (max found at subject)
10/03/2026 10:55:05 -- 		 shacl-min: 1
10/03/2026 10:55:05 -- 		 shacl-max: 1
10/03/2026 10:55:05 -- 	Ncc9ff89fdf2a4a09b927004e6ff5222c | http://mu.semte.ch/vocabularies/core/uuid > [no object/datatype]
10/03/2026 10:55:05 -- 		 min: 1 (min found at subject)
10/03/2026 10:55:05 -- 		 max: 1 (max found at subject)
10/03/2026 10:55:05 -- 		 shacl-min: 1
10/03/2026 10:55:05 -- 		 shacl-max: 1
10/03/2026 10:55:05 -- 	Nb91ec8edd1ce4465bbcdf7518c5a2a87 | http://data.europa.eu/eli/ontology#passed_by > http://data.vlaanderen.be/ns/besluit#Bestuursorgaan
10/03/2026 10:55:05 -- 		 min: 1 (min found at subject)
10/03/2026 10:55:05 -- 		 max: 1 (max found at subject)
10/03/2026 10:55:05 -- 		 shacl-min: 1
10/03/2026 10:55:05 -- 		 shacl-max: 1
10/03/2026 10:55:05 -- 	Nc716e7c7530247488b166f96fa840b11 | http://data.europa.eu/eli/ontology#title_short > [no object/datatype]
10/03/2026 10:55:05 -- 		 min: 1 (min found at subject)
10/03/2026 10:55:05 -- 		 max: 1 (max found at subject)
10/03/2026 10:55:05 -- 		 shacl-min: 1
10/03/2026 10:55:05 -- 		 shacl-max: 1
10/03/2026 10:55:05 -- 	N87997e89bde64321ad5ff33f07242962 | http://lblod.data.gift/vocabularies/besluit/extractedDecisionContent > [no object/datatype]
10/03/2026 10:55:05 -- 		 min: 132 (min found at subject)
10/03/2026 10:55:05 -- 		 max: 132 (max found at subject)
10/03/2026 10:55:05 -- 		 shacl-min: 132
10/03/2026 10:55:05 -- 	N0973c87e7d884b039dea77a070a2765c | http://www.w3.org/ns/prov#wasGeneratedBy > http://data.vlaanderen.be/ns/besluit#BehandelingVanAgendapunt
10/03/2026 10:55:05 -- 		 min: 1 (min found at subject)
10/03/2026 10:55:05 -- 		 max: 1 (max found at subject)
10/03/2026 10:55:05 -- 		 shacl-min: 1
10/03/2026 10:55:05 -- 		 shacl-max: 1
10/03/2026 10:55:05 -- http://example.com/shapes/33ac5581-6152-4f24-89a6-70516b41332a ~ https://data.vlaanderen.be/id/concept/BesluitType/dbc58656-b0a5-4e43-8e9e-701acb75f9b0
10/03/2026 10:55:05 -- 	Nea88cb096542434fbd6437af4c8fab7d | http://data.europa.eu/eli/ontology#title_short > [no object/datatype]
10/03/2026 10:55:05 -- 		 min: 0 (min found at subject)
10/03/2026 10:55:05 -- 		 max: 1 (max found at subject)
10/03/2026 10:55:05 -- 		 shacl-max: 1
10/03/2026 10:55:05 -- 	Nc649fbdbe01c47068094e9b378bf0b5d | http://www.w3.org/ns/prov#wasGeneratedBy > http://data.vlaanderen.be/ns/besluit#BehandelingVanAgendapunt
10/03/2026 10:55:05 -- 		 min: 1 (min found at subject)
10/03/2026 10:55:05 -- 		 max: 1 (max found at subject)
10/03/2026 10:55:05 -- 		 shacl-min: 1
10/03/2026 10:55:05 -- 		 shacl-max: 1
10/03/2026 10:55:05 -- 	N9c80420b75724f7ba707ff7f155289b7 | http://www.w3.org/ns/prov#value > [no object/datatype]
10/03/2026 10:55:05 -- 		 min: 2 (min found at subject)
10/03/2026 10:55:05 -- 		 max: 22 (max found at subject)
10/03/2026 10:55:05 -- 		 shacl-min: 1
10/03/2026 10:55:05 -- 	N49614bfb984047ae82b301e0ad1e13a5 | http://data.europa.eu/eli/ontology#description > [no object/datatype]
10/03/2026 10:55:05 -- 		 min: 1 (min found at subject)
10/03/2026 10:55:05 -- 		 max: 3 (max found at subject)
10/03/2026 10:55:05 -- 		 shacl-min: 1
10/03/2026 10:55:05 -- 	N8d58c0220b6641b69b5d6ecd4f11fce6 | http://data.europa.eu/eli/ontology#cites > [no object/datatype]
10/03/2026 10:55:05 -- 		 min: 0 (min found at subject)
10/03/2026 10:55:05 -- 		 max: 1 (max found at subject)
10/03/2026 10:55:05 -- 		 shacl-max: 1
10/03/2026 10:55:05 -- 	N4d478365ebf34c0d9333882efdb449d9 | http://data.europa.eu/eli/ontology#related_to > http://xmlns.com/foaf/0.1/Document
10/03/2026 10:55:05 -- 		 min: 0 (min found at subject)
10/03/2026 10:55:05 -- 		 max: 1 (max found at subject)
10/03/2026 10:55:05 -- 		 shacl-max: 1
10/03/2026 10:55:05 -- 	N8752fa2cc2104733993146e945f26a57 | http://data.vlaanderen.be/ns/besluit#motivering > [no object/datatype]
10/03/2026 10:55:05 -- 		 min: 0 (min found at subject)
10/03/2026 10:55:05 -- 		 max: 2 (max found at subject)
10/03/2026 10:55:05 -- 	N60cb08f2d6ea490dac4b8a12e372dbfb | http://data.europa.eu/eli/ontology#passed_by > http://data.vlaanderen.be/ns/besluit#Bestuursorgaan
10/03/2026 10:55:05 -- 		 min: 0 (min found at subject)
10/03/2026 10:55:05 -- 		 max: 1 (max found at subject)
10/03/2026 10:55:05 -- 		 shacl-max: 1
10/03/2026 10:55:05 -- 	Nab68e871229f452b91b5084505beb177 | http://lblod.data.gift/vocabularies/besluit/authenticityType > http://www.w3.org/2004/02/skos/core#Concept
10/03/2026 10:55:05 -- 		 min: 0 (min found at subject)
10/03/2026 10:55:05 -- 		 max: 1 (max found at subject)
10/03/2026 10:55:05 -- 		 shacl-max: 1
10/03/2026 10:55:05 -- 	N963249348b7249eaadf4810b4caeae48 | http://data.europa.eu/eli/ontology#has_part > http://data.vlaanderen.be/ns/besluit#Artikel
10/03/2026 10:55:05 -- 		 min: 0 (min found at subject)
10/03/2026 10:55:05 -- 		 max: 11 (max found at subject)
10/03/2026 10:55:05 -- 	N7ea2a706860145898e9e95520c24e004 | http://lblod.data.gift/vocabularies/besluit/extractedDecisionContent > [no object/datatype]
10/03/2026 10:55:05 -- 		 min: 12 (min found at subject)
10/03/2026 10:55:05 -- 		 max: 462 (max found at subject)
10/03/2026 10:55:05 -- 		 shacl-min: 1
10/03/2026 10:55:05 -- 	Na4dd328bb5594afa955935ac9b9a5e63 | http://data.europa.eu/eli/ontology#date_publication > [no object/datatype]
10/03/2026 10:55:05 -- 		 min: 1 (min found at subject)
10/03/2026 10:55:05 -- 		 max: 3 (max found at subject)
10/03/2026 10:55:05 -- 		 shacl-min: 1
10/03/2026 10:55:05 -- 	N67ec2e8d151d49a9978f3565ed3d0c59 | http://data.europa.eu/eli/ontology#title > [no object/datatype]
10/03/2026 10:55:05 -- 		 min: 1 (min found at subject)
10/03/2026 10:55:05 -- 		 max: 1 (max found at subject)
10/03/2026 10:55:05 -- 		 shacl-min: 1
10/03/2026 10:55:05 -- 		 shacl-max: 1
10/03/2026 10:55:05 -- 	N2cdfd5663569499b97fc7b261c9de037 | http://mu.semte.ch/vocabularies/core/uuid > [no object/datatype]
10/03/2026 10:55:05 -- 		 min: 1 (min found at subject)
10/03/2026 10:55:05 -- 		 max: 1 (max found at subject)
10/03/2026 10:55:05 -- 		 shacl-min: 1
10/03/2026 10:55:05 -- 		 shacl-max: 1
10/03/2026 10:55:05 -- 	Na15d0a35b99642e386927c11abb2df8b | http://data.europa.eu/eli/ontology#first_date_entry_in_force > [no object/datatype]
10/03/2026 10:55:05 -- 		 min: 0 (min found at subject)
10/03/2026 10:55:05 -- 		 max: 3 (max found at subject)
10/03/2026 10:55:05 -- 	N695b637231394a6c9c803257f83ef42c | http://data.europa.eu/eli/ontology#language > http://www.w3.org/2004/02/skos/core#Concept
10/03/2026 10:55:05 -- 		 min: 1 (min found at subject)
10/03/2026 10:55:05 -- 		 max: 1 (max found at subject)
10/03/2026 10:55:05 -- 		 shacl-min: 1
10/03/2026 10:55:05 -- 		 shacl-max: 1
10/03/2026 10:55:05 -- 	Naf5d16b9a87b4c3ca21d6a237ae432d3 | http://www.w3.org/ns/prov#wasDerivedFrom > http://data.vlaanderen.be/ns/mandaat#Mandataris
10/03/2026 10:55:05 -- 		 min: 0 (min found at subject)
10/03/2026 10:55:05 -- 		 max: 3 (max found at subject)
10/03/2026 10:55:05 -- 	N761729d443ea4cc3825bdb92e9dfe026 | http://www.w3.org/ns/prov#wasDerivedFrom > http://xmlns.com/foaf/0.1/Document
10/03/2026 10:55:05 -- 		 min: 0 (min found at subject)
10/03/2026 10:55:05 -- 		 max: 3 (max found at subject)
10/03/2026 10:55:05 -- 	N34e2f11976334ed5974d6891ac866728 | http://www.w3.org/ns/prov#wasDerivedFrom > https://data.vlaanderen.be/id/concept/BesluitDocumentType/13fefad6-a9d6-4025-83b5-e4cbee3a8965
10/03/2026 10:55:05 -- 		 min: 0 (min found at subject)
10/03/2026 10:55:05 -- 		 max: 1 (max found at subject)
10/03/2026 10:55:05 -- 		 shacl-max: 1
10/03/2026 10:55:05 -- 	N2cdd36f6699c47ad8dc83264f627e89d | http://www.w3.org/ns/prov#wasDerivedFrom > https://data.vlaanderen.be/id/concept/BesluitDocumentType/3fa67785-ffdc-4b30-8880-2b99d97b4dee
10/03/2026 10:55:05 -- 		 min: 0 (min found at subject)
10/03/2026 10:55:05 -- 		 max: 1 (max found at subject)
10/03/2026 10:55:05 -- 		 shacl-max: 1
10/03/2026 10:55:05 -- 	N1ca6a99b38de4b06aa61361c639da76f | http://www.w3.org/ns/prov#wasDerivedFrom > https://data.vlaanderen.be/id/concept/BesluitDocumentType/8e791b27-7600-4577-b24e-c7c29e0eb773
10/03/2026 10:55:05 -- 		 min: 0 (min found at subject)
10/03/2026 10:55:05 -- 		 max: 1 (max found at subject)
10/03/2026 10:55:05 -- 		 shacl-max: 1
10/03/2026 10:55:05 -- http://example.com/shapes/e2dcc0f4-a9f6-4605-9a2e-f62647531f5a ~ https://data.vlaanderen.be/id/concept/BesluitType/df261490-cc74-4f80-b783-41c35e720b46
10/03/2026 10:55:05 -- 	Ne75e6b24053f4698b92c5ca9b0752584 | http://lblod.data.gift/vocabularies/besluit/extractedDecisionContent > [no object/datatype]
10/03/2026 10:55:05 -- 		 min: 3 (min found at subject)
10/03/2026 10:55:05 -- 		 max: 470 (max found at subject)
10/03/2026 10:55:05 -- 		 shacl-min: 1
10/03/2026 10:55:05 -- 	Nbe7411f4189e408aad25cb17d124d1af | http://data.europa.eu/eli/ontology#date_publication > [no object/datatype]
10/03/2026 10:55:05 -- 		 min: 1 (min found at subject)
10/03/2026 10:55:05 -- 		 max: 3 (max found at subject)
10/03/2026 10:55:05 -- 		 shacl-min: 1
10/03/2026 10:55:05 -- 	N69426817623e45fd915d913a46fa4b69 | http://data.europa.eu/eli/ontology#language > http://www.w3.org/2004/02/skos/core#Concept
10/03/2026 10:55:05 -- 		 min: 1 (min found at subject)
10/03/2026 10:55:05 -- 		 max: 1 (max found at subject)
10/03/2026 10:55:05 -- 		 shacl-min: 1
10/03/2026 10:55:05 -- 		 shacl-max: 1
10/03/2026 10:55:05 -- 	Necf15f75e75c40fda20bb8bc52d93fc8 | http://data.europa.eu/eli/ontology#title_short > [no object/datatype]
10/03/2026 10:55:05 -- 		 min: 0 (min found at subject)
10/03/2026 10:55:05 -- 		 max: 1 (max found at subject)
10/03/2026 10:55:05 -- 		 shacl-max: 1
10/03/2026 10:55:05 -- 	Nc07e8f6579544b739afd9df5b5e243af | http://data.europa.eu/eli/ontology#date_no_longer_in_force > [no object/datatype]
10/03/2026 10:55:05 -- 		 min: 0 (min found at subject)
10/03/2026 10:55:05 -- 		 max: 1 (max found at subject)
10/03/2026 10:55:05 -- 		 shacl-max: 1
10/03/2026 10:55:05 -- 	Na4f424379a114008a4fc80512ef91152 | http://data.europa.eu/eli/ontology#description > [no object/datatype]
10/03/2026 10:55:05 -- 		 min: 1 (min found at subject)
10/03/2026 10:55:05 -- 		 max: 3 (max found at subject)
10/03/2026 10:55:05 -- 		 shacl-min: 1
10/03/2026 10:55:05 -- 	Na34f8182de864aa7839305e34d06c786 | http://data.europa.eu/eli/ontology#related_to > http://xmlns.com/foaf/0.1/Document
10/03/2026 10:55:05 -- 		 min: 0 (min found at subject)
10/03/2026 10:55:05 -- 		 max: 4 (max found at subject)
10/03/2026 10:55:05 -- 	N8ef03cabf51044fdaa81c94172029f98 | http://data.europa.eu/eli/ontology#title > [no object/datatype]
10/03/2026 10:55:05 -- 		 min: 1 (min found at subject)
10/03/2026 10:55:05 -- 		 max: 1 (max found at subject)
10/03/2026 10:55:05 -- 		 shacl-min: 1
10/03/2026 10:55:05 -- 		 shacl-max: 1
10/03/2026 10:55:05 -- 	Ne9e62feb4b51439e83fb06ebf81e4c0f | http://data.europa.eu/eli/ontology#passed_by > http://data.vlaanderen.be/ns/besluit#Bestuurseenheid
10/03/2026 10:55:05 -- 		 min: 0 (min found at subject)
10/03/2026 10:55:05 -- 		 max: 1 (max found at subject)
10/03/2026 10:55:05 -- 		 shacl-max: 1
10/03/2026 10:55:05 -- 	N2daaa61a51504007b393b7d3a5066886 | http://data.europa.eu/eli/ontology#passed_by > http://data.vlaanderen.be/ns/besluit#Bestuursorgaan
10/03/2026 10:55:05 -- 		 min: 1 (min found at subject)
10/03/2026 10:55:05 -- 		 max: 2 (max found at subject)
10/03/2026 10:55:05 -- 		 shacl-min: 1
10/03/2026 10:55:05 -- 	Nf220551cf21948c08a38a18e589d32fb | http://data.europa.eu/eli/ontology#passed_by > http://xmlns.com/foaf/0.1/Document
10/03/2026 10:55:05 -- 		 min: 0 (min found at subject)
10/03/2026 10:55:05 -- 		 max: 1 (max found at subject)
10/03/2026 10:55:05 -- 		 shacl-max: 1
10/03/2026 10:55:05 -- 	Nc9e8f639871f4f42b6d19ae078fb9bc0 | http://data.europa.eu/eli/ontology#passed_by > https://data.vlaanderen.be/id/concept/BesluitDocumentType/13fefad6-a9d6-4025-83b5-e4cbee3a8965
10/03/2026 10:55:05 -- 		 min: 0 (min found at subject)
10/03/2026 10:55:05 -- 		 max: 1 (max found at subject)
10/03/2026 10:55:05 -- 		 shacl-max: 1
10/03/2026 10:55:05 -- 	Ne9d0d078ebee4303afa82f7f380e1c30 | http://data.vlaanderen.be/ns/besluit#citeeropschrift > [no object/datatype]
10/03/2026 10:55:05 -- 		 min: 0 (min found at subject)
10/03/2026 10:55:05 -- 		 max: 1 (max found at subject)
10/03/2026 10:55:05 -- 		 shacl-max: 1
10/03/2026 10:55:05 -- 	Ne4852ec758394b3682f18a9e276f0a71 | http://data.europa.eu/eli/ontology#cites > [no object/datatype]
10/03/2026 10:55:05 -- 		 min: 0 (min found at subject)
10/03/2026 10:55:05 -- 		 max: 1 (max found at subject)
10/03/2026 10:55:05 -- 		 shacl-max: 1
10/03/2026 10:55:05 -- 	Nf89163ea8a704230b6698a20917471c7 | http://data.europa.eu/eli/ontology#has_part > http://data.vlaanderen.be/ns/besluit#Artikel
10/03/2026 10:55:05 -- 		 min: 0 (min found at subject)
10/03/2026 10:55:05 -- 		 max: 33 (max found at subject)
10/03/2026 10:55:05 -- 	Ncd8b1df3046b4968a2241647ff85f4b0 | http://lblod.data.gift/vocabularies/besluit/authenticityType > http://www.w3.org/2004/02/skos/core#Concept
10/03/2026 10:55:05 -- 		 min: 0 (min found at subject)
10/03/2026 10:55:05 -- 		 max: 1 (max found at subject)
10/03/2026 10:55:05 -- 		 shacl-max: 1
10/03/2026 10:55:05 -- 	N2afef179a6444db898e51c9f378917da | http://mu.semte.ch/vocabularies/core/uuid > [no object/datatype]
10/03/2026 10:55:05 -- 		 min: 1 (min found at subject)
10/03/2026 10:55:05 -- 		 max: 1 (max found at subject)
10/03/2026 10:55:05 -- 		 shacl-min: 1
10/03/2026 10:55:05 -- 		 shacl-max: 1
10/03/2026 10:55:05 -- 	Neb2a8ad095ea41819eea19612b221e7a | http://www.w3.org/ns/prov#value > [no object/datatype]
10/03/2026 10:55:05 -- 		 min: 1 (min found at subject)
10/03/2026 10:55:05 -- 		 max: 66 (max found at subject)
10/03/2026 10:55:05 -- 		 shacl-min: 1
10/03/2026 10:55:05 -- 	N7a3fc0ba6da24bbf97d2f0040c78eadc | http://data.vlaanderen.be/ns/besluit#motivering > [no object/datatype]
10/03/2026 10:55:05 -- 		 min: 0 (min found at subject)
10/03/2026 10:55:05 -- 		 max: 2 (max found at subject)
10/03/2026 10:55:05 -- 	Nc0c8c36e07fa441298595ec1d685bc1d | http://www.w3.org/ns/prov#wasDerivedFrom > http://data.vlaanderen.be/ns/besluit#Bestuurseenheid
10/03/2026 10:55:05 -- 		 min: 0 (min found at subject)
10/03/2026 10:55:05 -- 		 max: 1 (max found at subject)
10/03/2026 10:55:05 -- 		 shacl-max: 1
10/03/2026 10:55:05 -- 	Ndf9b3240146e4d5d86d3bbfcae1dc88b | http://www.w3.org/ns/prov#wasDerivedFrom > http://data.vlaanderen.be/ns/besluit#Bestuursorgaan
10/03/2026 10:55:05 -- 		 min: 0 (min found at subject)
10/03/2026 10:55:05 -- 		 max: 1 (max found at subject)
10/03/2026 10:55:05 -- 		 shacl-max: 1
10/03/2026 10:55:05 -- 	N2447b752df4f4b1b966e6940a33373e0 | http://www.w3.org/ns/prov#wasDerivedFrom > http://data.vlaanderen.be/ns/mandaat#Mandataris
10/03/2026 10:55:05 -- 		 min: 0 (min found at subject)
10/03/2026 10:55:05 -- 		 max: 3 (max found at subject)
10/03/2026 10:55:05 -- 	Na76915423ce1438ba852b1ccdfad9488 | http://www.w3.org/ns/prov#wasDerivedFrom > http://xmlns.com/foaf/0.1/Document
10/03/2026 10:55:05 -- 		 min: 0 (min found at subject)
10/03/2026 10:55:05 -- 		 max: 3 (max found at subject)
10/03/2026 10:55:05 -- 	N687f1ff0421042e2a6c6988f026396ef | http://www.w3.org/ns/prov#wasDerivedFrom > https://data.vlaanderen.be/id/concept/BesluitDocumentType/13fefad6-a9d6-4025-83b5-e4cbee3a8965
10/03/2026 10:55:05 -- 		 min: 0 (min found at subject)
10/03/2026 10:55:05 -- 		 max: 1 (max found at subject)
10/03/2026 10:55:05 -- 		 shacl-max: 1
10/03/2026 10:55:05 -- 	Nc39dd60720a54afe97cdb93fde3f1b1d | http://www.w3.org/ns/prov#wasDerivedFrom > https://data.vlaanderen.be/id/concept/BesluitDocumentType/3fa67785-ffdc-4b30-8880-2b99d97b4dee
10/03/2026 10:55:05 -- 		 min: 0 (min found at subject)
10/03/2026 10:55:05 -- 		 max: 1 (max found at subject)
10/03/2026 10:55:05 -- 		 shacl-max: 1
10/03/2026 10:55:05 -- 	Nab4ff186250b4738bdd9be24de51311b | http://www.w3.org/ns/prov#wasDerivedFrom > https://data.vlaanderen.be/id/concept/BesluitDocumentType/8e791b27-7600-4577-b24e-c7c29e0eb773
10/03/2026 10:55:05 -- 		 min: 0 (min found at subject)
10/03/2026 10:55:05 -- 		 max: 1 (max found at subject)
10/03/2026 10:55:05 -- 		 shacl-max: 1
10/03/2026 10:55:05 -- 	Nf1b8695fa156470daf15e22083495bb8 | http://www.w3.org/ns/prov#wasGeneratedBy > http://data.vlaanderen.be/ns/besluit#BehandelingVanAgendapunt
10/03/2026 10:55:05 -- 		 min: 1 (min found at subject)
10/03/2026 10:55:05 -- 		 max: 1 (max found at subject)
10/03/2026 10:55:05 -- 		 shacl-min: 1
10/03/2026 10:55:05 -- 		 shacl-max: 1
10/03/2026 10:55:05 -- 	N184f8adafc3e4e7992681317e74649d0 | http://data.europa.eu/eli/ontology#first_date_entry_in_force > [no object/datatype]
10/03/2026 10:55:05 -- 		 min: 0 (min found at subject)
10/03/2026 10:55:05 -- 		 max: 3 (max found at subject)
10/03/2026 10:55:05 -- http://example.com/shapes/4c94e088-a211-4396-a7b5-3057967d3ed6 ~ https://data.vlaanderen.be/id/concept/BesluitType/e44c535d-4339-4d15-bdbf-d4be6046de2c
10/03/2026 10:55:05 -- 	Nc52ed82a541d4afaa62b9ffe17582b23 | http://www.w3.org/ns/prov#wasGeneratedBy > http://data.vlaanderen.be/ns/besluit#BehandelingVanAgendapunt
10/03/2026 10:55:05 -- 		 min: 1 (min found at subject)
10/03/2026 10:55:05 -- 		 max: 1 (max found at subject)
10/03/2026 10:55:05 -- 		 shacl-min: 1
10/03/2026 10:55:05 -- 		 shacl-max: 1
10/03/2026 10:55:05 -- 	Ncbfd651461cb4af89cb16f37dcc07b06 | http://data.europa.eu/eli/ontology#first_date_entry_in_force > [no object/datatype]
10/03/2026 10:55:05 -- 		 min: 0 (min found at subject)
10/03/2026 10:55:05 -- 		 max: 4 (max found at subject)
10/03/2026 10:55:05 -- 	Nced2c0a2f3a8458da125dee70a324cc9 | http://www.w3.org/ns/prov#wasDerivedFrom > http://data.vlaanderen.be/ns/besluit#Bestuurseenheid
10/03/2026 10:55:05 -- 		 min: 0 (min found at subject)
10/03/2026 10:55:05 -- 		 max: 1 (max found at subject)
10/03/2026 10:55:05 -- 		 shacl-max: 1
10/03/2026 10:55:05 -- 	N95c87ed655d2418d987fc1f6680cbd09 | http://www.w3.org/ns/prov#wasDerivedFrom > http://data.vlaanderen.be/ns/besluit#Bestuursorgaan
10/03/2026 10:55:05 -- 		 min: 0 (min found at subject)
10/03/2026 10:55:05 -- 		 max: 1 (max found at subject)
10/03/2026 10:55:05 -- 		 shacl-max: 1
10/03/2026 10:55:05 -- 	N89cbe9918baa48d980256d81ad19f073 | http://www.w3.org/ns/prov#wasDerivedFrom > http://data.vlaanderen.be/ns/mandaat#Mandataris
10/03/2026 10:55:05 -- 		 min: 0 (min found at subject)
10/03/2026 10:55:05 -- 		 max: 3 (max found at subject)
10/03/2026 10:55:05 -- 	N5fc62c311d064697b8c4d2ef7f87c5ae | http://www.w3.org/ns/prov#wasDerivedFrom > http://xmlns.com/foaf/0.1/Document
10/03/2026 10:55:05 -- 		 min: 0 (min found at subject)
10/03/2026 10:55:05 -- 		 max: 3 (max found at subject)
10/03/2026 10:55:05 -- 	N47f35456f63a4a28b4e7dc6a4d429f70 | http://www.w3.org/ns/prov#wasDerivedFrom > https://data.vlaanderen.be/id/concept/BesluitDocumentType/13fefad6-a9d6-4025-83b5-e4cbee3a8965
10/03/2026 10:55:05 -- 		 min: 0 (min found at subject)
10/03/2026 10:55:05 -- 		 max: 1 (max found at subject)
10/03/2026 10:55:05 -- 		 shacl-max: 1
10/03/2026 10:55:05 -- 	Na00766dfec47451ea8c81113413e517e | http://www.w3.org/ns/prov#wasDerivedFrom > https://data.vlaanderen.be/id/concept/BesluitDocumentType/3fa67785-ffdc-4b30-8880-2b99d97b4dee
10/03/2026 10:55:05 -- 		 min: 0 (min found at subject)
10/03/2026 10:55:05 -- 		 max: 1 (max found at subject)
10/03/2026 10:55:05 -- 		 shacl-max: 1
10/03/2026 10:55:05 -- 	Nc1c95a44b55949a0b58389e5d81be23a | http://www.w3.org/ns/prov#wasDerivedFrom > https://data.vlaanderen.be/id/concept/BesluitDocumentType/8e791b27-7600-4577-b24e-c7c29e0eb773
10/03/2026 10:55:05 -- 		 min: 0 (min found at subject)
10/03/2026 10:55:05 -- 		 max: 1 (max found at subject)
10/03/2026 10:55:05 -- 		 shacl-max: 1
10/03/2026 10:55:05 -- 	Ne20db8687a14499aa189af9aec33d170 | http://lblod.data.gift/vocabularies/besluit/extractedDecisionContent > [no object/datatype]
10/03/2026 10:55:05 -- 		 min: 1 (min found at subject)
10/03/2026 10:55:05 -- 		 max: 870 (max found at subject)
10/03/2026 10:55:05 -- 		 shacl-min: 1
10/03/2026 10:55:05 -- 	N604e53e820cc42818094776f0e581cd0 | http://data.vlaanderen.be/ns/besluit#motivering > [no object/datatype]
10/03/2026 10:55:05 -- 		 min: 0 (min found at subject)
10/03/2026 10:55:05 -- 		 max: 2 (max found at subject)
10/03/2026 10:55:05 -- 	N3fb7138698f14dbd9ce7c739388e8aa7 | http://data.europa.eu/eli/ontology#title > [no object/datatype]
10/03/2026 10:55:05 -- 		 min: 1 (min found at subject)
10/03/2026 10:55:05 -- 		 max: 1 (max found at subject)
10/03/2026 10:55:05 -- 		 shacl-min: 1
10/03/2026 10:55:05 -- 		 shacl-max: 1
10/03/2026 10:55:05 -- 	N39cf3a992c8d4097a391efb003d572bb | http://data.europa.eu/eli/ontology#passed_by > http://data.vlaanderen.be/ns/besluit#Bestuurseenheid
10/03/2026 10:55:05 -- 		 min: 0 (min found at subject)
10/03/2026 10:55:05 -- 		 max: 1 (max found at subject)
10/03/2026 10:55:05 -- 		 shacl-max: 1
10/03/2026 10:55:05 -- 	Nf11d9453b3aa49d284969d6ce6588c35 | http://data.europa.eu/eli/ontology#passed_by > http://data.vlaanderen.be/ns/besluit#Bestuursorgaan
10/03/2026 10:55:05 -- 		 min: 0 (min found at subject)
10/03/2026 10:55:05 -- 		 max: 2 (max found at subject)
10/03/2026 10:55:05 -- 	N4814f256a5ba43eb867d10a9595d5813 | http://data.europa.eu/eli/ontology#passed_by > http://data.vlaanderen.be/ns/mandaat#Mandataris
10/03/2026 10:55:05 -- 		 min: 0 (min found at subject)
10/03/2026 10:55:05 -- 		 max: 1 (max found at subject)
10/03/2026 10:55:05 -- 		 shacl-max: 1
10/03/2026 10:55:05 -- 	N9407e4eb9fa84060b048889f7fa3feeb | http://data.europa.eu/eli/ontology#passed_by > http://xmlns.com/foaf/0.1/Document
10/03/2026 10:55:05 -- 		 min: 0 (min found at subject)
10/03/2026 10:55:05 -- 		 max: 1 (max found at subject)
10/03/2026 10:55:05 -- 		 shacl-max: 1
10/03/2026 10:55:05 -- 	N155121134c6142e9b37974b9158893da | http://data.europa.eu/eli/ontology#passed_by > https://data.vlaanderen.be/id/concept/BesluitDocumentType/13fefad6-a9d6-4025-83b5-e4cbee3a8965
10/03/2026 10:55:05 -- 		 min: 0 (min found at subject)
10/03/2026 10:55:05 -- 		 max: 1 (max found at subject)
10/03/2026 10:55:05 -- 		 shacl-max: 1
10/03/2026 10:55:05 -- 	Nffad0be092fd4fc3870ee578a47e66ad | http://data.europa.eu/eli/ontology#title_short > [no object/datatype]
10/03/2026 10:55:05 -- 		 min: 0 (min found at subject)
10/03/2026 10:55:05 -- 		 max: 1 (max found at subject)
10/03/2026 10:55:05 -- 		 shacl-max: 1
10/03/2026 10:55:05 -- 	Na1e690b84a14472c9443ec2e5ed3e898 | http://data.europa.eu/eli/ontology#cites > [no object/datatype]
10/03/2026 10:55:05 -- 		 min: 0 (min found at subject)
10/03/2026 10:55:05 -- 		 max: 1 (max found at subject)
10/03/2026 10:55:05 -- 		 shacl-max: 1
10/03/2026 10:55:05 -- 	Nf2a6866e3e624c569e0a2ac14cd45cb0 | http://data.europa.eu/eli/ontology#date_no_longer_in_force > [no object/datatype]
10/03/2026 10:55:05 -- 		 min: 0 (min found at subject)
10/03/2026 10:55:05 -- 		 max: 1 (max found at subject)
10/03/2026 10:55:05 -- 		 shacl-max: 1
10/03/2026 10:55:05 -- 	N49f3b42d1f3a423cbb3370a7e97ed7b7 | http://data.europa.eu/eli/ontology#language > http://www.w3.org/2004/02/skos/core#Concept
10/03/2026 10:55:05 -- 		 min: 1 (min found at subject)
10/03/2026 10:55:05 -- 		 max: 1 (max found at subject)
10/03/2026 10:55:05 -- 		 shacl-min: 1
10/03/2026 10:55:05 -- 		 shacl-max: 1
10/03/2026 10:55:05 -- 	Nd2e0ce54048e466a9d60907383ded3f0 | http://data.europa.eu/eli/ontology#related_to > http://xmlns.com/foaf/0.1/Document
10/03/2026 10:55:05 -- 		 min: 0 (min found at subject)
10/03/2026 10:55:05 -- 		 max: 9 (max found at subject)
10/03/2026 10:55:05 -- 	N82511e6f14cf4eb892cb3b3b550ce5a3 | http://data.europa.eu/eli/ontology#has_part > http://data.vlaanderen.be/ns/besluit#Artikel
10/03/2026 10:55:05 -- 		 min: 0 (min found at subject)
10/03/2026 10:55:05 -- 		 max: 30 (max found at subject)
10/03/2026 10:55:05 -- 	N4fca7b83da0d440d815beaf9ffa7fea6 | http://data.europa.eu/eli/ontology#date_publication > [no object/datatype]
10/03/2026 10:55:05 -- 		 min: 1 (min found at subject)
10/03/2026 10:55:05 -- 		 max: 4 (max found at subject)
10/03/2026 10:55:05 -- 		 shacl-min: 1
10/03/2026 10:55:05 -- 	N5536f7767fe847b9bef0950ce2aa7b7b | http://www.w3.org/ns/prov#value > [no object/datatype]
10/03/2026 10:55:05 -- 		 min: 1 (min found at subject)
10/03/2026 10:55:05 -- 		 max: 60 (max found at subject)
10/03/2026 10:55:05 -- 		 shacl-min: 1
10/03/2026 10:55:05 -- 	N730aefd5324f4897b4bbffb15b8a8724 | http://mu.semte.ch/vocabularies/core/uuid > [no object/datatype]
10/03/2026 10:55:05 -- 		 min: 1 (min found at subject)
10/03/2026 10:55:05 -- 		 max: 1 (max found at subject)
10/03/2026 10:55:05 -- 		 shacl-min: 1
10/03/2026 10:55:05 -- 		 shacl-max: 1
10/03/2026 10:55:05 -- 	Nbfbccdfc5ec145859e8cc3a8af2285ca | http://lblod.data.gift/vocabularies/besluit/authenticityType > http://www.w3.org/2004/02/skos/core#Concept
10/03/2026 10:55:05 -- 		 min: 0 (min found at subject)
10/03/2026 10:55:05 -- 		 max: 1 (max found at subject)
10/03/2026 10:55:05 -- 		 shacl-max: 1
10/03/2026 10:55:05 -- 	N62a5f70252d7490c8c086fd67a7da8b7 | http://data.europa.eu/eli/ontology#description > [no object/datatype]
10/03/2026 10:55:05 -- 		 min: 1 (min found at subject)
10/03/2026 10:55:05 -- 		 max: 3 (max found at subject)
10/03/2026 10:55:05 -- 		 shacl-min: 1
10/03/2026 10:55:05 -- http://example.com/shapes/c583e15e-6896-415f-80df-dbf5089fe4b0 ~ https://data.vlaanderen.be/id/concept/BesluitType/e8aee49e-8762-4db2-acfe-2d5dd3c37619
10/03/2026 10:55:05 -- 	Na9b96fcb577a4f8d9fabd286073ed341 | http://data.europa.eu/eli/ontology#title > [no object/datatype]
10/03/2026 10:55:05 -- 		 min: 1 (min found at subject)
10/03/2026 10:55:05 -- 		 max: 1 (max found at subject)
10/03/2026 10:55:05 -- 		 shacl-min: 1
10/03/2026 10:55:05 -- 		 shacl-max: 1
10/03/2026 10:55:05 -- 	Ndf5f868fafd44a978418f7ebc8fcc1ec | http://data.europa.eu/eli/ontology#title_short > [no object/datatype]
10/03/2026 10:55:05 -- 		 min: 0 (min found at subject)
10/03/2026 10:55:05 -- 		 max: 1 (max found at subject)
10/03/2026 10:55:05 -- 		 shacl-max: 1
10/03/2026 10:55:05 -- 	N276d92b0c59d4330bef7292ddd74185b | http://data.europa.eu/eli/ontology#date_no_longer_in_force > [no object/datatype]
10/03/2026 10:55:05 -- 		 min: 0 (min found at subject)
10/03/2026 10:55:05 -- 		 max: 1 (max found at subject)
10/03/2026 10:55:05 -- 		 shacl-max: 1
10/03/2026 10:55:05 -- 	N06486ac716974c0088a0db53864902b0 | http://mu.semte.ch/vocabularies/core/uuid > [no object/datatype]
10/03/2026 10:55:05 -- 		 min: 1 (min found at subject)
10/03/2026 10:55:05 -- 		 max: 1 (max found at subject)
10/03/2026 10:55:05 -- 		 shacl-min: 1
10/03/2026 10:55:05 -- 		 shacl-max: 1
10/03/2026 10:55:05 -- 	Ndf94e5d91c204b2b90c09835a557e29d | http://data.europa.eu/eli/ontology#description > [no object/datatype]
10/03/2026 10:55:05 -- 		 min: 1 (min found at subject)
10/03/2026 10:55:05 -- 		 max: 3 (max found at subject)
10/03/2026 10:55:05 -- 		 shacl-min: 1
10/03/2026 10:55:05 -- 	Nac27298d53d84704916b161b719d017c | http://www.w3.org/ns/prov#wasDerivedFrom > http://data.vlaanderen.be/ns/mandaat#Mandataris
10/03/2026 10:55:05 -- 		 min: 0 (min found at subject)
10/03/2026 10:55:05 -- 		 max: 3 (max found at subject)
10/03/2026 10:55:05 -- 	Nee4a7d37b6fd466e83e793b01483c3b6 | http://www.w3.org/ns/prov#wasDerivedFrom > http://xmlns.com/foaf/0.1/Document
10/03/2026 10:55:05 -- 		 min: 0 (min found at subject)
10/03/2026 10:55:05 -- 		 max: 3 (max found at subject)
10/03/2026 10:55:05 -- 	Nb430bb25d09547b3b9d627c28854833c | http://www.w3.org/ns/prov#wasDerivedFrom > https://data.vlaanderen.be/id/concept/BesluitDocumentType/13fefad6-a9d6-4025-83b5-e4cbee3a8965
10/03/2026 10:55:05 -- 		 min: 0 (min found at subject)
10/03/2026 10:55:05 -- 		 max: 1 (max found at subject)
10/03/2026 10:55:05 -- 		 shacl-max: 1
10/03/2026 10:55:05 -- 	N49990222add346b78acbe1e7fe760863 | http://www.w3.org/ns/prov#wasDerivedFrom > https://data.vlaanderen.be/id/concept/BesluitDocumentType/3fa67785-ffdc-4b30-8880-2b99d97b4dee
10/03/2026 10:55:05 -- 		 min: 0 (min found at subject)
10/03/2026 10:55:05 -- 		 max: 1 (max found at subject)
10/03/2026 10:55:05 -- 		 shacl-max: 1
10/03/2026 10:55:05 -- 	Ndec416f0629548938946fff853e6d9e6 | http://www.w3.org/ns/prov#wasDerivedFrom > https://data.vlaanderen.be/id/concept/BesluitDocumentType/8e791b27-7600-4577-b24e-c7c29e0eb773
10/03/2026 10:55:05 -- 		 min: 0 (min found at subject)
10/03/2026 10:55:05 -- 		 max: 1 (max found at subject)
10/03/2026 10:55:05 -- 		 shacl-max: 1
10/03/2026 10:55:05 -- 	N9a9c2211d57743c7b2152f2d12ae18fe | http://data.europa.eu/eli/ontology#date_publication > [no object/datatype]
10/03/2026 10:55:05 -- 		 min: 1 (min found at subject)
10/03/2026 10:55:05 -- 		 max: 3 (max found at subject)
10/03/2026 10:55:05 -- 		 shacl-min: 1
10/03/2026 10:55:05 -- 	N47fa73198f5c48cdaaf5c46cf22dfec1 | http://data.europa.eu/eli/ontology#related_to > http://xmlns.com/foaf/0.1/Document
10/03/2026 10:55:05 -- 		 min: 0 (min found at subject)
10/03/2026 10:55:05 -- 		 max: 4 (max found at subject)
10/03/2026 10:55:05 -- 	Nf43e579bcab14253bd57088f51553906 | http://data.europa.eu/eli/ontology#first_date_entry_in_force > [no object/datatype]
10/03/2026 10:55:05 -- 		 min: 0 (min found at subject)
10/03/2026 10:55:05 -- 		 max: 3 (max found at subject)
10/03/2026 10:55:05 -- 	N240e0738c2c14ceb846130a43a8ef533 | http://lblod.data.gift/vocabularies/besluit/extractedDecisionContent > [no object/datatype]
10/03/2026 10:55:05 -- 		 min: 1 (min found at subject)
10/03/2026 10:55:05 -- 		 max: 176 (max found at subject)
10/03/2026 10:55:05 -- 		 shacl-min: 1
10/03/2026 10:55:05 -- 	Ncb91627a6fd54e27aee348b086ccb81f | http://www.w3.org/ns/prov#value > [no object/datatype]
10/03/2026 10:55:05 -- 		 min: 1 (min found at subject)
10/03/2026 10:55:05 -- 		 max: 8 (max found at subject)
10/03/2026 10:55:05 -- 		 shacl-min: 1
10/03/2026 10:55:05 -- 	Nb6ad227c803f4e18b800c4ebcc0ffd58 | http://data.europa.eu/eli/ontology#language > http://www.w3.org/2004/02/skos/core#Concept
10/03/2026 10:55:05 -- 		 min: 1 (min found at subject)
10/03/2026 10:55:05 -- 		 max: 1 (max found at subject)
10/03/2026 10:55:05 -- 		 shacl-min: 1
10/03/2026 10:55:05 -- 		 shacl-max: 1
10/03/2026 10:55:05 -- 	N925cafc02cfe4e1cbeb113faa3c9a09b | http://data.europa.eu/eli/ontology#passed_by > http://data.vlaanderen.be/ns/besluit#Bestuursorgaan
10/03/2026 10:55:05 -- 		 min: 1 (min found at subject)
10/03/2026 10:55:05 -- 		 max: 1 (max found at subject)
10/03/2026 10:55:05 -- 		 shacl-min: 1
10/03/2026 10:55:05 -- 		 shacl-max: 1
10/03/2026 10:55:05 -- 	N9278f1f260cd437abf718e460ecab966 | http://data.vlaanderen.be/ns/besluit#motivering > [no object/datatype]
10/03/2026 10:55:05 -- 		 min: 0 (min found at subject)
10/03/2026 10:55:05 -- 		 max: 2 (max found at subject)
10/03/2026 10:55:05 -- 	N43ec1b86c9df41f3bbf5cd59618cbc9b | http://www.w3.org/ns/prov#wasGeneratedBy > http://data.vlaanderen.be/ns/besluit#BehandelingVanAgendapunt
10/03/2026 10:55:05 -- 		 min: 1 (min found at subject)
10/03/2026 10:55:05 -- 		 max: 1 (max found at subject)
10/03/2026 10:55:05 -- 		 shacl-min: 1
10/03/2026 10:55:05 -- 		 shacl-max: 1
10/03/2026 10:55:05 -- 	N028ec122ebaa4885b171f2460d72e5c5 | http://data.europa.eu/eli/ontology#cites > [no object/datatype]
10/03/2026 10:55:05 -- 		 min: 0 (min found at subject)
10/03/2026 10:55:05 -- 		 max: 1 (max found at subject)
10/03/2026 10:55:05 -- 		 shacl-max: 1
10/03/2026 10:55:05 -- 	N5040e727d9f048b4a3285f03220fd6d8 | http://data.europa.eu/eli/ontology#has_part > http://data.vlaanderen.be/ns/besluit#Artikel
10/03/2026 10:55:05 -- 		 min: 0 (min found at subject)
10/03/2026 10:55:05 -- 		 max: 4 (max found at subject)
10/03/2026 10:55:05 -- http://example.com/shapes/4a569780-efc2-4499-b361-e68809f69e29 ~ https://data.vlaanderen.be/id/concept/BesluitType/e8afe7c5-9640-4db8-8f74-3f023bec3241
10/03/2026 10:55:05 -- 	Nb5e3df5f2b4e403e821a7204dbf12c1b | http://data.europa.eu/eli/ontology#date_publication > [no object/datatype]
10/03/2026 10:55:05 -- 		 min: 1 (min found at subject)
10/03/2026 10:55:05 -- 		 max: 4 (max found at subject)
10/03/2026 10:55:05 -- 		 shacl-min: 1
10/03/2026 10:55:05 -- 	N00126543ee1d4fb4b8e259b9e258a354 | http://data.europa.eu/eli/ontology#date_no_longer_in_force > [no object/datatype]
10/03/2026 10:55:05 -- 		 min: 0 (min found at subject)
10/03/2026 10:55:05 -- 		 max: 1 (max found at subject)
10/03/2026 10:55:05 -- 		 shacl-max: 1
10/03/2026 10:55:05 -- 	Na039c030dd9947cca5746f889ed38427 | http://data.europa.eu/eli/ontology#passed_by > http://data.vlaanderen.be/ns/besluit#Bestuurseenheid
10/03/2026 10:55:05 -- 		 min: 0 (min found at subject)
10/03/2026 10:55:05 -- 		 max: 1 (max found at subject)
10/03/2026 10:55:05 -- 		 shacl-max: 1
10/03/2026 10:55:05 -- 	Neb6bb852b28241b68430babeaa8673ba | http://data.europa.eu/eli/ontology#passed_by > http://data.vlaanderen.be/ns/besluit#Bestuursorgaan
10/03/2026 10:55:05 -- 		 min: 0 (min found at subject)
10/03/2026 10:55:05 -- 		 max: 1 (max found at subject)
10/03/2026 10:55:05 -- 		 shacl-max: 1
10/03/2026 10:55:05 -- 	Ne0d35039b55f43da87487ace4a8fbb86 | http://data.europa.eu/eli/ontology#passed_by > http://data.vlaanderen.be/ns/mandaat#Mandataris
10/03/2026 10:55:05 -- 		 min: 0 (min found at subject)
10/03/2026 10:55:05 -- 		 max: 1 (max found at subject)
10/03/2026 10:55:05 -- 		 shacl-max: 1
10/03/2026 10:55:05 -- 	Nb903b31c09c14d249341de4200190681 | http://data.europa.eu/eli/ontology#passed_by > http://www.w3.org/2004/02/skos/core#Concept
10/03/2026 10:55:05 -- 		 min: 0 (min found at subject)
10/03/2026 10:55:05 -- 		 max: 1 (max found at subject)
10/03/2026 10:55:05 -- 		 shacl-max: 1
10/03/2026 10:55:05 -- 	Nf7bec1d1327243118334ef69efa7d58d | http://data.europa.eu/eli/ontology#passed_by > http://xmlns.com/foaf/0.1/Document
10/03/2026 10:55:05 -- 		 min: 0 (min found at subject)
10/03/2026 10:55:05 -- 		 max: 1 (max found at subject)
10/03/2026 10:55:05 -- 		 shacl-max: 1
10/03/2026 10:55:05 -- 	N76555373b03d43eca3ab37347d074fdd | http://data.europa.eu/eli/ontology#passed_by > https://data.vlaanderen.be/id/concept/BesluitDocumentType/3fa67785-ffdc-4b30-8880-2b99d97b4dee
10/03/2026 10:55:05 -- 		 min: 0 (min found at subject)
10/03/2026 10:55:05 -- 		 max: 1 (max found at subject)
10/03/2026 10:55:05 -- 		 shacl-max: 1
10/03/2026 10:55:05 -- 	N3dc99e2bd30c4188a4f4b7fefb1a7625 | http://data.europa.eu/eli/ontology#has_part > http://data.vlaanderen.be/ns/besluit#Artikel
10/03/2026 10:55:05 -- 		 min: 0 (min found at subject)
10/03/2026 10:55:05 -- 		 max: 18 (max found at subject)
10/03/2026 10:55:05 -- 	Nf37ca7bc20bd44ca8591e60743c965b8 | http://www.w3.org/ns/prov#wasDerivedFrom > http://data.vlaanderen.be/ns/besluit#Bestuurseenheid
10/03/2026 10:55:05 -- 		 min: 0 (min found at subject)
10/03/2026 10:55:05 -- 		 max: 1 (max found at subject)
10/03/2026 10:55:05 -- 		 shacl-max: 1
10/03/2026 10:55:05 -- 	N411c71e607b54c6d876eca7602a32441 | http://www.w3.org/ns/prov#wasDerivedFrom > http://data.vlaanderen.be/ns/besluit#Bestuursorgaan
10/03/2026 10:55:05 -- 		 min: 0 (min found at subject)
10/03/2026 10:55:05 -- 		 max: 1 (max found at subject)
10/03/2026 10:55:05 -- 		 shacl-max: 1
10/03/2026 10:55:05 -- 	N5c84404e4b414c4ca028da4a3ca5371e | http://www.w3.org/ns/prov#wasDerivedFrom > http://data.vlaanderen.be/ns/mandaat#Mandataris
10/03/2026 10:55:05 -- 		 min: 0 (min found at subject)
10/03/2026 10:55:05 -- 		 max: 3 (max found at subject)
10/03/2026 10:55:05 -- 	N1f8690b6d9bd4771acb78617a278c575 | http://www.w3.org/ns/prov#wasDerivedFrom > http://www.w3.org/2004/02/skos/core#Concept
10/03/2026 10:55:05 -- 		 min: 0 (min found at subject)
10/03/2026 10:55:05 -- 		 max: 1 (max found at subject)
10/03/2026 10:55:05 -- 		 shacl-max: 1
10/03/2026 10:55:05 -- 	Ne5da7c12fbf94e908136c5da29c8e8d1 | http://www.w3.org/ns/prov#wasDerivedFrom > http://xmlns.com/foaf/0.1/Document
10/03/2026 10:55:05 -- 		 min: 0 (min found at subject)
10/03/2026 10:55:05 -- 		 max: 3 (max found at subject)
10/03/2026 10:55:05 -- 	N03cbfac34d944cd9942971a0dc4c8d04 | http://www.w3.org/ns/prov#wasDerivedFrom > https://data.vlaanderen.be/id/concept/BesluitDocumentType/13fefad6-a9d6-4025-83b5-e4cbee3a8965
10/03/2026 10:55:05 -- 		 min: 0 (min found at subject)
10/03/2026 10:55:05 -- 		 max: 1 (max found at subject)
10/03/2026 10:55:05 -- 		 shacl-max: 1
10/03/2026 10:55:05 -- 	N0427abcf5f77426d8227cef175a6c966 | http://www.w3.org/ns/prov#wasDerivedFrom > https://data.vlaanderen.be/id/concept/BesluitDocumentType/3fa67785-ffdc-4b30-8880-2b99d97b4dee
10/03/2026 10:55:05 -- 		 min: 0 (min found at subject)
10/03/2026 10:55:05 -- 		 max: 1 (max found at subject)
10/03/2026 10:55:05 -- 		 shacl-max: 1
10/03/2026 10:55:05 -- 	N70ceef31467749ae98c3e80ab67045ce | http://www.w3.org/ns/prov#wasDerivedFrom > https://data.vlaanderen.be/id/concept/BesluitDocumentType/8e791b27-7600-4577-b24e-c7c29e0eb773
10/03/2026 10:55:05 -- 		 min: 0 (min found at subject)
10/03/2026 10:55:05 -- 		 max: 1 (max found at subject)
10/03/2026 10:55:05 -- 		 shacl-max: 1
10/03/2026 10:55:05 -- 	Nef17dc22be6a4b0ebdd6ff1e0267e1c3 | http://data.europa.eu/eli/ontology#description > [no object/datatype]
10/03/2026 10:55:05 -- 		 min: 1 (min found at subject)
10/03/2026 10:55:05 -- 		 max: 3 (max found at subject)
10/03/2026 10:55:05 -- 		 shacl-min: 1
10/03/2026 10:55:05 -- 	N517ab5ac5c244b7fa4d2eaa2f9d3d52f | http://data.europa.eu/eli/ontology#language > http://www.w3.org/2004/02/skos/core#Concept
10/03/2026 10:55:05 -- 		 min: 1 (min found at subject)
10/03/2026 10:55:05 -- 		 max: 1 (max found at subject)
10/03/2026 10:55:05 -- 		 shacl-min: 1
10/03/2026 10:55:05 -- 		 shacl-max: 1
10/03/2026 10:55:05 -- 	Nfcb25f87d8b44b2b87d51843ca0e5c25 | http://data.europa.eu/eli/ontology#first_date_entry_in_force > [no object/datatype]
10/03/2026 10:55:05 -- 		 min: 0 (min found at subject)
10/03/2026 10:55:05 -- 		 max: 4 (max found at subject)
10/03/2026 10:55:05 -- 	N68e727b0d0884853af8e7f1017797c6a | http://www.w3.org/ns/prov#wasGeneratedBy > http://data.vlaanderen.be/ns/besluit#BehandelingVanAgendapunt
10/03/2026 10:55:05 -- 		 min: 1 (min found at subject)
10/03/2026 10:55:05 -- 		 max: 1 (max found at subject)
10/03/2026 10:55:05 -- 		 shacl-min: 1
10/03/2026 10:55:05 -- 		 shacl-max: 1
10/03/2026 10:55:05 -- 	Na37a3f298b204947a27c08e19ac31e5f | http://lblod.data.gift/vocabularies/besluit/extractedDecisionContent > [no object/datatype]
10/03/2026 10:55:05 -- 		 min: 1 (min found at subject)
10/03/2026 10:55:05 -- 		 max: 516 (max found at subject)
10/03/2026 10:55:05 -- 		 shacl-min: 1
10/03/2026 10:55:05 -- 	N34c4ad31c0084b92ab40164cebb569e0 | http://www.w3.org/ns/prov#value > [no object/datatype]
10/03/2026 10:55:05 -- 		 min: 1 (min found at subject)
10/03/2026 10:55:05 -- 		 max: 24 (max found at subject)
10/03/2026 10:55:05 -- 		 shacl-min: 1
10/03/2026 10:55:05 -- 	Na4fc0554b59943d9b4a469e792f0933d | http://data.vlaanderen.be/ns/besluit#motivering > [no object/datatype]
10/03/2026 10:55:05 -- 		 min: 0 (min found at subject)
10/03/2026 10:55:05 -- 		 max: 3 (max found at subject)
10/03/2026 10:55:05 -- 	N564894af1b8a47d0a3995b4258f0e500 | http://mu.semte.ch/vocabularies/core/uuid > [no object/datatype]
10/03/2026 10:55:05 -- 		 min: 1 (min found at subject)
10/03/2026 10:55:05 -- 		 max: 1 (max found at subject)
10/03/2026 10:55:05 -- 		 shacl-min: 1
10/03/2026 10:55:05 -- 		 shacl-max: 1
10/03/2026 10:55:05 -- 	N1f06ffd7ce304e6b94728bbc866750c2 | http://data.europa.eu/eli/ontology#cites > [no object/datatype]
10/03/2026 10:55:05 -- 		 min: 0 (min found at subject)
10/03/2026 10:55:05 -- 		 max: 2 (max found at subject)
10/03/2026 10:55:05 -- 	N34651864a434440cb0ee537d53ea8b7a | http://data.europa.eu/eli/ontology#title_short > [no object/datatype]
10/03/2026 10:55:05 -- 		 min: 0 (min found at subject)
10/03/2026 10:55:05 -- 		 max: 2 (max found at subject)
10/03/2026 10:55:05 -- 	Neebe4a51d2fa4d139dc7027affc5b36b | http://data.europa.eu/eli/ontology#related_to > http://xmlns.com/foaf/0.1/Document
10/03/2026 10:55:05 -- 		 min: 0 (min found at subject)
10/03/2026 10:55:05 -- 		 max: 14 (max found at subject)
10/03/2026 10:55:05 -- 	Nc5a657fb19074c78b051d18c90916fda | http://data.europa.eu/eli/ontology#title > [no object/datatype]
10/03/2026 10:55:05 -- 		 min: 1 (min found at subject)
10/03/2026 10:55:05 -- 		 max: 2 (max found at subject)
10/03/2026 10:55:05 -- 		 shacl-min: 1
10/03/2026 10:55:05 -- 	Nb2bd9785ddf94d3e940b775e6327df33 | http://data.vlaanderen.be/ns/besluit#citeeropschrift > [no object/datatype]
10/03/2026 10:55:05 -- 		 min: 0 (min found at subject)
10/03/2026 10:55:05 -- 		 max: 1 (max found at subject)
10/03/2026 10:55:05 -- 		 shacl-max: 1
10/03/2026 10:55:05 -- http://example.com/shapes/5b13228e-b1a4-459c-a6d9-e611b4b3f30f ~ https://data.vlaanderen.be/id/concept/BesluitType/efa4ec5a-b006-453f-985f-f986ebae11bc
10/03/2026 10:55:05 -- 	N004ee7b5272b4c3ab6777a836347fa3e | http://data.europa.eu/eli/ontology#date_publication > [no object/datatype]
10/03/2026 10:55:05 -- 		 min: 1 (min found at subject)
10/03/2026 10:55:05 -- 		 max: 3 (max found at subject)
10/03/2026 10:55:05 -- 		 shacl-min: 1
10/03/2026 10:55:05 -- 	N17b48d65e3ab47188b36f144ed7c18c8 | http://mu.semte.ch/vocabularies/core/uuid > [no object/datatype]
10/03/2026 10:55:05 -- 		 min: 1 (min found at subject)
10/03/2026 10:55:05 -- 		 max: 1 (max found at subject)
10/03/2026 10:55:05 -- 		 shacl-min: 1
10/03/2026 10:55:05 -- 		 shacl-max: 1
10/03/2026 10:55:05 -- 	Nbb85ac8c0a79421081cd23c45f2bdc49 | http://data.vlaanderen.be/ns/besluit#motivering > [no object/datatype]
10/03/2026 10:55:05 -- 		 min: 0 (min found at subject)
10/03/2026 10:55:05 -- 		 max: 3 (max found at subject)
10/03/2026 10:55:05 -- 	Nce2d28e3791d4a749eafe468753cb49c | http://data.europa.eu/eli/ontology#passed_by > http://data.vlaanderen.be/ns/besluit#Bestuursorgaan
10/03/2026 10:55:05 -- 		 min: 1 (min found at subject)
10/03/2026 10:55:05 -- 		 max: 1 (max found at subject)
10/03/2026 10:55:05 -- 		 shacl-min: 1
10/03/2026 10:55:05 -- 		 shacl-max: 1
10/03/2026 10:55:05 -- 	N06543b531caa42a2b3139a409e2b7882 | http://data.europa.eu/eli/ontology#language > http://www.w3.org/2004/02/skos/core#Concept
10/03/2026 10:55:05 -- 		 min: 1 (min found at subject)
10/03/2026 10:55:05 -- 		 max: 1 (max found at subject)
10/03/2026 10:55:05 -- 		 shacl-min: 1
10/03/2026 10:55:05 -- 		 shacl-max: 1
10/03/2026 10:55:05 -- 	N8bddbc03423d482aa4c1ec40911b23fb | http://data.europa.eu/eli/ontology#description > [no object/datatype]
10/03/2026 10:55:05 -- 		 min: 1 (min found at subject)
10/03/2026 10:55:05 -- 		 max: 3 (max found at subject)
10/03/2026 10:55:05 -- 		 shacl-min: 1
10/03/2026 10:55:05 -- 	Ne10589df78a4442f9ecb19b7b7bd398c | http://data.europa.eu/eli/ontology#title > [no object/datatype]
10/03/2026 10:55:05 -- 		 min: 1 (min found at subject)
10/03/2026 10:55:05 -- 		 max: 2 (max found at subject)
10/03/2026 10:55:05 -- 		 shacl-min: 1
10/03/2026 10:55:05 -- 	Ned2d2fd89c4f4e3b8efccf40940d45a1 | http://www.w3.org/ns/prov#wasGeneratedBy > http://data.vlaanderen.be/ns/besluit#BehandelingVanAgendapunt
10/03/2026 10:55:05 -- 		 min: 1 (min found at subject)
10/03/2026 10:55:05 -- 		 max: 1 (max found at subject)
10/03/2026 10:55:05 -- 		 shacl-min: 1
10/03/2026 10:55:05 -- 		 shacl-max: 1
10/03/2026 10:55:05 -- 	N0bfee8da4c8a43558cf274aa9122327d | http://lblod.data.gift/vocabularies/besluit/taxRate > [no object/datatype]
10/03/2026 10:55:05 -- 		 min: 0 (min found at subject)
10/03/2026 10:55:05 -- 		 max: 1 (max found at subject)
10/03/2026 10:55:05 -- 		 shacl-max: 1
10/03/2026 10:55:05 -- 	N9a6a57f0d509418298480eaac2a0f2a2 | http://data.europa.eu/eli/ontology#first_date_entry_in_force > [no object/datatype]
10/03/2026 10:55:05 -- 		 min: 0 (min found at subject)
10/03/2026 10:55:05 -- 		 max: 3 (max found at subject)
10/03/2026 10:55:05 -- 	N5760d45971bf4a6d9e785c11e89e3b9a | http://data.europa.eu/eli/ontology#has_part > http://data.vlaanderen.be/ns/besluit#Artikel
10/03/2026 10:55:05 -- 		 min: 0 (min found at subject)
10/03/2026 10:55:05 -- 		 max: 37 (max found at subject)
10/03/2026 10:55:05 -- 	N786f2caffa5b4c4a82c5bc32c283d7bb | http://www.w3.org/ns/prov#wasDerivedFrom > http://data.vlaanderen.be/ns/mandaat#Mandataris
10/03/2026 10:55:05 -- 		 min: 0 (min found at subject)
10/03/2026 10:55:05 -- 		 max: 3 (max found at subject)
10/03/2026 10:55:05 -- 	N122a4c71e37f4343b6a0160f71f60dc9 | http://www.w3.org/ns/prov#wasDerivedFrom > http://xmlns.com/foaf/0.1/Document
10/03/2026 10:55:05 -- 		 min: 0 (min found at subject)
10/03/2026 10:55:05 -- 		 max: 3 (max found at subject)
10/03/2026 10:55:05 -- 	N277b90f425a94d7f8861615c13fc65b6 | http://www.w3.org/ns/prov#wasDerivedFrom > https://data.vlaanderen.be/id/concept/BesluitDocumentType/13fefad6-a9d6-4025-83b5-e4cbee3a8965
10/03/2026 10:55:06 -- 		 min: 0 (min found at subject)
10/03/2026 10:55:06 -- 		 max: 1 (max found at subject)
10/03/2026 10:55:06 -- 		 shacl-max: 1
10/03/2026 10:55:06 -- 	N31182988d2f74d75ae831b2c7f73627b | http://www.w3.org/ns/prov#wasDerivedFrom > https://data.vlaanderen.be/id/concept/BesluitDocumentType/3fa67785-ffdc-4b30-8880-2b99d97b4dee
10/03/2026 10:55:06 -- 		 min: 0 (min found at subject)
10/03/2026 10:55:06 -- 		 max: 1 (max found at subject)
10/03/2026 10:55:06 -- 		 shacl-max: 1
10/03/2026 10:55:06 -- 	N67f2bfbd5ff0444aa89fa29d4cf391bd | http://www.w3.org/ns/prov#wasDerivedFrom > https://data.vlaanderen.be/id/concept/BesluitDocumentType/8e791b27-7600-4577-b24e-c7c29e0eb773
10/03/2026 10:55:06 -- 		 min: 0 (min found at subject)
10/03/2026 10:55:06 -- 		 max: 1 (max found at subject)
10/03/2026 10:55:06 -- 		 shacl-max: 1
10/03/2026 10:55:06 -- 	N5219188436b045439f01b7b9d0aec1c7 | http://data.europa.eu/eli/ontology#related_to > http://xmlns.com/foaf/0.1/Document
10/03/2026 10:55:06 -- 		 min: 0 (min found at subject)
10/03/2026 10:55:06 -- 		 max: 46 (max found at subject)
10/03/2026 10:55:06 -- 	N9acd9118c86649c7a4a3799cfc703a71 | http://www.w3.org/ns/prov#value > [no object/datatype]
10/03/2026 10:55:06 -- 		 min: 1 (min found at subject)
10/03/2026 10:55:06 -- 		 max: 74 (max found at subject)
10/03/2026 10:55:06 -- 		 shacl-min: 1
10/03/2026 10:55:06 -- 	N239d17987d8947ad882f279ae06d965b | http://lblod.data.gift/vocabularies/besluit/hasAdditionalTaxRate > [no object/datatype]
10/03/2026 10:55:06 -- 		 min: 0 (min found at subject)
10/03/2026 10:55:06 -- 		 max: 1 (max found at subject)
10/03/2026 10:55:06 -- 		 shacl-max: 1
10/03/2026 10:55:06 -- 	Nd6543adf510b424a98c67747d6c5d7c1 | http://data.europa.eu/eli/ontology#date_no_longer_in_force > [no object/datatype]
10/03/2026 10:55:06 -- 		 min: 0 (min found at subject)
10/03/2026 10:55:06 -- 		 max: 1 (max found at subject)
10/03/2026 10:55:06 -- 		 shacl-max: 1
10/03/2026 10:55:06 -- 	Nff20b61978604edb8b4f646003b54c5e | http://data.europa.eu/eli/ontology#title_short > [no object/datatype]
10/03/2026 10:55:06 -- 		 min: 0 (min found at subject)
10/03/2026 10:55:06 -- 		 max: 2 (max found at subject)
10/03/2026 10:55:06 -- 	N1e3e739ddf914a388f5b36bc9528e75b | http://lblod.data.gift/vocabularies/besluit/extractedDecisionContent > [no object/datatype]
10/03/2026 10:55:06 -- 		 min: 1 (min found at subject)
10/03/2026 10:55:06 -- 		 max: 1591 (max found at subject)
10/03/2026 10:55:06 -- 		 shacl-min: 1
10/03/2026 10:55:06 -- 	N1ce91a691b484b9e8d11b92333a4e66b | http://data.europa.eu/eli/ontology#cites > [no object/datatype]
10/03/2026 10:55:06 -- 		 min: 0 (min found at subject)
10/03/2026 10:55:06 -- 		 max: 1 (max found at subject)
10/03/2026 10:55:06 -- 		 shacl-max: 1
10/03/2026 10:55:06 -- 	Nea2c8972775940f7902eb6597478373a | http://data.vlaanderen.be/ns/besluit#citeeropschrift > [no object/datatype]
10/03/2026 10:55:06 -- 		 min: 0 (min found at subject)
10/03/2026 10:55:06 -- 		 max: 1 (max found at subject)
10/03/2026 10:55:06 -- 		 shacl-max: 1
10/03/2026 10:55:06 -- 	Nc3e739bd31244babaec0991732e67e4f | http://lblod.data.gift/vocabularies/besluit/chartOfAccount > http://www.w3.org/2004/02/skos/core#Concept
10/03/2026 10:55:06 -- 		 min: 0 (min found at subject)
10/03/2026 10:55:06 -- 		 max: 1 (max found at subject)
10/03/2026 10:55:06 -- 		 shacl-max: 1
10/03/2026 10:55:06 -- http://example.com/shapes/ce37d178-f0e3-43e4-bd34-dd013e9303ea ~ https://data.vlaanderen.be/id/concept/BesluitType/f1d16307-164c-4278-87b9-1d3b1d968f67
10/03/2026 10:55:06 -- 	N273141f5a2ac4cd58d5547ec4c250d4a | http://data.europa.eu/eli/ontology#date_publication > [no object/datatype]
10/03/2026 10:55:06 -- 		 min: 1 (min found at subject)
10/03/2026 10:55:06 -- 		 max: 1 (max found at subject)
10/03/2026 10:55:06 -- 		 shacl-min: 1
10/03/2026 10:55:06 -- 		 shacl-max: 1
10/03/2026 10:55:06 -- 	N5a217085eb7a42778d5e7ebb96f235f2 | http://www.w3.org/ns/prov#wasDerivedFrom > [no object/datatype]
10/03/2026 10:55:06 -- 		 min: 1 (min found at subject)
10/03/2026 10:55:06 -- 		 max: 2 (max found at subject)
10/03/2026 10:55:06 -- 		 shacl-min: 1
10/03/2026 10:55:06 -- 	N51573d895289496181eec1b0d4b7efdb | http://data.europa.eu/eli/ontology#passed_by > http://data.vlaanderen.be/ns/besluit#Bestuursorgaan
10/03/2026 10:55:06 -- 		 min: 1 (min found at subject)
10/03/2026 10:55:06 -- 		 max: 1 (max found at subject)
10/03/2026 10:55:06 -- 		 shacl-min: 1
10/03/2026 10:55:06 -- 		 shacl-max: 1
10/03/2026 10:55:06 -- 	Nd1d3ed2254e24b67b166de7012ea03ef | http://www.w3.org/ns/prov#value > [no object/datatype]
10/03/2026 10:55:06 -- 		 min: 2 (min found at subject)
10/03/2026 10:55:06 -- 		 max: 16 (max found at subject)
10/03/2026 10:55:06 -- 		 shacl-min: 1
10/03/2026 10:55:06 -- 	N84a5d8bdcd9a485787c156a83556e3b8 | http://mu.semte.ch/vocabularies/core/uuid > [no object/datatype]
10/03/2026 10:55:06 -- 		 min: 1 (min found at subject)
10/03/2026 10:55:06 -- 		 max: 1 (max found at subject)
10/03/2026 10:55:06 -- 		 shacl-min: 1
10/03/2026 10:55:06 -- 		 shacl-max: 1
10/03/2026 10:55:06 -- 	N64fb727ecb954e48845e119a0cec897a | http://data.europa.eu/eli/ontology#language > http://www.w3.org/2004/02/skos/core#Concept
10/03/2026 10:55:06 -- 		 min: 1 (min found at subject)
10/03/2026 10:55:06 -- 		 max: 1 (max found at subject)
10/03/2026 10:55:06 -- 		 shacl-min: 1
10/03/2026 10:55:06 -- 		 shacl-max: 1
10/03/2026 10:55:06 -- 	Nbd183bffbcd841ab983b231d45b210d8 | http://lblod.data.gift/vocabularies/besluit/authenticityType > http://www.w3.org/2004/02/skos/core#Concept
10/03/2026 10:55:06 -- 		 min: 1 (min found at subject)
10/03/2026 10:55:06 -- 		 max: 1 (max found at subject)
10/03/2026 10:55:06 -- 		 shacl-min: 1
10/03/2026 10:55:06 -- 		 shacl-max: 1
10/03/2026 10:55:06 -- 	N97caaee903c84507a3385957e2bc58ac | http://data.europa.eu/eli/ontology#title > [no object/datatype]
10/03/2026 10:55:06 -- 		 min: 1 (min found at subject)
10/03/2026 10:55:06 -- 		 max: 1 (max found at subject)
10/03/2026 10:55:06 -- 		 shacl-min: 1
10/03/2026 10:55:06 -- 		 shacl-max: 1
10/03/2026 10:55:06 -- 	N0d468f5503dd4e8dbc24549f5872d06b | http://data.europa.eu/eli/ontology#description > [no object/datatype]
10/03/2026 10:55:06 -- 		 min: 1 (min found at subject)
10/03/2026 10:55:06 -- 		 max: 1 (max found at subject)
10/03/2026 10:55:06 -- 		 shacl-min: 1
10/03/2026 10:55:06 -- 		 shacl-max: 1
10/03/2026 10:55:06 -- 	Ne859c1fec4684ad59d28ae8151bdf7df | http://lblod.data.gift/vocabularies/besluit/extractedDecisionContent > [no object/datatype]
10/03/2026 10:55:06 -- 		 min: 6 (min found at subject)
10/03/2026 10:55:06 -- 		 max: 336 (max found at subject)
10/03/2026 10:55:06 -- 		 shacl-min: 1
10/03/2026 10:55:06 -- 	Nf9a3c5e044c147baaa69d03a09c4a202 | http://data.vlaanderen.be/ns/besluit#citeeropschrift > [no object/datatype]
10/03/2026 10:55:06 -- 		 min: 0 (min found at subject)
10/03/2026 10:55:06 -- 		 max: 1 (max found at subject)
10/03/2026 10:55:06 -- 		 shacl-max: 1
10/03/2026 10:55:06 -- 	Ncbd17400b4dd432ea1cecc5f85638884 | http://data.europa.eu/eli/ontology#title_short > [no object/datatype]
10/03/2026 10:55:06 -- 		 min: 1 (min found at subject)
10/03/2026 10:55:06 -- 		 max: 1 (max found at subject)
10/03/2026 10:55:06 -- 		 shacl-min: 1
10/03/2026 10:55:06 -- 		 shacl-max: 1
10/03/2026 10:55:06 -- 	N8c0247e361374f5caab7743699a2ad14 | http://data.europa.eu/eli/ontology#has_part > http://data.vlaanderen.be/ns/besluit#Artikel
10/03/2026 10:55:06 -- 		 min: 1 (min found at subject)
10/03/2026 10:55:06 -- 		 max: 8 (max found at subject)
10/03/2026 10:55:06 -- 		 shacl-min: 1
10/03/2026 10:55:06 -- 	Nfa976078554b4d7da8c1200650b44a7f | http://data.europa.eu/eli/ontology#related_to > http://xmlns.com/foaf/0.1/Document
10/03/2026 10:55:06 -- 		 min: 1 (min found at subject)
10/03/2026 10:55:06 -- 		 max: 5 (max found at subject)
10/03/2026 10:55:06 -- 		 shacl-min: 1
10/03/2026 10:55:06 -- 	N0bb19d7c74a24a4c92d4961ebbeadade | http://data.vlaanderen.be/ns/besluit#motivering > [no object/datatype]
10/03/2026 10:55:06 -- 		 min: 1 (min found at subject)
10/03/2026 10:55:06 -- 		 max: 2 (max found at subject)
10/03/2026 10:55:06 -- 		 shacl-min: 1
10/03/2026 10:55:06 -- 	Nad90b0c175574cccb275a449873c09f9 | http://www.w3.org/ns/prov#wasGeneratedBy > http://data.vlaanderen.be/ns/besluit#BehandelingVanAgendapunt
10/03/2026 10:55:06 -- 		 min: 1 (min found at subject)
10/03/2026 10:55:06 -- 		 max: 1 (max found at subject)
10/03/2026 10:55:06 -- 		 shacl-min: 1
10/03/2026 10:55:06 -- 		 shacl-max: 1
10/03/2026 10:55:06 -- http://example.com/shapes/0bf66fd8-f1a9-4d6c-95f7-4734d755d85b ~ https://data.vlaanderen.be/id/concept/BesluitType/f1fd8f88-95b0-4085-b766-008b5867d992
10/03/2026 10:55:06 -- 	N8a010e8a8c0c4e9297574309eb3a326a | http://data.europa.eu/eli/ontology#language > http://www.w3.org/2004/02/skos/core#Concept
10/03/2026 10:55:06 -- 		 min: 1 (min found at subject)
10/03/2026 10:55:06 -- 		 max: 1 (max found at subject)
10/03/2026 10:55:06 -- 		 shacl-min: 1
10/03/2026 10:55:06 -- 		 shacl-max: 1
10/03/2026 10:55:06 -- 	Nba3c83ecccc34322be33552b2800fbbb | http://lblod.data.gift/vocabularies/besluit/authenticityType > http://www.w3.org/2004/02/skos/core#Concept
10/03/2026 10:55:06 -- 		 min: 0 (min found at subject)
10/03/2026 10:55:06 -- 		 max: 1 (max found at subject)
10/03/2026 10:55:06 -- 		 shacl-max: 1
10/03/2026 10:55:06 -- 	Nb8d56a818f7b45048f03c56a8d5db46c | http://data.vlaanderen.be/ns/besluit#motivering > [no object/datatype]
10/03/2026 10:55:06 -- 		 min: 0 (min found at subject)
10/03/2026 10:55:06 -- 		 max: 2 (max found at subject)
10/03/2026 10:55:06 -- 	N369ab7f1b9394d3e89c5ebb7c04cd487 | http://data.europa.eu/eli/ontology#date_no_longer_in_force > [no object/datatype]
10/03/2026 10:55:06 -- 		 min: 0 (min found at subject)
10/03/2026 10:55:06 -- 		 max: 1 (max found at subject)
10/03/2026 10:55:06 -- 		 shacl-max: 1
10/03/2026 10:55:06 -- 	N5e9a4b9519df44cf8ba373bdbb3e6638 | http://data.europa.eu/eli/ontology#title > [no object/datatype]
10/03/2026 10:55:06 -- 		 min: 1 (min found at subject)
10/03/2026 10:55:06 -- 		 max: 1 (max found at subject)
10/03/2026 10:55:06 -- 		 shacl-min: 1
10/03/2026 10:55:06 -- 		 shacl-max: 1
10/03/2026 10:55:06 -- 	Nbc6887f7e64040568873989726b39687 | http://data.europa.eu/eli/ontology#has_part > http://data.vlaanderen.be/ns/besluit#Artikel
10/03/2026 10:55:06 -- 		 min: 0 (min found at subject)
10/03/2026 10:55:06 -- 		 max: 1 (max found at subject)
10/03/2026 10:55:06 -- 		 shacl-max: 1
10/03/2026 10:55:06 -- 	Nf7a4f29da4c247ffb9b7f738cd445809 | http://www.w3.org/ns/prov#wasGeneratedBy > http://data.vlaanderen.be/ns/besluit#BehandelingVanAgendapunt
10/03/2026 10:55:06 -- 		 min: 1 (min found at subject)
10/03/2026 10:55:06 -- 		 max: 1 (max found at subject)
10/03/2026 10:55:06 -- 		 shacl-min: 1
10/03/2026 10:55:06 -- 		 shacl-max: 1
10/03/2026 10:55:06 -- 	N962e9d20a6084b96b369c6aa78255bbd | http://mu.semte.ch/vocabularies/core/uuid > [no object/datatype]
10/03/2026 10:55:06 -- 		 min: 1 (min found at subject)
10/03/2026 10:55:06 -- 		 max: 1 (max found at subject)
10/03/2026 10:55:06 -- 		 shacl-min: 1
10/03/2026 10:55:06 -- 		 shacl-max: 1
10/03/2026 10:55:06 -- 	N4eb5ee92387d4c11aac2e99724080d51 | http://www.w3.org/ns/prov#wasDerivedFrom > http://data.vlaanderen.be/ns/mandaat#Mandataris
10/03/2026 10:55:06 -- 		 min: 0 (min found at subject)
10/03/2026 10:55:06 -- 		 max: 3 (max found at subject)
10/03/2026 10:55:06 -- 	N123bd641a0a14e22aac9bf171c07d79c | http://www.w3.org/ns/prov#wasDerivedFrom > http://xmlns.com/foaf/0.1/Document
10/03/2026 10:55:06 -- 		 min: 0 (min found at subject)
10/03/2026 10:55:06 -- 		 max: 3 (max found at subject)
10/03/2026 10:55:06 -- 	Nd614bd38b5cd41bf9b57a16d72f1cdf8 | http://www.w3.org/ns/prov#wasDerivedFrom > https://data.vlaanderen.be/id/concept/BesluitDocumentType/13fefad6-a9d6-4025-83b5-e4cbee3a8965
10/03/2026 10:55:06 -- 		 min: 0 (min found at subject)
10/03/2026 10:55:06 -- 		 max: 1 (max found at subject)
10/03/2026 10:55:06 -- 		 shacl-max: 1
10/03/2026 10:55:06 -- 	N4896a2479d1b44e69ba91ca635f3b25c | http://www.w3.org/ns/prov#wasDerivedFrom > https://data.vlaanderen.be/id/concept/BesluitDocumentType/3fa67785-ffdc-4b30-8880-2b99d97b4dee
10/03/2026 10:55:06 -- 		 min: 0 (min found at subject)
10/03/2026 10:55:06 -- 		 max: 1 (max found at subject)
10/03/2026 10:55:06 -- 		 shacl-max: 1
10/03/2026 10:55:06 -- 	N5277ff640d684bb4b17393e0cb266666 | http://www.w3.org/ns/prov#wasDerivedFrom > https://data.vlaanderen.be/id/concept/BesluitDocumentType/8e791b27-7600-4577-b24e-c7c29e0eb773
10/03/2026 10:55:06 -- 		 min: 0 (min found at subject)
10/03/2026 10:55:06 -- 		 max: 1 (max found at subject)
10/03/2026 10:55:06 -- 		 shacl-max: 1
10/03/2026 10:55:06 -- 	Na229b6fcbd604cd0ae9dbac5a54545c0 | http://data.europa.eu/eli/ontology#passed_by > http://data.vlaanderen.be/ns/besluit#Bestuursorgaan
10/03/2026 10:55:06 -- 		 min: 1 (min found at subject)
10/03/2026 10:55:06 -- 		 max: 1 (max found at subject)
10/03/2026 10:55:06 -- 		 shacl-min: 1
10/03/2026 10:55:06 -- 		 shacl-max: 1
10/03/2026 10:55:06 -- 	N0b23897483004324a388f5cdeeb168b0 | http://data.europa.eu/eli/ontology#related_to > http://xmlns.com/foaf/0.1/Document
10/03/2026 10:55:06 -- 		 min: 0 (min found at subject)
10/03/2026 10:55:06 -- 		 max: 9 (max found at subject)
10/03/2026 10:55:06 -- 	N80bef5ba03b64a1da5e9f8eb7998f398 | http://lblod.data.gift/vocabularies/besluit/extractedDecisionContent > [no object/datatype]
10/03/2026 10:55:06 -- 		 min: 1 (min found at subject)
10/03/2026 10:55:06 -- 		 max: 68 (max found at subject)
10/03/2026 10:55:06 -- 		 shacl-min: 1
10/03/2026 10:55:06 -- 	N669eff93ab1a4154900c23c79b78f458 | http://data.europa.eu/eli/ontology#title_short > [no object/datatype]
10/03/2026 10:55:06 -- 		 min: 0 (min found at subject)
10/03/2026 10:55:06 -- 		 max: 1 (max found at subject)
10/03/2026 10:55:06 -- 		 shacl-max: 1
10/03/2026 10:55:06 -- 	N28a44d2da27a45679a3c276f773de6f8 | http://data.europa.eu/eli/ontology#date_publication > [no object/datatype]
10/03/2026 10:55:06 -- 		 min: 1 (min found at subject)
10/03/2026 10:55:06 -- 		 max: 3 (max found at subject)
10/03/2026 10:55:06 -- 		 shacl-min: 1
10/03/2026 10:55:06 -- 	N5e83e4224d0f4b06ae4dfd5fd72e23e2 | http://www.w3.org/ns/prov#value > [no object/datatype]
10/03/2026 10:55:06 -- 		 min: 1 (min found at subject)
10/03/2026 10:55:06 -- 		 max: 4 (max found at subject)
10/03/2026 10:55:06 -- 		 shacl-min: 1
10/03/2026 10:55:06 -- 	Nd0aec2745c0b4e39b3d9decf19776e6e | http://data.europa.eu/eli/ontology#first_date_entry_in_force > [no object/datatype]
10/03/2026 10:55:06 -- 		 min: 0 (min found at subject)
10/03/2026 10:55:06 -- 		 max: 3 (max found at subject)
10/03/2026 10:55:06 -- 	N97993ea3ac9b494bbfa2f33f9f356b90 | http://data.europa.eu/eli/ontology#description > [no object/datatype]
10/03/2026 10:55:06 -- 		 min: 1 (min found at subject)
10/03/2026 10:55:06 -- 		 max: 3 (max found at subject)
10/03/2026 10:55:06 -- 		 shacl-min: 1
10/03/2026 10:55:06 -- http://example.com/shapes/35592b3a-05c3-44a3-8717-2e80719eccaa ~ https://data.vlaanderen.be/id/concept/BesluitType/f276bc3b-2d79-4c55-81b8-092e05619676
10/03/2026 10:55:06 -- 	N0e7a196f3a124c6b8a43ee7d15867300 | http://data.europa.eu/eli/ontology#passed_by > http://data.vlaanderen.be/ns/besluit#Bestuursorgaan
10/03/2026 10:55:06 -- 		 min: 1 (min found at subject)
10/03/2026 10:55:06 -- 		 max: 1 (max found at subject)
10/03/2026 10:55:06 -- 		 shacl-min: 1
10/03/2026 10:55:06 -- 		 shacl-max: 1
10/03/2026 10:55:06 -- 	Nf7c45b84c2ae470c919103ca6ab6de78 | http://lblod.data.gift/vocabularies/besluit/authenticityType > http://www.w3.org/2004/02/skos/core#Concept
10/03/2026 10:55:06 -- 		 min: 1 (min found at subject)
10/03/2026 10:55:06 -- 		 max: 1 (max found at subject)
10/03/2026 10:55:06 -- 		 shacl-min: 1
10/03/2026 10:55:06 -- 		 shacl-max: 1
10/03/2026 10:55:06 -- 	N19dd982841d843f4a05920bbff4ea3b1 | http://mu.semte.ch/vocabularies/core/uuid > [no object/datatype]
10/03/2026 10:55:06 -- 		 min: 1 (min found at subject)
10/03/2026 10:55:06 -- 		 max: 1 (max found at subject)
10/03/2026 10:55:06 -- 		 shacl-min: 1
10/03/2026 10:55:06 -- 		 shacl-max: 1
10/03/2026 10:55:06 -- 	N83610cc950b444d290d38ff8153001d6 | http://www.w3.org/ns/prov#wasDerivedFrom > [no object/datatype]
10/03/2026 10:55:06 -- 		 min: 2 (min found at subject)
10/03/2026 10:55:06 -- 		 max: 2 (max found at subject)
10/03/2026 10:55:06 -- 		 shacl-min: 2
10/03/2026 10:55:06 -- 	N609691f76375478bbf79ef81923c3c6c | http://data.europa.eu/eli/ontology#language > http://www.w3.org/2004/02/skos/core#Concept
10/03/2026 10:55:06 -- 		 min: 1 (min found at subject)
10/03/2026 10:55:06 -- 		 max: 1 (max found at subject)
10/03/2026 10:55:06 -- 		 shacl-min: 1
10/03/2026 10:55:06 -- 		 shacl-max: 1
10/03/2026 10:55:06 -- 	N8e0c871eec8e4928a92b8735a3166f74 | http://data.vlaanderen.be/ns/besluit#motivering > [no object/datatype]
10/03/2026 10:55:06 -- 		 min: 2 (min found at subject)
10/03/2026 10:55:06 -- 		 max: 2 (max found at subject)
10/03/2026 10:55:06 -- 		 shacl-min: 2
10/03/2026 10:55:06 -- 	N6e225fab3a8f4c57921c9acd5f2014cf | http://data.europa.eu/eli/ontology#date_publication > [no object/datatype]
10/03/2026 10:55:06 -- 		 min: 1 (min found at subject)
10/03/2026 10:55:06 -- 		 max: 1 (max found at subject)
10/03/2026 10:55:06 -- 		 shacl-min: 1
10/03/2026 10:55:06 -- 		 shacl-max: 1
10/03/2026 10:55:06 -- 	Nb0e083e806c74add840ef9817e12752c | http://www.w3.org/ns/prov#wasGeneratedBy > http://data.vlaanderen.be/ns/besluit#BehandelingVanAgendapunt
10/03/2026 10:55:06 -- 		 min: 1 (min found at subject)
10/03/2026 10:55:06 -- 		 max: 1 (max found at subject)
10/03/2026 10:55:06 -- 		 shacl-min: 1
10/03/2026 10:55:06 -- 		 shacl-max: 1
10/03/2026 10:55:06 -- 	Ndf2afd86eade468187b90e5b886b1077 | http://lblod.data.gift/vocabularies/besluit/extractedDecisionContent > [no object/datatype]
10/03/2026 10:55:06 -- 		 min: 40 (min found at subject)
10/03/2026 10:55:06 -- 		 max: 114 (max found at subject)
10/03/2026 10:55:06 -- 		 shacl-min: 1
10/03/2026 10:55:06 -- 	Nc6c1150443ce4391ada2ce68708ab4f3 | http://data.europa.eu/eli/ontology#description > [no object/datatype]
10/03/2026 10:55:06 -- 		 min: 1 (min found at subject)
10/03/2026 10:55:06 -- 		 max: 1 (max found at subject)
10/03/2026 10:55:06 -- 		 shacl-min: 1
10/03/2026 10:55:06 -- 		 shacl-max: 1
10/03/2026 10:55:06 -- 	N96e30238236c4da1bc024dd36932ebe0 | http://data.europa.eu/eli/ontology#has_part > http://data.vlaanderen.be/ns/besluit#Artikel
10/03/2026 10:55:06 -- 		 min: 1 (min found at subject)
10/03/2026 10:55:06 -- 		 max: 3 (max found at subject)
10/03/2026 10:55:06 -- 		 shacl-min: 1
10/03/2026 10:55:06 -- 	N0d8e60e8d2e441c3bde9654950b913a3 | http://data.europa.eu/eli/ontology#related_to > http://xmlns.com/foaf/0.1/Document
10/03/2026 10:55:06 -- 		 min: 1 (min found at subject)
10/03/2026 10:55:06 -- 		 max: 4 (max found at subject)
10/03/2026 10:55:06 -- 		 shacl-min: 1
10/03/2026 10:55:06 -- 	N7696d33fcf9944388d80a4096fb075ca | http://www.w3.org/ns/prov#value > [no object/datatype]
10/03/2026 10:55:06 -- 		 min: 2 (min found at subject)
10/03/2026 10:55:06 -- 		 max: 6 (max found at subject)
10/03/2026 10:55:06 -- 		 shacl-min: 1
10/03/2026 10:55:06 -- 	N6302782d145e4af7a3856da01cea34ec | http://data.europa.eu/eli/ontology#title_short > [no object/datatype]
10/03/2026 10:55:06 -- 		 min: 1 (min found at subject)
10/03/2026 10:55:06 -- 		 max: 1 (max found at subject)
10/03/2026 10:55:06 -- 		 shacl-min: 1
10/03/2026 10:55:06 -- 		 shacl-max: 1
10/03/2026 10:55:06 -- 	N55aeaa2d45c942c5a807c39bd6a97168 | http://data.europa.eu/eli/ontology#title > [no object/datatype]
10/03/2026 10:55:06 -- 		 min: 1 (min found at subject)
10/03/2026 10:55:06 -- 		 max: 1 (max found at subject)
10/03/2026 10:55:06 -- 		 shacl-min: 1
10/03/2026 10:55:06 -- 		 shacl-max: 1
10/03/2026 10:55:06 -- http://example.com/shapes/605d5c43-ed99-4e8e-bee9-e0f984f84fc3 ~ https://data.vlaanderen.be/id/concept/BesluitType/f56c645d-b8e1-4066-813d-e213f5bc529f
10/03/2026 10:55:06 -- 	N7865b9abf0874c5faac304cef8788ca6 | http://data.europa.eu/eli/ontology#passed_by > http://data.vlaanderen.be/ns/besluit#Bestuursorgaan
10/03/2026 10:55:06 -- 		 min: 0 (min found at subject)
10/03/2026 10:55:06 -- 		 max: 1 (max found at subject)
10/03/2026 10:55:06 -- 		 shacl-max: 1
10/03/2026 10:55:06 -- 	Na2138eab8a284ae8bc249d421301300f | http://mu.semte.ch/vocabularies/core/uuid > [no object/datatype]
10/03/2026 10:55:06 -- 		 min: 1 (min found at subject)
10/03/2026 10:55:06 -- 		 max: 1 (max found at subject)
10/03/2026 10:55:06 -- 		 shacl-min: 1
10/03/2026 10:55:06 -- 		 shacl-max: 1
10/03/2026 10:55:06 -- 	N612e692140384d2aaab4ffcae4fe8cb6 | http://www.w3.org/ns/prov#wasGeneratedBy > http://data.vlaanderen.be/ns/besluit#BehandelingVanAgendapunt
10/03/2026 10:55:06 -- 		 min: 0 (min found at subject)
10/03/2026 10:55:06 -- 		 max: 1 (max found at subject)
10/03/2026 10:55:06 -- 		 shacl-max: 1
10/03/2026 10:55:06 -- 	N991124b35e2647efb75510824e893aeb | http://data.vlaanderen.be/ns/besluit#motivering > [no object/datatype]
10/03/2026 10:55:06 -- 		 min: 0 (min found at subject)
10/03/2026 10:55:06 -- 		 max: 3 (max found at subject)
10/03/2026 10:55:06 -- 	N20e18fe47783482d85fb3cad9ad763d5 | http://data.europa.eu/eli/ontology#related_to > http://xmlns.com/foaf/0.1/Document
10/03/2026 10:55:06 -- 		 min: 0 (min found at subject)
10/03/2026 10:55:06 -- 		 max: 15 (max found at subject)
10/03/2026 10:55:06 -- 	Neeae03845da747589f5ffa9cc3acdfc3 | http://data.europa.eu/eli/ontology#has_part > http://data.vlaanderen.be/ns/besluit#Artikel
10/03/2026 10:55:06 -- 		 min: 0 (min found at subject)
10/03/2026 10:55:06 -- 		 max: 5 (max found at subject)
10/03/2026 10:55:06 -- 	N49ba96ec6752412ca2e39fd7dddfef4b | http://lblod.data.gift/vocabularies/besluit/extractedDecisionContent > [no object/datatype]
10/03/2026 10:55:06 -- 		 min: 0 (min found at subject)
10/03/2026 10:55:06 -- 		 max: 220 (max found at subject)
10/03/2026 10:55:06 -- 	Na5a814d8545b4b32a76afb5d44c9190e | http://data.europa.eu/eli/ontology#first_date_entry_in_force > [no object/datatype]
10/03/2026 10:55:06 -- 		 min: 0 (min found at subject)
10/03/2026 10:55:06 -- 		 max: 3 (max found at subject)
10/03/2026 10:55:06 -- 	N410a7e07963a440aa2ddbb12f3a7b45e | http://data.europa.eu/eli/ontology#date_publication > [no object/datatype]
10/03/2026 10:55:06 -- 		 min: 1 (min found at subject)
10/03/2026 10:55:06 -- 		 max: 3 (max found at subject)
10/03/2026 10:55:06 -- 		 shacl-min: 1
10/03/2026 10:55:06 -- 	Na9607778bb4c4071bf5073515645be94 | http://data.vlaanderen.be/ns/besluit#citeeropschrift > [no object/datatype]
10/03/2026 10:55:06 -- 		 min: 0 (min found at subject)
10/03/2026 10:55:06 -- 		 max: 1 (max found at subject)
10/03/2026 10:55:06 -- 		 shacl-max: 1
10/03/2026 10:55:06 -- 	N6501c4c4d200419ab4c38b60e48ce50c | http://data.europa.eu/eli/ontology#language > http://www.w3.org/2004/02/skos/core#Concept
10/03/2026 10:55:06 -- 		 min: 0 (min found at subject)
10/03/2026 10:55:06 -- 		 max: 1 (max found at subject)
10/03/2026 10:55:06 -- 		 shacl-max: 1
10/03/2026 10:55:06 -- 	N9ac16ca823fc4bf984dd7231f1f38615 | http://www.w3.org/ns/prov#wasDerivedFrom > http://data.vlaanderen.be/ns/mandaat#Mandataris
10/03/2026 10:55:06 -- 		 min: 0 (min found at subject)
10/03/2026 10:55:06 -- 		 max: 3 (max found at subject)
10/03/2026 10:55:06 -- 	N9aef1d695e3d4c168ffd8872f248e4c9 | http://www.w3.org/ns/prov#wasDerivedFrom > http://xmlns.com/foaf/0.1/Document
10/03/2026 10:55:06 -- 		 min: 0 (min found at subject)
10/03/2026 10:55:06 -- 		 max: 3 (max found at subject)
10/03/2026 10:55:06 -- 	N43864ad2501e422b8f7bf795d777e8f9 | http://www.w3.org/ns/prov#wasDerivedFrom > https://data.vlaanderen.be/id/concept/BesluitDocumentType/13fefad6-a9d6-4025-83b5-e4cbee3a8965
10/03/2026 10:55:06 -- 		 min: 0 (min found at subject)
10/03/2026 10:55:06 -- 		 max: 1 (max found at subject)
10/03/2026 10:55:06 -- 		 shacl-max: 1
10/03/2026 10:55:06 -- 	Nf9c248e4ec64431b9ab02d8b1d87aff4 | http://www.w3.org/ns/prov#wasDerivedFrom > https://data.vlaanderen.be/id/concept/BesluitDocumentType/3fa67785-ffdc-4b30-8880-2b99d97b4dee
10/03/2026 10:55:06 -- 		 min: 0 (min found at subject)
10/03/2026 10:55:06 -- 		 max: 1 (max found at subject)
10/03/2026 10:55:06 -- 		 shacl-max: 1
10/03/2026 10:55:06 -- 	N1e5f026783d54b48a5b29ab299632af6 | http://www.w3.org/ns/prov#wasDerivedFrom > https://data.vlaanderen.be/id/concept/BesluitDocumentType/8e791b27-7600-4577-b24e-c7c29e0eb773
10/03/2026 10:55:06 -- 		 min: 0 (min found at subject)
10/03/2026 10:55:06 -- 		 max: 1 (max found at subject)
10/03/2026 10:55:06 -- 		 shacl-max: 1
10/03/2026 10:55:06 -- 	Ncd928d031d2549f384c9924944d1ad31 | http://data.europa.eu/eli/ontology#description > [no object/datatype]
10/03/2026 10:55:06 -- 		 min: 0 (min found at subject)
10/03/2026 10:55:06 -- 		 max: 3 (max found at subject)
10/03/2026 10:55:06 -- 	N5f54aa0191cc4e6c8e2ef8e56b2b1c13 | http://data.europa.eu/eli/ontology#title_short > [no object/datatype]
10/03/2026 10:55:06 -- 		 min: 0 (min found at subject)
10/03/2026 10:55:06 -- 		 max: 1 (max found at subject)
10/03/2026 10:55:06 -- 		 shacl-max: 1
10/03/2026 10:55:06 -- 	Nb564e5e69f7b4c12ba9488b555888fad | http://data.europa.eu/eli/ontology#title > [no object/datatype]
10/03/2026 10:55:06 -- 		 min: 0 (min found at subject)
10/03/2026 10:55:06 -- 		 max: 1 (max found at subject)
10/03/2026 10:55:06 -- 		 shacl-max: 1
10/03/2026 10:55:06 -- 	Nafe2b6c123f64c78bf8e3ba06cd3b0b9 | http://data.europa.eu/eli/ontology#date_no_longer_in_force > [no object/datatype]
10/03/2026 10:55:06 -- 		 min: 0 (min found at subject)
10/03/2026 10:55:06 -- 		 max: 1 (max found at subject)
10/03/2026 10:55:06 -- 		 shacl-max: 1
10/03/2026 10:55:06 -- 	N5dd523ebcde549c39134f9f326cc3545 | http://www.w3.org/ns/prov#value > [no object/datatype]
10/03/2026 10:55:06 -- 		 min: 0 (min found at subject)
10/03/2026 10:55:06 -- 		 max: 10 (max found at subject)
10/03/2026 10:55:06 -- 	N66361fc42939471fb11654add85cea36 | http://lblod.data.gift/vocabularies/besluit/authenticityType > http://www.w3.org/2004/02/skos/core#Concept
10/03/2026 10:55:06 -- 		 min: 0 (min found at subject)
10/03/2026 10:55:06 -- 		 max: 1 (max found at subject)
10/03/2026 10:55:06 -- 		 shacl-max: 1
10/03/2026 10:55:06 -- http://example.com/shapes/d5160f9d-583e-4e59-bc2e-ed22d8f8cb4a ~ https://data.vlaanderen.be/id/concept/BesluitType/f8c070bd-96e4-43a1-8c6e-532bcd771251
10/03/2026 10:55:06 -- 	N8927d9a1b7b14c4c803b03bfba506135 | http://data.europa.eu/eli/ontology#has_part > http://data.vlaanderen.be/ns/besluit#Artikel
10/03/2026 10:55:06 -- 		 min: 6 (min found at subject)
10/03/2026 10:55:06 -- 		 max: 6 (max found at subject)
10/03/2026 10:55:06 -- 		 shacl-min: 6
10/03/2026 10:55:06 -- 	N442200653604479e94f5fc93b2f63e8e | http://data.europa.eu/eli/ontology#passed_by > http://data.vlaanderen.be/ns/besluit#Bestuursorgaan
10/03/2026 10:55:06 -- 		 min: 1 (min found at subject)
10/03/2026 10:55:06 -- 		 max: 1 (max found at subject)
10/03/2026 10:55:06 -- 		 shacl-min: 1
10/03/2026 10:55:06 -- 		 shacl-max: 1
10/03/2026 10:55:06 -- 	N45097f214ff4434a9f6e0a6dc01c37fb | http://www.w3.org/ns/prov#wasGeneratedBy > http://data.vlaanderen.be/ns/besluit#BehandelingVanAgendapunt
10/03/2026 10:55:06 -- 		 min: 1 (min found at subject)
10/03/2026 10:55:06 -- 		 max: 1 (max found at subject)
10/03/2026 10:55:06 -- 		 shacl-min: 1
10/03/2026 10:55:06 -- 		 shacl-max: 1
10/03/2026 10:55:06 -- 	N176525da95f948afaa796ba694bfad74 | http://data.europa.eu/eli/ontology#cites > [no object/datatype]
10/03/2026 10:55:06 -- 		 min: 1 (min found at subject)
10/03/2026 10:55:06 -- 		 max: 1 (max found at subject)
10/03/2026 10:55:06 -- 		 shacl-min: 1
10/03/2026 10:55:06 -- 		 shacl-max: 1
10/03/2026 10:55:06 -- 	N6a30ffb765de4f3db242f00e243b2e65 | http://www.w3.org/ns/prov#value > [no object/datatype]
10/03/2026 10:55:06 -- 		 min: 8 (min found at subject)
10/03/2026 10:55:06 -- 		 max: 8 (max found at subject)
10/03/2026 10:55:06 -- 		 shacl-min: 8
10/03/2026 10:55:06 -- 	N31228ab879d14f89b337ff7293beb07d | http://data.vlaanderen.be/ns/besluit#motivering > [no object/datatype]
10/03/2026 10:55:06 -- 		 min: 2 (min found at subject)
10/03/2026 10:55:06 -- 		 max: 2 (max found at subject)
10/03/2026 10:55:06 -- 		 shacl-min: 2
10/03/2026 10:55:06 -- 	Neec69eba7d3d4183b743b356744d5765 | http://lblod.data.gift/vocabularies/besluit/extractedDecisionContent > [no object/datatype]
10/03/2026 10:55:06 -- 		 min: 12 (min found at subject)
10/03/2026 10:55:06 -- 		 max: 12 (max found at subject)
10/03/2026 10:55:06 -- 		 shacl-min: 12
10/03/2026 10:55:06 -- 	Ncf2fb1e3707d4c6c86f4ed5878ea2683 | http://data.europa.eu/eli/ontology#language > http://www.w3.org/2004/02/skos/core#Concept
10/03/2026 10:55:06 -- 		 min: 1 (min found at subject)
10/03/2026 10:55:06 -- 		 max: 1 (max found at subject)
10/03/2026 10:55:06 -- 		 shacl-min: 1
10/03/2026 10:55:06 -- 		 shacl-max: 1
10/03/2026 10:55:06 -- 	Ncfdbc168b45047ff8d26e36745cc88e9 | http://mu.semte.ch/vocabularies/core/uuid > [no object/datatype]
10/03/2026 10:55:06 -- 		 min: 1 (min found at subject)
10/03/2026 10:55:06 -- 		 max: 1 (max found at subject)
10/03/2026 10:55:06 -- 		 shacl-min: 1
10/03/2026 10:55:06 -- 		 shacl-max: 1
10/03/2026 10:55:06 -- 	N96207341ff034c28ac58c04f1b936e07 | http://data.europa.eu/eli/ontology#date_publication > [no object/datatype]
10/03/2026 10:55:06 -- 		 min: 2 (min found at subject)
10/03/2026 10:55:06 -- 		 max: 2 (max found at subject)
10/03/2026 10:55:06 -- 		 shacl-min: 2
10/03/2026 10:55:06 -- 	N0250ea263653429fad48d7ca0a548263 | http://data.europa.eu/eli/ontology#title_short > [no object/datatype]
10/03/2026 10:55:06 -- 		 min: 1 (min found at subject)
10/03/2026 10:55:06 -- 		 max: 1 (max found at subject)
10/03/2026 10:55:06 -- 		 shacl-min: 1
10/03/2026 10:55:06 -- 		 shacl-max: 1
10/03/2026 10:55:06 -- 	N0e862a26c88744e9bccafe0ca1971000 | http://data.europa.eu/eli/ontology#description > [no object/datatype]
10/03/2026 10:55:06 -- 		 min: 1 (min found at subject)
10/03/2026 10:55:06 -- 		 max: 1 (max found at subject)
10/03/2026 10:55:06 -- 		 shacl-min: 1
10/03/2026 10:55:06 -- 		 shacl-max: 1
10/03/2026 10:55:06 -- 	Nbf010452bfa849a5a74a29c1fa037c2f | http://lblod.data.gift/vocabularies/besluit/authenticityType > http://www.w3.org/2004/02/skos/core#Concept
10/03/2026 10:55:06 -- 		 min: 1 (min found at subject)
10/03/2026 10:55:06 -- 		 max: 1 (max found at subject)
10/03/2026 10:55:06 -- 		 shacl-min: 1
10/03/2026 10:55:06 -- 		 shacl-max: 1
10/03/2026 10:55:06 -- 	Nd998219d2e91488fb76cf23877213083 | http://data.vlaanderen.be/ns/besluit#citeeropschrift > [no object/datatype]
10/03/2026 10:55:06 -- 		 min: 1 (min found at subject)
10/03/2026 10:55:06 -- 		 max: 1 (max found at subject)
10/03/2026 10:55:06 -- 		 shacl-min: 1
10/03/2026 10:55:06 -- 		 shacl-max: 1
10/03/2026 10:55:06 -- 	Nfa5049ea1723450c8e25b06151a38953 | http://www.w3.org/ns/prov#wasDerivedFrom > [no object/datatype]
10/03/2026 10:55:06 -- 		 min: 2 (min found at subject)
10/03/2026 10:55:06 -- 		 max: 2 (max found at subject)
10/03/2026 10:55:06 -- 		 shacl-min: 2
10/03/2026 10:55:06 -- 	N20f5cfa31a3447f9ad94f3224964bad3 | http://data.europa.eu/eli/ontology#related_to > http://xmlns.com/foaf/0.1/Document
10/03/2026 10:55:06 -- 		 min: 2 (min found at subject)
10/03/2026 10:55:06 -- 		 max: 2 (max found at subject)
10/03/2026 10:55:06 -- 		 shacl-min: 2
10/03/2026 10:55:06 -- 	N73de2830181b43a482d321d6a896813d | http://data.europa.eu/eli/ontology#title > [no object/datatype]
10/03/2026 10:55:06 -- 		 min: 1 (min found at subject)
10/03/2026 10:55:06 -- 		 max: 1 (max found at subject)
10/03/2026 10:55:06 -- 		 shacl-min: 1
10/03/2026 10:55:06 -- 		 shacl-max: 1
10/03/2026 10:55:06 -- http://example.com/shapes/13bfe775-816d-4e4a-8b7b-5cbc43ece58b ~ https://data.vlaanderen.be/id/concept/BesluitType/fb21d14b-734b-48f4-bd4e-888163fd08e8
10/03/2026 10:55:06 -- 	N75fe12e1a0014a888884cfc9a6832a65 | http://data.europa.eu/eli/ontology#cites > [no object/datatype]
10/03/2026 10:55:06 -- 		 min: 0 (min found at subject)
10/03/2026 10:55:06 -- 		 max: 1 (max found at subject)
10/03/2026 10:55:06 -- 		 shacl-max: 1
10/03/2026 10:55:06 -- 	Ndee148d790d44923bbb62ac759e1e6b6 | http://data.europa.eu/eli/ontology#first_date_entry_in_force > [no object/datatype]
10/03/2026 10:55:06 -- 		 min: 0 (min found at subject)
10/03/2026 10:55:06 -- 		 max: 3 (max found at subject)
10/03/2026 10:55:06 -- 	Nc02da8faef85411a93a9435126dadbae | http://data.europa.eu/eli/ontology#title > [no object/datatype]
10/03/2026 10:55:06 -- 		 min: 1 (min found at subject)
10/03/2026 10:55:06 -- 		 max: 2 (max found at subject)
10/03/2026 10:55:06 -- 		 shacl-min: 1
10/03/2026 10:55:06 -- 	N99a5bc273a554f4d96500e96308b799a | http://lblod.data.gift/vocabularies/besluit/extractedDecisionContent > [no object/datatype]
10/03/2026 10:55:06 -- 		 min: 1 (min found at subject)
10/03/2026 10:55:06 -- 		 max: 276 (max found at subject)
10/03/2026 10:55:06 -- 		 shacl-min: 1
10/03/2026 10:55:06 -- 	N480aa93c8c5f40328f56aa9f01b80988 | http://data.europa.eu/eli/ontology#passed_by > http://data.vlaanderen.be/ns/besluit#Bestuursorgaan
10/03/2026 10:55:06 -- 		 min: 1 (min found at subject)
10/03/2026 10:55:06 -- 		 max: 1 (max found at subject)
10/03/2026 10:55:06 -- 		 shacl-min: 1
10/03/2026 10:55:06 -- 		 shacl-max: 1
10/03/2026 10:55:06 -- 	N1f6ed7a75b5c493eb0ed9e9461f505d1 | http://www.w3.org/ns/prov#value > [no object/datatype]
10/03/2026 10:55:06 -- 		 min: 1 (min found at subject)
10/03/2026 10:55:06 -- 		 max: 12 (max found at subject)
10/03/2026 10:55:06 -- 		 shacl-min: 1
10/03/2026 10:55:06 -- 	N649dfe819c534cb0a20a71c3c31474c1 | http://data.europa.eu/eli/ontology#date_publication > [no object/datatype]
10/03/2026 10:55:06 -- 		 min: 1 (min found at subject)
10/03/2026 10:55:06 -- 		 max: 3 (max found at subject)
10/03/2026 10:55:06 -- 		 shacl-min: 1
10/03/2026 10:55:06 -- 	N27389c8c0cf143d0997491a772a0e122 | http://www.w3.org/ns/prov#wasDerivedFrom > http://data.vlaanderen.be/ns/mandaat#Mandataris
10/03/2026 10:55:06 -- 		 min: 0 (min found at subject)
10/03/2026 10:55:06 -- 		 max: 3 (max found at subject)
10/03/2026 10:55:06 -- 	Nb8412cc0adf14f85b6ac76cb42f70e86 | http://www.w3.org/ns/prov#wasDerivedFrom > http://xmlns.com/foaf/0.1/Document
10/03/2026 10:55:06 -- 		 min: 0 (min found at subject)
10/03/2026 10:55:06 -- 		 max: 3 (max found at subject)
10/03/2026 10:55:06 -- 	N009c0f124d1b42d0aaac7fd55a356d2b | http://www.w3.org/ns/prov#wasDerivedFrom > https://data.vlaanderen.be/id/concept/BesluitDocumentType/13fefad6-a9d6-4025-83b5-e4cbee3a8965
10/03/2026 10:55:06 -- 		 min: 0 (min found at subject)
10/03/2026 10:55:06 -- 		 max: 1 (max found at subject)
10/03/2026 10:55:06 -- 		 shacl-max: 1
10/03/2026 10:55:06 -- 	Ne43a41242f81429bb73910c963fcd158 | http://www.w3.org/ns/prov#wasDerivedFrom > https://data.vlaanderen.be/id/concept/BesluitDocumentType/3fa67785-ffdc-4b30-8880-2b99d97b4dee
10/03/2026 10:55:06 -- 		 min: 0 (min found at subject)
10/03/2026 10:55:06 -- 		 max: 1 (max found at subject)
10/03/2026 10:55:06 -- 		 shacl-max: 1
10/03/2026 10:55:06 -- 	N690e907c38824da2b960821de497c4a1 | http://www.w3.org/ns/prov#wasDerivedFrom > https://data.vlaanderen.be/id/concept/BesluitDocumentType/8e791b27-7600-4577-b24e-c7c29e0eb773
10/03/2026 10:55:06 -- 		 min: 0 (min found at subject)
10/03/2026 10:55:06 -- 		 max: 1 (max found at subject)
10/03/2026 10:55:06 -- 		 shacl-max: 1
10/03/2026 10:55:06 -- 	N9ba374881a2846daa92f53f91e235c72 | http://data.vlaanderen.be/ns/besluit#motivering > [no object/datatype]
10/03/2026 10:55:06 -- 		 min: 0 (min found at subject)
10/03/2026 10:55:06 -- 		 max: 3 (max found at subject)
10/03/2026 10:55:06 -- 	Ne99a8d428100479484051b055d85d1e9 | http://data.europa.eu/eli/ontology#language > http://www.w3.org/2004/02/skos/core#Concept
10/03/2026 10:55:06 -- 		 min: 1 (min found at subject)
10/03/2026 10:55:06 -- 		 max: 1 (max found at subject)
10/03/2026 10:55:06 -- 		 shacl-min: 1
10/03/2026 10:55:06 -- 		 shacl-max: 1
10/03/2026 10:55:06 -- 	N7170088ef72f47329c33fb43b74f8d7f | http://mu.semte.ch/vocabularies/core/uuid > [no object/datatype]
10/03/2026 10:55:06 -- 		 min: 1 (min found at subject)
10/03/2026 10:55:06 -- 		 max: 1 (max found at subject)
10/03/2026 10:55:06 -- 		 shacl-min: 1
10/03/2026 10:55:06 -- 		 shacl-max: 1
10/03/2026 10:55:06 -- 	N7d95c678ba984e31bc7a914c93f2f33c | http://data.europa.eu/eli/ontology#description > [no object/datatype]
10/03/2026 10:55:06 -- 		 min: 1 (min found at subject)
10/03/2026 10:55:06 -- 		 max: 3 (max found at subject)
10/03/2026 10:55:06 -- 		 shacl-min: 1
10/03/2026 10:55:06 -- 	N1be5361a56cb48629437389d44916c31 | http://lblod.data.gift/vocabularies/besluit/authenticityType > http://www.w3.org/2004/02/skos/core#Concept
10/03/2026 10:55:06 -- 		 min: 0 (min found at subject)
10/03/2026 10:55:06 -- 		 max: 1 (max found at subject)
10/03/2026 10:55:06 -- 		 shacl-max: 1
10/03/2026 10:55:06 -- 	N3e4484c839d74f07bbec22629ce4256f | http://data.europa.eu/eli/ontology#related_to > http://xmlns.com/foaf/0.1/Document
10/03/2026 10:55:06 -- 		 min: 0 (min found at subject)
10/03/2026 10:55:06 -- 		 max: 3 (max found at subject)
10/03/2026 10:55:06 -- 	Nced6fc6951db402d8f914bc5792fd961 | http://www.w3.org/ns/prov#wasGeneratedBy > http://data.vlaanderen.be/ns/besluit#BehandelingVanAgendapunt
10/03/2026 10:55:06 -- 		 min: 1 (min found at subject)
10/03/2026 10:55:06 -- 		 max: 1 (max found at subject)
10/03/2026 10:55:06 -- 		 shacl-min: 1
10/03/2026 10:55:06 -- 		 shacl-max: 1
10/03/2026 10:55:06 -- 	N51c767c360054b3fbbf2326f5d863f42 | http://data.europa.eu/eli/ontology#title_short > [no object/datatype]
10/03/2026 10:55:06 -- 		 min: 0 (min found at subject)
10/03/2026 10:55:06 -- 		 max: 2 (max found at subject)
10/03/2026 10:55:06 -- 	N2650aa4015294e349ef897f125b4ac5e | http://data.europa.eu/eli/ontology#has_part > http://data.vlaanderen.be/ns/besluit#Artikel
10/03/2026 10:55:06 -- 		 min: 0 (min found at subject)
10/03/2026 10:55:06 -- 		 max: 6 (max found at subject)
10/03/2026 10:55:06 -- http://example.com/shapes/ccbc8b8a-71d9-4f82-afca-be62bba010dc ~ https://data.vlaanderen.be/id/concept/BesluitType/fb92601a-d189-4482-9922-ab0efc6bc935
10/03/2026 10:55:06 -- 	N42b00965d1b148339d71bfb1a8cbdc81 | http://www.w3.org/ns/prov#wasDerivedFrom > http://data.vlaanderen.be/ns/besluit#Bestuurseenheid
10/03/2026 10:55:06 -- 		 min: 0 (min found at subject)
10/03/2026 10:55:06 -- 		 max: 1 (max found at subject)
10/03/2026 10:55:06 -- 		 shacl-max: 1
10/03/2026 10:55:06 -- 	N66bd340169bc4eec83c5ecce1c2cff03 | http://www.w3.org/ns/prov#wasDerivedFrom > http://data.vlaanderen.be/ns/besluit#Bestuursorgaan
10/03/2026 10:55:06 -- 		 min: 0 (min found at subject)
10/03/2026 10:55:06 -- 		 max: 1 (max found at subject)
10/03/2026 10:55:06 -- 		 shacl-max: 1
10/03/2026 10:55:06 -- 	N67f4bf5ceb4f42168395caaf959c41f1 | http://www.w3.org/ns/prov#wasDerivedFrom > http://data.vlaanderen.be/ns/mandaat#Mandataris
10/03/2026 10:55:06 -- 		 min: 0 (min found at subject)
10/03/2026 10:55:06 -- 		 max: 3 (max found at subject)
10/03/2026 10:55:06 -- 	N288da89179974fd7891243fb1dbc5475 | http://www.w3.org/ns/prov#wasDerivedFrom > http://xmlns.com/foaf/0.1/Document
10/03/2026 10:55:06 -- 		 min: 0 (min found at subject)
10/03/2026 10:55:06 -- 		 max: 3 (max found at subject)
10/03/2026 10:55:06 -- 	N5dca70e23465472eaa48a2d8217dc899 | http://www.w3.org/ns/prov#wasDerivedFrom > https://data.vlaanderen.be/id/concept/BesluitDocumentType/13fefad6-a9d6-4025-83b5-e4cbee3a8965
10/03/2026 10:55:06 -- 		 min: 0 (min found at subject)
10/03/2026 10:55:06 -- 		 max: 1 (max found at subject)
10/03/2026 10:55:06 -- 		 shacl-max: 1
10/03/2026 10:55:06 -- 	N56134417c0e0460e953904d18f673780 | http://www.w3.org/ns/prov#wasDerivedFrom > https://data.vlaanderen.be/id/concept/BesluitDocumentType/3fa67785-ffdc-4b30-8880-2b99d97b4dee
10/03/2026 10:55:06 -- 		 min: 0 (min found at subject)
10/03/2026 10:55:06 -- 		 max: 1 (max found at subject)
10/03/2026 10:55:06 -- 		 shacl-max: 1
10/03/2026 10:55:06 -- 	Nf8afc8d76c204381ac3787847fa0b1fe | http://www.w3.org/ns/prov#wasDerivedFrom > https://data.vlaanderen.be/id/concept/BesluitDocumentType/8e791b27-7600-4577-b24e-c7c29e0eb773
10/03/2026 10:55:06 -- 		 min: 0 (min found at subject)
10/03/2026 10:55:06 -- 		 max: 1 (max found at subject)
10/03/2026 10:55:06 -- 		 shacl-max: 1
10/03/2026 10:55:06 -- 	N2cc3401dfb254c478af91182b852c4cb | http://mu.semte.ch/vocabularies/core/uuid > [no object/datatype]
10/03/2026 10:55:06 -- 		 min: 1 (min found at subject)
10/03/2026 10:55:06 -- 		 max: 1 (max found at subject)
10/03/2026 10:55:06 -- 		 shacl-min: 1
10/03/2026 10:55:06 -- 		 shacl-max: 1
10/03/2026 10:55:06 -- 	N20fcbf30566f4916aec04f49efd91003 | http://data.europa.eu/eli/ontology#date_no_longer_in_force > [no object/datatype]
10/03/2026 10:55:06 -- 		 min: 0 (min found at subject)
10/03/2026 10:55:06 -- 		 max: 1 (max found at subject)
10/03/2026 10:55:06 -- 		 shacl-max: 1
10/03/2026 10:55:06 -- 	Na107969867364adfb0131710ed426ca0 | http://data.europa.eu/eli/ontology#cites > [no object/datatype]
10/03/2026 10:55:06 -- 		 min: 0 (min found at subject)
10/03/2026 10:55:06 -- 		 max: 1 (max found at subject)
10/03/2026 10:55:06 -- 		 shacl-max: 1
10/03/2026 10:55:06 -- 	N61731fc31b244d69b31cd924f4c19f84 | http://data.vlaanderen.be/ns/besluit#citeeropschrift > [no object/datatype]
10/03/2026 10:55:06 -- 		 min: 0 (min found at subject)
10/03/2026 10:55:06 -- 		 max: 1 (max found at subject)
10/03/2026 10:55:06 -- 		 shacl-max: 1
10/03/2026 10:55:06 -- 	Nd4c37b09df0a4580a5f17856e766fd77 | http://data.europa.eu/eli/ontology#description > [no object/datatype]
10/03/2026 10:55:06 -- 		 min: 1 (min found at subject)
10/03/2026 10:55:06 -- 		 max: 4 (max found at subject)
10/03/2026 10:55:06 -- 		 shacl-min: 1
10/03/2026 10:55:06 -- 	N921c6b001ecb4dde8cf1f952b87175db | http://data.europa.eu/eli/ontology#language > http://www.w3.org/2004/02/skos/core#Concept
10/03/2026 10:55:06 -- 		 min: 1 (min found at subject)
10/03/2026 10:55:06 -- 		 max: 1 (max found at subject)
10/03/2026 10:55:06 -- 		 shacl-min: 1
10/03/2026 10:55:06 -- 		 shacl-max: 1
10/03/2026 10:55:06 -- 	N6808d89baab24372a4cbb8e33e4eea67 | http://lblod.data.gift/vocabularies/besluit/extractedDecisionContent > [no object/datatype]
10/03/2026 10:55:06 -- 		 min: 1 (min found at subject)
10/03/2026 10:55:06 -- 		 max: 141 (max found at subject)
10/03/2026 10:55:06 -- 		 shacl-min: 1
10/03/2026 10:55:06 -- 	N928414f07d5c4ba4a43a9a955012c918 | http://data.europa.eu/eli/ontology#related_to > http://xmlns.com/foaf/0.1/Document
10/03/2026 10:55:06 -- 		 min: 0 (min found at subject)
10/03/2026 10:55:06 -- 		 max: 8 (max found at subject)
10/03/2026 10:55:06 -- 	N0d4f925ec4f74559a8be38024403eb58 | http://data.europa.eu/eli/ontology#passed_by > http://data.vlaanderen.be/ns/besluit#Bestuurseenheid
10/03/2026 10:55:06 -- 		 min: 0 (min found at subject)
10/03/2026 10:55:06 -- 		 max: 1 (max found at subject)
10/03/2026 10:55:06 -- 		 shacl-max: 1
10/03/2026 10:55:06 -- 	Nae2b555360ca402e9846fd91bf033707 | http://data.europa.eu/eli/ontology#passed_by > http://data.vlaanderen.be/ns/besluit#Bestuursorgaan
10/03/2026 10:55:06 -- 		 min: 1 (min found at subject)
10/03/2026 10:55:06 -- 		 max: 2 (max found at subject)
10/03/2026 10:55:06 -- 		 shacl-min: 1
10/03/2026 10:55:06 -- 	Nd8b55de42f804196bc1ea29939cb9740 | http://data.europa.eu/eli/ontology#passed_by > http://data.vlaanderen.be/ns/mandaat#Mandataris
10/03/2026 10:55:06 -- 		 min: 0 (min found at subject)
10/03/2026 10:55:06 -- 		 max: 1 (max found at subject)
10/03/2026 10:55:06 -- 		 shacl-max: 1
10/03/2026 10:55:06 -- 	Nd532e1d5e92540ec92c23ebf0918481a | http://data.europa.eu/eli/ontology#passed_by > http://xmlns.com/foaf/0.1/Document
10/03/2026 10:55:06 -- 		 min: 0 (min found at subject)
10/03/2026 10:55:06 -- 		 max: 1 (max found at subject)
10/03/2026 10:55:06 -- 		 shacl-max: 1
10/03/2026 10:55:06 -- 	N5ff1f5d3e68746f8817cb2e53547080e | http://data.europa.eu/eli/ontology#passed_by > https://data.vlaanderen.be/id/concept/BesluitDocumentType/13fefad6-a9d6-4025-83b5-e4cbee3a8965
10/03/2026 10:55:06 -- 		 min: 0 (min found at subject)
10/03/2026 10:55:06 -- 		 max: 1 (max found at subject)
10/03/2026 10:55:06 -- 		 shacl-max: 1
10/03/2026 10:55:06 -- 	N1672399bafc34a7184c8429878ce6861 | http://data.vlaanderen.be/ns/besluit#motivering > [no object/datatype]
10/03/2026 10:55:06 -- 		 min: 0 (min found at subject)
10/03/2026 10:55:06 -- 		 max: 3 (max found at subject)
10/03/2026 10:55:06 -- 	Nc79db84f53ae492a9f96315794df1131 | http://data.europa.eu/eli/ontology#title > [no object/datatype]
10/03/2026 10:55:06 -- 		 min: 1 (min found at subject)
10/03/2026 10:55:06 -- 		 max: 1 (max found at subject)
10/03/2026 10:55:06 -- 		 shacl-min: 1
10/03/2026 10:55:06 -- 		 shacl-max: 1
10/03/2026 10:55:06 -- 	N83268375db6a41c5ac41519b484fddd2 | http://www.w3.org/ns/prov#wasGeneratedBy > http://data.vlaanderen.be/ns/besluit#BehandelingVanAgendapunt
10/03/2026 10:55:06 -- 		 min: 1 (min found at subject)
10/03/2026 10:55:06 -- 		 max: 1 (max found at subject)
10/03/2026 10:55:06 -- 		 shacl-min: 1
10/03/2026 10:55:06 -- 		 shacl-max: 1
10/03/2026 10:55:06 -- 	Ne75038d6db5b49d2865b8cde1c94c951 | http://www.w3.org/ns/prov#value > [no object/datatype]
10/03/2026 10:55:06 -- 		 min: 1 (min found at subject)
10/03/2026 10:55:06 -- 		 max: 8 (max found at subject)
10/03/2026 10:55:06 -- 		 shacl-min: 1
10/03/2026 10:55:06 -- 	N30624fd3653946a6853db58676b31226 | http://data.europa.eu/eli/ontology#title_short > [no object/datatype]
10/03/2026 10:55:06 -- 		 min: 0 (min found at subject)
10/03/2026 10:55:06 -- 		 max: 1 (max found at subject)
10/03/2026 10:55:06 -- 		 shacl-max: 1
10/03/2026 10:55:06 -- 	N6435db6bb3a64e539292cca8be6f53c5 | http://data.europa.eu/eli/ontology#date_publication > [no object/datatype]
10/03/2026 10:55:06 -- 		 min: 1 (min found at subject)
10/03/2026 10:55:06 -- 		 max: 3 (max found at subject)
10/03/2026 10:55:06 -- 		 shacl-min: 1
10/03/2026 10:55:06 -- 	N884a436b50704314a3b9ece75b90be7e | http://data.europa.eu/eli/ontology#has_part > http://data.vlaanderen.be/ns/besluit#Artikel
10/03/2026 10:55:06 -- 		 min: 0 (min found at subject)
10/03/2026 10:55:06 -- 		 max: 4 (max found at subject)
10/03/2026 10:55:06 -- 	N888a5f5e869b4eedbf75e02e9b2c88b6 | http://data.europa.eu/eli/ontology#first_date_entry_in_force > [no object/datatype]
10/03/2026 10:55:06 -- 		 min: 0 (min found at subject)
10/03/2026 10:55:06 -- 		 max: 3 (max found at subject)
10/03/2026 10:55:06 -- http://example.com/shapes/b3dacf71-d361-48dc-afd3-a00bc39a2915 ~ http://data.vlaanderen.be/ns/besluit#Zitting
10/03/2026 10:55:06 -- 	N46d7259ae7cc45d38f071d2d8158d8cb | http://mu.semte.ch/vocabularies/core/uuid > [no object/datatype]
10/03/2026 10:55:06 -- 		 min: 1 (min found at subject)
10/03/2026 10:55:06 -- 		 max: 1 (max found at subject)
10/03/2026 10:55:06 -- 		 shacl-min: 1
10/03/2026 10:55:06 -- 		 shacl-max: 1
10/03/2026 10:55:06 -- 	N4e7b1447ee304474a840240c8dce30c7 | http://purl.org/dc/terms/title > [no object/datatype]
10/03/2026 10:55:06 -- 		 min: 0 (min found at subject)
10/03/2026 10:55:06 -- 		 max: 3 (max found at subject)
10/03/2026 10:55:06 -- 	Nae2d100014734fed84b1abe76871064d | http://data.vlaanderen.be/ns/besluit#geplandOpenbaar > [no object/datatype]
10/03/2026 10:55:06 -- 		 min: 0 (min found at subject)
10/03/2026 10:55:06 -- 		 max: 1 (max found at subject)
10/03/2026 10:55:06 -- 		 shacl-max: 1
10/03/2026 10:55:06 -- 	N8a06752e8e7044aeb215561310e196bf | http://data.vlaanderen.be/ns/besluit#behandelt > http://data.vlaanderen.be/ns/besluit#Agendapunt
10/03/2026 10:55:07 -- 		 min: 0 (min found at subject)
10/03/2026 10:55:07 -- 		 max: 596 (max found at subject)
10/03/2026 10:55:07 -- 	N6ebd4ff20543446c8b51fa0bb76d9231 | http://data.vlaanderen.be/ns/besluit#heeftBesluitenlijst > http://data.vlaanderen.be/ns/besluit#Bestuurseenheid
10/03/2026 10:55:07 -- 		 min: 0 (min found at subject)
10/03/2026 10:55:07 -- 		 max: 1 (max found at subject)
10/03/2026 10:55:07 -- 		 shacl-max: 1
10/03/2026 10:55:07 -- 	Nda84b2694ac34877b726b4b13e3f1289 | http://data.vlaanderen.be/ns/besluit#heeftBesluitenlijst > http://data.vlaanderen.be/ns/besluit#Bestuursorgaan
10/03/2026 10:55:07 -- 		 min: 0 (min found at subject)
10/03/2026 10:55:07 -- 		 max: 1 (max found at subject)
10/03/2026 10:55:07 -- 		 shacl-max: 1
10/03/2026 10:55:07 -- 	N96ba414e44af447c9a7a623bedd26271 | http://data.vlaanderen.be/ns/besluit#heeftBesluitenlijst > http://data.vlaanderen.be/ns/mandaat#Mandataris
10/03/2026 10:55:07 -- 		 min: 0 (min found at subject)
10/03/2026 10:55:07 -- 		 max: 1 (max found at subject)
10/03/2026 10:55:07 -- 		 shacl-max: 1
10/03/2026 10:55:07 -- 	N0f0dedd5c8dd4a98918d6197e3f1db37 | http://data.vlaanderen.be/ns/besluit#heeftBesluitenlijst > http://www.w3.org/2004/02/skos/core#Concept
10/03/2026 10:55:07 -- 		 min: 0 (min found at subject)
10/03/2026 10:55:07 -- 		 max: 1 (max found at subject)
10/03/2026 10:55:07 -- 		 shacl-max: 1
10/03/2026 10:55:07 -- 	N49dca86d76e6433d8e75510b404abcb0 | http://data.vlaanderen.be/ns/besluit#heeftBesluitenlijst > http://xmlns.com/foaf/0.1/Document
10/03/2026 10:55:07 -- 		 min: 0 (min found at subject)
10/03/2026 10:55:07 -- 		 max: 1 (max found at subject)
10/03/2026 10:55:07 -- 		 shacl-max: 1
10/03/2026 10:55:07 -- 	N512acd278ba840bb93c4223291aad7bc | http://data.vlaanderen.be/ns/besluit#heeftBesluitenlijst > https://data.vlaanderen.be/id/concept/BesluitDocumentType/3fa67785-ffdc-4b30-8880-2b99d97b4dee
10/03/2026 10:55:07 -- 		 min: 0 (min found at subject)
10/03/2026 10:55:07 -- 		 max: 1 (max found at subject)
10/03/2026 10:55:07 -- 		 shacl-max: 1
10/03/2026 10:55:07 -- 	Nd59efaa222734d6d9a742036e302fce1 | http://mu.semte.ch/vocabularies/ext/heeftAfwezigeBijStart > http://data.vlaanderen.be/ns/mandaat#Mandataris
10/03/2026 10:55:07 -- 		 min: 0 (min found at subject)
10/03/2026 10:55:07 -- 		 max: 19 (max found at subject)
10/03/2026 10:55:07 -- 	N2333ed26e3674c049e8a3d66078a6589 | http://www.w3.org/ns/prov#atLocation > [no object/datatype]
10/03/2026 10:55:07 -- 		 min: 0 (min found at subject)
10/03/2026 10:55:07 -- 		 max: 4 (max found at subject)
10/03/2026 10:55:07 -- 	Ncceca4d9735d41838be80deb8e3d4bcb | http://mu.semte.ch/vocabularies/ext/aanwezigenTable > [no object/datatype]
10/03/2026 10:55:07 -- 		 min: 0 (min found at subject)
10/03/2026 10:55:07 -- 		 max: 2 (max found at subject)
10/03/2026 10:55:07 -- 	N7ee22be39e4e40cca3e67deffe1ef588 | http://data.vlaanderen.be/ns/besluit#geplandeStart > [no object/datatype]
10/03/2026 10:55:07 -- 		 min: 1 (min found at subject)
10/03/2026 10:55:07 -- 		 max: 2 (max found at subject)
10/03/2026 10:55:07 -- 		 shacl-min: 1
10/03/2026 10:55:07 -- 	N58d44cfdbd654914851cc4db44cbdd57 | http://data.vlaanderen.be/ns/besluit#heeftAanwezigeBijStart > http://data.vlaanderen.be/ns/besluit#Bestuurseenheid
10/03/2026 10:55:07 -- 		 min: 0 (min found at subject)
10/03/2026 10:55:07 -- 		 max: 9 (max found at subject)
10/03/2026 10:55:07 -- 	Neceeb57b5bba4762ae99c046ae2da5b2 | http://data.vlaanderen.be/ns/besluit#heeftAanwezigeBijStart > http://data.vlaanderen.be/ns/besluit#Bestuursorgaan
10/03/2026 10:55:07 -- 		 min: 0 (min found at subject)
10/03/2026 10:55:07 -- 		 max: 9 (max found at subject)
10/03/2026 10:55:07 -- 	N5ea76abdadc44fefa94aa5ee6948fc47 | http://data.vlaanderen.be/ns/besluit#heeftAanwezigeBijStart > http://data.vlaanderen.be/ns/mandaat#Mandataris
10/03/2026 10:55:07 -- 		 min: 0 (min found at subject)
10/03/2026 10:55:07 -- 		 max: 55 (max found at subject)
10/03/2026 10:55:07 -- 	N19e2629cf83d46c5bc88f51baadc7515 | http://data.vlaanderen.be/ns/besluit#heeftAanwezigeBijStart > http://www.w3.org/2004/02/skos/core#Concept
10/03/2026 10:55:07 -- 		 min: 0 (min found at subject)
10/03/2026 10:55:07 -- 		 max: 9 (max found at subject)
10/03/2026 10:55:07 -- 	N4c2f1a20ce23458a8b4b38ff7b4ac446 | http://data.vlaanderen.be/ns/besluit#heeftAanwezigeBijStart > http://xmlns.com/foaf/0.1/Document
10/03/2026 10:55:07 -- 		 min: 0 (min found at subject)
10/03/2026 10:55:07 -- 		 max: 1 (max found at subject)
10/03/2026 10:55:07 -- 		 shacl-max: 1
10/03/2026 10:55:07 -- 	N237190fe735c4a2cb18c7cf362e638b8 | http://data.vlaanderen.be/ns/besluit#heeftAanwezigeBijStart > https://data.vlaanderen.be/id/concept/BesluitDocumentType/13fefad6-a9d6-4025-83b5-e4cbee3a8965
10/03/2026 10:55:07 -- 		 min: 0 (min found at subject)
10/03/2026 10:55:07 -- 		 max: 1 (max found at subject)
10/03/2026 10:55:07 -- 		 shacl-max: 1
10/03/2026 10:55:07 -- 	N16cb37435970402bb7ae73f1719eeec6 | http://data.vlaanderen.be/ns/besluit#heeftAanwezigeBijStart > https://data.vlaanderen.be/id/concept/BesluitDocumentType/3fa67785-ffdc-4b30-8880-2b99d97b4dee
10/03/2026 10:55:07 -- 		 min: 0 (min found at subject)
10/03/2026 10:55:07 -- 		 max: 1 (max found at subject)
10/03/2026 10:55:07 -- 		 shacl-max: 1
10/03/2026 10:55:07 -- 	N0103b81e6ef8437aa8be6ec8ae1203c6 | http://data.vlaanderen.be/ns/besluit#heeftAanwezigeBijStart > https://data.vlaanderen.be/id/concept/BesluitDocumentType/8e791b27-7600-4577-b24e-c7c29e0eb773
10/03/2026 10:55:07 -- 		 min: 0 (min found at subject)
10/03/2026 10:55:07 -- 		 max: 1 (max found at subject)
10/03/2026 10:55:07 -- 		 shacl-max: 1
10/03/2026 10:55:07 -- 	N3959805af27a4fe28ceab3ed15d80618 | http://data.vlaanderen.be/ns/besluit#heeftSecretaris > http://data.vlaanderen.be/ns/besluit#Bestuurseenheid
10/03/2026 10:55:07 -- 		 min: 0 (min found at subject)
10/03/2026 10:55:07 -- 		 max: 2 (max found at subject)
10/03/2026 10:55:07 -- 	N0b9579f7818942368390356bff646279 | http://data.vlaanderen.be/ns/besluit#heeftSecretaris > http://data.vlaanderen.be/ns/besluit#Bestuursorgaan
10/03/2026 10:55:07 -- 		 min: 0 (min found at subject)
10/03/2026 10:55:07 -- 		 max: 2 (max found at subject)
10/03/2026 10:55:07 -- 	N968211f75ad5411197190cbf007c8b07 | http://data.vlaanderen.be/ns/besluit#heeftSecretaris > http://data.vlaanderen.be/ns/mandaat#Mandataris
10/03/2026 10:55:07 -- 		 min: 0 (min found at subject)
10/03/2026 10:55:07 -- 		 max: 2 (max found at subject)
10/03/2026 10:55:07 -- 	N5eed7ce4edaf4dae8650e8a74bc8fb43 | http://data.vlaanderen.be/ns/besluit#heeftSecretaris > http://www.w3.org/2004/02/skos/core#Concept
10/03/2026 10:55:07 -- 		 min: 0 (min found at subject)
10/03/2026 10:55:07 -- 		 max: 1 (max found at subject)
10/03/2026 10:55:07 -- 		 shacl-max: 1
10/03/2026 10:55:07 -- 	N0298d836aa4c4017af83f78fc72e8a41 | http://data.vlaanderen.be/ns/besluit#heeftSecretaris > http://xmlns.com/foaf/0.1/Document
10/03/2026 10:55:07 -- 		 min: 0 (min found at subject)
10/03/2026 10:55:07 -- 		 max: 1 (max found at subject)
10/03/2026 10:55:07 -- 		 shacl-max: 1
10/03/2026 10:55:07 -- 	Ne4a3a9991e884f838f7a1f7f5217d313 | http://data.vlaanderen.be/ns/besluit#heeftSecretaris > https://data.vlaanderen.be/id/concept/BesluitDocumentType/13fefad6-a9d6-4025-83b5-e4cbee3a8965
10/03/2026 10:55:07 -- 		 min: 0 (min found at subject)
10/03/2026 10:55:07 -- 		 max: 1 (max found at subject)
10/03/2026 10:55:07 -- 		 shacl-max: 1
10/03/2026 10:55:07 -- 	N0db79f2c94d0461b842a91fb1ba26797 | http://data.vlaanderen.be/ns/besluit#heeftSecretaris > https://data.vlaanderen.be/id/concept/BesluitDocumentType/3fa67785-ffdc-4b30-8880-2b99d97b4dee
10/03/2026 10:55:07 -- 		 min: 0 (min found at subject)
10/03/2026 10:55:07 -- 		 max: 1 (max found at subject)
10/03/2026 10:55:07 -- 		 shacl-max: 1
10/03/2026 10:55:07 -- 	Nfaae81bc175945a88a091ef9a25efb5b | http://data.vlaanderen.be/ns/besluit#heeftSecretaris > https://data.vlaanderen.be/id/concept/BesluitDocumentType/8e791b27-7600-4577-b24e-c7c29e0eb773
10/03/2026 10:55:07 -- 		 min: 0 (min found at subject)
10/03/2026 10:55:07 -- 		 max: 1 (max found at subject)
10/03/2026 10:55:07 -- 		 shacl-max: 1
10/03/2026 10:55:07 -- 	N70122500fa814be4b22fb5a800b2d393 | http://data.vlaanderen.be/ns/besluit#heeftAgenda > http://data.vlaanderen.be/ns/besluit#Bestuurseenheid
10/03/2026 10:55:07 -- 		 min: 0 (min found at subject)
10/03/2026 10:55:07 -- 		 max: 1 (max found at subject)
10/03/2026 10:55:07 -- 		 shacl-max: 1
10/03/2026 10:55:07 -- 	N052c817028c045968f07687800123a40 | http://data.vlaanderen.be/ns/besluit#heeftAgenda > http://data.vlaanderen.be/ns/besluit#Bestuursorgaan
10/03/2026 10:55:07 -- 		 min: 0 (min found at subject)
10/03/2026 10:55:07 -- 		 max: 1 (max found at subject)
10/03/2026 10:55:07 -- 		 shacl-max: 1
10/03/2026 10:55:07 -- 	N5ac32fe4eec54d6dbf459a388b93f2a2 | http://data.vlaanderen.be/ns/besluit#heeftAgenda > http://data.vlaanderen.be/ns/mandaat#Mandataris
10/03/2026 10:55:07 -- 		 min: 0 (min found at subject)
10/03/2026 10:55:07 -- 		 max: 1 (max found at subject)
10/03/2026 10:55:07 -- 		 shacl-max: 1
10/03/2026 10:55:07 -- 	Na9f11924919d4f8b96d6fd8b466aadeb | http://data.vlaanderen.be/ns/besluit#heeftAgenda > http://www.w3.org/2004/02/skos/core#Concept
10/03/2026 10:55:07 -- 		 min: 0 (min found at subject)
10/03/2026 10:55:07 -- 		 max: 1 (max found at subject)
10/03/2026 10:55:07 -- 		 shacl-max: 1
10/03/2026 10:55:07 -- 	N8dc61114685d49ec9708b36f4be63d3f | http://data.vlaanderen.be/ns/besluit#heeftAgenda > http://xmlns.com/foaf/0.1/Document
10/03/2026 10:55:08 -- 		 min: 0 (min found at subject)
10/03/2026 10:55:08 -- 		 max: 7 (max found at subject)
10/03/2026 10:55:08 -- 	N9632bbc8a41645b1ae659834c7dccc87 | http://data.vlaanderen.be/ns/besluit#heeftAgenda > https://data.vlaanderen.be/id/concept/BesluitDocumentType/13fefad6-a9d6-4025-83b5-e4cbee3a8965
10/03/2026 10:55:08 -- 		 min: 0 (min found at subject)
10/03/2026 10:55:08 -- 		 max: 7 (max found at subject)
10/03/2026 10:55:08 -- 	N68ce86016f8546d19de6eb28df851eea | http://data.vlaanderen.be/ns/besluit#isGehoudenDoor > http://data.vlaanderen.be/ns/besluit#Bestuurseenheid
10/03/2026 10:55:08 -- 		 min: 0 (min found at subject)
10/03/2026 10:55:08 -- 		 max: 9 (max found at subject)
10/03/2026 10:55:08 -- 	Ncd413b70afbd4662a1c57ef1f9284ae6 | http://data.vlaanderen.be/ns/besluit#isGehoudenDoor > http://data.vlaanderen.be/ns/besluit#Bestuursorgaan
10/03/2026 10:55:08 -- 		 min: 0 (min found at subject)
10/03/2026 10:55:08 -- 		 max: 9 (max found at subject)
10/03/2026 10:55:08 -- 	Nd85a260e92b94acbafef4868f6022d6c | http://data.vlaanderen.be/ns/besluit#isGehoudenDoor > http://data.vlaanderen.be/ns/mandaat#Mandataris
10/03/2026 10:55:08 -- 		 min: 0 (min found at subject)
10/03/2026 10:55:08 -- 		 max: 9 (max found at subject)
10/03/2026 10:55:08 -- 	N50317c43da7d4e15b361521774ce5afc | http://data.vlaanderen.be/ns/besluit#isGehoudenDoor > http://www.w3.org/2004/02/skos/core#Concept
10/03/2026 10:55:08 -- 		 min: 0 (min found at subject)
10/03/2026 10:55:08 -- 		 max: 9 (max found at subject)
10/03/2026 10:55:08 -- 	Nc344d79f1ced4d3ba7b6efabe95a20b7 | http://data.vlaanderen.be/ns/besluit#isGehoudenDoor > http://xmlns.com/foaf/0.1/Document
10/03/2026 10:55:08 -- 		 min: 0 (min found at subject)
10/03/2026 10:55:08 -- 		 max: 1 (max found at subject)
10/03/2026 10:55:08 -- 		 shacl-max: 1
10/03/2026 10:55:08 -- 	Nc155da6ea54143a58d3348c5239ebaec | http://data.vlaanderen.be/ns/besluit#isGehoudenDoor > https://data.vlaanderen.be/id/concept/BesluitDocumentType/13fefad6-a9d6-4025-83b5-e4cbee3a8965
10/03/2026 10:55:08 -- 		 min: 0 (min found at subject)
10/03/2026 10:55:08 -- 		 max: 1 (max found at subject)
10/03/2026 10:55:08 -- 		 shacl-max: 1
10/03/2026 10:55:08 -- 	Na316c6a6f9604daba1401d2903cde396 | http://data.vlaanderen.be/ns/besluit#isGehoudenDoor > https://data.vlaanderen.be/id/concept/BesluitDocumentType/3fa67785-ffdc-4b30-8880-2b99d97b4dee
10/03/2026 10:55:08 -- 		 min: 0 (min found at subject)
10/03/2026 10:55:08 -- 		 max: 1 (max found at subject)
10/03/2026 10:55:08 -- 		 shacl-max: 1
10/03/2026 10:55:08 -- 	N6c03bf9d5ce94c50902fb5c6c12961f9 | http://data.vlaanderen.be/ns/besluit#isGehoudenDoor > https://data.vlaanderen.be/id/concept/BesluitDocumentType/8e791b27-7600-4577-b24e-c7c29e0eb773
10/03/2026 10:55:08 -- 		 min: 0 (min found at subject)
10/03/2026 10:55:08 -- 		 max: 1 (max found at subject)
10/03/2026 10:55:08 -- 		 shacl-max: 1
10/03/2026 10:55:08 -- 	N46e7c9b4f50140f59b291db295ab8a5f | http://www.w3.org/ns/prov#endedAtTime > [no object/datatype]
10/03/2026 10:55:08 -- 		 min: 0 (min found at subject)
10/03/2026 10:55:08 -- 		 max: 4 (max found at subject)
10/03/2026 10:55:08 -- 	Nb5633a1795a0456a8699d2ec97a8cf9d | http://data.vlaanderen.be/ns/besluit#aangebrachtNa > http://data.vlaanderen.be/ns/besluit#Agendapunt
10/03/2026 10:55:08 -- 		 min: 0 (min found at subject)
10/03/2026 10:55:08 -- 		 max: 1 (max found at subject)
10/03/2026 10:55:08 -- 		 shacl-max: 1
10/03/2026 10:55:08 -- 	Ncd3ad68d686a4da5b4efd6476bdf3b17 | http://www.w3.org/ns/prov#wasDerivedFrom > http://data.vlaanderen.be/ns/besluit#Bestuurseenheid
10/03/2026 10:55:08 -- 		 min: 0 (min found at subject)
10/03/2026 10:55:08 -- 		 max: 9 (max found at subject)
10/03/2026 10:55:08 -- 	N99b74df981e040979967ff7a30fc01f3 | http://www.w3.org/ns/prov#wasDerivedFrom > http://data.vlaanderen.be/ns/besluit#Bestuursorgaan
10/03/2026 10:55:08 -- 		 min: 0 (min found at subject)
10/03/2026 10:55:08 -- 		 max: 9 (max found at subject)
10/03/2026 10:55:08 -- 	N365cf7635ae349bdbcba6ea1ee2be27c | http://www.w3.org/ns/prov#wasDerivedFrom > http://data.vlaanderen.be/ns/mandaat#Mandataris
10/03/2026 10:55:08 -- 		 min: 0 (min found at subject)
10/03/2026 10:55:08 -- 		 max: 9 (max found at subject)
10/03/2026 10:55:08 -- 	Neccfce75bde9498c979e61fae54a31a1 | http://www.w3.org/ns/prov#wasDerivedFrom > http://www.w3.org/2004/02/skos/core#Concept
10/03/2026 10:55:08 -- 		 min: 0 (min found at subject)
10/03/2026 10:55:08 -- 		 max: 9 (max found at subject)
10/03/2026 10:55:08 -- 	N6a16012bee35490cbda49545c765a17c | http://www.w3.org/ns/prov#wasDerivedFrom > http://xmlns.com/foaf/0.1/Document
10/03/2026 10:55:08 -- 		 min: 0 (min found at subject)
10/03/2026 10:55:08 -- 		 max: 1 (max found at subject)
10/03/2026 10:55:08 -- 		 shacl-max: 1
10/03/2026 10:55:08 -- 	N8521efa03686462ea6fc85f21a45e0ee | http://www.w3.org/ns/prov#wasDerivedFrom > https://data.vlaanderen.be/id/concept/BesluitDocumentType/13fefad6-a9d6-4025-83b5-e4cbee3a8965
10/03/2026 10:55:08 -- 		 min: 0 (min found at subject)
10/03/2026 10:55:08 -- 		 max: 1 (max found at subject)
10/03/2026 10:55:08 -- 		 shacl-max: 1
10/03/2026 10:55:08 -- 	N4269b8eef1c24d6c86eeb9d69b2d376b | http://www.w3.org/ns/prov#wasDerivedFrom > https://data.vlaanderen.be/id/concept/BesluitDocumentType/3fa67785-ffdc-4b30-8880-2b99d97b4dee
10/03/2026 10:55:08 -- 		 min: 0 (min found at subject)
10/03/2026 10:55:08 -- 		 max: 1 (max found at subject)
10/03/2026 10:55:08 -- 		 shacl-max: 1
10/03/2026 10:55:08 -- 	N58d77eb312084b8e981f90925528a080 | http://www.w3.org/ns/prov#wasDerivedFrom > https://data.vlaanderen.be/id/concept/BesluitDocumentType/8e791b27-7600-4577-b24e-c7c29e0eb773
10/03/2026 10:55:08 -- 		 min: 0 (min found at subject)
10/03/2026 10:55:08 -- 		 max: 1 (max found at subject)
10/03/2026 10:55:08 -- 		 shacl-max: 1
10/03/2026 10:55:08 -- 	N440f69b05f3f447ab5d037b0989e1146 | http://mu.semte.ch/vocabularies/ext/behandelingVanAgendapuntenContainer > [no object/datatype]
10/03/2026 10:55:08 -- 		 min: 0 (min found at subject)
10/03/2026 10:55:08 -- 		 max: 3 (max found at subject)
10/03/2026 10:55:08 -- 	Nbc29f26e67eb4e3a93a64ad9c20f0ae9 | http://data.vlaanderen.be/ns/besluit#heeftVoorzitter > http://data.vlaanderen.be/ns/besluit#Bestuurseenheid
10/03/2026 10:55:08 -- 		 min: 0 (min found at subject)
10/03/2026 10:55:08 -- 		 max: 9 (max found at subject)
10/03/2026 10:55:08 -- 	N7a907632760940a1b7d39e648f580555 | http://data.vlaanderen.be/ns/besluit#heeftVoorzitter > http://data.vlaanderen.be/ns/besluit#Bestuursorgaan
10/03/2026 10:55:08 -- 		 min: 0 (min found at subject)
10/03/2026 10:55:08 -- 		 max: 9 (max found at subject)
10/03/2026 10:55:08 -- 	N5b8eb098793b4eefbe2135ef6a98aa6d | http://data.vlaanderen.be/ns/besluit#heeftVoorzitter > http://data.vlaanderen.be/ns/mandaat#Mandataris
10/03/2026 10:55:08 -- 		 min: 0 (min found at subject)
10/03/2026 10:55:08 -- 		 max: 9 (max found at subject)
10/03/2026 10:55:08 -- 	N35caa71b19ec4e3a91b4bfe97c24576a | http://data.vlaanderen.be/ns/besluit#heeftVoorzitter > http://www.w3.org/2004/02/skos/core#Concept
10/03/2026 10:55:08 -- 		 min: 0 (min found at subject)
10/03/2026 10:55:08 -- 		 max: 9 (max found at subject)
10/03/2026 10:55:08 -- 	Nd11dea3182e14f129319ded369c9b96c | http://data.vlaanderen.be/ns/besluit#heeftVoorzitter > http://xmlns.com/foaf/0.1/Document
10/03/2026 10:55:08 -- 		 min: 0 (min found at subject)
10/03/2026 10:55:08 -- 		 max: 1 (max found at subject)
10/03/2026 10:55:08 -- 		 shacl-max: 1
10/03/2026 10:55:08 -- 	N9c61b477a916434886aaaec2ae0b0b59 | http://data.vlaanderen.be/ns/besluit#heeftVoorzitter > https://data.vlaanderen.be/id/concept/BesluitDocumentType/13fefad6-a9d6-4025-83b5-e4cbee3a8965
10/03/2026 10:55:08 -- 		 min: 0 (min found at subject)
10/03/2026 10:55:08 -- 		 max: 1 (max found at subject)
10/03/2026 10:55:08 -- 		 shacl-max: 1
10/03/2026 10:55:08 -- 	Nc32dade4c1f94df29d0fa1ef35d6a736 | http://data.vlaanderen.be/ns/besluit#heeftVoorzitter > https://data.vlaanderen.be/id/concept/BesluitDocumentType/3fa67785-ffdc-4b30-8880-2b99d97b4dee
10/03/2026 10:55:08 -- 		 min: 0 (min found at subject)
10/03/2026 10:55:08 -- 		 max: 1 (max found at subject)
10/03/2026 10:55:08 -- 		 shacl-max: 1
10/03/2026 10:55:08 -- 	N75ee32b9edf44858be83ef7ed2ea9390 | http://data.vlaanderen.be/ns/besluit#heeftVoorzitter > https://data.vlaanderen.be/id/concept/BesluitDocumentType/8e791b27-7600-4577-b24e-c7c29e0eb773
10/03/2026 10:55:08 -- 		 min: 0 (min found at subject)
10/03/2026 10:55:08 -- 		 max: 1 (max found at subject)
10/03/2026 10:55:08 -- 		 shacl-max: 1
10/03/2026 10:55:08 -- 	N9ebc127ba3e748e692ca2c248610cae6 | http://mu.semte.ch/vocabularies/ext/behandelt > http://data.vlaanderen.be/ns/besluit#BehandelingVanAgendapunt
10/03/2026 10:55:08 -- 		 min: 0 (min found at subject)
10/03/2026 10:55:08 -- 		 max: 497 (max found at subject)
10/03/2026 10:55:08 -- 	Nf2b5470bd19549e39630ac92c2970ccc | http://www.w3.org/ns/prov#startedAtTime > [no object/datatype]
10/03/2026 10:55:08 -- 		 min: 0 (min found at subject)
10/03/2026 10:55:08 -- 		 max: 3 (max found at subject)
10/03/2026 10:55:08 -- 	N1a62370837a34f3aaeda24aad782f647 | http://data.vlaanderen.be/ns/besluit#heeftNotulen > http://data.vlaanderen.be/ns/besluit#Bestuurseenheid
10/03/2026 10:55:08 -- 		 min: 0 (min found at subject)
10/03/2026 10:55:08 -- 		 max: 1 (max found at subject)
10/03/2026 10:55:08 -- 		 shacl-max: 1
10/03/2026 10:55:08 -- 	N4954722afd1a4e4dbbfc903da940fe45 | http://data.vlaanderen.be/ns/besluit#heeftNotulen > http://data.vlaanderen.be/ns/besluit#Bestuursorgaan
10/03/2026 10:55:08 -- 		 min: 0 (min found at subject)
10/03/2026 10:55:08 -- 		 max: 1 (max found at subject)
10/03/2026 10:55:08 -- 		 shacl-max: 1
10/03/2026 10:55:08 -- 	N825669d67a0346ee9ee372e16917cfd1 | http://data.vlaanderen.be/ns/besluit#heeftNotulen > http://data.vlaanderen.be/ns/mandaat#Mandataris
10/03/2026 10:55:08 -- 		 min: 0 (min found at subject)
10/03/2026 10:55:08 -- 		 max: 1 (max found at subject)
10/03/2026 10:55:08 -- 		 shacl-max: 1
10/03/2026 10:55:08 -- 	N76f4f38e1f944cbd83f0a8d0ec711e53 | http://data.vlaanderen.be/ns/besluit#heeftNotulen > http://www.w3.org/2004/02/skos/core#Concept
10/03/2026 10:55:08 -- 		 min: 0 (min found at subject)
10/03/2026 10:55:08 -- 		 max: 1 (max found at subject)
10/03/2026 10:55:08 -- 		 shacl-max: 1
10/03/2026 10:55:08 -- 	Nf310c465bfd6433b8cb224bba28914ef | http://data.vlaanderen.be/ns/besluit#heeftNotulen > http://xmlns.com/foaf/0.1/Document
10/03/2026 10:55:09 -- 		 min: 0 (min found at subject)
10/03/2026 10:55:09 -- 		 max: 1 (max found at subject)
10/03/2026 10:55:09 -- 		 shacl-max: 1
10/03/2026 10:55:09 -- 	Neaeee4d6d8c0422cb337f0b942cdde78 | http://data.vlaanderen.be/ns/besluit#heeftNotulen > https://data.vlaanderen.be/id/concept/BesluitDocumentType/8e791b27-7600-4577-b24e-c7c29e0eb773
10/03/2026 10:55:09 -- 		 min: 0 (min found at subject)
10/03/2026 10:55:09 -- 		 max: 1 (max found at subject)
10/03/2026 10:55:09 -- 		 shacl-max: 1
