Benchmark Initiated for /media/koen/big-ssd/intermediate/ntriples/marine-regions.nt
2026/03/09 14:14:47
invoked::firstPass()
Time Elapsed firstPass 0 sec , 0 min
***** Total Parsing Time 0 sec , 0 min *****
Time Elapsed secondPhase 1 sec , 0 min
***** Total Parsing Time 1 sec , 0 min *****
Storing labels
Time Elapsed Label storing 0 sec , 0 min
***** Total Parsing Time 1 sec , 0 min *****
Time Elapsed computeSupportConfidence 0 sec , 0 min
***** Total Parsing Time 1 sec , 0 min *****
Invoked:: PostConstraintsAnnotator
MODEL:: DEFAULT - SIZE: 102246
::: ShapesExtractor ~ WRITING MODEL TO FILE: /home/koen/shape-generation-clean/generated-output/qse/marine-regions/DATASET_QSE_FULL.ttl
writeModelToFile  - 1 - 0
::: ShapesExtractor ~ PRETTY FORMATTING TURTLE FILE: /home/koen/shape-generation-clean/generated-output/qse/marine-regions/DATASET_QSE_FULL_SHACL.ttl
Pretty Formatting
14:14:59.379 [main] WARN org.apache.jena.riot - [line: 67, col: 38] Bad IRI: <%3Chttp://www.openlinksw.com/schemas/virtrdf#Geometry%3E> Code: 0/ILLEGAL_CHARACTER in SCHEME: The character violates the grammar rules for URIs/IRIs.
14:14:59.391 [main] WARN org.apache.jena.riot - [line: 160, col: 38] Bad IRI: <%3Chttp://www.openlinksw.com/schemas/virtrdf#Geometry%3E> Code: 0/ILLEGAL_CHARACTER in SCHEME: The character violates the grammar rules for URIs/IRIs.
14:14:59.439 [main] WARN org.apache.jena.riot - [line: 1085, col: 38] Bad IRI: <%3Chttp://www.openlinksw.com/schemas/virtrdf#Geometry%3E> Code: 0/ILLEGAL_CHARACTER in SCHEME: The character violates the grammar rules for URIs/IRIs.
14:14:59.440 [main] WARN org.apache.jena.riot - [line: 1113, col: 38] Bad IRI: <%3Chttp://www.openlinksw.com/schemas/virtrdf#Geometry%3E> Code: 0/ILLEGAL_CHARACTER in SCHEME: The character violates the grammar rules for URIs/IRIs.
14:14:59.607 [main] WARN org.apache.jena.riot - [line: 7014, col: 38] Bad IRI: <%3Chttp://www.openlinksw.com/schemas/virtrdf#Geometry%3E> Code: 0/ILLEGAL_CHARACTER in SCHEME: The character violates the grammar rules for URIs/IRIs.
14:14:59.610 [main] WARN org.apache.jena.riot - [line: 7112, col: 38] Bad IRI: <%3Chttp://www.openlinksw.com/schemas/virtrdf#Geometry%3E> Code: 0/ILLEGAL_CHARACTER in SCHEME: The character violates the grammar rules for URIs/IRIs.
14:14:59.616 [main] WARN org.apache.jena.riot - [line: 7379, col: 38] Bad IRI: <%3Chttp://www.openlinksw.com/schemas/virtrdf#Geometry%3E> Code: 0/ILLEGAL_CHARACTER in SCHEME: The character violates the grammar rules for URIs/IRIs.
14:14:59.619 [main] WARN org.apache.jena.riot - [line: 7469, col: 38] Bad IRI: <%3Chttp://www.openlinksw.com/schemas/virtrdf#Geometry%3E> Code: 0/ILLEGAL_CHARACTER in SCHEME: The character violates the grammar rules for URIs/IRIs.
14:14:59.624 [main] WARN org.apache.jena.riot - [line: 7665, col: 38] Bad IRI: <%3Chttp://www.openlinksw.com/schemas/virtrdf#Geometry%3E> Code: 0/ILLEGAL_CHARACTER in SCHEME: The character violates the grammar rules for URIs/IRIs.
14:14:59.628 [main] WARN org.apache.jena.riot - [line: 7762, col: 38] Bad IRI: <%3Chttp://www.openlinksw.com/schemas/virtrdf#Geometry%3E> Code: 0/ILLEGAL_CHARACTER in SCHEME: The character violates the grammar rules for URIs/IRIs.
14:14:59.634 [main] WARN org.apache.jena.riot - [line: 8002, col: 38] Bad IRI: <%3Chttp://www.openlinksw.com/schemas/virtrdf#Geometry%3E> Code: 0/ILLEGAL_CHARACTER in SCHEME: The character violates the grammar rules for URIs/IRIs.
14:14:59.637 [main] WARN org.apache.jena.riot - [line: 8115, col: 38] Bad IRI: <%3Chttp://www.openlinksw.com/schemas/virtrdf#Geometry%3E> Code: 0/ILLEGAL_CHARACTER in SCHEME: The character violates the grammar rules for URIs/IRIs.
14:14:59.645 [main] WARN org.apache.jena.riot - [line: 8463, col: 38] Bad IRI: <%3Chttp://www.openlinksw.com/schemas/virtrdf#Geometry%3E> Code: 0/ILLEGAL_CHARACTER in SCHEME: The character violates the grammar rules for URIs/IRIs.
14:14:59.661 [main] WARN org.apache.jena.riot - [line: 9320, col: 38] Bad IRI: <%3Chttp://www.openlinksw.com/schemas/virtrdf#Geometry%3E> Code: 0/ILLEGAL_CHARACTER in SCHEME: The character violates the grammar rules for URIs/IRIs.
14:14:59.664 [main] WARN org.apache.jena.riot - [line: 9426, col: 38] Bad IRI: <%3Chttp://www.openlinksw.com/schemas/virtrdf#Geometry%3E> Code: 0/ILLEGAL_CHARACTER in SCHEME: The character violates the grammar rules for URIs/IRIs.
14:14:59.671 [main] WARN org.apache.jena.riot - [line: 9795, col: 38] Bad IRI: <%3Chttp://www.openlinksw.com/schemas/virtrdf#Geometry%3E> Code: 0/ILLEGAL_CHARACTER in SCHEME: The character violates the grammar rules for URIs/IRIs.
14:14:59.688 [main] WARN org.apache.jena.riot - [line: 10643, col: 38] Bad IRI: <%3Chttp://www.openlinksw.com/schemas/virtrdf#Geometry%3E> Code: 0/ILLEGAL_CHARACTER in SCHEME: The character violates the grammar rules for URIs/IRIs.
14:14:59.692 [main] WARN org.apache.jena.riot - [line: 10796, col: 38] Bad IRI: <%3Chttp://www.openlinksw.com/schemas/virtrdf#Geometry%3E> Code: 0/ILLEGAL_CHARACTER in SCHEME: The character violates the grammar rules for URIs/IRIs.
14:14:59.700 [main] WARN org.apache.jena.riot - [line: 11110, col: 38] Bad IRI: <%3Chttp://www.openlinksw.com/schemas/virtrdf#Geometry%3E> Code: 0/ILLEGAL_CHARACTER in SCHEME: The character violates the grammar rules for URIs/IRIs.
14:14:59.703 [main] WARN org.apache.jena.riot - [line: 11184, col: 38] Bad IRI: <%3Chttp://www.openlinksw.com/schemas/virtrdf#Geometry%3E> Code: 0/ILLEGAL_CHARACTER in SCHEME: The character violates the grammar rules for URIs/IRIs.
14:14:59.717 [main] WARN org.apache.jena.riot - [line: 11708, col: 38] Bad IRI: <%3Chttp://www.openlinksw.com/schemas/virtrdf#Geometry%3E> Code: 0/ILLEGAL_CHARACTER in SCHEME: The character violates the grammar rules for URIs/IRIs.
14:14:59.719 [main] WARN org.apache.jena.riot - [line: 11797, col: 38] Bad IRI: <%3Chttp://www.openlinksw.com/schemas/virtrdf#Geometry%3E> Code: 0/ILLEGAL_CHARACTER in SCHEME: The character violates the grammar rules for URIs/IRIs.
14:14:59.740 [main] WARN org.apache.jena.riot - [line: 12792, col: 38] Bad IRI: <%3Chttp://www.openlinksw.com/schemas/virtrdf#Geometry%3E> Code: 0/ILLEGAL_CHARACTER in SCHEME: The character violates the grammar rules for URIs/IRIs.
14:14:59.742 [main] WARN org.apache.jena.riot - [line: 12906, col: 38] Bad IRI: <%3Chttp://www.openlinksw.com/schemas/virtrdf#Geometry%3E> Code: 0/ILLEGAL_CHARACTER in SCHEME: The character violates the grammar rules for URIs/IRIs.
14:14:59.751 [main] WARN org.apache.jena.riot - [line: 13456, col: 38] Bad IRI: <%3Chttp://www.openlinksw.com/schemas/virtrdf#Geometry%3E> Code: 0/ILLEGAL_CHARACTER in SCHEME: The character violates the grammar rules for URIs/IRIs.
14:14:59.757 [main] WARN org.apache.jena.riot - [line: 13771, col: 38] Bad IRI: <%3Chttp://www.openlinksw.com/schemas/virtrdf#Geometry%3E> Code: 0/ILLEGAL_CHARACTER in SCHEME: The character violates the grammar rules for URIs/IRIs.
14:14:59.759 [main] WARN org.apache.jena.riot - [line: 13902, col: 38] Bad IRI: <%3Chttp://www.openlinksw.com/schemas/virtrdf#Geometry%3E> Code: 0/ILLEGAL_CHARACTER in SCHEME: The character violates the grammar rules for URIs/IRIs.
14:14:59.764 [main] WARN org.apache.jena.riot - [line: 14173, col: 38] Bad IRI: <%3Chttp://www.openlinksw.com/schemas/virtrdf#Geometry%3E> Code: 0/ILLEGAL_CHARACTER in SCHEME: The character violates the grammar rules for URIs/IRIs.
14:14:59.766 [main] WARN org.apache.jena.riot - [line: 14283, col: 38] Bad IRI: <%3Chttp://www.openlinksw.com/schemas/virtrdf#Geometry%3E> Code: 0/ILLEGAL_CHARACTER in SCHEME: The character violates the grammar rules for URIs/IRIs.
14:14:59.769 [main] WARN org.apache.jena.riot - [line: 14486, col: 38] Bad IRI: <%3Chttp://www.openlinksw.com/schemas/virtrdf#Geometry%3E> Code: 0/ILLEGAL_CHARACTER in SCHEME: The character violates the grammar rules for URIs/IRIs.
14:14:59.770 [main] WARN org.apache.jena.riot - [line: 14524, col: 38] Bad IRI: <%3Chttp://www.openlinksw.com/schemas/virtrdf#Geometry%3E> Code: 0/ILLEGAL_CHARACTER in SCHEME: The character violates the grammar rules for URIs/IRIs.
14:14:59.776 [main] WARN org.apache.jena.riot - [line: 14918, col: 38] Bad IRI: <%3Chttp://www.openlinksw.com/schemas/virtrdf#Geometry%3E> Code: 0/ILLEGAL_CHARACTER in SCHEME: The character violates the grammar rules for URIs/IRIs.
14:14:59.778 [main] WARN org.apache.jena.riot - [line: 15028, col: 38] Bad IRI: <%3Chttp://www.openlinksw.com/schemas/virtrdf#Geometry%3E> Code: 0/ILLEGAL_CHARACTER in SCHEME: The character violates the grammar rules for URIs/IRIs.
14:14:59.788 [main] WARN org.apache.jena.riot - [line: 15701, col: 38] Bad IRI: <%3Chttp://www.openlinksw.com/schemas/virtrdf#Geometry%3E> Code: 0/ILLEGAL_CHARACTER in SCHEME: The character violates the grammar rules for URIs/IRIs.
14:14:59.789 [main] WARN org.apache.jena.riot - [line: 15817, col: 38] Bad IRI: <%3Chttp://www.openlinksw.com/schemas/virtrdf#Geometry%3E> Code: 0/ILLEGAL_CHARACTER in SCHEME: The character violates the grammar rules for URIs/IRIs.
14:14:59.795 [main] WARN org.apache.jena.riot - [line: 16115, col: 38] Bad IRI: <%3Chttp://www.openlinksw.com/schemas/virtrdf#Geometry%3E> Code: 0/ILLEGAL_CHARACTER in SCHEME: The character violates the grammar rules for URIs/IRIs.
14:14:59.796 [main] WARN org.apache.jena.riot - [line: 16194, col: 38] Bad IRI: <%3Chttp://www.openlinksw.com/schemas/virtrdf#Geometry%3E> Code: 0/ILLEGAL_CHARACTER in SCHEME: The character violates the grammar rules for URIs/IRIs.
14:14:59.799 [main] WARN org.apache.jena.riot - [line: 16394, col: 38] Bad IRI: <%3Chttp://www.openlinksw.com/schemas/virtrdf#Geometry%3E> Code: 0/ILLEGAL_CHARACTER in SCHEME: The character violates the grammar rules for URIs/IRIs.
14:14:59.801 [main] WARN org.apache.jena.riot - [line: 16460, col: 38] Bad IRI: <%3Chttp://www.openlinksw.com/schemas/virtrdf#Geometry%3E> Code: 0/ILLEGAL_CHARACTER in SCHEME: The character violates the grammar rules for URIs/IRIs.
14:14:59.805 [main] WARN org.apache.jena.riot - [line: 16789, col: 38] Bad IRI: <%3Chttp://www.openlinksw.com/schemas/virtrdf#Geometry%3E> Code: 0/ILLEGAL_CHARACTER in SCHEME: The character violates the grammar rules for URIs/IRIs.
14:14:59.807 [main] WARN org.apache.jena.riot - [line: 16875, col: 38] Bad IRI: <%3Chttp://www.openlinksw.com/schemas/virtrdf#Geometry%3E> Code: 0/ILLEGAL_CHARACTER in SCHEME: The character violates the grammar rules for URIs/IRIs.
14:14:59.812 [main] WARN org.apache.jena.riot - [line: 17218, col: 38] Bad IRI: <%3Chttp://www.openlinksw.com/schemas/virtrdf#Geometry%3E> Code: 0/ILLEGAL_CHARACTER in SCHEME: The character violates the grammar rules for URIs/IRIs.
14:14:59.813 [main] WARN org.apache.jena.riot - [line: 17287, col: 38] Bad IRI: <%3Chttp://www.openlinksw.com/schemas/virtrdf#Geometry%3E> Code: 0/ILLEGAL_CHARACTER in SCHEME: The character violates the grammar rules for URIs/IRIs.
14:14:59.820 [main] WARN org.apache.jena.riot - [line: 17838, col: 38] Bad IRI: <%3Chttp://www.openlinksw.com/schemas/virtrdf#Geometry%3E> Code: 0/ILLEGAL_CHARACTER in SCHEME: The character violates the grammar rules for URIs/IRIs.
14:14:59.821 [main] WARN org.apache.jena.riot - [line: 17940, col: 38] Bad IRI: <%3Chttp://www.openlinksw.com/schemas/virtrdf#Geometry%3E> Code: 0/ILLEGAL_CHARACTER in SCHEME: The character violates the grammar rules for URIs/IRIs.
14:14:59.825 [main] WARN org.apache.jena.riot - [line: 18217, col: 38] Bad IRI: <%3Chttp://www.openlinksw.com/schemas/virtrdf#Geometry%3E> Code: 0/ILLEGAL_CHARACTER in SCHEME: The character violates the grammar rules for URIs/IRIs.
14:14:59.827 [main] WARN org.apache.jena.riot - [line: 18330, col: 38] Bad IRI: <%3Chttp://www.openlinksw.com/schemas/virtrdf#Geometry%3E> Code: 0/ILLEGAL_CHARACTER in SCHEME: The character violates the grammar rules for URIs/IRIs.
14:14:59.830 [main] WARN org.apache.jena.riot - [line: 18627, col: 38] Bad IRI: <%3Chttp://www.openlinksw.com/schemas/virtrdf#Geometry%3E> Code: 0/ILLEGAL_CHARACTER in SCHEME: The character violates the grammar rules for URIs/IRIs.
14:14:59.831 [main] WARN org.apache.jena.riot - [line: 18671, col: 38] Bad IRI: <%3Chttp://www.openlinksw.com/schemas/virtrdf#Geometry%3E> Code: 0/ILLEGAL_CHARACTER in SCHEME: The character violates the grammar rules for URIs/IRIs.
14:14:59.837 [main] WARN org.apache.jena.riot - [line: 19105, col: 38] Bad IRI: <%3Chttp://www.openlinksw.com/schemas/virtrdf#Geometry%3E> Code: 0/ILLEGAL_CHARACTER in SCHEME: The character violates the grammar rules for URIs/IRIs.
14:14:59.839 [main] WARN org.apache.jena.riot - [line: 19209, col: 38] Bad IRI: <%3Chttp://www.openlinksw.com/schemas/virtrdf#Geometry%3E> Code: 0/ILLEGAL_CHARACTER in SCHEME: The character violates the grammar rules for URIs/IRIs.
14:14:59.842 [main] WARN org.apache.jena.riot - [line: 19462, col: 38] Bad IRI: <%3Chttp://www.openlinksw.com/schemas/virtrdf#Geometry%3E> Code: 0/ILLEGAL_CHARACTER in SCHEME: The character violates the grammar rules for URIs/IRIs.
14:14:59.844 [main] WARN org.apache.jena.riot - [line: 19572, col: 38] Bad IRI: <%3Chttp://www.openlinksw.com/schemas/virtrdf#Geometry%3E> Code: 0/ILLEGAL_CHARACTER in SCHEME: The character violates the grammar rules for URIs/IRIs.
14:14:59.848 [main] WARN org.apache.jena.riot - [line: 19857, col: 38] Bad IRI: <%3Chttp://www.openlinksw.com/schemas/virtrdf#Geometry%3E> Code: 0/ILLEGAL_CHARACTER in SCHEME: The character violates the grammar rules for URIs/IRIs.
14:14:59.849 [main] WARN org.apache.jena.riot - [line: 19910, col: 38] Bad IRI: <%3Chttp://www.openlinksw.com/schemas/virtrdf#Geometry%3E> Code: 0/ILLEGAL_CHARACTER in SCHEME: The character violates the grammar rules for URIs/IRIs.
14:14:59.853 [main] WARN org.apache.jena.riot - [line: 20132, col: 38] Bad IRI: <%3Chttp://www.openlinksw.com/schemas/virtrdf#Geometry%3E> Code: 0/ILLEGAL_CHARACTER in SCHEME: The character violates the grammar rules for URIs/IRIs.
14:14:59.854 [main] WARN org.apache.jena.riot - [line: 20170, col: 38] Bad IRI: <%3Chttp://www.openlinksw.com/schemas/virtrdf#Geometry%3E> Code: 0/ILLEGAL_CHARACTER in SCHEME: The character violates the grammar rules for URIs/IRIs.
14:14:59.858 [main] WARN org.apache.jena.riot - [line: 20519, col: 38] Bad IRI: <%3Chttp://www.openlinksw.com/schemas/virtrdf#Geometry%3E> Code: 0/ILLEGAL_CHARACTER in SCHEME: The character violates the grammar rules for URIs/IRIs.
14:14:59.860 [main] WARN org.apache.jena.riot - [line: 20619, col: 38] Bad IRI: <%3Chttp://www.openlinksw.com/schemas/virtrdf#Geometry%3E> Code: 0/ILLEGAL_CHARACTER in SCHEME: The character violates the grammar rules for URIs/IRIs.
14:14:59.862 [main] WARN org.apache.jena.riot - [line: 20711, col: 38] Bad IRI: <%3Chttp://www.openlinksw.com/schemas/virtrdf#Geometry%3E> Code: 0/ILLEGAL_CHARACTER in SCHEME: The character violates the grammar rules for URIs/IRIs.
14:14:59.868 [main] WARN org.apache.jena.riot - [line: 21226, col: 38] Bad IRI: <%3Chttp://www.openlinksw.com/schemas/virtrdf#Geometry%3E> Code: 0/ILLEGAL_CHARACTER in SCHEME: The character violates the grammar rules for URIs/IRIs.
14:14:59.869 [main] WARN org.apache.jena.riot - [line: 21353, col: 38] Bad IRI: <%3Chttp://www.openlinksw.com/schemas/virtrdf#Geometry%3E> Code: 0/ILLEGAL_CHARACTER in SCHEME: The character violates the grammar rules for URIs/IRIs.
14:14:59.876 [main] WARN org.apache.jena.riot - [line: 21974, col: 38] Bad IRI: <%3Chttp://www.openlinksw.com/schemas/virtrdf#Geometry%3E> Code: 0/ILLEGAL_CHARACTER in SCHEME: The character violates the grammar rules for URIs/IRIs.
14:14:59.878 [main] WARN org.apache.jena.riot - [line: 22085, col: 38] Bad IRI: <%3Chttp://www.openlinksw.com/schemas/virtrdf#Geometry%3E> Code: 0/ILLEGAL_CHARACTER in SCHEME: The character violates the grammar rules for URIs/IRIs.
14:14:59.884 [main] WARN org.apache.jena.riot - [line: 22473, col: 38] Bad IRI: <%3Chttp://www.openlinksw.com/schemas/virtrdf#Geometry%3E> Code: 0/ILLEGAL_CHARACTER in SCHEME: The character violates the grammar rules for URIs/IRIs.
14:14:59.885 [main] WARN org.apache.jena.riot - [line: 22574, col: 38] Bad IRI: <%3Chttp://www.openlinksw.com/schemas/virtrdf#Geometry%3E> Code: 0/ILLEGAL_CHARACTER in SCHEME: The character violates the grammar rules for URIs/IRIs.
14:14:59.894 [main] WARN org.apache.jena.riot - [line: 22752, col: 38] Bad IRI: <%3Chttp://www.openlinksw.com/schemas/virtrdf#Geometry%3E> Code: 0/ILLEGAL_CHARACTER in SCHEME: The character violates the grammar rules for URIs/IRIs.
14:14:59.896 [main] WARN org.apache.jena.riot - [line: 22846, col: 38] Bad IRI: <%3Chttp://www.openlinksw.com/schemas/virtrdf#Geometry%3E> Code: 0/ILLEGAL_CHARACTER in SCHEME: The character violates the grammar rules for URIs/IRIs.
14:14:59.899 [main] WARN org.apache.jena.riot - [line: 23133, col: 38] Bad IRI: <%3Chttp://www.openlinksw.com/schemas/virtrdf#Geometry%3E> Code: 0/ILLEGAL_CHARACTER in SCHEME: The character violates the grammar rules for URIs/IRIs.
14:14:59.900 [main] WARN org.apache.jena.riot - [line: 23168, col: 38] Bad IRI: <%3Chttp://www.openlinksw.com/schemas/virtrdf#Geometry%3E> Code: 0/ILLEGAL_CHARACTER in SCHEME: The character violates the grammar rules for URIs/IRIs.
14:14:59.903 [main] WARN org.apache.jena.riot - [line: 23358, col: 38] Bad IRI: <%3Chttp://www.openlinksw.com/schemas/virtrdf#Geometry%3E> Code: 0/ILLEGAL_CHARACTER in SCHEME: The character violates the grammar rules for URIs/IRIs.
14:14:59.909 [main] WARN org.apache.jena.riot - [line: 23794, col: 38] Bad IRI: <%3Chttp://www.openlinksw.com/schemas/virtrdf#Geometry%3E> Code: 0/ILLEGAL_CHARACTER in SCHEME: The character violates the grammar rules for URIs/IRIs.
14:14:59.910 [main] WARN org.apache.jena.riot - [line: 23850, col: 38] Bad IRI: <%3Chttp://www.openlinksw.com/schemas/virtrdf#Geometry%3E> Code: 0/ILLEGAL_CHARACTER in SCHEME: The character violates the grammar rules for URIs/IRIs.
14:14:59.918 [main] WARN org.apache.jena.riot - [line: 24411, col: 38] Bad IRI: <%3Chttp://www.openlinksw.com/schemas/virtrdf#Geometry%3E> Code: 0/ILLEGAL_CHARACTER in SCHEME: The character violates the grammar rules for URIs/IRIs.
14:14:59.919 [main] WARN org.apache.jena.riot - [line: 24446, col: 38] Bad IRI: <%3Chttp://www.openlinksw.com/schemas/virtrdf#Geometry%3E> Code: 0/ILLEGAL_CHARACTER in SCHEME: The character violates the grammar rules for URIs/IRIs.
14:14:59.922 [main] WARN org.apache.jena.riot - [line: 24707, col: 38] Bad IRI: <%3Chttp://www.openlinksw.com/schemas/virtrdf#Geometry%3E> Code: 0/ILLEGAL_CHARACTER in SCHEME: The character violates the grammar rules for URIs/IRIs.
14:14:59.925 [main] WARN org.apache.jena.riot - [line: 24750, col: 38] Bad IRI: <%3Chttp://www.openlinksw.com/schemas/virtrdf#Geometry%3E> Code: 0/ILLEGAL_CHARACTER in SCHEME: The character violates the grammar rules for URIs/IRIs.
14:14:59.934 [main] WARN org.apache.jena.riot - [line: 25200, col: 38] Bad IRI: <%3Chttp://www.openlinksw.com/schemas/virtrdf#Geometry%3E> Code: 0/ILLEGAL_CHARACTER in SCHEME: The character violates the grammar rules for URIs/IRIs.
14:14:59.935 [main] WARN org.apache.jena.riot - [line: 25257, col: 38] Bad IRI: <%3Chttp://www.openlinksw.com/schemas/virtrdf#Geometry%3E> Code: 0/ILLEGAL_CHARACTER in SCHEME: The character violates the grammar rules for URIs/IRIs.
14:14:59.942 [main] WARN org.apache.jena.riot - [line: 25505, col: 38] Bad IRI: <%3Chttp://www.openlinksw.com/schemas/virtrdf#Geometry%3E> Code: 0/ILLEGAL_CHARACTER in SCHEME: The character violates the grammar rules for URIs/IRIs.
14:14:59.943 [main] WARN org.apache.jena.riot - [line: 25565, col: 38] Bad IRI: <%3Chttp://www.openlinksw.com/schemas/virtrdf#Geometry%3E> Code: 0/ILLEGAL_CHARACTER in SCHEME: The character violates the grammar rules for URIs/IRIs.
14:14:59.953 [main] WARN org.apache.jena.riot - [line: 26699, col: 38] Bad IRI: <%3Chttp://www.openlinksw.com/schemas/virtrdf#Geometry%3E> Code: 0/ILLEGAL_CHARACTER in SCHEME: The character violates the grammar rules for URIs/IRIs.
14:14:59.956 [main] WARN org.apache.jena.riot - [line: 26799, col: 38] Bad IRI: <%3Chttp://www.openlinksw.com/schemas/virtrdf#Geometry%3E> Code: 0/ILLEGAL_CHARACTER in SCHEME: The character violates the grammar rules for URIs/IRIs.
14:14:59.960 [main] WARN org.apache.jena.riot - [line: 27212, col: 38] Bad IRI: <%3Chttp://www.openlinksw.com/schemas/virtrdf#Geometry%3E> Code: 0/ILLEGAL_CHARACTER in SCHEME: The character violates the grammar rules for URIs/IRIs.
14:14:59.961 [main] WARN org.apache.jena.riot - [line: 27288, col: 38] Bad IRI: <%3Chttp://www.openlinksw.com/schemas/virtrdf#Geometry%3E> Code: 0/ILLEGAL_CHARACTER in SCHEME: The character violates the grammar rules for URIs/IRIs.
14:14:59.964 [main] WARN org.apache.jena.riot - [line: 27419, col: 38] Bad IRI: <%3Chttp://www.openlinksw.com/schemas/virtrdf#Geometry%3E> Code: 0/ILLEGAL_CHARACTER in SCHEME: The character violates the grammar rules for URIs/IRIs.
14:14:59.965 [main] WARN org.apache.jena.riot - [line: 27491, col: 38] Bad IRI: <%3Chttp://www.openlinksw.com/schemas/virtrdf#Geometry%3E> Code: 0/ILLEGAL_CHARACTER in SCHEME: The character violates the grammar rules for URIs/IRIs.
14:14:59.968 [main] WARN org.apache.jena.riot - [line: 27679, col: 38] Bad IRI: <%3Chttp://www.openlinksw.com/schemas/virtrdf#Geometry%3E> Code: 0/ILLEGAL_CHARACTER in SCHEME: The character violates the grammar rules for URIs/IRIs.
14:14:59.969 [main] WARN org.apache.jena.riot - [line: 27769, col: 38] Bad IRI: <%3Chttp://www.openlinksw.com/schemas/virtrdf#Geometry%3E> Code: 0/ILLEGAL_CHARACTER in SCHEME: The character violates the grammar rules for URIs/IRIs.
14:14:59.973 [main] WARN org.apache.jena.riot - [line: 28077, col: 38] Bad IRI: <%3Chttp://www.openlinksw.com/schemas/virtrdf#Geometry%3E> Code: 0/ILLEGAL_CHARACTER in SCHEME: The character violates the grammar rules for URIs/IRIs.
14:14:59.975 [main] WARN org.apache.jena.riot - [line: 28157, col: 38] Bad IRI: <%3Chttp://www.openlinksw.com/schemas/virtrdf#Geometry%3E> Code: 0/ILLEGAL_CHARACTER in SCHEME: The character violates the grammar rules for URIs/IRIs.
14:14:59.977 [main] WARN org.apache.jena.riot - [line: 28329, col: 38] Bad IRI: <%3Chttp://www.openlinksw.com/schemas/virtrdf#Geometry%3E> Code: 0/ILLEGAL_CHARACTER in SCHEME: The character violates the grammar rules for URIs/IRIs.
14:14:59.978 [main] WARN org.apache.jena.riot - [line: 28419, col: 38] Bad IRI: <%3Chttp://www.openlinksw.com/schemas/virtrdf#Geometry%3E> Code: 0/ILLEGAL_CHARACTER in SCHEME: The character violates the grammar rules for URIs/IRIs.
14:14:59.981 [main] WARN org.apache.jena.riot - [line: 28567, col: 38] Bad IRI: <%3Chttp://www.openlinksw.com/schemas/virtrdf#Geometry%3E> Code: 0/ILLEGAL_CHARACTER in SCHEME: The character violates the grammar rules for URIs/IRIs.
14:14:59.982 [main] WARN org.apache.jena.riot - [line: 28602, col: 38] Bad IRI: <%3Chttp://www.openlinksw.com/schemas/virtrdf#Geometry%3E> Code: 0/ILLEGAL_CHARACTER in SCHEME: The character violates the grammar rules for URIs/IRIs.
14:14:59.986 [main] WARN org.apache.jena.riot - [line: 29079, col: 38] Bad IRI: <%3Chttp://www.openlinksw.com/schemas/virtrdf#Geometry%3E> Code: 0/ILLEGAL_CHARACTER in SCHEME: The character violates the grammar rules for URIs/IRIs.
14:14:59.988 [main] WARN org.apache.jena.riot - [line: 29138, col: 38] Bad IRI: <%3Chttp://www.openlinksw.com/schemas/virtrdf#Geometry%3E> Code: 0/ILLEGAL_CHARACTER in SCHEME: The character violates the grammar rules for URIs/IRIs.
14:14:59.992 [main] WARN org.apache.jena.riot - [line: 29425, col: 38] Bad IRI: <%3Chttp://www.openlinksw.com/schemas/virtrdf#Geometry%3E> Code: 0/ILLEGAL_CHARACTER in SCHEME: The character violates the grammar rules for URIs/IRIs.
14:14:59.994 [main] WARN org.apache.jena.riot - [line: 29541, col: 38] Bad IRI: <%3Chttp://www.openlinksw.com/schemas/virtrdf#Geometry%3E> Code: 0/ILLEGAL_CHARACTER in SCHEME: The character violates the grammar rules for URIs/IRIs.
14:14:59.996 [main] WARN org.apache.jena.riot - [line: 29711, col: 38] Bad IRI: <%3Chttp://www.openlinksw.com/schemas/virtrdf#Geometry%3E> Code: 0/ILLEGAL_CHARACTER in SCHEME: The character violates the grammar rules for URIs/IRIs.
14:14:59.997 [main] WARN org.apache.jena.riot - [line: 29797, col: 38] Bad IRI: <%3Chttp://www.openlinksw.com/schemas/virtrdf#Geometry%3E> Code: 0/ILLEGAL_CHARACTER in SCHEME: The character violates the grammar rules for URIs/IRIs.
14:15:00.000 [main] WARN org.apache.jena.riot - [line: 30050, col: 38] Bad IRI: <%3Chttp://www.openlinksw.com/schemas/virtrdf#Geometry%3E> Code: 0/ILLEGAL_CHARACTER in SCHEME: The character violates the grammar rules for URIs/IRIs.
14:15:00.005 [main] WARN org.apache.jena.riot - [line: 30343, col: 38] Bad IRI: <%3Chttp://www.openlinksw.com/schemas/virtrdf#Geometry%3E> Code: 0/ILLEGAL_CHARACTER in SCHEME: The character violates the grammar rules for URIs/IRIs.
14:15:00.006 [main] WARN org.apache.jena.riot - [line: 30395, col: 38] Bad IRI: <%3Chttp://www.openlinksw.com/schemas/virtrdf#Geometry%3E> Code: 0/ILLEGAL_CHARACTER in SCHEME: The character violates the grammar rules for URIs/IRIs.
14:15:00.008 [main] WARN org.apache.jena.riot - [line: 30526, col: 38] Bad IRI: <%3Chttp://www.openlinksw.com/schemas/virtrdf#Geometry%3E> Code: 0/ILLEGAL_CHARACTER in SCHEME: The character violates the grammar rules for URIs/IRIs.
14:15:00.012 [main] WARN org.apache.jena.riot - [line: 31018, col: 38] Bad IRI: <%3Chttp://www.openlinksw.com/schemas/virtrdf#Geometry%3E> Code: 0/ILLEGAL_CHARACTER in SCHEME: The character violates the grammar rules for URIs/IRIs.
14:15:00.013 [main] WARN org.apache.jena.riot - [line: 31117, col: 38] Bad IRI: <%3Chttp://www.openlinksw.com/schemas/virtrdf#Geometry%3E> Code: 0/ILLEGAL_CHARACTER in SCHEME: The character violates the grammar rules for URIs/IRIs.
14:15:00.016 [main] WARN org.apache.jena.riot - [line: 31588, col: 38] Bad IRI: <%3Chttp://www.openlinksw.com/schemas/virtrdf#Geometry%3E> Code: 0/ILLEGAL_CHARACTER in SCHEME: The character violates the grammar rules for URIs/IRIs.
14:15:00.017 [main] WARN org.apache.jena.riot - [line: 31624, col: 38] Bad IRI: <%3Chttp://www.openlinksw.com/schemas/virtrdf#Geometry%3E> Code: 0/ILLEGAL_CHARACTER in SCHEME: The character violates the grammar rules for URIs/IRIs.
14:15:00.020 [main] WARN org.apache.jena.riot - [line: 31952, col: 38] Bad IRI: <%3Chttp://www.openlinksw.com/schemas/virtrdf#Geometry%3E> Code: 0/ILLEGAL_CHARACTER in SCHEME: The character violates the grammar rules for URIs/IRIs.
14:15:00.020 [main] WARN org.apache.jena.riot - [line: 31972, col: 38] Bad IRI: <%3Chttp://www.openlinksw.com/schemas/virtrdf#Geometry%3E> Code: 0/ILLEGAL_CHARACTER in SCHEME: The character violates the grammar rules for URIs/IRIs.
14:15:00.023 [main] WARN org.apache.jena.riot - [line: 32193, col: 38] Bad IRI: <%3Chttp://www.openlinksw.com/schemas/virtrdf#Geometry%3E> Code: 0/ILLEGAL_CHARACTER in SCHEME: The character violates the grammar rules for URIs/IRIs.
14:15:00.024 [main] WARN org.apache.jena.riot - [line: 32236, col: 38] Bad IRI: <%3Chttp://www.openlinksw.com/schemas/virtrdf#Geometry%3E> Code: 0/ILLEGAL_CHARACTER in SCHEME: The character violates the grammar rules for URIs/IRIs.
14:15:00.025 [main] WARN org.apache.jena.riot - [line: 32337, col: 38] Bad IRI: <%3Chttp://www.openlinksw.com/schemas/virtrdf#Geometry%3E> Code: 0/ILLEGAL_CHARACTER in SCHEME: The character violates the grammar rules for URIs/IRIs.
14:15:00.028 [main] WARN org.apache.jena.riot - [line: 32592, col: 38] Bad IRI: <%3Chttp://www.openlinksw.com/schemas/virtrdf#Geometry%3E> Code: 0/ILLEGAL_CHARACTER in SCHEME: The character violates the grammar rules for URIs/IRIs.
14:15:00.029 [main] WARN org.apache.jena.riot - [line: 32723, col: 38] Bad IRI: <%3Chttp://www.openlinksw.com/schemas/virtrdf#Geometry%3E> Code: 0/ILLEGAL_CHARACTER in SCHEME: The character violates the grammar rules for URIs/IRIs.
14:15:00.030 [main] WARN org.apache.jena.riot - [line: 32813, col: 38] Bad IRI: <%3Chttp://www.openlinksw.com/schemas/virtrdf#Geometry%3E> Code: 0/ILLEGAL_CHARACTER in SCHEME: The character violates the grammar rules for URIs/IRIs.
14:15:00.031 [main] WARN org.apache.jena.riot - [line: 32939, col: 38] Bad IRI: <%3Chttp://www.openlinksw.com/schemas/virtrdf#Geometry%3E> Code: 0/ILLEGAL_CHARACTER in SCHEME: The character violates the grammar rules for URIs/IRIs.
14:15:00.033 [main] WARN org.apache.jena.riot - [line: 33034, col: 38] Bad IRI: <%3Chttp://www.openlinksw.com/schemas/virtrdf#Geometry%3E> Code: 0/ILLEGAL_CHARACTER in SCHEME: The character violates the grammar rules for URIs/IRIs.
14:15:00.034 [main] WARN org.apache.jena.riot - [line: 33113, col: 38] Bad IRI: <%3Chttp://www.openlinksw.com/schemas/virtrdf#Geometry%3E> Code: 0/ILLEGAL_CHARACTER in SCHEME: The character violates the grammar rules for URIs/IRIs.
14:15:00.036 [main] WARN org.apache.jena.riot - [line: 33354, col: 38] Bad IRI: <%3Chttp://www.openlinksw.com/schemas/virtrdf#Geometry%3E> Code: 0/ILLEGAL_CHARACTER in SCHEME: The character violates the grammar rules for URIs/IRIs.
14:15:00.036 [main] WARN org.apache.jena.riot - [line: 33378, col: 38] Bad IRI: <%3Chttp://www.openlinksw.com/schemas/virtrdf#Geometry%3E> Code: 0/ILLEGAL_CHARACTER in SCHEME: The character violates the grammar rules for URIs/IRIs.
14:15:00.047 [main] WARN org.apache.jena.riot - [line: 35122, col: 38] Bad IRI: <%3Chttp://www.openlinksw.com/schemas/virtrdf#Geometry%3E> Code: 0/ILLEGAL_CHARACTER in SCHEME: The character violates the grammar rules for URIs/IRIs.
14:15:00.048 [main] WARN org.apache.jena.riot - [line: 35159, col: 38] Bad IRI: <%3Chttp://www.openlinksw.com/schemas/virtrdf#Geometry%3E> Code: 0/ILLEGAL_CHARACTER in SCHEME: The character violates the grammar rules for URIs/IRIs.
14:15:00.053 [main] WARN org.apache.jena.riot - [line: 35828, col: 38] Bad IRI: <%3Chttp://www.openlinksw.com/schemas/virtrdf#Geometry%3E> Code: 0/ILLEGAL_CHARACTER in SCHEME: The character violates the grammar rules for URIs/IRIs.
14:15:00.053 [main] WARN org.apache.jena.riot - [line: 35881, col: 38] Bad IRI: <%3Chttp://www.openlinksw.com/schemas/virtrdf#Geometry%3E> Code: 0/ILLEGAL_CHARACTER in SCHEME: The character violates the grammar rules for URIs/IRIs.
14:15:00.055 [main] WARN org.apache.jena.riot - [line: 36016, col: 38] Bad IRI: <%3Chttp://www.openlinksw.com/schemas/virtrdf#Geometry%3E> Code: 0/ILLEGAL_CHARACTER in SCHEME: The character violates the grammar rules for URIs/IRIs.
14:15:00.057 [main] WARN org.apache.jena.riot - [line: 36128, col: 38] Bad IRI: <%3Chttp://www.openlinksw.com/schemas/virtrdf#Geometry%3E> Code: 0/ILLEGAL_CHARACTER in SCHEME: The character violates the grammar rules for URIs/IRIs.
14:15:00.059 [main] WARN org.apache.jena.riot - [line: 36232, col: 38] Bad IRI: <%3Chttp://www.openlinksw.com/schemas/virtrdf#Geometry%3E> Code: 0/ILLEGAL_CHARACTER in SCHEME: The character violates the grammar rules for URIs/IRIs.
14:15:00.060 [main] WARN org.apache.jena.riot - [line: 36301, col: 38] Bad IRI: <%3Chttp://www.openlinksw.com/schemas/virtrdf#Geometry%3E> Code: 0/ILLEGAL_CHARACTER in SCHEME: The character violates the grammar rules for URIs/IRIs.
14:15:00.063 [main] WARN org.apache.jena.riot - [line: 36762, col: 38] Bad IRI: <%3Chttp://www.openlinksw.com/schemas/virtrdf#Geometry%3E> Code: 0/ILLEGAL_CHARACTER in SCHEME: The character violates the grammar rules for URIs/IRIs.
14:15:00.064 [main] WARN org.apache.jena.riot - [line: 36829, col: 38] Bad IRI: <%3Chttp://www.openlinksw.com/schemas/virtrdf#Geometry%3E> Code: 0/ILLEGAL_CHARACTER in SCHEME: The character violates the grammar rules for URIs/IRIs.
14:15:00.066 [main] WARN org.apache.jena.riot - [line: 37094, col: 38] Bad IRI: <%3Chttp://www.openlinksw.com/schemas/virtrdf#Geometry%3E> Code: 0/ILLEGAL_CHARACTER in SCHEME: The character violates the grammar rules for URIs/IRIs.
14:15:00.067 [main] WARN org.apache.jena.riot - [line: 37180, col: 38] Bad IRI: <%3Chttp://www.openlinksw.com/schemas/virtrdf#Geometry%3E> Code: 0/ILLEGAL_CHARACTER in SCHEME: The character violates the grammar rules for URIs/IRIs.
14:15:00.069 [main] WARN org.apache.jena.riot - [line: 37325, col: 38] Bad IRI: <%3Chttp://www.openlinksw.com/schemas/virtrdf#Geometry%3E> Code: 0/ILLEGAL_CHARACTER in SCHEME: The character violates the grammar rules for URIs/IRIs.
14:15:00.071 [main] WARN org.apache.jena.riot - [line: 37653, col: 38] Bad IRI: <%3Chttp://www.openlinksw.com/schemas/virtrdf#Geometry%3E> Code: 0/ILLEGAL_CHARACTER in SCHEME: The character violates the grammar rules for URIs/IRIs.
14:15:00.072 [main] WARN org.apache.jena.riot - [line: 37731, col: 38] Bad IRI: <%3Chttp://www.openlinksw.com/schemas/virtrdf#Geometry%3E> Code: 0/ILLEGAL_CHARACTER in SCHEME: The character violates the grammar rules for URIs/IRIs.
14:15:00.074 [main] WARN org.apache.jena.riot - [line: 37925, col: 38] Bad IRI: <%3Chttp://www.openlinksw.com/schemas/virtrdf#Geometry%3E> Code: 0/ILLEGAL_CHARACTER in SCHEME: The character violates the grammar rules for URIs/IRIs.
14:15:00.075 [main] WARN org.apache.jena.riot - [line: 37991, col: 38] Bad IRI: <%3Chttp://www.openlinksw.com/schemas/virtrdf#Geometry%3E> Code: 0/ILLEGAL_CHARACTER in SCHEME: The character violates the grammar rules for URIs/IRIs.
14:15:00.076 [main] WARN org.apache.jena.riot - [line: 38133, col: 38] Bad IRI: <%3Chttp://www.openlinksw.com/schemas/virtrdf#Geometry%3E> Code: 0/ILLEGAL_CHARACTER in SCHEME: The character violates the grammar rules for URIs/IRIs.
14:15:00.078 [main] WARN org.apache.jena.riot - [line: 38301, col: 38] Bad IRI: <%3Chttp://www.openlinksw.com/schemas/virtrdf#Geometry%3E> Code: 0/ILLEGAL_CHARACTER in SCHEME: The character violates the grammar rules for URIs/IRIs.
14:15:00.079 [main] WARN org.apache.jena.riot - [line: 38338, col: 38] Bad IRI: <%3Chttp://www.openlinksw.com/schemas/virtrdf#Geometry%3E> Code: 0/ILLEGAL_CHARACTER in SCHEME: The character violates the grammar rules for URIs/IRIs.
14:15:00.081 [main] WARN org.apache.jena.riot - [line: 38462, col: 38] Bad IRI: <%3Chttp://www.openlinksw.com/schemas/virtrdf#Geometry%3E> Code: 0/ILLEGAL_CHARACTER in SCHEME: The character violates the grammar rules for URIs/IRIs.
14:15:00.082 [main] WARN org.apache.jena.riot - [line: 38621, col: 38] Bad IRI: <%3Chttp://www.openlinksw.com/schemas/virtrdf#Geometry%3E> Code: 0/ILLEGAL_CHARACTER in SCHEME: The character violates the grammar rules for URIs/IRIs.
14:15:00.083 [main] WARN org.apache.jena.riot - [line: 38686, col: 38] Bad IRI: <%3Chttp://www.openlinksw.com/schemas/virtrdf#Geometry%3E> Code: 0/ILLEGAL_CHARACTER in SCHEME: The character violates the grammar rules for URIs/IRIs.
14:15:00.084 [main] WARN org.apache.jena.riot - [line: 38780, col: 38] Bad IRI: <%3Chttp://www.openlinksw.com/schemas/virtrdf#Geometry%3E> Code: 0/ILLEGAL_CHARACTER in SCHEME: The character violates the grammar rules for URIs/IRIs.
14:15:00.085 [main] WARN org.apache.jena.riot - [line: 38931, col: 38] Bad IRI: <%3Chttp://www.openlinksw.com/schemas/virtrdf#Geometry%3E> Code: 0/ILLEGAL_CHARACTER in SCHEME: The character violates the grammar rules for URIs/IRIs.
14:15:00.086 [main] WARN org.apache.jena.riot - [line: 39002, col: 38] Bad IRI: <%3Chttp://www.openlinksw.com/schemas/virtrdf#Geometry%3E> Code: 0/ILLEGAL_CHARACTER in SCHEME: The character violates the grammar rules for URIs/IRIs.
14:15:00.088 [main] WARN org.apache.jena.riot - [line: 39287, col: 38] Bad IRI: <%3Chttp://www.openlinksw.com/schemas/virtrdf#Geometry%3E> Code: 0/ILLEGAL_CHARACTER in SCHEME: The character violates the grammar rules for URIs/IRIs.
14:15:00.088 [main] WARN org.apache.jena.riot - [line: 39333, col: 38] Bad IRI: <%3Chttp://www.openlinksw.com/schemas/virtrdf#Geometry%3E> Code: 0/ILLEGAL_CHARACTER in SCHEME: The character violates the grammar rules for URIs/IRIs.
14:15:00.091 [main] WARN org.apache.jena.riot - [line: 39735, col: 38] Bad IRI: <%3Chttp://www.openlinksw.com/schemas/virtrdf#Geometry%3E> Code: 0/ILLEGAL_CHARACTER in SCHEME: The character violates the grammar rules for URIs/IRIs.
14:15:00.092 [main] WARN org.apache.jena.riot - [line: 39836, col: 38] Bad IRI: <%3Chttp://www.openlinksw.com/schemas/virtrdf#Geometry%3E> Code: 0/ILLEGAL_CHARACTER in SCHEME: The character violates the grammar rules for URIs/IRIs.
14:15:00.095 [main] WARN org.apache.jena.riot - [line: 40183, col: 38] Bad IRI: <%3Chttp://www.openlinksw.com/schemas/virtrdf#Geometry%3E> Code: 0/ILLEGAL_CHARACTER in SCHEME: The character violates the grammar rules for URIs/IRIs.
14:15:00.096 [main] WARN org.apache.jena.riot - [line: 40277, col: 38] Bad IRI: <%3Chttp://www.openlinksw.com/schemas/virtrdf#Geometry%3E> Code: 0/ILLEGAL_CHARACTER in SCHEME: The character violates the grammar rules for URIs/IRIs.
14:15:00.097 [main] WARN org.apache.jena.riot - [line: 40405, col: 38] Bad IRI: <%3Chttp://www.openlinksw.com/schemas/virtrdf#Geometry%3E> Code: 0/ILLEGAL_CHARACTER in SCHEME: The character violates the grammar rules for URIs/IRIs.
14:15:00.097 [main] WARN org.apache.jena.riot - [line: 40445, col: 38] Bad IRI: <%3Chttp://www.openlinksw.com/schemas/virtrdf#Geometry%3E> Code: 0/ILLEGAL_CHARACTER in SCHEME: The character violates the grammar rules for URIs/IRIs.
14:15:00.099 [main] WARN org.apache.jena.riot - [line: 40608, col: 38] Bad IRI: <%3Chttp://www.openlinksw.com/schemas/virtrdf#Geometry%3E> Code: 0/ILLEGAL_CHARACTER in SCHEME: The character violates the grammar rules for URIs/IRIs.
14:15:00.099 [main] WARN org.apache.jena.riot - [line: 40676, col: 38] Bad IRI: <%3Chttp://www.openlinksw.com/schemas/virtrdf#Geometry%3E> Code: 0/ILLEGAL_CHARACTER in SCHEME: The character violates the grammar rules for URIs/IRIs.
14:15:00.101 [main] WARN org.apache.jena.riot - [line: 40823, col: 38] Bad IRI: <%3Chttp://www.openlinksw.com/schemas/virtrdf#Geometry%3E> Code: 0/ILLEGAL_CHARACTER in SCHEME: The character violates the grammar rules for URIs/IRIs.
14:15:00.102 [main] WARN org.apache.jena.riot - [line: 40956, col: 38] Bad IRI: <%3Chttp://www.openlinksw.com/schemas/virtrdf#Geometry%3E> Code: 0/ILLEGAL_CHARACTER in SCHEME: The character violates the grammar rules for URIs/IRIs.
14:15:00.103 [main] WARN org.apache.jena.riot - [line: 41063, col: 38] Bad IRI: <%3Chttp://www.openlinksw.com/schemas/virtrdf#Geometry%3E> Code: 0/ILLEGAL_CHARACTER in SCHEME: The character violates the grammar rules for URIs/IRIs.
14:15:00.104 [main] WARN org.apache.jena.riot - [line: 41140, col: 38] Bad IRI: <%3Chttp://www.openlinksw.com/schemas/virtrdf#Geometry%3E> Code: 0/ILLEGAL_CHARACTER in SCHEME: The character violates the grammar rules for URIs/IRIs.
14:15:00.105 [main] WARN org.apache.jena.riot - [line: 41247, col: 38] Bad IRI: <%3Chttp://www.openlinksw.com/schemas/virtrdf#Geometry%3E> Code: 0/ILLEGAL_CHARACTER in SCHEME: The character violates the grammar rules for URIs/IRIs.
14:15:00.109 [main] WARN org.apache.jena.riot - [line: 41479, col: 38] Bad IRI: <%3Chttp://www.openlinksw.com/schemas/virtrdf#Geometry%3E> Code: 0/ILLEGAL_CHARACTER in SCHEME: The character violates the grammar rules for URIs/IRIs.
14:15:00.109 [main] WARN org.apache.jena.riot - [line: 41542, col: 38] Bad IRI: <%3Chttp://www.openlinksw.com/schemas/virtrdf#Geometry%3E> Code: 0/ILLEGAL_CHARACTER in SCHEME: The character violates the grammar rules for URIs/IRIs.
14:15:00.111 [main] WARN org.apache.jena.riot - [line: 41876, col: 38] Bad IRI: <%3Chttp://www.openlinksw.com/schemas/virtrdf#Geometry%3E> Code: 0/ILLEGAL_CHARACTER in SCHEME: The character violates the grammar rules for URIs/IRIs.
14:15:00.112 [main] WARN org.apache.jena.riot - [line: 41987, col: 38] Bad IRI: <%3Chttp://www.openlinksw.com/schemas/virtrdf#Geometry%3E> Code: 0/ILLEGAL_CHARACTER in SCHEME: The character violates the grammar rules for URIs/IRIs.
14:15:00.114 [main] WARN org.apache.jena.riot - [line: 42277, col: 38] Bad IRI: <%3Chttp://www.openlinksw.com/schemas/virtrdf#Geometry%3E> Code: 0/ILLEGAL_CHARACTER in SCHEME: The character violates the grammar rules for URIs/IRIs.
14:15:00.116 [main] WARN org.apache.jena.riot - [line: 42416, col: 38] Bad IRI: <%3Chttp://www.openlinksw.com/schemas/virtrdf#Geometry%3E> Code: 0/ILLEGAL_CHARACTER in SCHEME: The character violates the grammar rules for URIs/IRIs.
14:15:00.117 [main] WARN org.apache.jena.riot - [line: 42585, col: 38] Bad IRI: <%3Chttp://www.openlinksw.com/schemas/virtrdf#Geometry%3E> Code: 0/ILLEGAL_CHARACTER in SCHEME: The character violates the grammar rules for URIs/IRIs.
14:15:00.118 [main] WARN org.apache.jena.riot - [line: 42684, col: 38] Bad IRI: <%3Chttp://www.openlinksw.com/schemas/virtrdf#Geometry%3E> Code: 0/ILLEGAL_CHARACTER in SCHEME: The character violates the grammar rules for URIs/IRIs.
14:15:00.121 [main] WARN org.apache.jena.riot - [line: 42930, col: 38] Bad IRI: <%3Chttp://www.openlinksw.com/schemas/virtrdf#Geometry%3E> Code: 0/ILLEGAL_CHARACTER in SCHEME: The character violates the grammar rules for URIs/IRIs.
14:15:00.121 [main] WARN org.apache.jena.riot - [line: 43059, col: 38] Bad IRI: <%3Chttp://www.openlinksw.com/schemas/virtrdf#Geometry%3E> Code: 0/ILLEGAL_CHARACTER in SCHEME: The character violates the grammar rules for URIs/IRIs.
14:15:00.123 [main] WARN org.apache.jena.riot - [line: 43206, col: 38] Bad IRI: <%3Chttp://www.openlinksw.com/schemas/virtrdf#Geometry%3E> Code: 0/ILLEGAL_CHARACTER in SCHEME: The character violates the grammar rules for URIs/IRIs.
14:15:00.124 [main] WARN org.apache.jena.riot - [line: 43326, col: 38] Bad IRI: <%3Chttp://www.openlinksw.com/schemas/virtrdf#Geometry%3E> Code: 0/ILLEGAL_CHARACTER in SCHEME: The character violates the grammar rules for URIs/IRIs.
14:15:00.125 [main] WARN org.apache.jena.riot - [line: 43415, col: 38] Bad IRI: <%3Chttp://www.openlinksw.com/schemas/virtrdf#Geometry%3E> Code: 0/ILLEGAL_CHARACTER in SCHEME: The character violates the grammar rules for URIs/IRIs.
14:15:00.128 [main] WARN org.apache.jena.riot - [line: 43507, col: 38] Bad IRI: <%3Chttp://www.openlinksw.com/schemas/virtrdf#Geometry%3E> Code: 0/ILLEGAL_CHARACTER in SCHEME: The character violates the grammar rules for URIs/IRIs.
14:15:00.129 [main] WARN org.apache.jena.riot - [line: 43674, col: 38] Bad IRI: <%3Chttp://www.openlinksw.com/schemas/virtrdf#Geometry%3E> Code: 0/ILLEGAL_CHARACTER in SCHEME: The character violates the grammar rules for URIs/IRIs.
14:15:00.130 [main] WARN org.apache.jena.riot - [line: 43768, col: 38] Bad IRI: <%3Chttp://www.openlinksw.com/schemas/virtrdf#Geometry%3E> Code: 0/ILLEGAL_CHARACTER in SCHEME: The character violates the grammar rules for URIs/IRIs.
14:15:00.131 [main] WARN org.apache.jena.riot - [line: 43961, col: 38] Bad IRI: <%3Chttp://www.openlinksw.com/schemas/virtrdf#Geometry%3E> Code: 0/ILLEGAL_CHARACTER in SCHEME: The character violates the grammar rules for URIs/IRIs.
14:15:00.132 [main] WARN org.apache.jena.riot - [line: 44003, col: 38] Bad IRI: <%3Chttp://www.openlinksw.com/schemas/virtrdf#Geometry%3E> Code: 0/ILLEGAL_CHARACTER in SCHEME: The character violates the grammar rules for URIs/IRIs.
14:15:00.134 [main] WARN org.apache.jena.riot - [line: 44232, col: 38] Bad IRI: <%3Chttp://www.openlinksw.com/schemas/virtrdf#Geometry%3E> Code: 0/ILLEGAL_CHARACTER in SCHEME: The character violates the grammar rules for URIs/IRIs.
14:15:00.134 [main] WARN org.apache.jena.riot - [line: 44294, col: 38] Bad IRI: <%3Chttp://www.openlinksw.com/schemas/virtrdf#Geometry%3E> Code: 0/ILLEGAL_CHARACTER in SCHEME: The character violates the grammar rules for URIs/IRIs.
14:15:00.135 [main] WARN org.apache.jena.riot - [line: 44460, col: 38] Bad IRI: <%3Chttp://www.openlinksw.com/schemas/virtrdf#Geometry%3E> Code: 0/ILLEGAL_CHARACTER in SCHEME: The character violates the grammar rules for URIs/IRIs.
14:15:00.136 [main] WARN org.apache.jena.riot - [line: 44633, col: 38] Bad IRI: <%3Chttp://www.openlinksw.com/schemas/virtrdf#Geometry%3E> Code: 0/ILLEGAL_CHARACTER in SCHEME: The character violates the grammar rules for URIs/IRIs.
14:15:00.137 [main] WARN org.apache.jena.riot - [line: 44728, col: 38] Bad IRI: <%3Chttp://www.openlinksw.com/schemas/virtrdf#Geometry%3E> Code: 0/ILLEGAL_CHARACTER in SCHEME: The character violates the grammar rules for URIs/IRIs.
14:15:00.149 [main] WARN org.apache.jena.riot - [line: 45341, col: 38] Bad IRI: <%3Chttp://www.openlinksw.com/schemas/virtrdf#Geometry%3E> Code: 0/ILLEGAL_CHARACTER in SCHEME: The character violates the grammar rules for URIs/IRIs.
14:15:00.150 [main] WARN org.apache.jena.riot - [line: 45417, col: 38] Bad IRI: <%3Chttp://www.openlinksw.com/schemas/virtrdf#Geometry%3E> Code: 0/ILLEGAL_CHARACTER in SCHEME: The character violates the grammar rules for URIs/IRIs.
14:15:00.151 [main] WARN org.apache.jena.riot - [line: 45667, col: 38] Bad IRI: <%3Chttp://www.openlinksw.com/schemas/virtrdf#Geometry%3E> Code: 0/ILLEGAL_CHARACTER in SCHEME: The character violates the grammar rules for URIs/IRIs.
14:15:00.153 [main] WARN org.apache.jena.riot - [line: 45762, col: 38] Bad IRI: <%3Chttp://www.openlinksw.com/schemas/virtrdf#Geometry%3E> Code: 0/ILLEGAL_CHARACTER in SCHEME: The character violates the grammar rules for URIs/IRIs.
14:15:00.158 [main] WARN org.apache.jena.riot - [line: 46350, col: 38] Bad IRI: <%3Chttp://www.openlinksw.com/schemas/virtrdf#Geometry%3E> Code: 0/ILLEGAL_CHARACTER in SCHEME: The character violates the grammar rules for URIs/IRIs.
14:15:00.158 [main] WARN org.apache.jena.riot - [line: 46425, col: 38] Bad IRI: <%3Chttp://www.openlinksw.com/schemas/virtrdf#Geometry%3E> Code: 0/ILLEGAL_CHARACTER in SCHEME: The character violates the grammar rules for URIs/IRIs.
14:15:00.161 [main] WARN org.apache.jena.riot - [line: 46685, col: 38] Bad IRI: <%3Chttp://www.openlinksw.com/schemas/virtrdf#Geometry%3E> Code: 0/ILLEGAL_CHARACTER in SCHEME: The character violates the grammar rules for URIs/IRIs.
14:15:00.162 [main] WARN org.apache.jena.riot - [line: 46776, col: 38] Bad IRI: <%3Chttp://www.openlinksw.com/schemas/virtrdf#Geometry%3E> Code: 0/ILLEGAL_CHARACTER in SCHEME: The character violates the grammar rules for URIs/IRIs.
14:15:00.163 [main] WARN org.apache.jena.riot - [line: 46875, col: 38] Bad IRI: <%3Chttp://www.openlinksw.com/schemas/virtrdf#Geometry%3E> Code: 0/ILLEGAL_CHARACTER in SCHEME: The character violates the grammar rules for URIs/IRIs.
14:15:00.164 [main] WARN org.apache.jena.riot - [line: 46989, col: 38] Bad IRI: <%3Chttp://www.openlinksw.com/schemas/virtrdf#Geometry%3E> Code: 0/ILLEGAL_CHARACTER in SCHEME: The character violates the grammar rules for URIs/IRIs.
14:15:00.169 [main] WARN org.apache.jena.riot - [line: 47640, col: 38] Bad IRI: <%3Chttp://www.openlinksw.com/schemas/virtrdf#Geometry%3E> Code: 0/ILLEGAL_CHARACTER in SCHEME: The character violates the grammar rules for URIs/IRIs.
14:15:00.170 [main] WARN org.apache.jena.riot - [line: 47720, col: 38] Bad IRI: <%3Chttp://www.openlinksw.com/schemas/virtrdf#Geometry%3E> Code: 0/ILLEGAL_CHARACTER in SCHEME: The character violates the grammar rules for URIs/IRIs.
14:15:00.174 [main] WARN org.apache.jena.riot - [line: 48269, col: 38] Bad IRI: <%3Chttp://www.openlinksw.com/schemas/virtrdf#Geometry%3E> Code: 0/ILLEGAL_CHARACTER in SCHEME: The character violates the grammar rules for URIs/IRIs.
14:15:00.175 [main] WARN org.apache.jena.riot - [line: 48318, col: 38] Bad IRI: <%3Chttp://www.openlinksw.com/schemas/virtrdf#Geometry%3E> Code: 0/ILLEGAL_CHARACTER in SCHEME: The character violates the grammar rules for URIs/IRIs.
14:15:00.176 [main] WARN org.apache.jena.riot - [line: 48462, col: 38] Bad IRI: <%3Chttp://www.openlinksw.com/schemas/virtrdf#Geometry%3E> Code: 0/ILLEGAL_CHARACTER in SCHEME: The character violates the grammar rules for URIs/IRIs.
14:15:00.177 [main] WARN org.apache.jena.riot - [line: 48584, col: 38] Bad IRI: <%3Chttp://www.openlinksw.com/schemas/virtrdf#Geometry%3E> Code: 0/ILLEGAL_CHARACTER in SCHEME: The character violates the grammar rules for URIs/IRIs.
14:15:00.179 [main] WARN org.apache.jena.riot - [line: 48700, col: 38] Bad IRI: <%3Chttp://www.openlinksw.com/schemas/virtrdf#Geometry%3E> Code: 0/ILLEGAL_CHARACTER in SCHEME: The character violates the grammar rules for URIs/IRIs.
14:15:00.181 [main] WARN org.apache.jena.riot - [line: 48917, col: 38] Bad IRI: <%3Chttp://www.openlinksw.com/schemas/virtrdf#Geometry%3E> Code: 0/ILLEGAL_CHARACTER in SCHEME: The character violates the grammar rules for URIs/IRIs.
14:15:00.182 [main] WARN org.apache.jena.riot - [line: 49014, col: 38] Bad IRI: <%3Chttp://www.openlinksw.com/schemas/virtrdf#Geometry%3E> Code: 0/ILLEGAL_CHARACTER in SCHEME: The character violates the grammar rules for URIs/IRIs.
14:15:00.183 [main] WARN org.apache.jena.riot - [line: 49071, col: 38] Bad IRI: <%3Chttp://www.openlinksw.com/schemas/virtrdf#Geometry%3E> Code: 0/ILLEGAL_CHARACTER in SCHEME: The character violates the grammar rules for URIs/IRIs.
14:15:00.186 [main] WARN org.apache.jena.riot - [line: 49433, col: 38] Bad IRI: <%3Chttp://www.openlinksw.com/schemas/virtrdf#Geometry%3E> Code: 0/ILLEGAL_CHARACTER in SCHEME: The character violates the grammar rules for URIs/IRIs.
14:15:00.186 [main] WARN org.apache.jena.riot - [line: 49478, col: 38] Bad IRI: <%3Chttp://www.openlinksw.com/schemas/virtrdf#Geometry%3E> Code: 0/ILLEGAL_CHARACTER in SCHEME: The character violates the grammar rules for URIs/IRIs.
14:15:00.188 [main] WARN org.apache.jena.riot - [line: 49668, col: 38] Bad IRI: <%3Chttp://www.openlinksw.com/schemas/virtrdf#Geometry%3E> Code: 0/ILLEGAL_CHARACTER in SCHEME: The character violates the grammar rules for URIs/IRIs.
14:15:00.190 [main] WARN org.apache.jena.riot - [line: 49785, col: 38] Bad IRI: <%3Chttp://www.openlinksw.com/schemas/virtrdf#Geometry%3E> Code: 0/ILLEGAL_CHARACTER in SCHEME: The character violates the grammar rules for URIs/IRIs.
14:15:00.193 [main] WARN org.apache.jena.riot - [line: 50264, col: 38] Bad IRI: <%3Chttp://www.openlinksw.com/schemas/virtrdf#Geometry%3E> Code: 0/ILLEGAL_CHARACTER in SCHEME: The character violates the grammar rules for URIs/IRIs.
14:15:00.194 [main] WARN org.apache.jena.riot - [line: 50299, col: 38] Bad IRI: <%3Chttp://www.openlinksw.com/schemas/virtrdf#Geometry%3E> Code: 0/ILLEGAL_CHARACTER in SCHEME: The character violates the grammar rules for URIs/IRIs.
14:15:00.199 [main] WARN org.apache.jena.riot - [line: 50641, col: 38] Bad IRI: <%3Chttp://www.openlinksw.com/schemas/virtrdf#Geometry%3E> Code: 0/ILLEGAL_CHARACTER in SCHEME: The character violates the grammar rules for URIs/IRIs.
14:15:00.200 [main] WARN org.apache.jena.riot - [line: 50701, col: 38] Bad IRI: <%3Chttp://www.openlinksw.com/schemas/virtrdf#Geometry%3E> Code: 0/ILLEGAL_CHARACTER in SCHEME: The character violates the grammar rules for URIs/IRIs.
14:15:00.204 [main] WARN org.apache.jena.riot - [line: 51287, col: 38] Bad IRI: <%3Chttp://www.openlinksw.com/schemas/virtrdf#Geometry%3E> Code: 0/ILLEGAL_CHARACTER in SCHEME: The character violates the grammar rules for URIs/IRIs.
14:15:00.205 [main] WARN org.apache.jena.riot - [line: 51351, col: 38] Bad IRI: <%3Chttp://www.openlinksw.com/schemas/virtrdf#Geometry%3E> Code: 0/ILLEGAL_CHARACTER in SCHEME: The character violates the grammar rules for URIs/IRIs.
14:15:00.211 [main] WARN org.apache.jena.riot - [line: 51807, col: 38] Bad IRI: <%3Chttp://www.openlinksw.com/schemas/virtrdf#Geometry%3E> Code: 0/ILLEGAL_CHARACTER in SCHEME: The character violates the grammar rules for URIs/IRIs.
14:15:00.211 [main] WARN org.apache.jena.riot - [line: 51827, col: 38] Bad IRI: <%3Chttp://www.openlinksw.com/schemas/virtrdf#Geometry%3E> Code: 0/ILLEGAL_CHARACTER in SCHEME: The character violates the grammar rules for URIs/IRIs.
14:15:00.212 [main] WARN org.apache.jena.riot - [line: 51963, col: 38] Bad IRI: <%3Chttp://www.openlinksw.com/schemas/virtrdf#Geometry%3E> Code: 0/ILLEGAL_CHARACTER in SCHEME: The character violates the grammar rules for URIs/IRIs.
14:15:00.213 [main] WARN org.apache.jena.riot - [line: 52033, col: 38] Bad IRI: <%3Chttp://www.openlinksw.com/schemas/virtrdf#Geometry%3E> Code: 0/ILLEGAL_CHARACTER in SCHEME: The character violates the grammar rules for URIs/IRIs.
14:15:00.214 [main] WARN org.apache.jena.riot - [line: 52194, col: 38] Bad IRI: <%3Chttp://www.openlinksw.com/schemas/virtrdf#Geometry%3E> Code: 0/ILLEGAL_CHARACTER in SCHEME: The character violates the grammar rules for URIs/IRIs.
14:15:00.215 [main] WARN org.apache.jena.riot - [line: 52457, col: 38] Bad IRI: <%3Chttp://www.openlinksw.com/schemas/virtrdf#Geometry%3E> Code: 0/ILLEGAL_CHARACTER in SCHEME: The character violates the grammar rules for URIs/IRIs.
14:15:00.216 [main] WARN org.apache.jena.riot - [line: 52535, col: 38] Bad IRI: <%3Chttp://www.openlinksw.com/schemas/virtrdf#Geometry%3E> Code: 0/ILLEGAL_CHARACTER in SCHEME: The character violates the grammar rules for URIs/IRIs.
14:15:00.218 [main] WARN org.apache.jena.riot - [line: 52773, col: 38] Bad IRI: <%3Chttp://www.openlinksw.com/schemas/virtrdf#Geometry%3E> Code: 0/ILLEGAL_CHARACTER in SCHEME: The character violates the grammar rules for URIs/IRIs.
14:15:00.219 [main] WARN org.apache.jena.riot - [line: 52834, col: 38] Bad IRI: <%3Chttp://www.openlinksw.com/schemas/virtrdf#Geometry%3E> Code: 0/ILLEGAL_CHARACTER in SCHEME: The character violates the grammar rules for URIs/IRIs.
14:15:00.220 [main] WARN org.apache.jena.riot - [line: 53034, col: 38] Bad IRI: <%3Chttp://www.openlinksw.com/schemas/virtrdf#Geometry%3E> Code: 0/ILLEGAL_CHARACTER in SCHEME: The character violates the grammar rules for URIs/IRIs.
14:15:00.223 [main] WARN org.apache.jena.riot - [line: 53221, col: 38] Bad IRI: <%3Chttp://www.openlinksw.com/schemas/virtrdf#Geometry%3E> Code: 0/ILLEGAL_CHARACTER in SCHEME: The character violates the grammar rules for URIs/IRIs.
14:15:00.223 [main] WARN org.apache.jena.riot - [line: 53258, col: 38] Bad IRI: <%3Chttp://www.openlinksw.com/schemas/virtrdf#Geometry%3E> Code: 0/ILLEGAL_CHARACTER in SCHEME: The character violates the grammar rules for URIs/IRIs.
14:15:00.225 [main] WARN org.apache.jena.riot - [line: 53376, col: 38] Bad IRI: <%3Chttp://www.openlinksw.com/schemas/virtrdf#Geometry%3E> Code: 0/ILLEGAL_CHARACTER in SCHEME: The character violates the grammar rules for URIs/IRIs.
14:15:00.225 [main] WARN org.apache.jena.riot - [line: 53454, col: 38] Bad IRI: <%3Chttp://www.openlinksw.com/schemas/virtrdf#Geometry%3E> Code: 0/ILLEGAL_CHARACTER in SCHEME: The character violates the grammar rules for URIs/IRIs.
14:15:00.228 [main] WARN org.apache.jena.riot - [line: 53673, col: 38] Bad IRI: <%3Chttp://www.openlinksw.com/schemas/virtrdf#Geometry%3E> Code: 0/ILLEGAL_CHARACTER in SCHEME: The character violates the grammar rules for URIs/IRIs.
14:15:00.228 [main] WARN org.apache.jena.riot - [line: 53790, col: 38] Bad IRI: <%3Chttp://www.openlinksw.com/schemas/virtrdf#Geometry%3E> Code: 0/ILLEGAL_CHARACTER in SCHEME: The character violates the grammar rules for URIs/IRIs.
14:15:00.231 [main] WARN org.apache.jena.riot - [line: 54220, col: 38] Bad IRI: <%3Chttp://www.openlinksw.com/schemas/virtrdf#Geometry%3E> Code: 0/ILLEGAL_CHARACTER in SCHEME: The character violates the grammar rules for URIs/IRIs.
14:15:00.233 [main] WARN org.apache.jena.riot - [line: 54345, col: 38] Bad IRI: <%3Chttp://www.openlinksw.com/schemas/virtrdf#Geometry%3E> Code: 0/ILLEGAL_CHARACTER in SCHEME: The character violates the grammar rules for URIs/IRIs.
14:15:00.235 [main] WARN org.apache.jena.riot - [line: 54555, col: 38] Bad IRI: <%3Chttp://www.openlinksw.com/schemas/virtrdf#Geometry%3E> Code: 0/ILLEGAL_CHARACTER in SCHEME: The character violates the grammar rules for URIs/IRIs.
14:15:00.236 [main] WARN org.apache.jena.riot - [line: 54768, col: 38] Bad IRI: <%3Chttp://www.openlinksw.com/schemas/virtrdf#Geometry%3E> Code: 0/ILLEGAL_CHARACTER in SCHEME: The character violates the grammar rules for URIs/IRIs.
14:15:00.237 [main] WARN org.apache.jena.riot - [line: 54856, col: 38] Bad IRI: <%3Chttp://www.openlinksw.com/schemas/virtrdf#Geometry%3E> Code: 0/ILLEGAL_CHARACTER in SCHEME: The character violates the grammar rules for URIs/IRIs.
14:15:00.239 [main] WARN org.apache.jena.riot - [line: 55124, col: 38] Bad IRI: <%3Chttp://www.openlinksw.com/schemas/virtrdf#Geometry%3E> Code: 0/ILLEGAL_CHARACTER in SCHEME: The character violates the grammar rules for URIs/IRIs.
14:15:00.239 [main] WARN org.apache.jena.riot - [line: 55145, col: 38] Bad IRI: <%3Chttp://www.openlinksw.com/schemas/virtrdf#Geometry%3E> Code: 0/ILLEGAL_CHARACTER in SCHEME: The character violates the grammar rules for URIs/IRIs.
14:15:00.241 [main] WARN org.apache.jena.riot - [line: 55411, col: 38] Bad IRI: <%3Chttp://www.openlinksw.com/schemas/virtrdf#Geometry%3E> Code: 0/ILLEGAL_CHARACTER in SCHEME: The character violates the grammar rules for URIs/IRIs.
14:15:00.242 [main] WARN org.apache.jena.riot - [line: 55454, col: 38] Bad IRI: <%3Chttp://www.openlinksw.com/schemas/virtrdf#Geometry%3E> Code: 0/ILLEGAL_CHARACTER in SCHEME: The character violates the grammar rules for URIs/IRIs.
14:15:00.242 [main] WARN org.apache.jena.riot - [line: 55559, col: 38] Bad IRI: <%3Chttp://www.openlinksw.com/schemas/virtrdf#Geometry%3E> Code: 0/ILLEGAL_CHARACTER in SCHEME: The character violates the grammar rules for URIs/IRIs.
14:15:00.243 [main] WARN org.apache.jena.riot - [line: 55585, col: 38] Bad IRI: <%3Chttp://www.openlinksw.com/schemas/virtrdf#Geometry%3E> Code: 0/ILLEGAL_CHARACTER in SCHEME: The character violates the grammar rules for URIs/IRIs.
14:15:00.244 [main] WARN org.apache.jena.riot - [line: 55910, col: 38] Bad IRI: <%3Chttp://www.openlinksw.com/schemas/virtrdf#Geometry%3E> Code: 0/ILLEGAL_CHARACTER in SCHEME: The character violates the grammar rules for URIs/IRIs.
14:15:00.245 [main] WARN org.apache.jena.riot - [line: 55992, col: 38] Bad IRI: <%3Chttp://www.openlinksw.com/schemas/virtrdf#Geometry%3E> Code: 0/ILLEGAL_CHARACTER in SCHEME: The character violates the grammar rules for URIs/IRIs.
14:15:00.248 [main] WARN org.apache.jena.riot - [line: 56542, col: 38] Bad IRI: <%3Chttp://www.openlinksw.com/schemas/virtrdf#Geometry%3E> Code: 0/ILLEGAL_CHARACTER in SCHEME: The character violates the grammar rules for URIs/IRIs.
14:15:00.248 [main] WARN org.apache.jena.riot - [line: 56575, col: 38] Bad IRI: <%3Chttp://www.openlinksw.com/schemas/virtrdf#Geometry%3E> Code: 0/ILLEGAL_CHARACTER in SCHEME: The character violates the grammar rules for URIs/IRIs.
14:15:00.251 [main] WARN org.apache.jena.riot - [line: 56813, col: 38] Bad IRI: <%3Chttp://www.openlinksw.com/schemas/virtrdf#Geometry%3E> Code: 0/ILLEGAL_CHARACTER in SCHEME: The character violates the grammar rules for URIs/IRIs.
14:15:00.251 [main] WARN org.apache.jena.riot - [line: 56869, col: 38] Bad IRI: <%3Chttp://www.openlinksw.com/schemas/virtrdf#Geometry%3E> Code: 0/ILLEGAL_CHARACTER in SCHEME: The character violates the grammar rules for URIs/IRIs.
14:15:00.252 [main] WARN org.apache.jena.riot - [line: 56949, col: 38] Bad IRI: <%3Chttp://www.openlinksw.com/schemas/virtrdf#Geometry%3E> Code: 0/ILLEGAL_CHARACTER in SCHEME: The character violates the grammar rules for URIs/IRIs.
14:15:00.252 [main] WARN org.apache.jena.riot - [line: 57022, col: 38] Bad IRI: <%3Chttp://www.openlinksw.com/schemas/virtrdf#Geometry%3E> Code: 0/ILLEGAL_CHARACTER in SCHEME: The character violates the grammar rules for URIs/IRIs.
14:15:00.253 [main] WARN org.apache.jena.riot - [line: 57161, col: 38] Bad IRI: <%3Chttp://www.openlinksw.com/schemas/virtrdf#Geometry%3E> Code: 0/ILLEGAL_CHARACTER in SCHEME: The character violates the grammar rules for URIs/IRIs.
14:15:00.254 [main] WARN org.apache.jena.riot - [line: 57254, col: 38] Bad IRI: <%3Chttp://www.openlinksw.com/schemas/virtrdf#Geometry%3E> Code: 0/ILLEGAL_CHARACTER in SCHEME: The character violates the grammar rules for URIs/IRIs.
14:15:00.256 [main] WARN org.apache.jena.riot - [line: 57587, col: 38] Bad IRI: <%3Chttp://www.openlinksw.com/schemas/virtrdf#Geometry%3E> Code: 0/ILLEGAL_CHARACTER in SCHEME: The character violates the grammar rules for URIs/IRIs.
14:15:00.257 [main] WARN org.apache.jena.riot - [line: 57672, col: 38] Bad IRI: <%3Chttp://www.openlinksw.com/schemas/virtrdf#Geometry%3E> Code: 0/ILLEGAL_CHARACTER in SCHEME: The character violates the grammar rules for URIs/IRIs.
14:15:00.259 [main] WARN org.apache.jena.riot - [line: 57807, col: 38] Bad IRI: <%3Chttp://www.openlinksw.com/schemas/virtrdf#Geometry%3E> Code: 0/ILLEGAL_CHARACTER in SCHEME: The character violates the grammar rules for URIs/IRIs.
14:15:00.260 [main] WARN org.apache.jena.riot - [line: 57884, col: 38] Bad IRI: <%3Chttp://www.openlinksw.com/schemas/virtrdf#Geometry%3E> Code: 0/ILLEGAL_CHARACTER in SCHEME: The character violates the grammar rules for URIs/IRIs.
14:15:00.261 [main] WARN org.apache.jena.riot - [line: 57986, col: 38] Bad IRI: <%3Chttp://www.openlinksw.com/schemas/virtrdf#Geometry%3E> Code: 0/ILLEGAL_CHARACTER in SCHEME: The character violates the grammar rules for URIs/IRIs.
14:15:00.262 [main] WARN org.apache.jena.riot - [line: 58087, col: 38] Bad IRI: <%3Chttp://www.openlinksw.com/schemas/virtrdf#Geometry%3E> Code: 0/ILLEGAL_CHARACTER in SCHEME: The character violates the grammar rules for URIs/IRIs.
14:15:00.264 [main] WARN org.apache.jena.riot - [line: 58179, col: 38] Bad IRI: <%3Chttp://www.openlinksw.com/schemas/virtrdf#Geometry%3E> Code: 0/ILLEGAL_CHARACTER in SCHEME: The character violates the grammar rules for URIs/IRIs.
14:15:00.265 [main] WARN org.apache.jena.riot - [line: 58314, col: 38] Bad IRI: <%3Chttp://www.openlinksw.com/schemas/virtrdf#Geometry%3E> Code: 0/ILLEGAL_CHARACTER in SCHEME: The character violates the grammar rules for URIs/IRIs.
14:15:00.266 [main] WARN org.apache.jena.riot - [line: 58447, col: 38] Bad IRI: <%3Chttp://www.openlinksw.com/schemas/virtrdf#Geometry%3E> Code: 0/ILLEGAL_CHARACTER in SCHEME: The character violates the grammar rules for URIs/IRIs.
14:15:00.267 [main] WARN org.apache.jena.riot - [line: 58502, col: 38] Bad IRI: <%3Chttp://www.openlinksw.com/schemas/virtrdf#Geometry%3E> Code: 0/ILLEGAL_CHARACTER in SCHEME: The character violates the grammar rules for URIs/IRIs.
14:15:00.268 [main] WARN org.apache.jena.riot - [line: 58637, col: 38] Bad IRI: <%3Chttp://www.openlinksw.com/schemas/virtrdf#Geometry%3E> Code: 0/ILLEGAL_CHARACTER in SCHEME: The character violates the grammar rules for URIs/IRIs.
14:15:00.268 [main] WARN org.apache.jena.riot - [line: 58677, col: 38] Bad IRI: <%3Chttp://www.openlinksw.com/schemas/virtrdf#Geometry%3E> Code: 0/ILLEGAL_CHARACTER in SCHEME: The character violates the grammar rules for URIs/IRIs.
14:15:00.270 [main] WARN org.apache.jena.riot - [line: 58890, col: 38] Bad IRI: <%3Chttp://www.openlinksw.com/schemas/virtrdf#Geometry%3E> Code: 0/ILLEGAL_CHARACTER in SCHEME: The character violates the grammar rules for URIs/IRIs.
14:15:00.271 [main] WARN org.apache.jena.riot - [line: 58931, col: 38] Bad IRI: <%3Chttp://www.openlinksw.com/schemas/virtrdf#Geometry%3E> Code: 0/ILLEGAL_CHARACTER in SCHEME: The character violates the grammar rules for URIs/IRIs.
14:15:00.272 [main] WARN org.apache.jena.riot - [line: 59126, col: 38] Bad IRI: <%3Chttp://www.openlinksw.com/schemas/virtrdf#Geometry%3E> Code: 0/ILLEGAL_CHARACTER in SCHEME: The character violates the grammar rules for URIs/IRIs.
14:15:00.273 [main] WARN org.apache.jena.riot - [line: 59219, col: 38] Bad IRI: <%3Chttp://www.openlinksw.com/schemas/virtrdf#Geometry%3E> Code: 0/ILLEGAL_CHARACTER in SCHEME: The character violates the grammar rules for URIs/IRIs.
14:15:00.274 [main] WARN org.apache.jena.riot - [line: 59371, col: 38] Bad IRI: <%3Chttp://www.openlinksw.com/schemas/virtrdf#Geometry%3E> Code: 0/ILLEGAL_CHARACTER in SCHEME: The character violates the grammar rules for URIs/IRIs.
14:15:00.275 [main] WARN org.apache.jena.riot - [line: 59484, col: 38] Bad IRI: <%3Chttp://www.openlinksw.com/schemas/virtrdf#Geometry%3E> Code: 0/ILLEGAL_CHARACTER in SCHEME: The character violates the grammar rules for URIs/IRIs.
14:15:00.277 [main] WARN org.apache.jena.riot - [line: 59596, col: 38] Bad IRI: <%3Chttp://www.openlinksw.com/schemas/virtrdf#Geometry%3E> Code: 0/ILLEGAL_CHARACTER in SCHEME: The character violates the grammar rules for URIs/IRIs.
14:15:00.279 [main] WARN org.apache.jena.riot - [line: 59735, col: 38] Bad IRI: <%3Chttp://www.openlinksw.com/schemas/virtrdf#Geometry%3E> Code: 0/ILLEGAL_CHARACTER in SCHEME: The character violates the grammar rules for URIs/IRIs.
14:15:00.280 [main] WARN org.apache.jena.riot - [line: 59882, col: 38] Bad IRI: <%3Chttp://www.openlinksw.com/schemas/virtrdf#Geometry%3E> Code: 0/ILLEGAL_CHARACTER in SCHEME: The character violates the grammar rules for URIs/IRIs.
14:15:00.282 [main] WARN org.apache.jena.riot - [line: 60220, col: 38] Bad IRI: <%3Chttp://www.openlinksw.com/schemas/virtrdf#Geometry%3E> Code: 0/ILLEGAL_CHARACTER in SCHEME: The character violates the grammar rules for URIs/IRIs.
14:15:00.284 [main] WARN org.apache.jena.riot - [line: 60479, col: 38] Bad IRI: <%3Chttp://www.openlinksw.com/schemas/virtrdf#Geometry%3E> Code: 0/ILLEGAL_CHARACTER in SCHEME: The character violates the grammar rules for URIs/IRIs.
14:15:00.284 [main] WARN org.apache.jena.riot - [line: 60524, col: 38] Bad IRI: <%3Chttp://www.openlinksw.com/schemas/virtrdf#Geometry%3E> Code: 0/ILLEGAL_CHARACTER in SCHEME: The character violates the grammar rules for URIs/IRIs.
14:15:00.285 [main] WARN org.apache.jena.riot - [line: 60713, col: 38] Bad IRI: <%3Chttp://www.openlinksw.com/schemas/virtrdf#Geometry%3E> Code: 0/ILLEGAL_CHARACTER in SCHEME: The character violates the grammar rules for URIs/IRIs.
14:15:00.286 [main] WARN org.apache.jena.riot - [line: 60777, col: 38] Bad IRI: <%3Chttp://www.openlinksw.com/schemas/virtrdf#Geometry%3E> Code: 0/ILLEGAL_CHARACTER in SCHEME: The character violates the grammar rules for URIs/IRIs.
14:15:00.287 [main] WARN org.apache.jena.riot - [line: 60949, col: 38] Bad IRI: <%3Chttp://www.openlinksw.com/schemas/virtrdf#Geometry%3E> Code: 0/ILLEGAL_CHARACTER in SCHEME: The character violates the grammar rules for URIs/IRIs.
14:15:00.288 [main] WARN org.apache.jena.riot - [line: 61059, col: 38] Bad IRI: <%3Chttp://www.openlinksw.com/schemas/virtrdf#Geometry%3E> Code: 0/ILLEGAL_CHARACTER in SCHEME: The character violates the grammar rules for URIs/IRIs.
14:15:00.291 [main] WARN org.apache.jena.riot - [line: 61420, col: 38] Bad IRI: <%3Chttp://www.openlinksw.com/schemas/virtrdf#Geometry%3E> Code: 0/ILLEGAL_CHARACTER in SCHEME: The character violates the grammar rules for URIs/IRIs.
14:15:00.292 [main] WARN org.apache.jena.riot - [line: 61470, col: 38] Bad IRI: <%3Chttp://www.openlinksw.com/schemas/virtrdf#Geometry%3E> Code: 0/ILLEGAL_CHARACTER in SCHEME: The character violates the grammar rules for URIs/IRIs.
14:15:00.293 [main] WARN org.apache.jena.riot - [line: 61646, col: 38] Bad IRI: <%3Chttp://www.openlinksw.com/schemas/virtrdf#Geometry%3E> Code: 0/ILLEGAL_CHARACTER in SCHEME: The character violates the grammar rules for URIs/IRIs.
14:15:00.294 [main] WARN org.apache.jena.riot - [line: 61756, col: 38] Bad IRI: <%3Chttp://www.openlinksw.com/schemas/virtrdf#Geometry%3E> Code: 0/ILLEGAL_CHARACTER in SCHEME: The character violates the grammar rules for URIs/IRIs.
14:15:00.295 [main] WARN org.apache.jena.riot - [line: 61856, col: 38] Bad IRI: <%3Chttp://www.openlinksw.com/schemas/virtrdf#Geometry%3E> Code: 0/ILLEGAL_CHARACTER in SCHEME: The character violates the grammar rules for URIs/IRIs.
14:15:00.295 [main] WARN org.apache.jena.riot - [line: 61941, col: 38] Bad IRI: <%3Chttp://www.openlinksw.com/schemas/virtrdf#Geometry%3E> Code: 0/ILLEGAL_CHARACTER in SCHEME: The character violates the grammar rules for URIs/IRIs.
14:15:00.296 [main] WARN org.apache.jena.riot - [line: 62021, col: 38] Bad IRI: <%3Chttp://www.openlinksw.com/schemas/virtrdf#Geometry%3E> Code: 0/ILLEGAL_CHARACTER in SCHEME: The character violates the grammar rules for URIs/IRIs.
14:15:00.297 [main] WARN org.apache.jena.riot - [line: 62119, col: 38] Bad IRI: <%3Chttp://www.openlinksw.com/schemas/virtrdf#Geometry%3E> Code: 0/ILLEGAL_CHARACTER in SCHEME: The character violates the grammar rules for URIs/IRIs.
14:15:00.298 [main] WARN org.apache.jena.riot - [line: 62279, col: 38] Bad IRI: <%3Chttp://www.openlinksw.com/schemas/virtrdf#Geometry%3E> Code: 0/ILLEGAL_CHARACTER in SCHEME: The character violates the grammar rules for URIs/IRIs.
14:15:00.298 [main] WARN org.apache.jena.riot - [line: 62370, col: 38] Bad IRI: <%3Chttp://www.openlinksw.com/schemas/virtrdf#Geometry%3E> Code: 0/ILLEGAL_CHARACTER in SCHEME: The character violates the grammar rules for URIs/IRIs.
14:15:00.299 [main] WARN org.apache.jena.riot - [line: 62516, col: 38] Bad IRI: <%3Chttp://www.openlinksw.com/schemas/virtrdf#Geometry%3E> Code: 0/ILLEGAL_CHARACTER in SCHEME: The character violates the grammar rules for URIs/IRIs.
14:15:00.300 [main] WARN org.apache.jena.riot - [line: 62639, col: 38] Bad IRI: <%3Chttp://www.openlinksw.com/schemas/virtrdf#Geometry%3E> Code: 0/ILLEGAL_CHARACTER in SCHEME: The character violates the grammar rules for URIs/IRIs.
14:15:00.302 [main] WARN org.apache.jena.riot - [line: 62818, col: 38] Bad IRI: <%3Chttp://www.openlinksw.com/schemas/virtrdf#Geometry%3E> Code: 0/ILLEGAL_CHARACTER in SCHEME: The character violates the grammar rules for URIs/IRIs.
14:15:00.302 [main] WARN org.apache.jena.riot - [line: 62889, col: 38] Bad IRI: <%3Chttp://www.openlinksw.com/schemas/virtrdf#Geometry%3E> Code: 0/ILLEGAL_CHARACTER in SCHEME: The character violates the grammar rules for URIs/IRIs.
14:15:00.303 [main] WARN org.apache.jena.riot - [line: 63017, col: 38] Bad IRI: <%3Chttp://www.openlinksw.com/schemas/virtrdf#Geometry%3E> Code: 0/ILLEGAL_CHARACTER in SCHEME: The character violates the grammar rules for URIs/IRIs.
14:15:00.303 [main] WARN org.apache.jena.riot - [line: 63076, col: 38] Bad IRI: <%3Chttp://www.openlinksw.com/schemas/virtrdf#Geometry%3E> Code: 0/ILLEGAL_CHARACTER in SCHEME: The character violates the grammar rules for URIs/IRIs.
14:15:00.304 [main] WARN org.apache.jena.riot - [line: 63148, col: 38] Bad IRI: <%3Chttp://www.openlinksw.com/schemas/virtrdf#Geometry%3E> Code: 0/ILLEGAL_CHARACTER in SCHEME: The character violates the grammar rules for URIs/IRIs.
14:15:00.304 [main] WARN org.apache.jena.riot - [line: 63242, col: 38] Bad IRI: <%3Chttp://www.openlinksw.com/schemas/virtrdf#Geometry%3E> Code: 0/ILLEGAL_CHARACTER in SCHEME: The character violates the grammar rules for URIs/IRIs.
14:15:00.305 [main] WARN org.apache.jena.riot - [line: 63374, col: 38] Bad IRI: <%3Chttp://www.openlinksw.com/schemas/virtrdf#Geometry%3E> Code: 0/ILLEGAL_CHARACTER in SCHEME: The character violates the grammar rules for URIs/IRIs.
14:15:00.305 [main] WARN org.apache.jena.riot - [line: 63464, col: 38] Bad IRI: <%3Chttp://www.openlinksw.com/schemas/virtrdf#Geometry%3E> Code: 0/ILLEGAL_CHARACTER in SCHEME: The character violates the grammar rules for URIs/IRIs.
14:15:00.306 [main] WARN org.apache.jena.riot - [line: 63558, col: 38] Bad IRI: <%3Chttp://www.openlinksw.com/schemas/virtrdf#Geometry%3E> Code: 0/ILLEGAL_CHARACTER in SCHEME: The character violates the grammar rules for URIs/IRIs.
14:15:00.306 [main] WARN org.apache.jena.riot - [line: 63595, col: 38] Bad IRI: <%3Chttp://www.openlinksw.com/schemas/virtrdf#Geometry%3E> Code: 0/ILLEGAL_CHARACTER in SCHEME: The character violates the grammar rules for URIs/IRIs.
14:15:00.306 [main] WARN org.apache.jena.riot - [line: 63692, col: 38] Bad IRI: <%3Chttp://www.openlinksw.com/schemas/virtrdf#Geometry%3E> Code: 0/ILLEGAL_CHARACTER in SCHEME: The character violates the grammar rules for URIs/IRIs.
14:15:00.307 [main] WARN org.apache.jena.riot - [line: 63759, col: 38] Bad IRI: <%3Chttp://www.openlinksw.com/schemas/virtrdf#Geometry%3E> Code: 0/ILLEGAL_CHARACTER in SCHEME: The character violates the grammar rules for URIs/IRIs.
14:15:00.308 [main] WARN org.apache.jena.riot - [line: 63857, col: 38] Bad IRI: <%3Chttp://www.openlinksw.com/schemas/virtrdf#Geometry%3E> Code: 0/ILLEGAL_CHARACTER in SCHEME: The character violates the grammar rules for URIs/IRIs.
14:15:00.308 [main] WARN org.apache.jena.riot - [line: 63908, col: 38] Bad IRI: <%3Chttp://www.openlinksw.com/schemas/virtrdf#Geometry%3E> Code: 0/ILLEGAL_CHARACTER in SCHEME: The character violates the grammar rules for URIs/IRIs.
14:15:00.309 [main] WARN org.apache.jena.riot - [line: 64086, col: 38] Bad IRI: <%3Chttp://www.openlinksw.com/schemas/virtrdf#Geometry%3E> Code: 0/ILLEGAL_CHARACTER in SCHEME: The character violates the grammar rules for URIs/IRIs.
14:15:00.310 [main] WARN org.apache.jena.riot - [line: 64127, col: 38] Bad IRI: <%3Chttp://www.openlinksw.com/schemas/virtrdf#Geometry%3E> Code: 0/ILLEGAL_CHARACTER in SCHEME: The character violates the grammar rules for URIs/IRIs.
14:15:00.311 [main] WARN org.apache.jena.riot - [line: 64303, col: 38] Bad IRI: <%3Chttp://www.openlinksw.com/schemas/virtrdf#Geometry%3E> Code: 0/ILLEGAL_CHARACTER in SCHEME: The character violates the grammar rules for URIs/IRIs.
14:15:00.311 [main] WARN org.apache.jena.riot - [line: 64346, col: 38] Bad IRI: <%3Chttp://www.openlinksw.com/schemas/virtrdf#Geometry%3E> Code: 0/ILLEGAL_CHARACTER in SCHEME: The character violates the grammar rules for URIs/IRIs.
14:15:00.312 [main] WARN org.apache.jena.riot - [line: 64457, col: 38] Bad IRI: <%3Chttp://www.openlinksw.com/schemas/virtrdf#Geometry%3E> Code: 0/ILLEGAL_CHARACTER in SCHEME: The character violates the grammar rules for URIs/IRIs.
14:15:00.312 [main] WARN org.apache.jena.riot - [line: 64483, col: 38] Bad IRI: <%3Chttp://www.openlinksw.com/schemas/virtrdf#Geometry%3E> Code: 0/ILLEGAL_CHARACTER in SCHEME: The character violates the grammar rules for URIs/IRIs.
14:15:00.312 [main] WARN org.apache.jena.riot - [line: 64566, col: 38] Bad IRI: <%3Chttp://www.openlinksw.com/schemas/virtrdf#Geometry%3E> Code: 0/ILLEGAL_CHARACTER in SCHEME: The character violates the grammar rules for URIs/IRIs.
14:15:00.313 [main] WARN org.apache.jena.riot - [line: 64639, col: 38] Bad IRI: <%3Chttp://www.openlinksw.com/schemas/virtrdf#Geometry%3E> Code: 0/ILLEGAL_CHARACTER in SCHEME: The character violates the grammar rules for URIs/IRIs.
14:15:00.313 [main] WARN org.apache.jena.riot - [line: 64716, col: 38] Bad IRI: <%3Chttp://www.openlinksw.com/schemas/virtrdf#Geometry%3E> Code: 0/ILLEGAL_CHARACTER in SCHEME: The character violates the grammar rules for URIs/IRIs.
14:15:00.314 [main] WARN org.apache.jena.riot - [line: 64839, col: 38] Bad IRI: <%3Chttp://www.openlinksw.com/schemas/virtrdf#Geometry%3E> Code: 0/ILLEGAL_CHARACTER in SCHEME: The character violates the grammar rules for URIs/IRIs.
14:15:00.314 [main] WARN org.apache.jena.riot - [line: 64923, col: 38] Bad IRI: <%3Chttp://www.openlinksw.com/schemas/virtrdf#Geometry%3E> Code: 0/ILLEGAL_CHARACTER in SCHEME: The character violates the grammar rules for URIs/IRIs.
14:15:00.315 [main] WARN org.apache.jena.riot - [line: 65038, col: 38] Bad IRI: <%3Chttp://www.openlinksw.com/schemas/virtrdf#Geometry%3E> Code: 0/ILLEGAL_CHARACTER in SCHEME: The character violates the grammar rules for URIs/IRIs.
14:15:00.315 [main] WARN org.apache.jena.riot - [line: 65093, col: 38] Bad IRI: <%3Chttp://www.openlinksw.com/schemas/virtrdf#Geometry%3E> Code: 0/ILLEGAL_CHARACTER in SCHEME: The character violates the grammar rules for URIs/IRIs.
14:15:00.316 [main] WARN org.apache.jena.riot - [line: 65322, col: 38] Bad IRI: <%3Chttp://www.openlinksw.com/schemas/virtrdf#Geometry%3E> Code: 0/ILLEGAL_CHARACTER in SCHEME: The character violates the grammar rules for URIs/IRIs.
14:15:00.317 [main] WARN org.apache.jena.riot - [line: 65369, col: 38] Bad IRI: <%3Chttp://www.openlinksw.com/schemas/virtrdf#Geometry%3E> Code: 0/ILLEGAL_CHARACTER in SCHEME: The character violates the grammar rules for URIs/IRIs.
14:15:00.317 [main] WARN org.apache.jena.riot - [line: 65512, col: 38] Bad IRI: <%3Chttp://www.openlinksw.com/schemas/virtrdf#Geometry%3E> Code: 0/ILLEGAL_CHARACTER in SCHEME: The character violates the grammar rules for URIs/IRIs.
14:15:00.318 [main] WARN org.apache.jena.riot - [line: 65587, col: 38] Bad IRI: <%3Chttp://www.openlinksw.com/schemas/virtrdf#Geometry%3E> Code: 0/ILLEGAL_CHARACTER in SCHEME: The character violates the grammar rules for URIs/IRIs.
14:15:00.319 [main] WARN org.apache.jena.riot - [line: 65724, col: 38] Bad IRI: <%3Chttp://www.openlinksw.com/schemas/virtrdf#Geometry%3E> Code: 0/ILLEGAL_CHARACTER in SCHEME: The character violates the grammar rules for URIs/IRIs.
14:15:00.319 [main] WARN org.apache.jena.riot - [line: 65790, col: 38] Bad IRI: <%3Chttp://www.openlinksw.com/schemas/virtrdf#Geometry%3E> Code: 0/ILLEGAL_CHARACTER in SCHEME: The character violates the grammar rules for URIs/IRIs.
14:15:00.320 [main] WARN org.apache.jena.riot - [line: 65911, col: 38] Bad IRI: <%3Chttp://www.openlinksw.com/schemas/virtrdf#Geometry%3E> Code: 0/ILLEGAL_CHARACTER in SCHEME: The character violates the grammar rules for URIs/IRIs.
14:15:00.320 [main] WARN org.apache.jena.riot - [line: 65986, col: 38] Bad IRI: <%3Chttp://www.openlinksw.com/schemas/virtrdf#Geometry%3E> Code: 0/ILLEGAL_CHARACTER in SCHEME: The character violates the grammar rules for URIs/IRIs.
14:15:00.321 [main] WARN org.apache.jena.riot - [line: 66115, col: 38] Bad IRI: <%3Chttp://www.openlinksw.com/schemas/virtrdf#Geometry%3E> Code: 0/ILLEGAL_CHARACTER in SCHEME: The character violates the grammar rules for URIs/IRIs.
14:15:00.322 [main] WARN org.apache.jena.riot - [line: 66187, col: 38] Bad IRI: <%3Chttp://www.openlinksw.com/schemas/virtrdf#Geometry%3E> Code: 0/ILLEGAL_CHARACTER in SCHEME: The character violates the grammar rules for URIs/IRIs.
14:15:00.322 [main] WARN org.apache.jena.riot - [line: 66307, col: 38] Bad IRI: <%3Chttp://www.openlinksw.com/schemas/virtrdf#Geometry%3E> Code: 0/ILLEGAL_CHARACTER in SCHEME: The character violates the grammar rules for URIs/IRIs.
14:15:00.323 [main] WARN org.apache.jena.riot - [line: 66351, col: 38] Bad IRI: <%3Chttp://www.openlinksw.com/schemas/virtrdf#Geometry%3E> Code: 0/ILLEGAL_CHARACTER in SCHEME: The character violates the grammar rules for URIs/IRIs.
14:15:00.323 [main] WARN org.apache.jena.riot - [line: 66438, col: 38] Bad IRI: <%3Chttp://www.openlinksw.com/schemas/virtrdf#Geometry%3E> Code: 0/ILLEGAL_CHARACTER in SCHEME: The character violates the grammar rules for URIs/IRIs.
14:15:00.324 [main] WARN org.apache.jena.riot - [line: 66528, col: 38] Bad IRI: <%3Chttp://www.openlinksw.com/schemas/virtrdf#Geometry%3E> Code: 0/ILLEGAL_CHARACTER in SCHEME: The character violates the grammar rules for URIs/IRIs.
14:15:00.324 [main] WARN org.apache.jena.riot - [line: 66562, col: 38] Bad IRI: <%3Chttp://www.openlinksw.com/schemas/virtrdf#Geometry%3E> Code: 0/ILLEGAL_CHARACTER in SCHEME: The character violates the grammar rules for URIs/IRIs.
14:15:00.325 [main] WARN org.apache.jena.riot - [line: 66683, col: 38] Bad IRI: <%3Chttp://www.openlinksw.com/schemas/virtrdf#Geometry%3E> Code: 0/ILLEGAL_CHARACTER in SCHEME: The character violates the grammar rules for URIs/IRIs.
14:15:00.325 [main] WARN org.apache.jena.riot - [line: 66784, col: 38] Bad IRI: <%3Chttp://www.openlinksw.com/schemas/virtrdf#Geometry%3E> Code: 0/ILLEGAL_CHARACTER in SCHEME: The character violates the grammar rules for URIs/IRIs.
14:15:00.326 [main] WARN org.apache.jena.riot - [line: 66858, col: 38] Bad IRI: <%3Chttp://www.openlinksw.com/schemas/virtrdf#Geometry%3E> Code: 0/ILLEGAL_CHARACTER in SCHEME: The character violates the grammar rules for URIs/IRIs.
14:15:00.326 [main] WARN org.apache.jena.riot - [line: 66983, col: 38] Bad IRI: <%3Chttp://www.openlinksw.com/schemas/virtrdf#Geometry%3E> Code: 0/ILLEGAL_CHARACTER in SCHEME: The character violates the grammar rules for URIs/IRIs.
14:15:00.326 [main] WARN org.apache.jena.riot - [line: 67042, col: 38] Bad IRI: <%3Chttp://www.openlinksw.com/schemas/virtrdf#Geometry%3E> Code: 0/ILLEGAL_CHARACTER in SCHEME: The character violates the grammar rules for URIs/IRIs.
14:15:00.327 [main] WARN org.apache.jena.riot - [line: 67090, col: 38] Bad IRI: <%3Chttp://www.openlinksw.com/schemas/virtrdf#Geometry%3E> Code: 0/ILLEGAL_CHARACTER in SCHEME: The character violates the grammar rules for URIs/IRIs.
14:15:00.328 [main] WARN org.apache.jena.riot - [line: 67264, col: 38] Bad IRI: <%3Chttp://www.openlinksw.com/schemas/virtrdf#Geometry%3E> Code: 0/ILLEGAL_CHARACTER in SCHEME: The character violates the grammar rules for URIs/IRIs.
14:15:00.329 [main] WARN org.apache.jena.riot - [line: 67325, col: 38] Bad IRI: <%3Chttp://www.openlinksw.com/schemas/virtrdf#Geometry%3E> Code: 0/ILLEGAL_CHARACTER in SCHEME: The character violates the grammar rules for URIs/IRIs.
14:15:00.330 [main] WARN org.apache.jena.riot - [line: 67480, col: 38] Bad IRI: <%3Chttp://www.openlinksw.com/schemas/virtrdf#Geometry%3E> Code: 0/ILLEGAL_CHARACTER in SCHEME: The character violates the grammar rules for URIs/IRIs.
14:15:00.331 [main] WARN org.apache.jena.riot - [line: 67590, col: 38] Bad IRI: <%3Chttp://www.openlinksw.com/schemas/virtrdf#Geometry%3E> Code: 0/ILLEGAL_CHARACTER in SCHEME: The character violates the grammar rules for URIs/IRIs.
14:15:00.332 [main] WARN org.apache.jena.riot - [line: 67705, col: 38] Bad IRI: <%3Chttp://www.openlinksw.com/schemas/virtrdf#Geometry%3E> Code: 0/ILLEGAL_CHARACTER in SCHEME: The character violates the grammar rules for URIs/IRIs.
14:15:00.333 [main] WARN org.apache.jena.riot - [line: 67841, col: 38] Bad IRI: <%3Chttp://www.openlinksw.com/schemas/virtrdf#Geometry%3E> Code: 0/ILLEGAL_CHARACTER in SCHEME: The character violates the grammar rules for URIs/IRIs.
14:15:00.333 [main] WARN org.apache.jena.riot - [line: 67900, col: 38] Bad IRI: <%3Chttp://www.openlinksw.com/schemas/virtrdf#Geometry%3E> Code: 0/ILLEGAL_CHARACTER in SCHEME: The character violates the grammar rules for URIs/IRIs.
14:15:00.333 [main] WARN org.apache.jena.riot - [line: 67976, col: 38] Bad IRI: <%3Chttp://www.openlinksw.com/schemas/virtrdf#Geometry%3E> Code: 0/ILLEGAL_CHARACTER in SCHEME: The character violates the grammar rules for URIs/IRIs.
14:15:00.334 [main] WARN org.apache.jena.riot - [line: 68031, col: 38] Bad IRI: <%3Chttp://www.openlinksw.com/schemas/virtrdf#Geometry%3E> Code: 0/ILLEGAL_CHARACTER in SCHEME: The character violates the grammar rules for URIs/IRIs.
14:15:00.337 [main] WARN org.apache.jena.riot - [line: 68403, col: 38] Bad IRI: <%3Chttp://www.openlinksw.com/schemas/virtrdf#Geometry%3E> Code: 0/ILLEGAL_CHARACTER in SCHEME: The character violates the grammar rules for URIs/IRIs.
14:15:00.338 [main] WARN org.apache.jena.riot - [line: 68423, col: 38] Bad IRI: <%3Chttp://www.openlinksw.com/schemas/virtrdf#Geometry%3E> Code: 0/ILLEGAL_CHARACTER in SCHEME: The character violates the grammar rules for URIs/IRIs.
14:15:00.339 [main] WARN org.apache.jena.riot - [line: 68770, col: 38] Bad IRI: <%3Chttp://www.openlinksw.com/schemas/virtrdf#Geometry%3E> Code: 0/ILLEGAL_CHARACTER in SCHEME: The character violates the grammar rules for URIs/IRIs.
14:15:00.340 [main] WARN org.apache.jena.riot - [line: 68795, col: 38] Bad IRI: <%3Chttp://www.openlinksw.com/schemas/virtrdf#Geometry%3E> Code: 0/ILLEGAL_CHARACTER in SCHEME: The character violates the grammar rules for URIs/IRIs.
14:15:00.341 [main] WARN org.apache.jena.riot - [line: 69007, col: 38] Bad IRI: <%3Chttp://www.openlinksw.com/schemas/virtrdf#Geometry%3E> Code: 0/ILLEGAL_CHARACTER in SCHEME: The character violates the grammar rules for URIs/IRIs.
14:15:00.341 [main] WARN org.apache.jena.riot - [line: 69133, col: 38] Bad IRI: <%3Chttp://www.openlinksw.com/schemas/virtrdf#Geometry%3E> Code: 0/ILLEGAL_CHARACTER in SCHEME: The character violates the grammar rules for URIs/IRIs.
14:15:00.342 [main] WARN org.apache.jena.riot - [line: 69312, col: 38] Bad IRI: <%3Chttp://www.openlinksw.com/schemas/virtrdf#Geometry%3E> Code: 0/ILLEGAL_CHARACTER in SCHEME: The character violates the grammar rules for URIs/IRIs.
14:15:00.343 [main] WARN org.apache.jena.riot - [line: 69510, col: 38] Bad IRI: <%3Chttp://www.openlinksw.com/schemas/virtrdf#Geometry%3E> Code: 0/ILLEGAL_CHARACTER in SCHEME: The character violates the grammar rules for URIs/IRIs.
14:15:00.344 [main] WARN org.apache.jena.riot - [line: 69708, col: 38] Bad IRI: <%3Chttp://www.openlinksw.com/schemas/virtrdf#Geometry%3E> Code: 0/ILLEGAL_CHARACTER in SCHEME: The character violates the grammar rules for URIs/IRIs.
14:15:00.344 [main] WARN org.apache.jena.riot - [line: 69765, col: 38] Bad IRI: <%3Chttp://www.openlinksw.com/schemas/virtrdf#Geometry%3E> Code: 0/ILLEGAL_CHARACTER in SCHEME: The character violates the grammar rules for URIs/IRIs.
14:15:00.345 [main] WARN org.apache.jena.riot - [line: 69990, col: 38] Bad IRI: <%3Chttp://www.openlinksw.com/schemas/virtrdf#Geometry%3E> Code: 0/ILLEGAL_CHARACTER in SCHEME: The character violates the grammar rules for URIs/IRIs.
14:15:00.346 [main] WARN org.apache.jena.riot - [line: 70033, col: 38] Bad IRI: <%3Chttp://www.openlinksw.com/schemas/virtrdf#Geometry%3E> Code: 0/ILLEGAL_CHARACTER in SCHEME: The character violates the grammar rules for URIs/IRIs.
14:15:00.347 [main] WARN org.apache.jena.riot - [line: 70147, col: 38] Bad IRI: <%3Chttp://www.openlinksw.com/schemas/virtrdf#Geometry%3E> Code: 0/ILLEGAL_CHARACTER in SCHEME: The character violates the grammar rules for URIs/IRIs.
14:15:00.348 [main] WARN org.apache.jena.riot - [line: 70231, col: 38] Bad IRI: <%3Chttp://www.openlinksw.com/schemas/virtrdf#Geometry%3E> Code: 0/ILLEGAL_CHARACTER in SCHEME: The character violates the grammar rules for URIs/IRIs.
14:15:00.348 [main] WARN org.apache.jena.riot - [line: 70332, col: 38] Bad IRI: <%3Chttp://www.openlinksw.com/schemas/virtrdf#Geometry%3E> Code: 0/ILLEGAL_CHARACTER in SCHEME: The character violates the grammar rules for URIs/IRIs.
14:15:00.348 [main] WARN org.apache.jena.riot - [line: 70421, col: 38] Bad IRI: <%3Chttp://www.openlinksw.com/schemas/virtrdf#Geometry%3E> Code: 0/ILLEGAL_CHARACTER in SCHEME: The character violates the grammar rules for URIs/IRIs.
14:15:00.350 [main] WARN org.apache.jena.riot - [line: 70701, col: 38] Bad IRI: <%3Chttp://www.openlinksw.com/schemas/virtrdf#Geometry%3E> Code: 0/ILLEGAL_CHARACTER in SCHEME: The character violates the grammar rules for URIs/IRIs.
14:15:00.350 [main] WARN org.apache.jena.riot - [line: 70722, col: 38] Bad IRI: <%3Chttp://www.openlinksw.com/schemas/virtrdf#Geometry%3E> Code: 0/ILLEGAL_CHARACTER in SCHEME: The character violates the grammar rules for URIs/IRIs.
14:15:00.350 [main] WARN org.apache.jena.riot - [line: 70859, col: 38] Bad IRI: <%3Chttp://www.openlinksw.com/schemas/virtrdf#Geometry%3E> Code: 0/ILLEGAL_CHARACTER in SCHEME: The character violates the grammar rules for URIs/IRIs.
14:15:00.351 [main] WARN org.apache.jena.riot - [line: 70981, col: 38] Bad IRI: <%3Chttp://www.openlinksw.com/schemas/virtrdf#Geometry%3E> Code: 0/ILLEGAL_CHARACTER in SCHEME: The character violates the grammar rules for URIs/IRIs.
14:15:00.355 [main] WARN org.apache.jena.riot - [line: 71213, col: 38] Bad IRI: <%3Chttp://www.openlinksw.com/schemas/virtrdf#Geometry%3E> Code: 0/ILLEGAL_CHARACTER in SCHEME: The character violates the grammar rules for URIs/IRIs.
14:15:00.355 [main] WARN org.apache.jena.riot - [line: 71263, col: 38] Bad IRI: <%3Chttp://www.openlinksw.com/schemas/virtrdf#Geometry%3E> Code: 0/ILLEGAL_CHARACTER in SCHEME: The character violates the grammar rules for URIs/IRIs.
14:15:00.356 [main] WARN org.apache.jena.riot - [line: 71397, col: 38] Bad IRI: <%3Chttp://www.openlinksw.com/schemas/virtrdf#Geometry%3E> Code: 0/ILLEGAL_CHARACTER in SCHEME: The character violates the grammar rules for URIs/IRIs.
14:15:00.356 [main] WARN org.apache.jena.riot - [line: 71434, col: 38] Bad IRI: <%3Chttp://www.openlinksw.com/schemas/virtrdf#Geometry%3E> Code: 0/ILLEGAL_CHARACTER in SCHEME: The character violates the grammar rules for URIs/IRIs.
14:15:00.357 [main] WARN org.apache.jena.riot - [line: 71481, col: 38] Bad IRI: <%3Chttp://www.openlinksw.com/schemas/virtrdf#Geometry%3E> Code: 0/ILLEGAL_CHARACTER in SCHEME: The character violates the grammar rules for URIs/IRIs.
14:15:00.358 [main] WARN org.apache.jena.riot - [line: 71623, col: 38] Bad IRI: <%3Chttp://www.openlinksw.com/schemas/virtrdf#Geometry%3E> Code: 0/ILLEGAL_CHARACTER in SCHEME: The character violates the grammar rules for URIs/IRIs.
14:15:00.358 [main] WARN org.apache.jena.riot - [line: 71690, col: 38] Bad IRI: <%3Chttp://www.openlinksw.com/schemas/virtrdf#Geometry%3E> Code: 0/ILLEGAL_CHARACTER in SCHEME: The character violates the grammar rules for URIs/IRIs.
14:15:00.359 [main] WARN org.apache.jena.riot - [line: 71759, col: 38] Bad IRI: <%3Chttp://www.openlinksw.com/schemas/virtrdf#Geometry%3E> Code: 0/ILLEGAL_CHARACTER in SCHEME: The character violates the grammar rules for URIs/IRIs.
14:15:00.359 [main] WARN org.apache.jena.riot - [line: 71802, col: 38] Bad IRI: <%3Chttp://www.openlinksw.com/schemas/virtrdf#Geometry%3E> Code: 0/ILLEGAL_CHARACTER in SCHEME: The character violates the grammar rules for URIs/IRIs.
14:15:00.359 [main] WARN org.apache.jena.riot - [line: 71904, col: 38] Bad IRI: <%3Chttp://www.openlinksw.com/schemas/virtrdf#Geometry%3E> Code: 0/ILLEGAL_CHARACTER in SCHEME: The character violates the grammar rules for URIs/IRIs.
14:15:00.360 [main] WARN org.apache.jena.riot - [line: 72029, col: 38] Bad IRI: <%3Chttp://www.openlinksw.com/schemas/virtrdf#Geometry%3E> Code: 0/ILLEGAL_CHARACTER in SCHEME: The character violates the grammar rules for URIs/IRIs.
14:15:00.361 [main] WARN org.apache.jena.riot - [line: 72130, col: 38] Bad IRI: <%3Chttp://www.openlinksw.com/schemas/virtrdf#Geometry%3E> Code: 0/ILLEGAL_CHARACTER in SCHEME: The character violates the grammar rules for URIs/IRIs.
14:15:00.361 [main] WARN org.apache.jena.riot - [line: 72254, col: 38] Bad IRI: <%3Chttp://www.openlinksw.com/schemas/virtrdf#Geometry%3E> Code: 0/ILLEGAL_CHARACTER in SCHEME: The character violates the grammar rules for URIs/IRIs.
14:15:00.363 [main] WARN org.apache.jena.riot - [line: 72300, col: 38] Bad IRI: <%3Chttp://www.openlinksw.com/schemas/virtrdf#Geometry%3E> Code: 0/ILLEGAL_CHARACTER in SCHEME: The character violates the grammar rules for URIs/IRIs.
14:15:00.365 [main] WARN org.apache.jena.riot - [line: 72402, col: 38] Bad IRI: <%3Chttp://www.openlinksw.com/schemas/virtrdf#Geometry%3E> Code: 0/ILLEGAL_CHARACTER in SCHEME: The character violates the grammar rules for URIs/IRIs.
14:15:00.366 [main] WARN org.apache.jena.riot - [line: 72575, col: 38] Bad IRI: <%3Chttp://www.openlinksw.com/schemas/virtrdf#Geometry%3E> Code: 0/ILLEGAL_CHARACTER in SCHEME: The character violates the grammar rules for URIs/IRIs.
14:15:00.367 [main] WARN org.apache.jena.riot - [line: 72651, col: 38] Bad IRI: <%3Chttp://www.openlinksw.com/schemas/virtrdf#Geometry%3E> Code: 0/ILLEGAL_CHARACTER in SCHEME: The character violates the grammar rules for URIs/IRIs.
14:15:00.367 [main] WARN org.apache.jena.riot - [line: 72719, col: 38] Bad IRI: <%3Chttp://www.openlinksw.com/schemas/virtrdf#Geometry%3E> Code: 0/ILLEGAL_CHARACTER in SCHEME: The character violates the grammar rules for URIs/IRIs.
14:15:00.368 [main] WARN org.apache.jena.riot - [line: 72803, col: 38] Bad IRI: <%3Chttp://www.openlinksw.com/schemas/virtrdf#Geometry%3E> Code: 0/ILLEGAL_CHARACTER in SCHEME: The character violates the grammar rules for URIs/IRIs.
14:15:00.368 [main] WARN org.apache.jena.riot - [line: 72868, col: 38] Bad IRI: <%3Chttp://www.openlinksw.com/schemas/virtrdf#Geometry%3E> Code: 0/ILLEGAL_CHARACTER in SCHEME: The character violates the grammar rules for URIs/IRIs.
14:15:00.369 [main] WARN org.apache.jena.riot - [line: 72954, col: 38] Bad IRI: <%3Chttp://www.openlinksw.com/schemas/virtrdf#Geometry%3E> Code: 0/ILLEGAL_CHARACTER in SCHEME: The character violates the grammar rules for URIs/IRIs.
14:15:00.369 [main] WARN org.apache.jena.riot - [line: 73034, col: 38] Bad IRI: <%3Chttp://www.openlinksw.com/schemas/virtrdf#Geometry%3E> Code: 0/ILLEGAL_CHARACTER in SCHEME: The character violates the grammar rules for URIs/IRIs.
14:15:00.370 [main] WARN org.apache.jena.riot - [line: 73113, col: 38] Bad IRI: <%3Chttp://www.openlinksw.com/schemas/virtrdf#Geometry%3E> Code: 0/ILLEGAL_CHARACTER in SCHEME: The character violates the grammar rules for URIs/IRIs.
14:15:00.370 [main] WARN org.apache.jena.riot - [line: 73158, col: 38] Bad IRI: <%3Chttp://www.openlinksw.com/schemas/virtrdf#Geometry%3E> Code: 0/ILLEGAL_CHARACTER in SCHEME: The character violates the grammar rules for URIs/IRIs.
14:15:00.370 [main] WARN org.apache.jena.riot - [line: 73247, col: 38] Bad IRI: <%3Chttp://www.openlinksw.com/schemas/virtrdf#Geometry%3E> Code: 0/ILLEGAL_CHARACTER in SCHEME: The character violates the grammar rules for URIs/IRIs.
14:15:00.370 [main] WARN org.apache.jena.riot - [line: 73316, col: 38] Bad IRI: <%3Chttp://www.openlinksw.com/schemas/virtrdf#Geometry%3E> Code: 0/ILLEGAL_CHARACTER in SCHEME: The character violates the grammar rules for URIs/IRIs.
14:15:00.371 [main] WARN org.apache.jena.riot - [line: 73430, col: 38] Bad IRI: <%3Chttp://www.openlinksw.com/schemas/virtrdf#Geometry%3E> Code: 0/ILLEGAL_CHARACTER in SCHEME: The character violates the grammar rules for URIs/IRIs.
14:15:00.371 [main] WARN org.apache.jena.riot - [line: 73525, col: 38] Bad IRI: <%3Chttp://www.openlinksw.com/schemas/virtrdf#Geometry%3E> Code: 0/ILLEGAL_CHARACTER in SCHEME: The character violates the grammar rules for URIs/IRIs.
14:15:00.372 [main] WARN org.apache.jena.riot - [line: 73684, col: 38] Bad IRI: <%3Chttp://www.openlinksw.com/schemas/virtrdf#Geometry%3E> Code: 0/ILLEGAL_CHARACTER in SCHEME: The character violates the grammar rules for URIs/IRIs.
14:15:00.373 [main] WARN org.apache.jena.riot - [line: 73830, col: 38] Bad IRI: <%3Chttp://www.openlinksw.com/schemas/virtrdf#Geometry%3E> Code: 0/ILLEGAL_CHARACTER in SCHEME: The character violates the grammar rules for URIs/IRIs.
14:15:00.373 [main] WARN org.apache.jena.riot - [line: 73939, col: 38] Bad IRI: <%3Chttp://www.openlinksw.com/schemas/virtrdf#Geometry%3E> Code: 0/ILLEGAL_CHARACTER in SCHEME: The character violates the grammar rules for URIs/IRIs.
14:15:00.373 [main] WARN org.apache.jena.riot - [line: 74047, col: 38] Bad IRI: <%3Chttp://www.openlinksw.com/schemas/virtrdf#Geometry%3E> Code: 0/ILLEGAL_CHARACTER in SCHEME: The character violates the grammar rules for URIs/IRIs.
14:15:00.374 [main] WARN org.apache.jena.riot - [line: 74098, col: 38] Bad IRI: <%3Chttp://www.openlinksw.com/schemas/virtrdf#Geometry%3E> Code: 0/ILLEGAL_CHARACTER in SCHEME: The character violates the grammar rules for URIs/IRIs.
14:15:00.374 [main] WARN org.apache.jena.riot - [line: 74180, col: 38] Bad IRI: <%3Chttp://www.openlinksw.com/schemas/virtrdf#Geometry%3E> Code: 0/ILLEGAL_CHARACTER in SCHEME: The character violates the grammar rules for URIs/IRIs.
14:15:00.375 [main] WARN org.apache.jena.riot - [line: 74345, col: 38] Bad IRI: <%3Chttp://www.openlinksw.com/schemas/virtrdf#Geometry%3E> Code: 0/ILLEGAL_CHARACTER in SCHEME: The character violates the grammar rules for URIs/IRIs.
14:15:00.376 [main] WARN org.apache.jena.riot - [line: 74432, col: 38] Bad IRI: <%3Chttp://www.openlinksw.com/schemas/virtrdf#Geometry%3E> Code: 0/ILLEGAL_CHARACTER in SCHEME: The character violates the grammar rules for URIs/IRIs.
14:15:00.376 [main] WARN org.apache.jena.riot - [line: 74495, col: 38] Bad IRI: <%3Chttp://www.openlinksw.com/schemas/virtrdf#Geometry%3E> Code: 0/ILLEGAL_CHARACTER in SCHEME: The character violates the grammar rules for URIs/IRIs.
14:15:00.376 [main] WARN org.apache.jena.riot - [line: 74564, col: 38] Bad IRI: <%3Chttp://www.openlinksw.com/schemas/virtrdf#Geometry%3E> Code: 0/ILLEGAL_CHARACTER in SCHEME: The character violates the grammar rules for URIs/IRIs.
14:15:00.377 [main] WARN org.apache.jena.riot - [line: 74711, col: 38] Bad IRI: <%3Chttp://www.openlinksw.com/schemas/virtrdf#Geometry%3E> Code: 0/ILLEGAL_CHARACTER in SCHEME: The character violates the grammar rules for URIs/IRIs.
14:15:00.377 [main] WARN org.apache.jena.riot - [line: 74767, col: 38] Bad IRI: <%3Chttp://www.openlinksw.com/schemas/virtrdf#Geometry%3E> Code: 0/ILLEGAL_CHARACTER in SCHEME: The character violates the grammar rules for URIs/IRIs.
14:15:00.378 [main] WARN org.apache.jena.riot - [line: 74832, col: 38] Bad IRI: <%3Chttp://www.openlinksw.com/schemas/virtrdf#Geometry%3E> Code: 0/ILLEGAL_CHARACTER in SCHEME: The character violates the grammar rules for URIs/IRIs.
14:15:00.379 [main] WARN org.apache.jena.riot - [line: 75081, col: 38] Bad IRI: <%3Chttp://www.openlinksw.com/schemas/virtrdf#Geometry%3E> Code: 0/ILLEGAL_CHARACTER in SCHEME: The character violates the grammar rules for URIs/IRIs.
14:15:00.380 [main] WARN org.apache.jena.riot - [line: 75134, col: 38] Bad IRI: <%3Chttp://www.openlinksw.com/schemas/virtrdf#Geometry%3E> Code: 0/ILLEGAL_CHARACTER in SCHEME: The character violates the grammar rules for URIs/IRIs.
14:15:00.380 [main] WARN org.apache.jena.riot - [line: 75228, col: 38] Bad IRI: <%3Chttp://www.openlinksw.com/schemas/virtrdf#Geometry%3E> Code: 0/ILLEGAL_CHARACTER in SCHEME: The character violates the grammar rules for URIs/IRIs.
14:15:00.381 [main] WARN org.apache.jena.riot - [line: 75292, col: 38] Bad IRI: <%3Chttp://www.openlinksw.com/schemas/virtrdf#Geometry%3E> Code: 0/ILLEGAL_CHARACTER in SCHEME: The character violates the grammar rules for URIs/IRIs.
14:15:00.381 [main] WARN org.apache.jena.riot - [line: 75384, col: 38] Bad IRI: <%3Chttp://www.openlinksw.com/schemas/virtrdf#Geometry%3E> Code: 0/ILLEGAL_CHARACTER in SCHEME: The character violates the grammar rules for URIs/IRIs.
14:15:00.382 [main] WARN org.apache.jena.riot - [line: 75465, col: 38] Bad IRI: <%3Chttp://www.openlinksw.com/schemas/virtrdf#Geometry%3E> Code: 0/ILLEGAL_CHARACTER in SCHEME: The character violates the grammar rules for URIs/IRIs.
14:15:00.383 [main] WARN org.apache.jena.riot - [line: 75713, col: 38] Bad IRI: <%3Chttp://www.openlinksw.com/schemas/virtrdf#Geometry%3E> Code: 0/ILLEGAL_CHARACTER in SCHEME: The character violates the grammar rules for URIs/IRIs.
14:15:00.384 [main] WARN org.apache.jena.riot - [line: 75730, col: 38] Bad IRI: <%3Chttp://www.openlinksw.com/schemas/virtrdf#Geometry%3E> Code: 0/ILLEGAL_CHARACTER in SCHEME: The character violates the grammar rules for URIs/IRIs.
14:15:00.384 [main] WARN org.apache.jena.riot - [line: 75853, col: 38] Bad IRI: <%3Chttp://www.openlinksw.com/schemas/virtrdf#Geometry%3E> Code: 0/ILLEGAL_CHARACTER in SCHEME: The character violates the grammar rules for URIs/IRIs.
14:15:00.385 [main] WARN org.apache.jena.riot - [line: 75952, col: 38] Bad IRI: <%3Chttp://www.openlinksw.com/schemas/virtrdf#Geometry%3E> Code: 0/ILLEGAL_CHARACTER in SCHEME: The character violates the grammar rules for URIs/IRIs.
14:15:00.385 [main] WARN org.apache.jena.riot - [line: 76000, col: 38] Bad IRI: <%3Chttp://www.openlinksw.com/schemas/virtrdf#Geometry%3E> Code: 0/ILLEGAL_CHARACTER in SCHEME: The character violates the grammar rules for URIs/IRIs.
14:15:00.386 [main] WARN org.apache.jena.riot - [line: 76043, col: 38] Bad IRI: <%3Chttp://www.openlinksw.com/schemas/virtrdf#Geometry%3E> Code: 0/ILLEGAL_CHARACTER in SCHEME: The character violates the grammar rules for URIs/IRIs.
14:15:00.386 [main] WARN org.apache.jena.riot - [line: 76115, col: 38] Bad IRI: <%3Chttp://www.openlinksw.com/schemas/virtrdf#Geometry%3E> Code: 0/ILLEGAL_CHARACTER in SCHEME: The character violates the grammar rules for URIs/IRIs.
14:15:00.387 [main] WARN org.apache.jena.riot - [line: 76217, col: 38] Bad IRI: <%3Chttp://www.openlinksw.com/schemas/virtrdf#Geometry%3E> Code: 0/ILLEGAL_CHARACTER in SCHEME: The character violates the grammar rules for URIs/IRIs.
14:15:00.387 [main] WARN org.apache.jena.riot - [line: 76255, col: 38] Bad IRI: <%3Chttp://www.openlinksw.com/schemas/virtrdf#Geometry%3E> Code: 0/ILLEGAL_CHARACTER in SCHEME: The character violates the grammar rules for URIs/IRIs.
14:15:00.387 [main] WARN org.apache.jena.riot - [line: 76308, col: 38] Bad IRI: <%3Chttp://www.openlinksw.com/schemas/virtrdf#Geometry%3E> Code: 0/ILLEGAL_CHARACTER in SCHEME: The character violates the grammar rules for URIs/IRIs.
14:15:00.388 [main] WARN org.apache.jena.riot - [line: 76352, col: 38] Bad IRI: <%3Chttp://www.openlinksw.com/schemas/virtrdf#Geometry%3E> Code: 0/ILLEGAL_CHARACTER in SCHEME: The character violates the grammar rules for URIs/IRIs.
14:15:00.388 [main] WARN org.apache.jena.riot - [line: 76419, col: 38] Bad IRI: <%3Chttp://www.openlinksw.com/schemas/virtrdf#Geometry%3E> Code: 0/ILLEGAL_CHARACTER in SCHEME: The character violates the grammar rules for URIs/IRIs.
14:15:00.389 [main] WARN org.apache.jena.riot - [line: 76499, col: 38] Bad IRI: <%3Chttp://www.openlinksw.com/schemas/virtrdf#Geometry%3E> Code: 0/ILLEGAL_CHARACTER in SCHEME: The character violates the grammar rules for URIs/IRIs.
14:15:00.389 [main] WARN org.apache.jena.riot - [line: 76579, col: 38] Bad IRI: <%3Chttp://www.openlinksw.com/schemas/virtrdf#Geometry%3E> Code: 0/ILLEGAL_CHARACTER in SCHEME: The character violates the grammar rules for URIs/IRIs.
14:15:00.389 [main] WARN org.apache.jena.riot - [line: 76667, col: 38] Bad IRI: <%3Chttp://www.openlinksw.com/schemas/virtrdf#Geometry%3E> Code: 0/ILLEGAL_CHARACTER in SCHEME: The character violates the grammar rules for URIs/IRIs.
14:15:00.390 [main] WARN org.apache.jena.riot - [line: 76732, col: 38] Bad IRI: <%3Chttp://www.openlinksw.com/schemas/virtrdf#Geometry%3E> Code: 0/ILLEGAL_CHARACTER in SCHEME: The character violates the grammar rules for URIs/IRIs.
14:15:00.390 [main] WARN org.apache.jena.riot - [line: 76800, col: 38] Bad IRI: <%3Chttp://www.openlinksw.com/schemas/virtrdf#Geometry%3E> Code: 0/ILLEGAL_CHARACTER in SCHEME: The character violates the grammar rules for URIs/IRIs.
14:15:00.390 [main] WARN org.apache.jena.riot - [line: 76864, col: 38] Bad IRI: <%3Chttp://www.openlinksw.com/schemas/virtrdf#Geometry%3E> Code: 0/ILLEGAL_CHARACTER in SCHEME: The character violates the grammar rules for URIs/IRIs.
14:15:00.390 [main] WARN org.apache.jena.riot - [line: 76945, col: 38] Bad IRI: <%3Chttp://www.openlinksw.com/schemas/virtrdf#Geometry%3E> Code: 0/ILLEGAL_CHARACTER in SCHEME: The character violates the grammar rules for URIs/IRIs.
14:15:00.390 [main] WARN org.apache.jena.riot - [line: 76979, col: 38] Bad IRI: <%3Chttp://www.openlinksw.com/schemas/virtrdf#Geometry%3E> Code: 0/ILLEGAL_CHARACTER in SCHEME: The character violates the grammar rules for URIs/IRIs.
14:15:00.392 [main] WARN org.apache.jena.riot - [line: 77042, col: 38] Bad IRI: <%3Chttp://www.openlinksw.com/schemas/virtrdf#Geometry%3E> Code: 0/ILLEGAL_CHARACTER in SCHEME: The character violates the grammar rules for URIs/IRIs.
14:15:00.393 [main] WARN org.apache.jena.riot - [line: 77124, col: 38] Bad IRI: <%3Chttp://www.openlinksw.com/schemas/virtrdf#Geometry%3E> Code: 0/ILLEGAL_CHARACTER in SCHEME: The character violates the grammar rules for URIs/IRIs.
14:15:00.393 [main] WARN org.apache.jena.riot - [line: 77238, col: 38] Bad IRI: <%3Chttp://www.openlinksw.com/schemas/virtrdf#Geometry%3E> Code: 0/ILLEGAL_CHARACTER in SCHEME: The character violates the grammar rules for URIs/IRIs.
14:15:00.394 [main] WARN org.apache.jena.riot - [line: 77320, col: 38] Bad IRI: <%3Chttp://www.openlinksw.com/schemas/virtrdf#Geometry%3E> Code: 0/ILLEGAL_CHARACTER in SCHEME: The character violates the grammar rules for URIs/IRIs.
14:15:00.394 [main] WARN org.apache.jena.riot - [line: 77425, col: 38] Bad IRI: <%3Chttp://www.openlinksw.com/schemas/virtrdf#Geometry%3E> Code: 0/ILLEGAL_CHARACTER in SCHEME: The character violates the grammar rules for URIs/IRIs.
prettyFormatTurtle  - 4 - 0
/home/koen/shape-generation-clean/generated-output/qse/marine-regions/db_0.7_20 created successfully.
Invoked:: PostConstraintsAnnotator
MODEL:: CUSTOM - SIZE: 11919 | PARAMS: 70.0 - 20
::: ShapesExtractor ~ WRITING MODEL TO FILE: /home/koen/shape-generation-clean/generated-output/qse/marine-regions/DATASET_QSE_0.7_20.ttl
writeModelToFile  - 0 - 0
::: ShapesExtractor ~ PRETTY FORMATTING TURTLE FILE: /home/koen/shape-generation-clean/generated-output/qse/marine-regions/DATASET_QSE_0.7_20_SHACL.ttl
Pretty Formatting
14:15:05.034 [main] WARN org.apache.jena.riot - [line: 42, col: 38] Bad IRI: <%3Chttp://www.openlinksw.com/schemas/virtrdf#Geometry%3E> Code: 0/ILLEGAL_CHARACTER in SCHEME: The character violates the grammar rules for URIs/IRIs.
14:15:05.035 [main] WARN org.apache.jena.riot - [line: 85, col: 38] Bad IRI: <%3Chttp://www.openlinksw.com/schemas/virtrdf#Geometry%3E> Code: 0/ILLEGAL_CHARACTER in SCHEME: The character violates the grammar rules for URIs/IRIs.
14:15:05.036 [main] WARN org.apache.jena.riot - [line: 144, col: 38] Bad IRI: <%3Chttp://www.openlinksw.com/schemas/virtrdf#Geometry%3E> Code: 0/ILLEGAL_CHARACTER in SCHEME: The character violates the grammar rules for URIs/IRIs.
14:15:05.036 [main] WARN org.apache.jena.riot - [line: 189, col: 38] Bad IRI: <%3Chttp://www.openlinksw.com/schemas/virtrdf#Geometry%3E> Code: 0/ILLEGAL_CHARACTER in SCHEME: The character violates the grammar rules for URIs/IRIs.
14:15:05.037 [main] WARN org.apache.jena.riot - [line: 248, col: 38] Bad IRI: <%3Chttp://www.openlinksw.com/schemas/virtrdf#Geometry%3E> Code: 0/ILLEGAL_CHARACTER in SCHEME: The character violates the grammar rules for URIs/IRIs.
14:15:05.037 [main] WARN org.apache.jena.riot - [line: 292, col: 38] Bad IRI: <%3Chttp://www.openlinksw.com/schemas/virtrdf#Geometry%3E> Code: 0/ILLEGAL_CHARACTER in SCHEME: The character violates the grammar rules for URIs/IRIs.
14:15:05.038 [main] WARN org.apache.jena.riot - [line: 351, col: 38] Bad IRI: <%3Chttp://www.openlinksw.com/schemas/virtrdf#Geometry%3E> Code: 0/ILLEGAL_CHARACTER in SCHEME: The character violates the grammar rules for URIs/IRIs.
14:15:05.038 [main] WARN org.apache.jena.riot - [line: 394, col: 38] Bad IRI: <%3Chttp://www.openlinksw.com/schemas/virtrdf#Geometry%3E> Code: 0/ILLEGAL_CHARACTER in SCHEME: The character violates the grammar rules for URIs/IRIs.
14:15:05.038 [main] WARN org.apache.jena.riot - [line: 466, col: 38] Bad IRI: <%3Chttp://www.openlinksw.com/schemas/virtrdf#Geometry%3E> Code: 0/ILLEGAL_CHARACTER in SCHEME: The character violates the grammar rules for URIs/IRIs.
14:15:05.039 [main] WARN org.apache.jena.riot - [line: 513, col: 38] Bad IRI: <%3Chttp://www.openlinksw.com/schemas/virtrdf#Geometry%3E> Code: 0/ILLEGAL_CHARACTER in SCHEME: The character violates the grammar rules for URIs/IRIs.
14:15:05.039 [main] WARN org.apache.jena.riot - [line: 585, col: 38] Bad IRI: <%3Chttp://www.openlinksw.com/schemas/virtrdf#Geometry%3E> Code: 0/ILLEGAL_CHARACTER in SCHEME: The character violates the grammar rules for URIs/IRIs.
14:15:05.040 [main] WARN org.apache.jena.riot - [line: 715, col: 38] Bad IRI: <%3Chttp://www.openlinksw.com/schemas/virtrdf#Geometry%3E> Code: 0/ILLEGAL_CHARACTER in SCHEME: The character violates the grammar rules for URIs/IRIs.
14:15:05.040 [main] WARN org.apache.jena.riot - [line: 834, col: 38] Bad IRI: <%3Chttp://www.openlinksw.com/schemas/virtrdf#Geometry%3E> Code: 0/ILLEGAL_CHARACTER in SCHEME: The character violates the grammar rules for URIs/IRIs.
14:15:05.041 [main] WARN org.apache.jena.riot - [line: 952, col: 38] Bad IRI: <%3Chttp://www.openlinksw.com/schemas/virtrdf#Geometry%3E> Code: 0/ILLEGAL_CHARACTER in SCHEME: The character violates the grammar rules for URIs/IRIs.
14:15:05.042 [main] WARN org.apache.jena.riot - [line: 1057, col: 38] Bad IRI: <%3Chttp://www.openlinksw.com/schemas/virtrdf#Geometry%3E> Code: 0/ILLEGAL_CHARACTER in SCHEME: The character violates the grammar rules for URIs/IRIs.
14:15:05.042 [main] WARN org.apache.jena.riot - [line: 1162, col: 38] Bad IRI: <%3Chttp://www.openlinksw.com/schemas/virtrdf#Geometry%3E> Code: 0/ILLEGAL_CHARACTER in SCHEME: The character violates the grammar rules for URIs/IRIs.
14:15:05.043 [main] WARN org.apache.jena.riot - [line: 1219, col: 38] Bad IRI: <%3Chttp://www.openlinksw.com/schemas/virtrdf#Geometry%3E> Code: 0/ILLEGAL_CHARACTER in SCHEME: The character violates the grammar rules for URIs/IRIs.
14:15:05.044 [main] WARN org.apache.jena.riot - [line: 1349, col: 38] Bad IRI: <%3Chttp://www.openlinksw.com/schemas/virtrdf#Geometry%3E> Code: 0/ILLEGAL_CHARACTER in SCHEME: The character violates the grammar rules for URIs/IRIs.
14:15:05.044 [main] WARN org.apache.jena.riot - [line: 1393, col: 38] Bad IRI: <%3Chttp://www.openlinksw.com/schemas/virtrdf#Geometry%3E> Code: 0/ILLEGAL_CHARACTER in SCHEME: The character violates the grammar rules for URIs/IRIs.
14:15:05.044 [main] WARN org.apache.jena.riot - [line: 1453, col: 38] Bad IRI: <%3Chttp://www.openlinksw.com/schemas/virtrdf#Geometry%3E> Code: 0/ILLEGAL_CHARACTER in SCHEME: The character violates the grammar rules for URIs/IRIs.
14:15:05.045 [main] WARN org.apache.jena.riot - [line: 1546, col: 38] Bad IRI: <%3Chttp://www.openlinksw.com/schemas/virtrdf#Geometry%3E> Code: 0/ILLEGAL_CHARACTER in SCHEME: The character violates the grammar rules for URIs/IRIs.
14:15:05.045 [main] WARN org.apache.jena.riot - [line: 1614, col: 38] Bad IRI: <%3Chttp://www.openlinksw.com/schemas/virtrdf#Geometry%3E> Code: 0/ILLEGAL_CHARACTER in SCHEME: The character violates the grammar rules for URIs/IRIs.
14:15:05.046 [main] WARN org.apache.jena.riot - [line: 1703, col: 38] Bad IRI: <%3Chttp://www.openlinksw.com/schemas/virtrdf#Geometry%3E> Code: 0/ILLEGAL_CHARACTER in SCHEME: The character violates the grammar rules for URIs/IRIs.
14:15:05.046 [main] WARN org.apache.jena.riot - [line: 1746, col: 38] Bad IRI: <%3Chttp://www.openlinksw.com/schemas/virtrdf#Geometry%3E> Code: 0/ILLEGAL_CHARACTER in SCHEME: The character violates the grammar rules for URIs/IRIs.
14:15:05.047 [main] WARN org.apache.jena.riot - [line: 1837, col: 38] Bad IRI: <%3Chttp://www.openlinksw.com/schemas/virtrdf#Geometry%3E> Code: 0/ILLEGAL_CHARACTER in SCHEME: The character violates the grammar rules for URIs/IRIs.
14:15:05.047 [main] WARN org.apache.jena.riot - [line: 1879, col: 38] Bad IRI: <%3Chttp://www.openlinksw.com/schemas/virtrdf#Geometry%3E> Code: 0/ILLEGAL_CHARACTER in SCHEME: The character violates the grammar rules for URIs/IRIs.
14:15:05.048 [main] WARN org.apache.jena.riot - [line: 1972, col: 38] Bad IRI: <%3Chttp://www.openlinksw.com/schemas/virtrdf#Geometry%3E> Code: 0/ILLEGAL_CHARACTER in SCHEME: The character violates the grammar rules for URIs/IRIs.
14:15:05.048 [main] WARN org.apache.jena.riot - [line: 2016, col: 38] Bad IRI: <%3Chttp://www.openlinksw.com/schemas/virtrdf#Geometry%3E> Code: 0/ILLEGAL_CHARACTER in SCHEME: The character violates the grammar rules for URIs/IRIs.
14:15:05.049 [main] WARN org.apache.jena.riot - [line: 2098, col: 38] Bad IRI: <%3Chttp://www.openlinksw.com/schemas/virtrdf#Geometry%3E> Code: 0/ILLEGAL_CHARACTER in SCHEME: The character violates the grammar rules for URIs/IRIs.
14:15:05.049 [main] WARN org.apache.jena.riot - [line: 2207, col: 38] Bad IRI: <%3Chttp://www.openlinksw.com/schemas/virtrdf#Geometry%3E> Code: 0/ILLEGAL_CHARACTER in SCHEME: The character violates the grammar rules for URIs/IRIs.
14:15:05.050 [main] WARN org.apache.jena.riot - [line: 2320, col: 38] Bad IRI: <%3Chttp://www.openlinksw.com/schemas/virtrdf#Geometry%3E> Code: 0/ILLEGAL_CHARACTER in SCHEME: The character violates the grammar rules for URIs/IRIs.
14:15:05.051 [main] WARN org.apache.jena.riot - [line: 2385, col: 38] Bad IRI: <%3Chttp://www.openlinksw.com/schemas/virtrdf#Geometry%3E> Code: 0/ILLEGAL_CHARACTER in SCHEME: The character violates the grammar rules for URIs/IRIs.
14:15:05.051 [main] WARN org.apache.jena.riot - [line: 2459, col: 38] Bad IRI: <%3Chttp://www.openlinksw.com/schemas/virtrdf#Geometry%3E> Code: 0/ILLEGAL_CHARACTER in SCHEME: The character violates the grammar rules for URIs/IRIs.
14:15:05.052 [main] WARN org.apache.jena.riot - [line: 2573, col: 38] Bad IRI: <%3Chttp://www.openlinksw.com/schemas/virtrdf#Geometry%3E> Code: 0/ILLEGAL_CHARACTER in SCHEME: The character violates the grammar rules for URIs/IRIs.
14:15:05.053 [main] WARN org.apache.jena.riot - [line: 2666, col: 38] Bad IRI: <%3Chttp://www.openlinksw.com/schemas/virtrdf#Geometry%3E> Code: 0/ILLEGAL_CHARACTER in SCHEME: The character violates the grammar rules for URIs/IRIs.
14:15:05.053 [main] WARN org.apache.jena.riot - [line: 2722, col: 38] Bad IRI: <%3Chttp://www.openlinksw.com/schemas/virtrdf#Geometry%3E> Code: 0/ILLEGAL_CHARACTER in SCHEME: The character violates the grammar rules for URIs/IRIs.
14:15:05.054 [main] WARN org.apache.jena.riot - [line: 2790, col: 38] Bad IRI: <%3Chttp://www.openlinksw.com/schemas/virtrdf#Geometry%3E> Code: 0/ILLEGAL_CHARACTER in SCHEME: The character violates the grammar rules for URIs/IRIs.
14:15:05.054 [main] WARN org.apache.jena.riot - [line: 2835, col: 38] Bad IRI: <%3Chttp://www.openlinksw.com/schemas/virtrdf#Geometry%3E> Code: 0/ILLEGAL_CHARACTER in SCHEME: The character violates the grammar rules for URIs/IRIs.
14:15:05.055 [main] WARN org.apache.jena.riot - [line: 2907, col: 38] Bad IRI: <%3Chttp://www.openlinksw.com/schemas/virtrdf#Geometry%3E> Code: 0/ILLEGAL_CHARACTER in SCHEME: The character violates the grammar rules for URIs/IRIs.
14:15:05.055 [main] WARN org.apache.jena.riot - [line: 2962, col: 38] Bad IRI: <%3Chttp://www.openlinksw.com/schemas/virtrdf#Geometry%3E> Code: 0/ILLEGAL_CHARACTER in SCHEME: The character violates the grammar rules for URIs/IRIs.
14:15:05.056 [main] WARN org.apache.jena.riot - [line: 3008, col: 38] Bad IRI: <%3Chttp://www.openlinksw.com/schemas/virtrdf#Geometry%3E> Code: 0/ILLEGAL_CHARACTER in SCHEME: The character violates the grammar rules for URIs/IRIs.
14:15:05.056 [main] WARN org.apache.jena.riot - [line: 3113, col: 38] Bad IRI: <%3Chttp://www.openlinksw.com/schemas/virtrdf#Geometry%3E> Code: 0/ILLEGAL_CHARACTER in SCHEME: The character violates the grammar rules for URIs/IRIs.
14:15:05.057 [main] WARN org.apache.jena.riot - [line: 3202, col: 38] Bad IRI: <%3Chttp://www.openlinksw.com/schemas/virtrdf#Geometry%3E> Code: 0/ILLEGAL_CHARACTER in SCHEME: The character violates the grammar rules for URIs/IRIs.
14:15:05.058 [main] WARN org.apache.jena.riot - [line: 3292, col: 38] Bad IRI: <%3Chttp://www.openlinksw.com/schemas/virtrdf#Geometry%3E> Code: 0/ILLEGAL_CHARACTER in SCHEME: The character violates the grammar rules for URIs/IRIs.
14:15:05.058 [main] WARN org.apache.jena.riot - [line: 3385, col: 38] Bad IRI: <%3Chttp://www.openlinksw.com/schemas/virtrdf#Geometry%3E> Code: 0/ILLEGAL_CHARACTER in SCHEME: The character violates the grammar rules for URIs/IRIs.
14:15:05.059 [main] WARN org.apache.jena.riot - [line: 3454, col: 38] Bad IRI: <%3Chttp://www.openlinksw.com/schemas/virtrdf#Geometry%3E> Code: 0/ILLEGAL_CHARACTER in SCHEME: The character violates the grammar rules for URIs/IRIs.
14:15:05.059 [main] WARN org.apache.jena.riot - [line: 3536, col: 38] Bad IRI: <%3Chttp://www.openlinksw.com/schemas/virtrdf#Geometry%3E> Code: 0/ILLEGAL_CHARACTER in SCHEME: The character violates the grammar rules for URIs/IRIs.
14:15:05.060 [main] WARN org.apache.jena.riot - [line: 3639, col: 38] Bad IRI: <%3Chttp://www.openlinksw.com/schemas/virtrdf#Geometry%3E> Code: 0/ILLEGAL_CHARACTER in SCHEME: The character violates the grammar rules for URIs/IRIs.
14:15:05.061 [main] WARN org.apache.jena.riot - [line: 3732, col: 38] Bad IRI: <%3Chttp://www.openlinksw.com/schemas/virtrdf#Geometry%3E> Code: 0/ILLEGAL_CHARACTER in SCHEME: The character violates the grammar rules for URIs/IRIs.
14:15:05.062 [main] WARN org.apache.jena.riot - [line: 3846, col: 38] Bad IRI: <%3Chttp://www.openlinksw.com/schemas/virtrdf#Geometry%3E> Code: 0/ILLEGAL_CHARACTER in SCHEME: The character violates the grammar rules for URIs/IRIs.
14:15:05.062 [main] WARN org.apache.jena.riot - [line: 3888, col: 38] Bad IRI: <%3Chttp://www.openlinksw.com/schemas/virtrdf#Geometry%3E> Code: 0/ILLEGAL_CHARACTER in SCHEME: The character violates the grammar rules for URIs/IRIs.
14:15:05.063 [main] WARN org.apache.jena.riot - [line: 3960, col: 38] Bad IRI: <%3Chttp://www.openlinksw.com/schemas/virtrdf#Geometry%3E> Code: 0/ILLEGAL_CHARACTER in SCHEME: The character violates the grammar rules for URIs/IRIs.
14:15:05.063 [main] WARN org.apache.jena.riot - [line: 4035, col: 38] Bad IRI: <%3Chttp://www.openlinksw.com/schemas/virtrdf#Geometry%3E> Code: 0/ILLEGAL_CHARACTER in SCHEME: The character violates the grammar rules for URIs/IRIs.
14:15:05.063 [main] WARN org.apache.jena.riot - [line: 4107, col: 38] Bad IRI: <%3Chttp://www.openlinksw.com/schemas/virtrdf#Geometry%3E> Code: 0/ILLEGAL_CHARACTER in SCHEME: The character violates the grammar rules for URIs/IRIs.
14:15:05.064 [main] WARN org.apache.jena.riot - [line: 4211, col: 38] Bad IRI: <%3Chttp://www.openlinksw.com/schemas/virtrdf#Geometry%3E> Code: 0/ILLEGAL_CHARACTER in SCHEME: The character violates the grammar rules for URIs/IRIs.
14:15:05.065 [main] WARN org.apache.jena.riot - [line: 4317, col: 38] Bad IRI: <%3Chttp://www.openlinksw.com/schemas/virtrdf#Geometry%3E> Code: 0/ILLEGAL_CHARACTER in SCHEME: The character violates the grammar rules for URIs/IRIs.
14:15:05.065 [main] WARN org.apache.jena.riot - [line: 4370, col: 38] Bad IRI: <%3Chttp://www.openlinksw.com/schemas/virtrdf#Geometry%3E> Code: 0/ILLEGAL_CHARACTER in SCHEME: The character violates the grammar rules for URIs/IRIs.
14:15:05.066 [main] WARN org.apache.jena.riot - [line: 4442, col: 38] Bad IRI: <%3Chttp://www.openlinksw.com/schemas/virtrdf#Geometry%3E> Code: 0/ILLEGAL_CHARACTER in SCHEME: The character violates the grammar rules for URIs/IRIs.
14:15:05.066 [main] WARN org.apache.jena.riot - [line: 4546, col: 38] Bad IRI: <%3Chttp://www.openlinksw.com/schemas/virtrdf#Geometry%3E> Code: 0/ILLEGAL_CHARACTER in SCHEME: The character violates the grammar rules for URIs/IRIs.
14:15:05.067 [main] WARN org.apache.jena.riot - [line: 4646, col: 38] Bad IRI: <%3Chttp://www.openlinksw.com/schemas/virtrdf#Geometry%3E> Code: 0/ILLEGAL_CHARACTER in SCHEME: The character violates the grammar rules for URIs/IRIs.
14:15:05.068 [main] WARN org.apache.jena.riot - [line: 4749, col: 38] Bad IRI: <%3Chttp://www.openlinksw.com/schemas/virtrdf#Geometry%3E> Code: 0/ILLEGAL_CHARACTER in SCHEME: The character violates the grammar rules for URIs/IRIs.
14:15:05.069 [main] WARN org.apache.jena.riot - [line: 4827, col: 38] Bad IRI: <%3Chttp://www.openlinksw.com/schemas/virtrdf#Geometry%3E> Code: 0/ILLEGAL_CHARACTER in SCHEME: The character violates the grammar rules for URIs/IRIs.
14:15:05.069 [main] WARN org.apache.jena.riot - [line: 4899, col: 38] Bad IRI: <%3Chttp://www.openlinksw.com/schemas/virtrdf#Geometry%3E> Code: 0/ILLEGAL_CHARACTER in SCHEME: The character violates the grammar rules for URIs/IRIs.
14:15:05.070 [main] WARN org.apache.jena.riot - [line: 4941, col: 38] Bad IRI: <%3Chttp://www.openlinksw.com/schemas/virtrdf#Geometry%3E> Code: 0/ILLEGAL_CHARACTER in SCHEME: The character violates the grammar rules for URIs/IRIs.
14:15:05.070 [main] WARN org.apache.jena.riot - [line: 5013, col: 38] Bad IRI: <%3Chttp://www.openlinksw.com/schemas/virtrdf#Geometry%3E> Code: 0/ILLEGAL_CHARACTER in SCHEME: The character violates the grammar rules for URIs/IRIs.
14:15:05.071 [main] WARN org.apache.jena.riot - [line: 5114, col: 38] Bad IRI: <%3Chttp://www.openlinksw.com/schemas/virtrdf#Geometry%3E> Code: 0/ILLEGAL_CHARACTER in SCHEME: The character violates the grammar rules for URIs/IRIs.
14:15:05.072 [main] WARN org.apache.jena.riot - [line: 5206, col: 38] Bad IRI: <%3Chttp://www.openlinksw.com/schemas/virtrdf#Geometry%3E> Code: 0/ILLEGAL_CHARACTER in SCHEME: The character violates the grammar rules for URIs/IRIs.
14:15:05.073 [main] WARN org.apache.jena.riot - [line: 5309, col: 38] Bad IRI: <%3Chttp://www.openlinksw.com/schemas/virtrdf#Geometry%3E> Code: 0/ILLEGAL_CHARACTER in SCHEME: The character violates the grammar rules for URIs/IRIs.
14:15:05.073 [main] WARN org.apache.jena.riot - [line: 5355, col: 38] Bad IRI: <%3Chttp://www.openlinksw.com/schemas/virtrdf#Geometry%3E> Code: 0/ILLEGAL_CHARACTER in SCHEME: The character violates the grammar rules for URIs/IRIs.
14:15:05.073 [main] WARN org.apache.jena.riot - [line: 5413, col: 38] Bad IRI: <%3Chttp://www.openlinksw.com/schemas/virtrdf#Geometry%3E> Code: 0/ILLEGAL_CHARACTER in SCHEME: The character violates the grammar rules for URIs/IRIs.
14:15:05.074 [main] WARN org.apache.jena.riot - [line: 5506, col: 38] Bad IRI: <%3Chttp://www.openlinksw.com/schemas/virtrdf#Geometry%3E> Code: 0/ILLEGAL_CHARACTER in SCHEME: The character violates the grammar rules for URIs/IRIs.
14:15:05.074 [main] WARN org.apache.jena.riot - [line: 5549, col: 38] Bad IRI: <%3Chttp://www.openlinksw.com/schemas/virtrdf#Geometry%3E> Code: 0/ILLEGAL_CHARACTER in SCHEME: The character violates the grammar rules for URIs/IRIs.
14:15:05.075 [main] WARN org.apache.jena.riot - [line: 5627, col: 38] Bad IRI: <%3Chttp://www.openlinksw.com/schemas/virtrdf#Geometry%3E> Code: 0/ILLEGAL_CHARACTER in SCHEME: The character violates the grammar rules for URIs/IRIs.
14:15:05.076 [main] WARN org.apache.jena.riot - [line: 5720, col: 38] Bad IRI: <%3Chttp://www.openlinksw.com/schemas/virtrdf#Geometry%3E> Code: 0/ILLEGAL_CHARACTER in SCHEME: The character violates the grammar rules for URIs/IRIs.
14:15:05.076 [main] WARN org.apache.jena.riot - [line: 5835, col: 38] Bad IRI: <%3Chttp://www.openlinksw.com/schemas/virtrdf#Geometry%3E> Code: 0/ILLEGAL_CHARACTER in SCHEME: The character violates the grammar rules for URIs/IRIs.
14:15:05.077 [main] WARN org.apache.jena.riot - [line: 5916, col: 38] Bad IRI: <%3Chttp://www.openlinksw.com/schemas/virtrdf#Geometry%3E> Code: 0/ILLEGAL_CHARACTER in SCHEME: The character violates the grammar rules for URIs/IRIs.
14:15:05.077 [main] WARN org.apache.jena.riot - [line: 5994, col: 38] Bad IRI: <%3Chttp://www.openlinksw.com/schemas/virtrdf#Geometry%3E> Code: 0/ILLEGAL_CHARACTER in SCHEME: The character violates the grammar rules for URIs/IRIs.
14:15:05.078 [main] WARN org.apache.jena.riot - [line: 6037, col: 38] Bad IRI: <%3Chttp://www.openlinksw.com/schemas/virtrdf#Geometry%3E> Code: 0/ILLEGAL_CHARACTER in SCHEME: The character violates the grammar rules for URIs/IRIs.
14:15:05.078 [main] WARN org.apache.jena.riot - [line: 6110, col: 38] Bad IRI: <%3Chttp://www.openlinksw.com/schemas/virtrdf#Geometry%3E> Code: 0/ILLEGAL_CHARACTER in SCHEME: The character violates the grammar rules for URIs/IRIs.
14:15:05.079 [main] WARN org.apache.jena.riot - [line: 6239, col: 38] Bad IRI: <%3Chttp://www.openlinksw.com/schemas/virtrdf#Geometry%3E> Code: 0/ILLEGAL_CHARACTER in SCHEME: The character violates the grammar rules for URIs/IRIs.
14:15:05.080 [main] WARN org.apache.jena.riot - [line: 6351, col: 38] Bad IRI: <%3Chttp://www.openlinksw.com/schemas/virtrdf#Geometry%3E> Code: 0/ILLEGAL_CHARACTER in SCHEME: The character violates the grammar rules for URIs/IRIs.
14:15:05.080 [main] WARN org.apache.jena.riot - [line: 6395, col: 38] Bad IRI: <%3Chttp://www.openlinksw.com/schemas/virtrdf#Geometry%3E> Code: 0/ILLEGAL_CHARACTER in SCHEME: The character violates the grammar rules for URIs/IRIs.
14:15:05.081 [main] WARN org.apache.jena.riot - [line: 6471, col: 38] Bad IRI: <%3Chttp://www.openlinksw.com/schemas/virtrdf#Geometry%3E> Code: 0/ILLEGAL_CHARACTER in SCHEME: The character violates the grammar rules for URIs/IRIs.
14:15:05.082 [main] WARN org.apache.jena.riot - [line: 6574, col: 38] Bad IRI: <%3Chttp://www.openlinksw.com/schemas/virtrdf#Geometry%3E> Code: 0/ILLEGAL_CHARACTER in SCHEME: The character violates the grammar rules for URIs/IRIs.
14:15:05.083 [main] WARN org.apache.jena.riot - [line: 6670, col: 38] Bad IRI: <%3Chttp://www.openlinksw.com/schemas/virtrdf#Geometry%3E> Code: 0/ILLEGAL_CHARACTER in SCHEME: The character violates the grammar rules for URIs/IRIs.
14:15:05.083 [main] WARN org.apache.jena.riot - [line: 6774, col: 38] Bad IRI: <%3Chttp://www.openlinksw.com/schemas/virtrdf#Geometry%3E> Code: 0/ILLEGAL_CHARACTER in SCHEME: The character violates the grammar rules for URIs/IRIs.
14:15:05.083 [main] WARN org.apache.jena.riot - [line: 6819, col: 38] Bad IRI: <%3Chttp://www.openlinksw.com/schemas/virtrdf#Geometry%3E> Code: 0/ILLEGAL_CHARACTER in SCHEME: The character violates the grammar rules for URIs/IRIs.
14:15:05.084 [main] WARN org.apache.jena.riot - [line: 6876, col: 38] Bad IRI: <%3Chttp://www.openlinksw.com/schemas/virtrdf#Geometry%3E> Code: 0/ILLEGAL_CHARACTER in SCHEME: The character violates the grammar rules for URIs/IRIs.
14:15:05.085 [main] WARN org.apache.jena.riot - [line: 6993, col: 38] Bad IRI: <%3Chttp://www.openlinksw.com/schemas/virtrdf#Geometry%3E> Code: 0/ILLEGAL_CHARACTER in SCHEME: The character violates the grammar rules for URIs/IRIs.
14:15:05.085 [main] WARN org.apache.jena.riot - [line: 7040, col: 38] Bad IRI: <%3Chttp://www.openlinksw.com/schemas/virtrdf#Geometry%3E> Code: 0/ILLEGAL_CHARACTER in SCHEME: The character violates the grammar rules for URIs/IRIs.
14:15:05.086 [main] WARN org.apache.jena.riot - [line: 7089, col: 38] Bad IRI: <%3Chttp://www.openlinksw.com/schemas/virtrdf#Geometry%3E> Code: 0/ILLEGAL_CHARACTER in SCHEME: The character violates the grammar rules for URIs/IRIs.
14:15:05.087 [main] WARN org.apache.jena.riot - [line: 7195, col: 38] Bad IRI: <%3Chttp://www.openlinksw.com/schemas/virtrdf#Geometry%3E> Code: 0/ILLEGAL_CHARACTER in SCHEME: The character violates the grammar rules for URIs/IRIs.
14:15:05.088 [main] WARN org.apache.jena.riot - [line: 7319, col: 38] Bad IRI: <%3Chttp://www.openlinksw.com/schemas/virtrdf#Geometry%3E> Code: 0/ILLEGAL_CHARACTER in SCHEME: The character violates the grammar rules for URIs/IRIs.
14:15:05.088 [main] WARN org.apache.jena.riot - [line: 7371, col: 38] Bad IRI: <%3Chttp://www.openlinksw.com/schemas/virtrdf#Geometry%3E> Code: 0/ILLEGAL_CHARACTER in SCHEME: The character violates the grammar rules for URIs/IRIs.
14:15:05.088 [main] WARN org.apache.jena.riot - [line: 7458, col: 38] Bad IRI: <%3Chttp://www.openlinksw.com/schemas/virtrdf#Geometry%3E> Code: 0/ILLEGAL_CHARACTER in SCHEME: The character violates the grammar rules for URIs/IRIs.
14:15:05.089 [main] WARN org.apache.jena.riot - [line: 7578, col: 38] Bad IRI: <%3Chttp://www.openlinksw.com/schemas/virtrdf#Geometry%3E> Code: 0/ILLEGAL_CHARACTER in SCHEME: The character violates the grammar rules for URIs/IRIs.
14:15:05.090 [main] WARN org.apache.jena.riot - [line: 7680, col: 38] Bad IRI: <%3Chttp://www.openlinksw.com/schemas/virtrdf#Geometry%3E> Code: 0/ILLEGAL_CHARACTER in SCHEME: The character violates the grammar rules for URIs/IRIs.
14:15:05.090 [main] WARN org.apache.jena.riot - [line: 7758, col: 38] Bad IRI: <%3Chttp://www.openlinksw.com/schemas/virtrdf#Geometry%3E> Code: 0/ILLEGAL_CHARACTER in SCHEME: The character violates the grammar rules for URIs/IRIs.
14:15:05.091 [main] WARN org.apache.jena.riot - [line: 7815, col: 38] Bad IRI: <%3Chttp://www.openlinksw.com/schemas/virtrdf#Geometry%3E> Code: 0/ILLEGAL_CHARACTER in SCHEME: The character violates the grammar rules for URIs/IRIs.
14:15:05.091 [main] WARN org.apache.jena.riot - [line: 7888, col: 38] Bad IRI: <%3Chttp://www.openlinksw.com/schemas/virtrdf#Geometry%3E> Code: 0/ILLEGAL_CHARACTER in SCHEME: The character violates the grammar rules for URIs/IRIs.
14:15:05.092 [main] WARN org.apache.jena.riot - [line: 7964, col: 38] Bad IRI: <%3Chttp://www.openlinksw.com/schemas/virtrdf#Geometry%3E> Code: 0/ILLEGAL_CHARACTER in SCHEME: The character violates the grammar rules for URIs/IRIs.
14:15:05.093 [main] WARN org.apache.jena.riot - [line: 8058, col: 38] Bad IRI: <%3Chttp://www.openlinksw.com/schemas/virtrdf#Geometry%3E> Code: 0/ILLEGAL_CHARACTER in SCHEME: The character violates the grammar rules for URIs/IRIs.
14:15:05.093 [main] WARN org.apache.jena.riot - [line: 8104, col: 38] Bad IRI: <%3Chttp://www.openlinksw.com/schemas/virtrdf#Geometry%3E> Code: 0/ILLEGAL_CHARACTER in SCHEME: The character violates the grammar rules for URIs/IRIs.
14:15:05.093 [main] WARN org.apache.jena.riot - [line: 8176, col: 38] Bad IRI: <%3Chttp://www.openlinksw.com/schemas/virtrdf#Geometry%3E> Code: 0/ILLEGAL_CHARACTER in SCHEME: The character violates the grammar rules for URIs/IRIs.
14:15:05.094 [main] WARN org.apache.jena.riot - [line: 8279, col: 38] Bad IRI: <%3Chttp://www.openlinksw.com/schemas/virtrdf#Geometry%3E> Code: 0/ILLEGAL_CHARACTER in SCHEME: The character violates the grammar rules for URIs/IRIs.
14:15:05.094 [main] WARN org.apache.jena.riot - [line: 8390, col: 38] Bad IRI: <%3Chttp://www.openlinksw.com/schemas/virtrdf#Geometry%3E> Code: 0/ILLEGAL_CHARACTER in SCHEME: The character violates the grammar rules for URIs/IRIs.
14:15:05.095 [main] WARN org.apache.jena.riot - [line: 8454, col: 38] Bad IRI: <%3Chttp://www.openlinksw.com/schemas/virtrdf#Geometry%3E> Code: 0/ILLEGAL_CHARACTER in SCHEME: The character violates the grammar rules for URIs/IRIs.
14:15:05.095 [main] WARN org.apache.jena.riot - [line: 8514, col: 38] Bad IRI: <%3Chttp://www.openlinksw.com/schemas/virtrdf#Geometry%3E> Code: 0/ILLEGAL_CHARACTER in SCHEME: The character violates the grammar rules for URIs/IRIs.
14:15:05.096 [main] WARN org.apache.jena.riot - [line: 8592, col: 38] Bad IRI: <%3Chttp://www.openlinksw.com/schemas/virtrdf#Geometry%3E> Code: 0/ILLEGAL_CHARACTER in SCHEME: The character violates the grammar rules for URIs/IRIs.
14:15:05.096 [main] WARN org.apache.jena.riot - [line: 8640, col: 38] Bad IRI: <%3Chttp://www.openlinksw.com/schemas/virtrdf#Geometry%3E> Code: 0/ILLEGAL_CHARACTER in SCHEME: The character violates the grammar rules for URIs/IRIs.
14:15:05.096 [main] WARN org.apache.jena.riot - [line: 8717, col: 38] Bad IRI: <%3Chttp://www.openlinksw.com/schemas/virtrdf#Geometry%3E> Code: 0/ILLEGAL_CHARACTER in SCHEME: The character violates the grammar rules for URIs/IRIs.
14:15:05.097 [main] WARN org.apache.jena.riot - [line: 8800, col: 38] Bad IRI: <%3Chttp://www.openlinksw.com/schemas/virtrdf#Geometry%3E> Code: 0/ILLEGAL_CHARACTER in SCHEME: The character violates the grammar rules for URIs/IRIs.
14:15:05.098 [main] WARN org.apache.jena.riot - [line: 8913, col: 38] Bad IRI: <%3Chttp://www.openlinksw.com/schemas/virtrdf#Geometry%3E> Code: 0/ILLEGAL_CHARACTER in SCHEME: The character violates the grammar rules for URIs/IRIs.
14:15:05.098 [main] WARN org.apache.jena.riot - [line: 9042, col: 38] Bad IRI: <%3Chttp://www.openlinksw.com/schemas/virtrdf#Geometry%3E> Code: 0/ILLEGAL_CHARACTER in SCHEME: The character violates the grammar rules for URIs/IRIs.
14:15:05.099 [main] WARN org.apache.jena.riot - [line: 9087, col: 38] Bad IRI: <%3Chttp://www.openlinksw.com/schemas/virtrdf#Geometry%3E> Code: 0/ILLEGAL_CHARACTER in SCHEME: The character violates the grammar rules for URIs/IRIs.
14:15:05.099 [main] WARN org.apache.jena.riot - [line: 9160, col: 38] Bad IRI: <%3Chttp://www.openlinksw.com/schemas/virtrdf#Geometry%3E> Code: 0/ILLEGAL_CHARACTER in SCHEME: The character violates the grammar rules for URIs/IRIs.
14:15:05.100 [main] WARN org.apache.jena.riot - [line: 9280, col: 38] Bad IRI: <%3Chttp://www.openlinksw.com/schemas/virtrdf#Geometry%3E> Code: 0/ILLEGAL_CHARACTER in SCHEME: The character violates the grammar rules for URIs/IRIs.
14:15:05.100 [main] WARN org.apache.jena.riot - [line: 9370, col: 38] Bad IRI: <%3Chttp://www.openlinksw.com/schemas/virtrdf#Geometry%3E> Code: 0/ILLEGAL_CHARACTER in SCHEME: The character violates the grammar rules for URIs/IRIs.
14:15:05.101 [main] WARN org.apache.jena.riot - [line: 9489, col: 38] Bad IRI: <%3Chttp://www.openlinksw.com/schemas/virtrdf#Geometry%3E> Code: 0/ILLEGAL_CHARACTER in SCHEME: The character violates the grammar rules for URIs/IRIs.
14:15:05.101 [main] WARN org.apache.jena.riot - [line: 9557, col: 38] Bad IRI: <%3Chttp://www.openlinksw.com/schemas/virtrdf#Geometry%3E> Code: 0/ILLEGAL_CHARACTER in SCHEME: The character violates the grammar rules for URIs/IRIs.
14:15:05.102 [main] WARN org.apache.jena.riot - [line: 9614, col: 38] Bad IRI: <%3Chttp://www.openlinksw.com/schemas/virtrdf#Geometry%3E> Code: 0/ILLEGAL_CHARACTER in SCHEME: The character violates the grammar rules for URIs/IRIs.
14:15:05.102 [main] WARN org.apache.jena.riot - [line: 9646, col: 38] Bad IRI: <%3Chttp://www.openlinksw.com/schemas/virtrdf#Geometry%3E> Code: 0/ILLEGAL_CHARACTER in SCHEME: The character violates the grammar rules for URIs/IRIs.
14:15:05.102 [main] WARN org.apache.jena.riot - [line: 9710, col: 38] Bad IRI: <%3Chttp://www.openlinksw.com/schemas/virtrdf#Geometry%3E> Code: 0/ILLEGAL_CHARACTER in SCHEME: The character violates the grammar rules for URIs/IRIs.
14:15:05.102 [main] WARN org.apache.jena.riot - [line: 9757, col: 38] Bad IRI: <%3Chttp://www.openlinksw.com/schemas/virtrdf#Geometry%3E> Code: 0/ILLEGAL_CHARACTER in SCHEME: The character violates the grammar rules for URIs/IRIs.
14:15:05.103 [main] WARN org.apache.jena.riot - [line: 9833, col: 38] Bad IRI: <%3Chttp://www.openlinksw.com/schemas/virtrdf#Geometry%3E> Code: 0/ILLEGAL_CHARACTER in SCHEME: The character violates the grammar rules for URIs/IRIs.
14:15:05.103 [main] WARN org.apache.jena.riot - [line: 9922, col: 38] Bad IRI: <%3Chttp://www.openlinksw.com/schemas/virtrdf#Geometry%3E> Code: 0/ILLEGAL_CHARACTER in SCHEME: The character violates the grammar rules for URIs/IRIs.
14:15:05.104 [main] WARN org.apache.jena.riot - [line: 9998, col: 38] Bad IRI: <%3Chttp://www.openlinksw.com/schemas/virtrdf#Geometry%3E> Code: 0/ILLEGAL_CHARACTER in SCHEME: The character violates the grammar rules for URIs/IRIs.
14:15:05.104 [main] WARN org.apache.jena.riot - [line: 10091, col: 38] Bad IRI: <%3Chttp://www.openlinksw.com/schemas/virtrdf#Geometry%3E> Code: 0/ILLEGAL_CHARACTER in SCHEME: The character violates the grammar rules for URIs/IRIs.
14:15:05.105 [main] WARN org.apache.jena.riot - [line: 10167, col: 38] Bad IRI: <%3Chttp://www.openlinksw.com/schemas/virtrdf#Geometry%3E> Code: 0/ILLEGAL_CHARACTER in SCHEME: The character violates the grammar rules for URIs/IRIs.
14:15:05.105 [main] WARN org.apache.jena.riot - [line: 10265, col: 38] Bad IRI: <%3Chttp://www.openlinksw.com/schemas/virtrdf#Geometry%3E> Code: 0/ILLEGAL_CHARACTER in SCHEME: The character violates the grammar rules for URIs/IRIs.
14:15:05.106 [main] WARN org.apache.jena.riot - [line: 10335, col: 38] Bad IRI: <%3Chttp://www.openlinksw.com/schemas/virtrdf#Geometry%3E> Code: 0/ILLEGAL_CHARACTER in SCHEME: The character violates the grammar rules for URIs/IRIs.
14:15:05.107 [main] WARN org.apache.jena.riot - [line: 10382, col: 38] Bad IRI: <%3Chttp://www.openlinksw.com/schemas/virtrdf#Geometry%3E> Code: 0/ILLEGAL_CHARACTER in SCHEME: The character violates the grammar rules for URIs/IRIs.
14:15:05.108 [main] WARN org.apache.jena.riot - [line: 10472, col: 38] Bad IRI: <%3Chttp://www.openlinksw.com/schemas/virtrdf#Geometry%3E> Code: 0/ILLEGAL_CHARACTER in SCHEME: The character violates the grammar rules for URIs/IRIs.
14:15:05.108 [main] WARN org.apache.jena.riot - [line: 10562, col: 38] Bad IRI: <%3Chttp://www.openlinksw.com/schemas/virtrdf#Geometry%3E> Code: 0/ILLEGAL_CHARACTER in SCHEME: The character violates the grammar rules for URIs/IRIs.
14:15:05.109 [main] WARN org.apache.jena.riot - [line: 10629, col: 38] Bad IRI: <%3Chttp://www.openlinksw.com/schemas/virtrdf#Geometry%3E> Code: 0/ILLEGAL_CHARACTER in SCHEME: The character violates the grammar rules for URIs/IRIs.
14:15:05.109 [main] WARN org.apache.jena.riot - [line: 10736, col: 38] Bad IRI: <%3Chttp://www.openlinksw.com/schemas/virtrdf#Geometry%3E> Code: 0/ILLEGAL_CHARACTER in SCHEME: The character violates the grammar rules for URIs/IRIs.
14:15:05.110 [main] WARN org.apache.jena.riot - [line: 10780, col: 38] Bad IRI: <%3Chttp://www.openlinksw.com/schemas/virtrdf#Geometry%3E> Code: 0/ILLEGAL_CHARACTER in SCHEME: The character violates the grammar rules for URIs/IRIs.
14:15:05.110 [main] WARN org.apache.jena.riot - [line: 10898, col: 38] Bad IRI: <%3Chttp://www.openlinksw.com/schemas/virtrdf#Geometry%3E> Code: 0/ILLEGAL_CHARACTER in SCHEME: The character violates the grammar rules for URIs/IRIs.
14:15:05.111 [main] WARN org.apache.jena.riot - [line: 10945, col: 38] Bad IRI: <%3Chttp://www.openlinksw.com/schemas/virtrdf#Geometry%3E> Code: 0/ILLEGAL_CHARACTER in SCHEME: The character violates the grammar rules for URIs/IRIs.
14:15:05.111 [main] WARN org.apache.jena.riot - [line: 11006, col: 38] Bad IRI: <%3Chttp://www.openlinksw.com/schemas/virtrdf#Geometry%3E> Code: 0/ILLEGAL_CHARACTER in SCHEME: The character violates the grammar rules for URIs/IRIs.
14:15:05.111 [main] WARN org.apache.jena.riot - [line: 11084, col: 38] Bad IRI: <%3Chttp://www.openlinksw.com/schemas/virtrdf#Geometry%3E> Code: 0/ILLEGAL_CHARACTER in SCHEME: The character violates the grammar rules for URIs/IRIs.
14:15:05.112 [main] WARN org.apache.jena.riot - [line: 11163, col: 38] Bad IRI: <%3Chttp://www.openlinksw.com/schemas/virtrdf#Geometry%3E> Code: 0/ILLEGAL_CHARACTER in SCHEME: The character violates the grammar rules for URIs/IRIs.
14:15:05.112 [main] WARN org.apache.jena.riot - [line: 11255, col: 38] Bad IRI: <%3Chttp://www.openlinksw.com/schemas/virtrdf#Geometry%3E> Code: 0/ILLEGAL_CHARACTER in SCHEME: The character violates the grammar rules for URIs/IRIs.
14:15:05.113 [main] WARN org.apache.jena.riot - [line: 11332, col: 38] Bad IRI: <%3Chttp://www.openlinksw.com/schemas/virtrdf#Geometry%3E> Code: 0/ILLEGAL_CHARACTER in SCHEME: The character violates the grammar rules for URIs/IRIs.
14:15:05.113 [main] WARN org.apache.jena.riot - [line: 11379, col: 38] Bad IRI: <%3Chttp://www.openlinksw.com/schemas/virtrdf#Geometry%3E> Code: 0/ILLEGAL_CHARACTER in SCHEME: The character violates the grammar rules for URIs/IRIs.
14:15:05.113 [main] WARN org.apache.jena.riot - [line: 11450, col: 38] Bad IRI: <%3Chttp://www.openlinksw.com/schemas/virtrdf#Geometry%3E> Code: 0/ILLEGAL_CHARACTER in SCHEME: The character violates the grammar rules for URIs/IRIs.
14:15:05.114 [main] WARN org.apache.jena.riot - [line: 11544, col: 38] Bad IRI: <%3Chttp://www.openlinksw.com/schemas/virtrdf#Geometry%3E> Code: 0/ILLEGAL_CHARACTER in SCHEME: The character violates the grammar rules for URIs/IRIs.
14:15:05.114 [main] WARN org.apache.jena.riot - [line: 11651, col: 38] Bad IRI: <%3Chttp://www.openlinksw.com/schemas/virtrdf#Geometry%3E> Code: 0/ILLEGAL_CHARACTER in SCHEME: The character violates the grammar rules for URIs/IRIs.
14:15:05.115 [main] WARN org.apache.jena.riot - [line: 11718, col: 38] Bad IRI: <%3Chttp://www.openlinksw.com/schemas/virtrdf#Geometry%3E> Code: 0/ILLEGAL_CHARACTER in SCHEME: The character violates the grammar rules for URIs/IRIs.
14:15:05.115 [main] WARN org.apache.jena.riot - [line: 11763, col: 38] Bad IRI: <%3Chttp://www.openlinksw.com/schemas/virtrdf#Geometry%3E> Code: 0/ILLEGAL_CHARACTER in SCHEME: The character violates the grammar rules for URIs/IRIs.
14:15:05.116 [main] WARN org.apache.jena.riot - [line: 11836, col: 38] Bad IRI: <%3Chttp://www.openlinksw.com/schemas/virtrdf#Geometry%3E> Code: 0/ILLEGAL_CHARACTER in SCHEME: The character violates the grammar rules for URIs/IRIs.
14:15:05.116 [main] WARN org.apache.jena.riot - [line: 11967, col: 38] Bad IRI: <%3Chttp://www.openlinksw.com/schemas/virtrdf#Geometry%3E> Code: 0/ILLEGAL_CHARACTER in SCHEME: The character violates the grammar rules for URIs/IRIs.
prettyFormatTurtle  - 0 - 0
Time Elapsed 0.7_20 2 sec , 0 min
***** Total Parsing Time 3 sec , 0 min *****
/home/koen/shape-generation-clean/generated-output/qse/marine-regions/db_0.6_20 created successfully.
Invoked:: PostConstraintsAnnotator
MODEL:: CUSTOM - SIZE: 12391 | PARAMS: 60.0 - 20
::: ShapesExtractor ~ WRITING MODEL TO FILE: /home/koen/shape-generation-clean/generated-output/qse/marine-regions/DATASET_QSE_0.6_20.ttl
writeModelToFile  - 0 - 0
::: ShapesExtractor ~ PRETTY FORMATTING TURTLE FILE: /home/koen/shape-generation-clean/generated-output/qse/marine-regions/DATASET_QSE_0.6_20_SHACL.ttl
Pretty Formatting
14:15:06.567 [main] WARN org.apache.jena.riot - [line: 42, col: 38] Bad IRI: <%3Chttp://www.openlinksw.com/schemas/virtrdf#Geometry%3E> Code: 0/ILLEGAL_CHARACTER in SCHEME: The character violates the grammar rules for URIs/IRIs.
14:15:06.568 [main] WARN org.apache.jena.riot - [line: 85, col: 38] Bad IRI: <%3Chttp://www.openlinksw.com/schemas/virtrdf#Geometry%3E> Code: 0/ILLEGAL_CHARACTER in SCHEME: The character violates the grammar rules for URIs/IRIs.
14:15:06.568 [main] WARN org.apache.jena.riot - [line: 144, col: 38] Bad IRI: <%3Chttp://www.openlinksw.com/schemas/virtrdf#Geometry%3E> Code: 0/ILLEGAL_CHARACTER in SCHEME: The character violates the grammar rules for URIs/IRIs.
14:15:06.568 [main] WARN org.apache.jena.riot - [line: 189, col: 38] Bad IRI: <%3Chttp://www.openlinksw.com/schemas/virtrdf#Geometry%3E> Code: 0/ILLEGAL_CHARACTER in SCHEME: The character violates the grammar rules for URIs/IRIs.
14:15:06.568 [main] WARN org.apache.jena.riot - [line: 248, col: 38] Bad IRI: <%3Chttp://www.openlinksw.com/schemas/virtrdf#Geometry%3E> Code: 0/ILLEGAL_CHARACTER in SCHEME: The character violates the grammar rules for URIs/IRIs.
14:15:06.568 [main] WARN org.apache.jena.riot - [line: 292, col: 38] Bad IRI: <%3Chttp://www.openlinksw.com/schemas/virtrdf#Geometry%3E> Code: 0/ILLEGAL_CHARACTER in SCHEME: The character violates the grammar rules for URIs/IRIs.
14:15:06.569 [main] WARN org.apache.jena.riot - [line: 351, col: 38] Bad IRI: <%3Chttp://www.openlinksw.com/schemas/virtrdf#Geometry%3E> Code: 0/ILLEGAL_CHARACTER in SCHEME: The character violates the grammar rules for URIs/IRIs.
14:15:06.569 [main] WARN org.apache.jena.riot - [line: 394, col: 38] Bad IRI: <%3Chttp://www.openlinksw.com/schemas/virtrdf#Geometry%3E> Code: 0/ILLEGAL_CHARACTER in SCHEME: The character violates the grammar rules for URIs/IRIs.
14:15:06.569 [main] WARN org.apache.jena.riot - [line: 466, col: 38] Bad IRI: <%3Chttp://www.openlinksw.com/schemas/virtrdf#Geometry%3E> Code: 0/ILLEGAL_CHARACTER in SCHEME: The character violates the grammar rules for URIs/IRIs.
14:15:06.569 [main] WARN org.apache.jena.riot - [line: 513, col: 38] Bad IRI: <%3Chttp://www.openlinksw.com/schemas/virtrdf#Geometry%3E> Code: 0/ILLEGAL_CHARACTER in SCHEME: The character violates the grammar rules for URIs/IRIs.
14:15:06.570 [main] WARN org.apache.jena.riot - [line: 585, col: 38] Bad IRI: <%3Chttp://www.openlinksw.com/schemas/virtrdf#Geometry%3E> Code: 0/ILLEGAL_CHARACTER in SCHEME: The character violates the grammar rules for URIs/IRIs.
14:15:06.570 [main] WARN org.apache.jena.riot - [line: 724, col: 38] Bad IRI: <%3Chttp://www.openlinksw.com/schemas/virtrdf#Geometry%3E> Code: 0/ILLEGAL_CHARACTER in SCHEME: The character violates the grammar rules for URIs/IRIs.
14:15:06.571 [main] WARN org.apache.jena.riot - [line: 843, col: 38] Bad IRI: <%3Chttp://www.openlinksw.com/schemas/virtrdf#Geometry%3E> Code: 0/ILLEGAL_CHARACTER in SCHEME: The character violates the grammar rules for URIs/IRIs.
14:15:06.572 [main] WARN org.apache.jena.riot - [line: 961, col: 38] Bad IRI: <%3Chttp://www.openlinksw.com/schemas/virtrdf#Geometry%3E> Code: 0/ILLEGAL_CHARACTER in SCHEME: The character violates the grammar rules for URIs/IRIs.
14:15:06.572 [main] WARN org.apache.jena.riot - [line: 1066, col: 38] Bad IRI: <%3Chttp://www.openlinksw.com/schemas/virtrdf#Geometry%3E> Code: 0/ILLEGAL_CHARACTER in SCHEME: The character violates the grammar rules for URIs/IRIs.
14:15:06.573 [main] WARN org.apache.jena.riot - [line: 1171, col: 38] Bad IRI: <%3Chttp://www.openlinksw.com/schemas/virtrdf#Geometry%3E> Code: 0/ILLEGAL_CHARACTER in SCHEME: The character violates the grammar rules for URIs/IRIs.
14:15:06.574 [main] WARN org.apache.jena.riot - [line: 1228, col: 38] Bad IRI: <%3Chttp://www.openlinksw.com/schemas/virtrdf#Geometry%3E> Code: 0/ILLEGAL_CHARACTER in SCHEME: The character violates the grammar rules for URIs/IRIs.
14:15:06.574 [main] WARN org.apache.jena.riot - [line: 1358, col: 38] Bad IRI: <%3Chttp://www.openlinksw.com/schemas/virtrdf#Geometry%3E> Code: 0/ILLEGAL_CHARACTER in SCHEME: The character violates the grammar rules for URIs/IRIs.
14:15:06.574 [main] WARN org.apache.jena.riot - [line: 1402, col: 38] Bad IRI: <%3Chttp://www.openlinksw.com/schemas/virtrdf#Geometry%3E> Code: 0/ILLEGAL_CHARACTER in SCHEME: The character violates the grammar rules for URIs/IRIs.
14:15:06.575 [main] WARN org.apache.jena.riot - [line: 1462, col: 38] Bad IRI: <%3Chttp://www.openlinksw.com/schemas/virtrdf#Geometry%3E> Code: 0/ILLEGAL_CHARACTER in SCHEME: The character violates the grammar rules for URIs/IRIs.
14:15:06.575 [main] WARN org.apache.jena.riot - [line: 1562, col: 38] Bad IRI: <%3Chttp://www.openlinksw.com/schemas/virtrdf#Geometry%3E> Code: 0/ILLEGAL_CHARACTER in SCHEME: The character violates the grammar rules for URIs/IRIs.
14:15:06.575 [main] WARN org.apache.jena.riot - [line: 1630, col: 38] Bad IRI: <%3Chttp://www.openlinksw.com/schemas/virtrdf#Geometry%3E> Code: 0/ILLEGAL_CHARACTER in SCHEME: The character violates the grammar rules for URIs/IRIs.
14:15:06.576 [main] WARN org.apache.jena.riot - [line: 1720, col: 38] Bad IRI: <%3Chttp://www.openlinksw.com/schemas/virtrdf#Geometry%3E> Code: 0/ILLEGAL_CHARACTER in SCHEME: The character violates the grammar rules for URIs/IRIs.
14:15:06.576 [main] WARN org.apache.jena.riot - [line: 1763, col: 38] Bad IRI: <%3Chttp://www.openlinksw.com/schemas/virtrdf#Geometry%3E> Code: 0/ILLEGAL_CHARACTER in SCHEME: The character violates the grammar rules for URIs/IRIs.
14:15:06.577 [main] WARN org.apache.jena.riot - [line: 1863, col: 38] Bad IRI: <%3Chttp://www.openlinksw.com/schemas/virtrdf#Geometry%3E> Code: 0/ILLEGAL_CHARACTER in SCHEME: The character violates the grammar rules for URIs/IRIs.
14:15:06.577 [main] WARN org.apache.jena.riot - [line: 1905, col: 38] Bad IRI: <%3Chttp://www.openlinksw.com/schemas/virtrdf#Geometry%3E> Code: 0/ILLEGAL_CHARACTER in SCHEME: The character violates the grammar rules for URIs/IRIs.
14:15:06.578 [main] WARN org.apache.jena.riot - [line: 1998, col: 38] Bad IRI: <%3Chttp://www.openlinksw.com/schemas/virtrdf#Geometry%3E> Code: 0/ILLEGAL_CHARACTER in SCHEME: The character violates the grammar rules for URIs/IRIs.
14:15:06.578 [main] WARN org.apache.jena.riot - [line: 2042, col: 38] Bad IRI: <%3Chttp://www.openlinksw.com/schemas/virtrdf#Geometry%3E> Code: 0/ILLEGAL_CHARACTER in SCHEME: The character violates the grammar rules for URIs/IRIs.
14:15:06.578 [main] WARN org.apache.jena.riot - [line: 2124, col: 38] Bad IRI: <%3Chttp://www.openlinksw.com/schemas/virtrdf#Geometry%3E> Code: 0/ILLEGAL_CHARACTER in SCHEME: The character violates the grammar rules for URIs/IRIs.
14:15:06.579 [main] WARN org.apache.jena.riot - [line: 2233, col: 38] Bad IRI: <%3Chttp://www.openlinksw.com/schemas/virtrdf#Geometry%3E> Code: 0/ILLEGAL_CHARACTER in SCHEME: The character violates the grammar rules for URIs/IRIs.
14:15:06.579 [main] WARN org.apache.jena.riot - [line: 2346, col: 38] Bad IRI: <%3Chttp://www.openlinksw.com/schemas/virtrdf#Geometry%3E> Code: 0/ILLEGAL_CHARACTER in SCHEME: The character violates the grammar rules for URIs/IRIs.
14:15:06.580 [main] WARN org.apache.jena.riot - [line: 2411, col: 38] Bad IRI: <%3Chttp://www.openlinksw.com/schemas/virtrdf#Geometry%3E> Code: 0/ILLEGAL_CHARACTER in SCHEME: The character violates the grammar rules for URIs/IRIs.
14:15:06.581 [main] WARN org.apache.jena.riot - [line: 2485, col: 38] Bad IRI: <%3Chttp://www.openlinksw.com/schemas/virtrdf#Geometry%3E> Code: 0/ILLEGAL_CHARACTER in SCHEME: The character violates the grammar rules for URIs/IRIs.
14:15:06.581 [main] WARN org.apache.jena.riot - [line: 2599, col: 38] Bad IRI: <%3Chttp://www.openlinksw.com/schemas/virtrdf#Geometry%3E> Code: 0/ILLEGAL_CHARACTER in SCHEME: The character violates the grammar rules for URIs/IRIs.
14:15:06.582 [main] WARN org.apache.jena.riot - [line: 2692, col: 38] Bad IRI: <%3Chttp://www.openlinksw.com/schemas/virtrdf#Geometry%3E> Code: 0/ILLEGAL_CHARACTER in SCHEME: The character violates the grammar rules for URIs/IRIs.
14:15:06.582 [main] WARN org.apache.jena.riot - [line: 2748, col: 38] Bad IRI: <%3Chttp://www.openlinksw.com/schemas/virtrdf#Geometry%3E> Code: 0/ILLEGAL_CHARACTER in SCHEME: The character violates the grammar rules for URIs/IRIs.
14:15:06.583 [main] WARN org.apache.jena.riot - [line: 2830, col: 38] Bad IRI: <%3Chttp://www.openlinksw.com/schemas/virtrdf#Geometry%3E> Code: 0/ILLEGAL_CHARACTER in SCHEME: The character violates the grammar rules for URIs/IRIs.
14:15:06.583 [main] WARN org.apache.jena.riot - [line: 2875, col: 38] Bad IRI: <%3Chttp://www.openlinksw.com/schemas/virtrdf#Geometry%3E> Code: 0/ILLEGAL_CHARACTER in SCHEME: The character violates the grammar rules for URIs/IRIs.
14:15:06.584 [main] WARN org.apache.jena.riot - [line: 2955, col: 38] Bad IRI: <%3Chttp://www.openlinksw.com/schemas/virtrdf#Geometry%3E> Code: 0/ILLEGAL_CHARACTER in SCHEME: The character violates the grammar rules for URIs/IRIs.
14:15:06.584 [main] WARN org.apache.jena.riot - [line: 3010, col: 38] Bad IRI: <%3Chttp://www.openlinksw.com/schemas/virtrdf#Geometry%3E> Code: 0/ILLEGAL_CHARACTER in SCHEME: The character violates the grammar rules for URIs/IRIs.
14:15:06.584 [main] WARN org.apache.jena.riot - [line: 3067, col: 38] Bad IRI: <%3Chttp://www.openlinksw.com/schemas/virtrdf#Geometry%3E> Code: 0/ILLEGAL_CHARACTER in SCHEME: The character violates the grammar rules for URIs/IRIs.
14:15:06.585 [main] WARN org.apache.jena.riot - [line: 3172, col: 38] Bad IRI: <%3Chttp://www.openlinksw.com/schemas/virtrdf#Geometry%3E> Code: 0/ILLEGAL_CHARACTER in SCHEME: The character violates the grammar rules for URIs/IRIs.
14:15:06.585 [main] WARN org.apache.jena.riot - [line: 3281, col: 38] Bad IRI: <%3Chttp://www.openlinksw.com/schemas/virtrdf#Geometry%3E> Code: 0/ILLEGAL_CHARACTER in SCHEME: The character violates the grammar rules for URIs/IRIs.
14:15:06.586 [main] WARN org.apache.jena.riot - [line: 3326, col: 38] Bad IRI: <%3Chttp://www.openlinksw.com/schemas/virtrdf#Geometry%3E> Code: 0/ILLEGAL_CHARACTER in SCHEME: The character violates the grammar rules for URIs/IRIs.
14:15:06.586 [main] WARN org.apache.jena.riot - [line: 3383, col: 38] Bad IRI: <%3Chttp://www.openlinksw.com/schemas/virtrdf#Geometry%3E> Code: 0/ILLEGAL_CHARACTER in SCHEME: The character violates the grammar rules for URIs/IRIs.
14:15:06.587 [main] WARN org.apache.jena.riot - [line: 3476, col: 38] Bad IRI: <%3Chttp://www.openlinksw.com/schemas/virtrdf#Geometry%3E> Code: 0/ILLEGAL_CHARACTER in SCHEME: The character violates the grammar rules for URIs/IRIs.
14:15:06.587 [main] WARN org.apache.jena.riot - [line: 3545, col: 38] Bad IRI: <%3Chttp://www.openlinksw.com/schemas/virtrdf#Geometry%3E> Code: 0/ILLEGAL_CHARACTER in SCHEME: The character violates the grammar rules for URIs/IRIs.
14:15:06.588 [main] WARN org.apache.jena.riot - [line: 3652, col: 38] Bad IRI: <%3Chttp://www.openlinksw.com/schemas/virtrdf#Geometry%3E> Code: 0/ILLEGAL_CHARACTER in SCHEME: The character violates the grammar rules for URIs/IRIs.
14:15:06.588 [main] WARN org.apache.jena.riot - [line: 3762, col: 38] Bad IRI: <%3Chttp://www.openlinksw.com/schemas/virtrdf#Geometry%3E> Code: 0/ILLEGAL_CHARACTER in SCHEME: The character violates the grammar rules for URIs/IRIs.
14:15:06.589 [main] WARN org.apache.jena.riot - [line: 3855, col: 38] Bad IRI: <%3Chttp://www.openlinksw.com/schemas/virtrdf#Geometry%3E> Code: 0/ILLEGAL_CHARACTER in SCHEME: The character violates the grammar rules for URIs/IRIs.
14:15:06.590 [main] WARN org.apache.jena.riot - [line: 3969, col: 38] Bad IRI: <%3Chttp://www.openlinksw.com/schemas/virtrdf#Geometry%3E> Code: 0/ILLEGAL_CHARACTER in SCHEME: The character violates the grammar rules for URIs/IRIs.
14:15:06.591 [main] WARN org.apache.jena.riot - [line: 4011, col: 38] Bad IRI: <%3Chttp://www.openlinksw.com/schemas/virtrdf#Geometry%3E> Code: 0/ILLEGAL_CHARACTER in SCHEME: The character violates the grammar rules for URIs/IRIs.
14:15:06.591 [main] WARN org.apache.jena.riot - [line: 4083, col: 38] Bad IRI: <%3Chttp://www.openlinksw.com/schemas/virtrdf#Geometry%3E> Code: 0/ILLEGAL_CHARACTER in SCHEME: The character violates the grammar rules for URIs/IRIs.
14:15:06.592 [main] WARN org.apache.jena.riot - [line: 4158, col: 38] Bad IRI: <%3Chttp://www.openlinksw.com/schemas/virtrdf#Geometry%3E> Code: 0/ILLEGAL_CHARACTER in SCHEME: The character violates the grammar rules for URIs/IRIs.
14:15:06.592 [main] WARN org.apache.jena.riot - [line: 4230, col: 38] Bad IRI: <%3Chttp://www.openlinksw.com/schemas/virtrdf#Geometry%3E> Code: 0/ILLEGAL_CHARACTER in SCHEME: The character violates the grammar rules for URIs/IRIs.
14:15:06.593 [main] WARN org.apache.jena.riot - [line: 4334, col: 38] Bad IRI: <%3Chttp://www.openlinksw.com/schemas/virtrdf#Geometry%3E> Code: 0/ILLEGAL_CHARACTER in SCHEME: The character violates the grammar rules for URIs/IRIs.
14:15:06.594 [main] WARN org.apache.jena.riot - [line: 4440, col: 38] Bad IRI: <%3Chttp://www.openlinksw.com/schemas/virtrdf#Geometry%3E> Code: 0/ILLEGAL_CHARACTER in SCHEME: The character violates the grammar rules for URIs/IRIs.
14:15:06.594 [main] WARN org.apache.jena.riot - [line: 4493, col: 38] Bad IRI: <%3Chttp://www.openlinksw.com/schemas/virtrdf#Geometry%3E> Code: 0/ILLEGAL_CHARACTER in SCHEME: The character violates the grammar rules for URIs/IRIs.
14:15:06.594 [main] WARN org.apache.jena.riot - [line: 4565, col: 38] Bad IRI: <%3Chttp://www.openlinksw.com/schemas/virtrdf#Geometry%3E> Code: 0/ILLEGAL_CHARACTER in SCHEME: The character violates the grammar rules for URIs/IRIs.
14:15:06.595 [main] WARN org.apache.jena.riot - [line: 4669, col: 38] Bad IRI: <%3Chttp://www.openlinksw.com/schemas/virtrdf#Geometry%3E> Code: 0/ILLEGAL_CHARACTER in SCHEME: The character violates the grammar rules for URIs/IRIs.
14:15:06.596 [main] WARN org.apache.jena.riot - [line: 4779, col: 38] Bad IRI: <%3Chttp://www.openlinksw.com/schemas/virtrdf#Geometry%3E> Code: 0/ILLEGAL_CHARACTER in SCHEME: The character violates the grammar rules for URIs/IRIs.
14:15:06.597 [main] WARN org.apache.jena.riot - [line: 4895, col: 38] Bad IRI: <%3Chttp://www.openlinksw.com/schemas/virtrdf#Geometry%3E> Code: 0/ILLEGAL_CHARACTER in SCHEME: The character violates the grammar rules for URIs/IRIs.
14:15:06.597 [main] WARN org.apache.jena.riot - [line: 4989, col: 38] Bad IRI: <%3Chttp://www.openlinksw.com/schemas/virtrdf#Geometry%3E> Code: 0/ILLEGAL_CHARACTER in SCHEME: The character violates the grammar rules for URIs/IRIs.
14:15:06.598 [main] WARN org.apache.jena.riot - [line: 5072, col: 38] Bad IRI: <%3Chttp://www.openlinksw.com/schemas/virtrdf#Geometry%3E> Code: 0/ILLEGAL_CHARACTER in SCHEME: The character violates the grammar rules for URIs/IRIs.
14:15:06.598 [main] WARN org.apache.jena.riot - [line: 5114, col: 38] Bad IRI: <%3Chttp://www.openlinksw.com/schemas/virtrdf#Geometry%3E> Code: 0/ILLEGAL_CHARACTER in SCHEME: The character violates the grammar rules for URIs/IRIs.
14:15:06.599 [main] WARN org.apache.jena.riot - [line: 5186, col: 38] Bad IRI: <%3Chttp://www.openlinksw.com/schemas/virtrdf#Geometry%3E> Code: 0/ILLEGAL_CHARACTER in SCHEME: The character violates the grammar rules for URIs/IRIs.
14:15:06.599 [main] WARN org.apache.jena.riot - [line: 5230, col: 38] Bad IRI: <%3Chttp://www.openlinksw.com/schemas/virtrdf#Geometry%3E> Code: 0/ILLEGAL_CHARACTER in SCHEME: The character violates the grammar rules for URIs/IRIs.
14:15:06.600 [main] WARN org.apache.jena.riot - [line: 5313, col: 38] Bad IRI: <%3Chttp://www.openlinksw.com/schemas/virtrdf#Geometry%3E> Code: 0/ILLEGAL_CHARACTER in SCHEME: The character violates the grammar rules for URIs/IRIs.
14:15:06.601 [main] WARN org.apache.jena.riot - [line: 5417, col: 38] Bad IRI: <%3Chttp://www.openlinksw.com/schemas/virtrdf#Geometry%3E> Code: 0/ILLEGAL_CHARACTER in SCHEME: The character violates the grammar rules for URIs/IRIs.
14:15:06.601 [main] WARN org.apache.jena.riot - [line: 5520, col: 38] Bad IRI: <%3Chttp://www.openlinksw.com/schemas/virtrdf#Geometry%3E> Code: 0/ILLEGAL_CHARACTER in SCHEME: The character violates the grammar rules for URIs/IRIs.
14:15:06.602 [main] WARN org.apache.jena.riot - [line: 5566, col: 38] Bad IRI: <%3Chttp://www.openlinksw.com/schemas/virtrdf#Geometry%3E> Code: 0/ILLEGAL_CHARACTER in SCHEME: The character violates the grammar rules for URIs/IRIs.
14:15:06.602 [main] WARN org.apache.jena.riot - [line: 5624, col: 38] Bad IRI: <%3Chttp://www.openlinksw.com/schemas/virtrdf#Geometry%3E> Code: 0/ILLEGAL_CHARACTER in SCHEME: The character violates the grammar rules for URIs/IRIs.
14:15:06.602 [main] WARN org.apache.jena.riot - [line: 5717, col: 38] Bad IRI: <%3Chttp://www.openlinksw.com/schemas/virtrdf#Geometry%3E> Code: 0/ILLEGAL_CHARACTER in SCHEME: The character violates the grammar rules for URIs/IRIs.
14:15:06.603 [main] WARN org.apache.jena.riot - [line: 5760, col: 38] Bad IRI: <%3Chttp://www.openlinksw.com/schemas/virtrdf#Geometry%3E> Code: 0/ILLEGAL_CHARACTER in SCHEME: The character violates the grammar rules for URIs/IRIs.
14:15:06.603 [main] WARN org.apache.jena.riot - [line: 5838, col: 38] Bad IRI: <%3Chttp://www.openlinksw.com/schemas/virtrdf#Geometry%3E> Code: 0/ILLEGAL_CHARACTER in SCHEME: The character violates the grammar rules for URIs/IRIs.
14:15:06.604 [main] WARN org.apache.jena.riot - [line: 5931, col: 38] Bad IRI: <%3Chttp://www.openlinksw.com/schemas/virtrdf#Geometry%3E> Code: 0/ILLEGAL_CHARACTER in SCHEME: The character violates the grammar rules for URIs/IRIs.
14:15:06.604 [main] WARN org.apache.jena.riot - [line: 5975, col: 38] Bad IRI: <%3Chttp://www.openlinksw.com/schemas/virtrdf#Geometry%3E> Code: 0/ILLEGAL_CHARACTER in SCHEME: The character violates the grammar rules for URIs/IRIs.
14:15:06.604 [main] WARN org.apache.jena.riot - [line: 6058, col: 38] Bad IRI: <%3Chttp://www.openlinksw.com/schemas/virtrdf#Geometry%3E> Code: 0/ILLEGAL_CHARACTER in SCHEME: The character violates the grammar rules for URIs/IRIs.
14:15:06.605 [main] WARN org.apache.jena.riot - [line: 6139, col: 38] Bad IRI: <%3Chttp://www.openlinksw.com/schemas/virtrdf#Geometry%3E> Code: 0/ILLEGAL_CHARACTER in SCHEME: The character violates the grammar rules for URIs/IRIs.
14:15:06.605 [main] WARN org.apache.jena.riot - [line: 6217, col: 38] Bad IRI: <%3Chttp://www.openlinksw.com/schemas/virtrdf#Geometry%3E> Code: 0/ILLEGAL_CHARACTER in SCHEME: The character violates the grammar rules for URIs/IRIs.
14:15:06.606 [main] WARN org.apache.jena.riot - [line: 6260, col: 38] Bad IRI: <%3Chttp://www.openlinksw.com/schemas/virtrdf#Geometry%3E> Code: 0/ILLEGAL_CHARACTER in SCHEME: The character violates the grammar rules for URIs/IRIs.
14:15:06.606 [main] WARN org.apache.jena.riot - [line: 6333, col: 38] Bad IRI: <%3Chttp://www.openlinksw.com/schemas/virtrdf#Geometry%3E> Code: 0/ILLEGAL_CHARACTER in SCHEME: The character violates the grammar rules for URIs/IRIs.
14:15:06.606 [main] WARN org.apache.jena.riot - [line: 6402, col: 38] Bad IRI: <%3Chttp://www.openlinksw.com/schemas/virtrdf#Geometry%3E> Code: 0/ILLEGAL_CHARACTER in SCHEME: The character violates the grammar rules for URIs/IRIs.
14:15:06.607 [main] WARN org.apache.jena.riot - [line: 6474, col: 38] Bad IRI: <%3Chttp://www.openlinksw.com/schemas/virtrdf#Geometry%3E> Code: 0/ILLEGAL_CHARACTER in SCHEME: The character violates the grammar rules for URIs/IRIs.
14:15:06.608 [main] WARN org.apache.jena.riot - [line: 6586, col: 38] Bad IRI: <%3Chttp://www.openlinksw.com/schemas/virtrdf#Geometry%3E> Code: 0/ILLEGAL_CHARACTER in SCHEME: The character violates the grammar rules for URIs/IRIs.
14:15:06.609 [main] WARN org.apache.jena.riot - [line: 6630, col: 38] Bad IRI: <%3Chttp://www.openlinksw.com/schemas/virtrdf#Geometry%3E> Code: 0/ILLEGAL_CHARACTER in SCHEME: The character violates the grammar rules for URIs/IRIs.
14:15:06.609 [main] WARN org.apache.jena.riot - [line: 6706, col: 38] Bad IRI: <%3Chttp://www.openlinksw.com/schemas/virtrdf#Geometry%3E> Code: 0/ILLEGAL_CHARACTER in SCHEME: The character violates the grammar rules for URIs/IRIs.
14:15:06.610 [main] WARN org.apache.jena.riot - [line: 6823, col: 38] Bad IRI: <%3Chttp://www.openlinksw.com/schemas/virtrdf#Geometry%3E> Code: 0/ILLEGAL_CHARACTER in SCHEME: The character violates the grammar rules for URIs/IRIs.
14:15:06.610 [main] WARN org.apache.jena.riot - [line: 6919, col: 38] Bad IRI: <%3Chttp://www.openlinksw.com/schemas/virtrdf#Geometry%3E> Code: 0/ILLEGAL_CHARACTER in SCHEME: The character violates the grammar rules for URIs/IRIs.
14:15:06.611 [main] WARN org.apache.jena.riot - [line: 7023, col: 38] Bad IRI: <%3Chttp://www.openlinksw.com/schemas/virtrdf#Geometry%3E> Code: 0/ILLEGAL_CHARACTER in SCHEME: The character violates the grammar rules for URIs/IRIs.
14:15:06.611 [main] WARN org.apache.jena.riot - [line: 7068, col: 38] Bad IRI: <%3Chttp://www.openlinksw.com/schemas/virtrdf#Geometry%3E> Code: 0/ILLEGAL_CHARACTER in SCHEME: The character violates the grammar rules for URIs/IRIs.
14:15:06.612 [main] WARN org.apache.jena.riot - [line: 7126, col: 38] Bad IRI: <%3Chttp://www.openlinksw.com/schemas/virtrdf#Geometry%3E> Code: 0/ILLEGAL_CHARACTER in SCHEME: The character violates the grammar rules for URIs/IRIs.
14:15:06.613 [main] WARN org.apache.jena.riot - [line: 7170, col: 38] Bad IRI: <%3Chttp://www.openlinksw.com/schemas/virtrdf#Geometry%3E> Code: 0/ILLEGAL_CHARACTER in SCHEME: The character violates the grammar rules for URIs/IRIs.
14:15:06.613 [main] WARN org.apache.jena.riot - [line: 7255, col: 38] Bad IRI: <%3Chttp://www.openlinksw.com/schemas/virtrdf#Geometry%3E> Code: 0/ILLEGAL_CHARACTER in SCHEME: The character violates the grammar rules for URIs/IRIs.
14:15:06.613 [main] WARN org.apache.jena.riot - [line: 7302, col: 38] Bad IRI: <%3Chttp://www.openlinksw.com/schemas/virtrdf#Geometry%3E> Code: 0/ILLEGAL_CHARACTER in SCHEME: The character violates the grammar rules for URIs/IRIs.
14:15:06.614 [main] WARN org.apache.jena.riot - [line: 7351, col: 38] Bad IRI: <%3Chttp://www.openlinksw.com/schemas/virtrdf#Geometry%3E> Code: 0/ILLEGAL_CHARACTER in SCHEME: The character violates the grammar rules for URIs/IRIs.
14:15:06.614 [main] WARN org.apache.jena.riot - [line: 7457, col: 38] Bad IRI: <%3Chttp://www.openlinksw.com/schemas/virtrdf#Geometry%3E> Code: 0/ILLEGAL_CHARACTER in SCHEME: The character violates the grammar rules for URIs/IRIs.
14:15:06.615 [main] WARN org.apache.jena.riot - [line: 7581, col: 38] Bad IRI: <%3Chttp://www.openlinksw.com/schemas/virtrdf#Geometry%3E> Code: 0/ILLEGAL_CHARACTER in SCHEME: The character violates the grammar rules for URIs/IRIs.
14:15:06.615 [main] WARN org.apache.jena.riot - [line: 7633, col: 38] Bad IRI: <%3Chttp://www.openlinksw.com/schemas/virtrdf#Geometry%3E> Code: 0/ILLEGAL_CHARACTER in SCHEME: The character violates the grammar rules for URIs/IRIs.
14:15:06.616 [main] WARN org.apache.jena.riot - [line: 7720, col: 38] Bad IRI: <%3Chttp://www.openlinksw.com/schemas/virtrdf#Geometry%3E> Code: 0/ILLEGAL_CHARACTER in SCHEME: The character violates the grammar rules for URIs/IRIs.
14:15:06.617 [main] WARN org.apache.jena.riot - [line: 7840, col: 38] Bad IRI: <%3Chttp://www.openlinksw.com/schemas/virtrdf#Geometry%3E> Code: 0/ILLEGAL_CHARACTER in SCHEME: The character violates the grammar rules for URIs/IRIs.
14:15:06.618 [main] WARN org.apache.jena.riot - [line: 7942, col: 38] Bad IRI: <%3Chttp://www.openlinksw.com/schemas/virtrdf#Geometry%3E> Code: 0/ILLEGAL_CHARACTER in SCHEME: The character violates the grammar rules for URIs/IRIs.
14:15:06.618 [main] WARN org.apache.jena.riot - [line: 8020, col: 38] Bad IRI: <%3Chttp://www.openlinksw.com/schemas/virtrdf#Geometry%3E> Code: 0/ILLEGAL_CHARACTER in SCHEME: The character violates the grammar rules for URIs/IRIs.
14:15:06.619 [main] WARN org.apache.jena.riot - [line: 8077, col: 38] Bad IRI: <%3Chttp://www.openlinksw.com/schemas/virtrdf#Geometry%3E> Code: 0/ILLEGAL_CHARACTER in SCHEME: The character violates the grammar rules for URIs/IRIs.
14:15:06.619 [main] WARN org.apache.jena.riot - [line: 8150, col: 38] Bad IRI: <%3Chttp://www.openlinksw.com/schemas/virtrdf#Geometry%3E> Code: 0/ILLEGAL_CHARACTER in SCHEME: The character violates the grammar rules for URIs/IRIs.
14:15:06.620 [main] WARN org.apache.jena.riot - [line: 8226, col: 38] Bad IRI: <%3Chttp://www.openlinksw.com/schemas/virtrdf#Geometry%3E> Code: 0/ILLEGAL_CHARACTER in SCHEME: The character violates the grammar rules for URIs/IRIs.
14:15:06.620 [main] WARN org.apache.jena.riot - [line: 8320, col: 38] Bad IRI: <%3Chttp://www.openlinksw.com/schemas/virtrdf#Geometry%3E> Code: 0/ILLEGAL_CHARACTER in SCHEME: The character violates the grammar rules for URIs/IRIs.
14:15:06.620 [main] WARN org.apache.jena.riot - [line: 8366, col: 38] Bad IRI: <%3Chttp://www.openlinksw.com/schemas/virtrdf#Geometry%3E> Code: 0/ILLEGAL_CHARACTER in SCHEME: The character violates the grammar rules for URIs/IRIs.
14:15:06.621 [main] WARN org.apache.jena.riot - [line: 8438, col: 38] Bad IRI: <%3Chttp://www.openlinksw.com/schemas/virtrdf#Geometry%3E> Code: 0/ILLEGAL_CHARACTER in SCHEME: The character violates the grammar rules for URIs/IRIs.
14:15:06.622 [main] WARN org.apache.jena.riot - [line: 8541, col: 38] Bad IRI: <%3Chttp://www.openlinksw.com/schemas/virtrdf#Geometry%3E> Code: 0/ILLEGAL_CHARACTER in SCHEME: The character violates the grammar rules for URIs/IRIs.
14:15:06.622 [main] WARN org.apache.jena.riot - [line: 8652, col: 38] Bad IRI: <%3Chttp://www.openlinksw.com/schemas/virtrdf#Geometry%3E> Code: 0/ILLEGAL_CHARACTER in SCHEME: The character violates the grammar rules for URIs/IRIs.
14:15:06.623 [main] WARN org.apache.jena.riot - [line: 8716, col: 38] Bad IRI: <%3Chttp://www.openlinksw.com/schemas/virtrdf#Geometry%3E> Code: 0/ILLEGAL_CHARACTER in SCHEME: The character violates the grammar rules for URIs/IRIs.
14:15:06.623 [main] WARN org.apache.jena.riot - [line: 8776, col: 38] Bad IRI: <%3Chttp://www.openlinksw.com/schemas/virtrdf#Geometry%3E> Code: 0/ILLEGAL_CHARACTER in SCHEME: The character violates the grammar rules for URIs/IRIs.
14:15:06.624 [main] WARN org.apache.jena.riot - [line: 8854, col: 38] Bad IRI: <%3Chttp://www.openlinksw.com/schemas/virtrdf#Geometry%3E> Code: 0/ILLEGAL_CHARACTER in SCHEME: The character violates the grammar rules for URIs/IRIs.
14:15:06.625 [main] WARN org.apache.jena.riot - [line: 8902, col: 38] Bad IRI: <%3Chttp://www.openlinksw.com/schemas/virtrdf#Geometry%3E> Code: 0/ILLEGAL_CHARACTER in SCHEME: The character violates the grammar rules for URIs/IRIs.
14:15:06.625 [main] WARN org.apache.jena.riot - [line: 8979, col: 38] Bad IRI: <%3Chttp://www.openlinksw.com/schemas/virtrdf#Geometry%3E> Code: 0/ILLEGAL_CHARACTER in SCHEME: The character violates the grammar rules for URIs/IRIs.
14:15:06.626 [main] WARN org.apache.jena.riot - [line: 9063, col: 38] Bad IRI: <%3Chttp://www.openlinksw.com/schemas/virtrdf#Geometry%3E> Code: 0/ILLEGAL_CHARACTER in SCHEME: The character violates the grammar rules for URIs/IRIs.
14:15:06.626 [main] WARN org.apache.jena.riot - [line: 9116, col: 38] Bad IRI: <%3Chttp://www.openlinksw.com/schemas/virtrdf#Geometry%3E> Code: 0/ILLEGAL_CHARACTER in SCHEME: The character violates the grammar rules for URIs/IRIs.
14:15:06.627 [main] WARN org.apache.jena.riot - [line: 9200, col: 38] Bad IRI: <%3Chttp://www.openlinksw.com/schemas/virtrdf#Geometry%3E> Code: 0/ILLEGAL_CHARACTER in SCHEME: The character violates the grammar rules for URIs/IRIs.
14:15:06.628 [main] WARN org.apache.jena.riot - [line: 9338, col: 38] Bad IRI: <%3Chttp://www.openlinksw.com/schemas/virtrdf#Geometry%3E> Code: 0/ILLEGAL_CHARACTER in SCHEME: The character violates the grammar rules for URIs/IRIs.
14:15:06.628 [main] WARN org.apache.jena.riot - [line: 9383, col: 38] Bad IRI: <%3Chttp://www.openlinksw.com/schemas/virtrdf#Geometry%3E> Code: 0/ILLEGAL_CHARACTER in SCHEME: The character violates the grammar rules for URIs/IRIs.
14:15:06.629 [main] WARN org.apache.jena.riot - [line: 9457, col: 38] Bad IRI: <%3Chttp://www.openlinksw.com/schemas/virtrdf#Geometry%3E> Code: 0/ILLEGAL_CHARACTER in SCHEME: The character violates the grammar rules for URIs/IRIs.
14:15:06.629 [main] WARN org.apache.jena.riot - [line: 9499, col: 38] Bad IRI: <%3Chttp://www.openlinksw.com/schemas/virtrdf#Geometry%3E> Code: 0/ILLEGAL_CHARACTER in SCHEME: The character violates the grammar rules for URIs/IRIs.
14:15:06.629 [main] WARN org.apache.jena.riot - [line: 9589, col: 38] Bad IRI: <%3Chttp://www.openlinksw.com/schemas/virtrdf#Geometry%3E> Code: 0/ILLEGAL_CHARACTER in SCHEME: The character violates the grammar rules for URIs/IRIs.
14:15:06.630 [main] WARN org.apache.jena.riot - [line: 9693, col: 38] Bad IRI: <%3Chttp://www.openlinksw.com/schemas/virtrdf#Geometry%3E> Code: 0/ILLEGAL_CHARACTER in SCHEME: The character violates the grammar rules for URIs/IRIs.
14:15:06.631 [main] WARN org.apache.jena.riot - [line: 9826, col: 38] Bad IRI: <%3Chttp://www.openlinksw.com/schemas/virtrdf#Geometry%3E> Code: 0/ILLEGAL_CHARACTER in SCHEME: The character violates the grammar rules for URIs/IRIs.
14:15:06.631 [main] WARN org.apache.jena.riot - [line: 9901, col: 38] Bad IRI: <%3Chttp://www.openlinksw.com/schemas/virtrdf#Geometry%3E> Code: 0/ILLEGAL_CHARACTER in SCHEME: The character violates the grammar rules for URIs/IRIs.
14:15:06.632 [main] WARN org.apache.jena.riot - [line: 9959, col: 38] Bad IRI: <%3Chttp://www.openlinksw.com/schemas/virtrdf#Geometry%3E> Code: 0/ILLEGAL_CHARACTER in SCHEME: The character violates the grammar rules for URIs/IRIs.
14:15:06.632 [main] WARN org.apache.jena.riot - [line: 10003, col: 38] Bad IRI: <%3Chttp://www.openlinksw.com/schemas/virtrdf#Geometry%3E> Code: 0/ILLEGAL_CHARACTER in SCHEME: The character violates the grammar rules for URIs/IRIs.
14:15:06.632 [main] WARN org.apache.jena.riot - [line: 10067, col: 38] Bad IRI: <%3Chttp://www.openlinksw.com/schemas/virtrdf#Geometry%3E> Code: 0/ILLEGAL_CHARACTER in SCHEME: The character violates the grammar rules for URIs/IRIs.
14:15:06.633 [main] WARN org.apache.jena.riot - [line: 10114, col: 38] Bad IRI: <%3Chttp://www.openlinksw.com/schemas/virtrdf#Geometry%3E> Code: 0/ILLEGAL_CHARACTER in SCHEME: The character violates the grammar rules for URIs/IRIs.
14:15:06.633 [main] WARN org.apache.jena.riot - [line: 10190, col: 38] Bad IRI: <%3Chttp://www.openlinksw.com/schemas/virtrdf#Geometry%3E> Code: 0/ILLEGAL_CHARACTER in SCHEME: The character violates the grammar rules for URIs/IRIs.
14:15:06.634 [main] WARN org.apache.jena.riot - [line: 10280, col: 38] Bad IRI: <%3Chttp://www.openlinksw.com/schemas/virtrdf#Geometry%3E> Code: 0/ILLEGAL_CHARACTER in SCHEME: The character violates the grammar rules for URIs/IRIs.
14:15:06.635 [main] WARN org.apache.jena.riot - [line: 10382, col: 38] Bad IRI: <%3Chttp://www.openlinksw.com/schemas/virtrdf#Geometry%3E> Code: 0/ILLEGAL_CHARACTER in SCHEME: The character violates the grammar rules for URIs/IRIs.
14:15:06.637 [main] WARN org.apache.jena.riot - [line: 10475, col: 38] Bad IRI: <%3Chttp://www.openlinksw.com/schemas/virtrdf#Geometry%3E> Code: 0/ILLEGAL_CHARACTER in SCHEME: The character violates the grammar rules for URIs/IRIs.
14:15:06.637 [main] WARN org.apache.jena.riot - [line: 10551, col: 38] Bad IRI: <%3Chttp://www.openlinksw.com/schemas/virtrdf#Geometry%3E> Code: 0/ILLEGAL_CHARACTER in SCHEME: The character violates the grammar rules for URIs/IRIs.
14:15:06.638 [main] WARN org.apache.jena.riot - [line: 10649, col: 38] Bad IRI: <%3Chttp://www.openlinksw.com/schemas/virtrdf#Geometry%3E> Code: 0/ILLEGAL_CHARACTER in SCHEME: The character violates the grammar rules for URIs/IRIs.
14:15:06.638 [main] WARN org.apache.jena.riot - [line: 10743, col: 38] Bad IRI: <%3Chttp://www.openlinksw.com/schemas/virtrdf#Geometry%3E> Code: 0/ILLEGAL_CHARACTER in SCHEME: The character violates the grammar rules for URIs/IRIs.
14:15:06.638 [main] WARN org.apache.jena.riot - [line: 10790, col: 38] Bad IRI: <%3Chttp://www.openlinksw.com/schemas/virtrdf#Geometry%3E> Code: 0/ILLEGAL_CHARACTER in SCHEME: The character violates the grammar rules for URIs/IRIs.
14:15:06.639 [main] WARN org.apache.jena.riot - [line: 10880, col: 38] Bad IRI: <%3Chttp://www.openlinksw.com/schemas/virtrdf#Geometry%3E> Code: 0/ILLEGAL_CHARACTER in SCHEME: The character violates the grammar rules for URIs/IRIs.
14:15:06.640 [main] WARN org.apache.jena.riot - [line: 10984, col: 38] Bad IRI: <%3Chttp://www.openlinksw.com/schemas/virtrdf#Geometry%3E> Code: 0/ILLEGAL_CHARACTER in SCHEME: The character violates the grammar rules for URIs/IRIs.
14:15:06.640 [main] WARN org.apache.jena.riot - [line: 11063, col: 38] Bad IRI: <%3Chttp://www.openlinksw.com/schemas/virtrdf#Geometry%3E> Code: 0/ILLEGAL_CHARACTER in SCHEME: The character violates the grammar rules for URIs/IRIs.
14:15:06.641 [main] WARN org.apache.jena.riot - [line: 11170, col: 38] Bad IRI: <%3Chttp://www.openlinksw.com/schemas/virtrdf#Geometry%3E> Code: 0/ILLEGAL_CHARACTER in SCHEME: The character violates the grammar rules for URIs/IRIs.
14:15:06.641 [main] WARN org.apache.jena.riot - [line: 11214, col: 38] Bad IRI: <%3Chttp://www.openlinksw.com/schemas/virtrdf#Geometry%3E> Code: 0/ILLEGAL_CHARACTER in SCHEME: The character violates the grammar rules for URIs/IRIs.
14:15:06.642 [main] WARN org.apache.jena.riot - [line: 11354, col: 38] Bad IRI: <%3Chttp://www.openlinksw.com/schemas/virtrdf#Geometry%3E> Code: 0/ILLEGAL_CHARACTER in SCHEME: The character violates the grammar rules for URIs/IRIs.
14:15:06.642 [main] WARN org.apache.jena.riot - [line: 11401, col: 38] Bad IRI: <%3Chttp://www.openlinksw.com/schemas/virtrdf#Geometry%3E> Code: 0/ILLEGAL_CHARACTER in SCHEME: The character violates the grammar rules for URIs/IRIs.
14:15:06.642 [main] WARN org.apache.jena.riot - [line: 11462, col: 38] Bad IRI: <%3Chttp://www.openlinksw.com/schemas/virtrdf#Geometry%3E> Code: 0/ILLEGAL_CHARACTER in SCHEME: The character violates the grammar rules for URIs/IRIs.
14:15:06.643 [main] WARN org.apache.jena.riot - [line: 11540, col: 38] Bad IRI: <%3Chttp://www.openlinksw.com/schemas/virtrdf#Geometry%3E> Code: 0/ILLEGAL_CHARACTER in SCHEME: The character violates the grammar rules for URIs/IRIs.
14:15:06.643 [main] WARN org.apache.jena.riot - [line: 11631, col: 38] Bad IRI: <%3Chttp://www.openlinksw.com/schemas/virtrdf#Geometry%3E> Code: 0/ILLEGAL_CHARACTER in SCHEME: The character violates the grammar rules for URIs/IRIs.
14:15:06.644 [main] WARN org.apache.jena.riot - [line: 11723, col: 38] Bad IRI: <%3Chttp://www.openlinksw.com/schemas/virtrdf#Geometry%3E> Code: 0/ILLEGAL_CHARACTER in SCHEME: The character violates the grammar rules for URIs/IRIs.
14:15:06.645 [main] WARN org.apache.jena.riot - [line: 11813, col: 38] Bad IRI: <%3Chttp://www.openlinksw.com/schemas/virtrdf#Geometry%3E> Code: 0/ILLEGAL_CHARACTER in SCHEME: The character violates the grammar rules for URIs/IRIs.
14:15:06.645 [main] WARN org.apache.jena.riot - [line: 11860, col: 38] Bad IRI: <%3Chttp://www.openlinksw.com/schemas/virtrdf#Geometry%3E> Code: 0/ILLEGAL_CHARACTER in SCHEME: The character violates the grammar rules for URIs/IRIs.
14:15:06.646 [main] WARN org.apache.jena.riot - [line: 11931, col: 38] Bad IRI: <%3Chttp://www.openlinksw.com/schemas/virtrdf#Geometry%3E> Code: 0/ILLEGAL_CHARACTER in SCHEME: The character violates the grammar rules for URIs/IRIs.
14:15:06.646 [main] WARN org.apache.jena.riot - [line: 12025, col: 38] Bad IRI: <%3Chttp://www.openlinksw.com/schemas/virtrdf#Geometry%3E> Code: 0/ILLEGAL_CHARACTER in SCHEME: The character violates the grammar rules for URIs/IRIs.
14:15:06.647 [main] WARN org.apache.jena.riot - [line: 12076, col: 38] Bad IRI: <%3Chttp://www.openlinksw.com/schemas/virtrdf#Geometry%3E> Code: 0/ILLEGAL_CHARACTER in SCHEME: The character violates the grammar rules for URIs/IRIs.
14:15:06.647 [main] WARN org.apache.jena.riot - [line: 12156, col: 38] Bad IRI: <%3Chttp://www.openlinksw.com/schemas/virtrdf#Geometry%3E> Code: 0/ILLEGAL_CHARACTER in SCHEME: The character violates the grammar rules for URIs/IRIs.
14:15:06.648 [main] WARN org.apache.jena.riot - [line: 12235, col: 38] Bad IRI: <%3Chttp://www.openlinksw.com/schemas/virtrdf#Geometry%3E> Code: 0/ILLEGAL_CHARACTER in SCHEME: The character violates the grammar rules for URIs/IRIs.
14:15:06.648 [main] WARN org.apache.jena.riot - [line: 12280, col: 38] Bad IRI: <%3Chttp://www.openlinksw.com/schemas/virtrdf#Geometry%3E> Code: 0/ILLEGAL_CHARACTER in SCHEME: The character violates the grammar rules for URIs/IRIs.
14:15:06.648 [main] WARN org.apache.jena.riot - [line: 12353, col: 38] Bad IRI: <%3Chttp://www.openlinksw.com/schemas/virtrdf#Geometry%3E> Code: 0/ILLEGAL_CHARACTER in SCHEME: The character violates the grammar rules for URIs/IRIs.
14:15:06.649 [main] WARN org.apache.jena.riot - [line: 12484, col: 38] Bad IRI: <%3Chttp://www.openlinksw.com/schemas/virtrdf#Geometry%3E> Code: 0/ILLEGAL_CHARACTER in SCHEME: The character violates the grammar rules for URIs/IRIs.
prettyFormatTurtle  - 0 - 0
Time Elapsed 0.6_20 1 sec , 0 min
***** Total Parsing Time 4 sec , 0 min *****
/home/koen/shape-generation-clean/generated-output/qse/marine-regions/db_0.5_20 created successfully.
Invoked:: PostConstraintsAnnotator
MODEL:: CUSTOM - SIZE: 12843 | PARAMS: 50.0 - 20
::: ShapesExtractor ~ WRITING MODEL TO FILE: /home/koen/shape-generation-clean/generated-output/qse/marine-regions/DATASET_QSE_0.5_20.ttl
writeModelToFile  - 0 - 0
::: ShapesExtractor ~ PRETTY FORMATTING TURTLE FILE: /home/koen/shape-generation-clean/generated-output/qse/marine-regions/DATASET_QSE_0.5_20_SHACL.ttl
Pretty Formatting
14:15:07.740 [main] WARN org.apache.jena.riot - [line: 42, col: 38] Bad IRI: <%3Chttp://www.openlinksw.com/schemas/virtrdf#Geometry%3E> Code: 0/ILLEGAL_CHARACTER in SCHEME: The character violates the grammar rules for URIs/IRIs.
14:15:07.740 [main] WARN org.apache.jena.riot - [line: 85, col: 38] Bad IRI: <%3Chttp://www.openlinksw.com/schemas/virtrdf#Geometry%3E> Code: 0/ILLEGAL_CHARACTER in SCHEME: The character violates the grammar rules for URIs/IRIs.
14:15:07.741 [main] WARN org.apache.jena.riot - [line: 144, col: 38] Bad IRI: <%3Chttp://www.openlinksw.com/schemas/virtrdf#Geometry%3E> Code: 0/ILLEGAL_CHARACTER in SCHEME: The character violates the grammar rules for URIs/IRIs.
14:15:07.741 [main] WARN org.apache.jena.riot - [line: 189, col: 38] Bad IRI: <%3Chttp://www.openlinksw.com/schemas/virtrdf#Geometry%3E> Code: 0/ILLEGAL_CHARACTER in SCHEME: The character violates the grammar rules for URIs/IRIs.
14:15:07.741 [main] WARN org.apache.jena.riot - [line: 248, col: 38] Bad IRI: <%3Chttp://www.openlinksw.com/schemas/virtrdf#Geometry%3E> Code: 0/ILLEGAL_CHARACTER in SCHEME: The character violates the grammar rules for URIs/IRIs.
14:15:07.741 [main] WARN org.apache.jena.riot - [line: 292, col: 38] Bad IRI: <%3Chttp://www.openlinksw.com/schemas/virtrdf#Geometry%3E> Code: 0/ILLEGAL_CHARACTER in SCHEME: The character violates the grammar rules for URIs/IRIs.
14:15:07.741 [main] WARN org.apache.jena.riot - [line: 365, col: 38] Bad IRI: <%3Chttp://www.openlinksw.com/schemas/virtrdf#Geometry%3E> Code: 0/ILLEGAL_CHARACTER in SCHEME: The character violates the grammar rules for URIs/IRIs.
14:15:07.741 [main] WARN org.apache.jena.riot - [line: 408, col: 38] Bad IRI: <%3Chttp://www.openlinksw.com/schemas/virtrdf#Geometry%3E> Code: 0/ILLEGAL_CHARACTER in SCHEME: The character violates the grammar rules for URIs/IRIs.
14:15:07.742 [main] WARN org.apache.jena.riot - [line: 480, col: 38] Bad IRI: <%3Chttp://www.openlinksw.com/schemas/virtrdf#Geometry%3E> Code: 0/ILLEGAL_CHARACTER in SCHEME: The character violates the grammar rules for URIs/IRIs.
14:15:07.742 [main] WARN org.apache.jena.riot - [line: 527, col: 38] Bad IRI: <%3Chttp://www.openlinksw.com/schemas/virtrdf#Geometry%3E> Code: 0/ILLEGAL_CHARACTER in SCHEME: The character violates the grammar rules for URIs/IRIs.
14:15:07.742 [main] WARN org.apache.jena.riot - [line: 600, col: 38] Bad IRI: <%3Chttp://www.openlinksw.com/schemas/virtrdf#Geometry%3E> Code: 0/ILLEGAL_CHARACTER in SCHEME: The character violates the grammar rules for URIs/IRIs.
14:15:07.743 [main] WARN org.apache.jena.riot - [line: 749, col: 38] Bad IRI: <%3Chttp://www.openlinksw.com/schemas/virtrdf#Geometry%3E> Code: 0/ILLEGAL_CHARACTER in SCHEME: The character violates the grammar rules for URIs/IRIs.
14:15:07.743 [main] WARN org.apache.jena.riot - [line: 868, col: 38] Bad IRI: <%3Chttp://www.openlinksw.com/schemas/virtrdf#Geometry%3E> Code: 0/ILLEGAL_CHARACTER in SCHEME: The character violates the grammar rules for URIs/IRIs.
14:15:07.744 [main] WARN org.apache.jena.riot - [line: 986, col: 38] Bad IRI: <%3Chttp://www.openlinksw.com/schemas/virtrdf#Geometry%3E> Code: 0/ILLEGAL_CHARACTER in SCHEME: The character violates the grammar rules for URIs/IRIs.
14:15:07.744 [main] WARN org.apache.jena.riot - [line: 1092, col: 38] Bad IRI: <%3Chttp://www.openlinksw.com/schemas/virtrdf#Geometry%3E> Code: 0/ILLEGAL_CHARACTER in SCHEME: The character violates the grammar rules for URIs/IRIs.
14:15:07.744 [main] WARN org.apache.jena.riot - [line: 1136, col: 38] Bad IRI: <%3Chttp://www.openlinksw.com/schemas/virtrdf#Geometry%3E> Code: 0/ILLEGAL_CHARACTER in SCHEME: The character violates the grammar rules for URIs/IRIs.
14:15:07.744 [main] WARN org.apache.jena.riot - [line: 1209, col: 38] Bad IRI: <%3Chttp://www.openlinksw.com/schemas/virtrdf#Geometry%3E> Code: 0/ILLEGAL_CHARACTER in SCHEME: The character violates the grammar rules for URIs/IRIs.
14:15:07.744 [main] WARN org.apache.jena.riot - [line: 1266, col: 38] Bad IRI: <%3Chttp://www.openlinksw.com/schemas/virtrdf#Geometry%3E> Code: 0/ILLEGAL_CHARACTER in SCHEME: The character violates the grammar rules for URIs/IRIs.
14:15:07.745 [main] WARN org.apache.jena.riot - [line: 1396, col: 38] Bad IRI: <%3Chttp://www.openlinksw.com/schemas/virtrdf#Geometry%3E> Code: 0/ILLEGAL_CHARACTER in SCHEME: The character violates the grammar rules for URIs/IRIs.
14:15:07.745 [main] WARN org.apache.jena.riot - [line: 1440, col: 38] Bad IRI: <%3Chttp://www.openlinksw.com/schemas/virtrdf#Geometry%3E> Code: 0/ILLEGAL_CHARACTER in SCHEME: The character violates the grammar rules for URIs/IRIs.
14:15:07.746 [main] WARN org.apache.jena.riot - [line: 1523, col: 38] Bad IRI: <%3Chttp://www.openlinksw.com/schemas/virtrdf#Geometry%3E> Code: 0/ILLEGAL_CHARACTER in SCHEME: The character violates the grammar rules for URIs/IRIs.
14:15:07.746 [main] WARN org.apache.jena.riot - [line: 1634, col: 38] Bad IRI: <%3Chttp://www.openlinksw.com/schemas/virtrdf#Geometry%3E> Code: 0/ILLEGAL_CHARACTER in SCHEME: The character violates the grammar rules for URIs/IRIs.
14:15:07.746 [main] WARN org.apache.jena.riot - [line: 1702, col: 38] Bad IRI: <%3Chttp://www.openlinksw.com/schemas/virtrdf#Geometry%3E> Code: 0/ILLEGAL_CHARACTER in SCHEME: The character violates the grammar rules for URIs/IRIs.
14:15:07.747 [main] WARN org.apache.jena.riot - [line: 1802, col: 38] Bad IRI: <%3Chttp://www.openlinksw.com/schemas/virtrdf#Geometry%3E> Code: 0/ILLEGAL_CHARACTER in SCHEME: The character violates the grammar rules for URIs/IRIs.
14:15:07.747 [main] WARN org.apache.jena.riot - [line: 1845, col: 38] Bad IRI: <%3Chttp://www.openlinksw.com/schemas/virtrdf#Geometry%3E> Code: 0/ILLEGAL_CHARACTER in SCHEME: The character violates the grammar rules for URIs/IRIs.
14:15:07.747 [main] WARN org.apache.jena.riot - [line: 1945, col: 38] Bad IRI: <%3Chttp://www.openlinksw.com/schemas/virtrdf#Geometry%3E> Code: 0/ILLEGAL_CHARACTER in SCHEME: The character violates the grammar rules for URIs/IRIs.
14:15:07.748 [main] WARN org.apache.jena.riot - [line: 1987, col: 38] Bad IRI: <%3Chttp://www.openlinksw.com/schemas/virtrdf#Geometry%3E> Code: 0/ILLEGAL_CHARACTER in SCHEME: The character violates the grammar rules for URIs/IRIs.
14:15:07.748 [main] WARN org.apache.jena.riot - [line: 2081, col: 38] Bad IRI: <%3Chttp://www.openlinksw.com/schemas/virtrdf#Geometry%3E> Code: 0/ILLEGAL_CHARACTER in SCHEME: The character violates the grammar rules for URIs/IRIs.
14:15:07.748 [main] WARN org.apache.jena.riot - [line: 2136, col: 38] Bad IRI: <%3Chttp://www.openlinksw.com/schemas/virtrdf#Geometry%3E> Code: 0/ILLEGAL_CHARACTER in SCHEME: The character violates the grammar rules for URIs/IRIs.
14:15:07.749 [main] WARN org.apache.jena.riot - [line: 2219, col: 38] Bad IRI: <%3Chttp://www.openlinksw.com/schemas/virtrdf#Geometry%3E> Code: 0/ILLEGAL_CHARACTER in SCHEME: The character violates the grammar rules for URIs/IRIs.
14:15:07.749 [main] WARN org.apache.jena.riot - [line: 2262, col: 38] Bad IRI: <%3Chttp://www.openlinksw.com/schemas/virtrdf#Geometry%3E> Code: 0/ILLEGAL_CHARACTER in SCHEME: The character violates the grammar rules for URIs/IRIs.
14:15:07.749 [main] WARN org.apache.jena.riot - [line: 2340, col: 38] Bad IRI: <%3Chttp://www.openlinksw.com/schemas/virtrdf#Geometry%3E> Code: 0/ILLEGAL_CHARACTER in SCHEME: The character violates the grammar rules for URIs/IRIs.
14:15:07.750 [main] WARN org.apache.jena.riot - [line: 2453, col: 38] Bad IRI: <%3Chttp://www.openlinksw.com/schemas/virtrdf#Geometry%3E> Code: 0/ILLEGAL_CHARACTER in SCHEME: The character violates the grammar rules for URIs/IRIs.
14:15:07.750 [main] WARN org.apache.jena.riot - [line: 2518, col: 38] Bad IRI: <%3Chttp://www.openlinksw.com/schemas/virtrdf#Geometry%3E> Code: 0/ILLEGAL_CHARACTER in SCHEME: The character violates the grammar rules for URIs/IRIs.
14:15:07.751 [main] WARN org.apache.jena.riot - [line: 2592, col: 38] Bad IRI: <%3Chttp://www.openlinksw.com/schemas/virtrdf#Geometry%3E> Code: 0/ILLEGAL_CHARACTER in SCHEME: The character violates the grammar rules for URIs/IRIs.
14:15:07.752 [main] WARN org.apache.jena.riot - [line: 2715, col: 38] Bad IRI: <%3Chttp://www.openlinksw.com/schemas/virtrdf#Geometry%3E> Code: 0/ILLEGAL_CHARACTER in SCHEME: The character violates the grammar rules for URIs/IRIs.
14:15:07.752 [main] WARN org.apache.jena.riot - [line: 2808, col: 38] Bad IRI: <%3Chttp://www.openlinksw.com/schemas/virtrdf#Geometry%3E> Code: 0/ILLEGAL_CHARACTER in SCHEME: The character violates the grammar rules for URIs/IRIs.
14:15:07.752 [main] WARN org.apache.jena.riot - [line: 2864, col: 38] Bad IRI: <%3Chttp://www.openlinksw.com/schemas/virtrdf#Geometry%3E> Code: 0/ILLEGAL_CHARACTER in SCHEME: The character violates the grammar rules for URIs/IRIs.
14:15:07.753 [main] WARN org.apache.jena.riot - [line: 2946, col: 38] Bad IRI: <%3Chttp://www.openlinksw.com/schemas/virtrdf#Geometry%3E> Code: 0/ILLEGAL_CHARACTER in SCHEME: The character violates the grammar rules for URIs/IRIs.
14:15:07.753 [main] WARN org.apache.jena.riot - [line: 2991, col: 38] Bad IRI: <%3Chttp://www.openlinksw.com/schemas/virtrdf#Geometry%3E> Code: 0/ILLEGAL_CHARACTER in SCHEME: The character violates the grammar rules for URIs/IRIs.
14:15:07.754 [main] WARN org.apache.jena.riot - [line: 3071, col: 38] Bad IRI: <%3Chttp://www.openlinksw.com/schemas/virtrdf#Geometry%3E> Code: 0/ILLEGAL_CHARACTER in SCHEME: The character violates the grammar rules for URIs/IRIs.
14:15:07.754 [main] WARN org.apache.jena.riot - [line: 3126, col: 38] Bad IRI: <%3Chttp://www.openlinksw.com/schemas/virtrdf#Geometry%3E> Code: 0/ILLEGAL_CHARACTER in SCHEME: The character violates the grammar rules for URIs/IRIs.
14:15:07.754 [main] WARN org.apache.jena.riot - [line: 3183, col: 38] Bad IRI: <%3Chttp://www.openlinksw.com/schemas/virtrdf#Geometry%3E> Code: 0/ILLEGAL_CHARACTER in SCHEME: The character violates the grammar rules for URIs/IRIs.
14:15:07.755 [main] WARN org.apache.jena.riot - [line: 3288, col: 38] Bad IRI: <%3Chttp://www.openlinksw.com/schemas/virtrdf#Geometry%3E> Code: 0/ILLEGAL_CHARACTER in SCHEME: The character violates the grammar rules for URIs/IRIs.
14:15:07.755 [main] WARN org.apache.jena.riot - [line: 3397, col: 38] Bad IRI: <%3Chttp://www.openlinksw.com/schemas/virtrdf#Geometry%3E> Code: 0/ILLEGAL_CHARACTER in SCHEME: The character violates the grammar rules for URIs/IRIs.
14:15:07.755 [main] WARN org.apache.jena.riot - [line: 3442, col: 38] Bad IRI: <%3Chttp://www.openlinksw.com/schemas/virtrdf#Geometry%3E> Code: 0/ILLEGAL_CHARACTER in SCHEME: The character violates the grammar rules for URIs/IRIs.
14:15:07.756 [main] WARN org.apache.jena.riot - [line: 3499, col: 38] Bad IRI: <%3Chttp://www.openlinksw.com/schemas/virtrdf#Geometry%3E> Code: 0/ILLEGAL_CHARACTER in SCHEME: The character violates the grammar rules for URIs/IRIs.
14:15:07.756 [main] WARN org.apache.jena.riot - [line: 3592, col: 38] Bad IRI: <%3Chttp://www.openlinksw.com/schemas/virtrdf#Geometry%3E> Code: 0/ILLEGAL_CHARACTER in SCHEME: The character violates the grammar rules for URIs/IRIs.
14:15:07.757 [main] WARN org.apache.jena.riot - [line: 3661, col: 38] Bad IRI: <%3Chttp://www.openlinksw.com/schemas/virtrdf#Geometry%3E> Code: 0/ILLEGAL_CHARACTER in SCHEME: The character violates the grammar rules for URIs/IRIs.
14:15:07.757 [main] WARN org.apache.jena.riot - [line: 3768, col: 38] Bad IRI: <%3Chttp://www.openlinksw.com/schemas/virtrdf#Geometry%3E> Code: 0/ILLEGAL_CHARACTER in SCHEME: The character violates the grammar rules for URIs/IRIs.
14:15:07.758 [main] WARN org.apache.jena.riot - [line: 3879, col: 38] Bad IRI: <%3Chttp://www.openlinksw.com/schemas/virtrdf#Geometry%3E> Code: 0/ILLEGAL_CHARACTER in SCHEME: The character violates the grammar rules for URIs/IRIs.
14:15:07.759 [main] WARN org.apache.jena.riot - [line: 3984, col: 38] Bad IRI: <%3Chttp://www.openlinksw.com/schemas/virtrdf#Geometry%3E> Code: 0/ILLEGAL_CHARACTER in SCHEME: The character violates the grammar rules for URIs/IRIs.
14:15:07.760 [main] WARN org.apache.jena.riot - [line: 4121, col: 38] Bad IRI: <%3Chttp://www.openlinksw.com/schemas/virtrdf#Geometry%3E> Code: 0/ILLEGAL_CHARACTER in SCHEME: The character violates the grammar rules for URIs/IRIs.
14:15:07.760 [main] WARN org.apache.jena.riot - [line: 4163, col: 38] Bad IRI: <%3Chttp://www.openlinksw.com/schemas/virtrdf#Geometry%3E> Code: 0/ILLEGAL_CHARACTER in SCHEME: The character violates the grammar rules for URIs/IRIs.
14:15:07.760 [main] WARN org.apache.jena.riot - [line: 4235, col: 38] Bad IRI: <%3Chttp://www.openlinksw.com/schemas/virtrdf#Geometry%3E> Code: 0/ILLEGAL_CHARACTER in SCHEME: The character violates the grammar rules for URIs/IRIs.
14:15:07.761 [main] WARN org.apache.jena.riot - [line: 4310, col: 38] Bad IRI: <%3Chttp://www.openlinksw.com/schemas/virtrdf#Geometry%3E> Code: 0/ILLEGAL_CHARACTER in SCHEME: The character violates the grammar rules for URIs/IRIs.
14:15:07.761 [main] WARN org.apache.jena.riot - [line: 4382, col: 38] Bad IRI: <%3Chttp://www.openlinksw.com/schemas/virtrdf#Geometry%3E> Code: 0/ILLEGAL_CHARACTER in SCHEME: The character violates the grammar rules for URIs/IRIs.
14:15:07.762 [main] WARN org.apache.jena.riot - [line: 4486, col: 38] Bad IRI: <%3Chttp://www.openlinksw.com/schemas/virtrdf#Geometry%3E> Code: 0/ILLEGAL_CHARACTER in SCHEME: The character violates the grammar rules for URIs/IRIs.
14:15:07.762 [main] WARN org.apache.jena.riot - [line: 4600, col: 38] Bad IRI: <%3Chttp://www.openlinksw.com/schemas/virtrdf#Geometry%3E> Code: 0/ILLEGAL_CHARACTER in SCHEME: The character violates the grammar rules for URIs/IRIs.
14:15:07.763 [main] WARN org.apache.jena.riot - [line: 4653, col: 38] Bad IRI: <%3Chttp://www.openlinksw.com/schemas/virtrdf#Geometry%3E> Code: 0/ILLEGAL_CHARACTER in SCHEME: The character violates the grammar rules for URIs/IRIs.
14:15:07.763 [main] WARN org.apache.jena.riot - [line: 4725, col: 38] Bad IRI: <%3Chttp://www.openlinksw.com/schemas/virtrdf#Geometry%3E> Code: 0/ILLEGAL_CHARACTER in SCHEME: The character violates the grammar rules for URIs/IRIs.
14:15:07.764 [main] WARN org.apache.jena.riot - [line: 4830, col: 38] Bad IRI: <%3Chttp://www.openlinksw.com/schemas/virtrdf#Geometry%3E> Code: 0/ILLEGAL_CHARACTER in SCHEME: The character violates the grammar rules for URIs/IRIs.
14:15:07.765 [main] WARN org.apache.jena.riot - [line: 4950, col: 38] Bad IRI: <%3Chttp://www.openlinksw.com/schemas/virtrdf#Geometry%3E> Code: 0/ILLEGAL_CHARACTER in SCHEME: The character violates the grammar rules for URIs/IRIs.
14:15:07.765 [main] WARN org.apache.jena.riot - [line: 5075, col: 38] Bad IRI: <%3Chttp://www.openlinksw.com/schemas/virtrdf#Geometry%3E> Code: 0/ILLEGAL_CHARACTER in SCHEME: The character violates the grammar rules for URIs/IRIs.
14:15:07.766 [main] WARN org.apache.jena.riot - [line: 5169, col: 38] Bad IRI: <%3Chttp://www.openlinksw.com/schemas/virtrdf#Geometry%3E> Code: 0/ILLEGAL_CHARACTER in SCHEME: The character violates the grammar rules for URIs/IRIs.
14:15:07.767 [main] WARN org.apache.jena.riot - [line: 5266, col: 38] Bad IRI: <%3Chttp://www.openlinksw.com/schemas/virtrdf#Geometry%3E> Code: 0/ILLEGAL_CHARACTER in SCHEME: The character violates the grammar rules for URIs/IRIs.
14:15:07.767 [main] WARN org.apache.jena.riot - [line: 5308, col: 38] Bad IRI: <%3Chttp://www.openlinksw.com/schemas/virtrdf#Geometry%3E> Code: 0/ILLEGAL_CHARACTER in SCHEME: The character violates the grammar rules for URIs/IRIs.
14:15:07.767 [main] WARN org.apache.jena.riot - [line: 5381, col: 38] Bad IRI: <%3Chttp://www.openlinksw.com/schemas/virtrdf#Geometry%3E> Code: 0/ILLEGAL_CHARACTER in SCHEME: The character violates the grammar rules for URIs/IRIs.
14:15:07.767 [main] WARN org.apache.jena.riot - [line: 5425, col: 38] Bad IRI: <%3Chttp://www.openlinksw.com/schemas/virtrdf#Geometry%3E> Code: 0/ILLEGAL_CHARACTER in SCHEME: The character violates the grammar rules for URIs/IRIs.
14:15:07.768 [main] WARN org.apache.jena.riot - [line: 5517, col: 38] Bad IRI: <%3Chttp://www.openlinksw.com/schemas/virtrdf#Geometry%3E> Code: 0/ILLEGAL_CHARACTER in SCHEME: The character violates the grammar rules for URIs/IRIs.
14:15:07.768 [main] WARN org.apache.jena.riot - [line: 5621, col: 38] Bad IRI: <%3Chttp://www.openlinksw.com/schemas/virtrdf#Geometry%3E> Code: 0/ILLEGAL_CHARACTER in SCHEME: The character violates the grammar rules for URIs/IRIs.
14:15:07.769 [main] WARN org.apache.jena.riot - [line: 5724, col: 38] Bad IRI: <%3Chttp://www.openlinksw.com/schemas/virtrdf#Geometry%3E> Code: 0/ILLEGAL_CHARACTER in SCHEME: The character violates the grammar rules for URIs/IRIs.
14:15:07.769 [main] WARN org.apache.jena.riot - [line: 5770, col: 38] Bad IRI: <%3Chttp://www.openlinksw.com/schemas/virtrdf#Geometry%3E> Code: 0/ILLEGAL_CHARACTER in SCHEME: The character violates the grammar rules for URIs/IRIs.
14:15:07.769 [main] WARN org.apache.jena.riot - [line: 5828, col: 38] Bad IRI: <%3Chttp://www.openlinksw.com/schemas/virtrdf#Geometry%3E> Code: 0/ILLEGAL_CHARACTER in SCHEME: The character violates the grammar rules for URIs/IRIs.
14:15:07.770 [main] WARN org.apache.jena.riot - [line: 5921, col: 38] Bad IRI: <%3Chttp://www.openlinksw.com/schemas/virtrdf#Geometry%3E> Code: 0/ILLEGAL_CHARACTER in SCHEME: The character violates the grammar rules for URIs/IRIs.
14:15:07.770 [main] WARN org.apache.jena.riot - [line: 5964, col: 38] Bad IRI: <%3Chttp://www.openlinksw.com/schemas/virtrdf#Geometry%3E> Code: 0/ILLEGAL_CHARACTER in SCHEME: The character violates the grammar rules for URIs/IRIs.
14:15:07.771 [main] WARN org.apache.jena.riot - [line: 6042, col: 38] Bad IRI: <%3Chttp://www.openlinksw.com/schemas/virtrdf#Geometry%3E> Code: 0/ILLEGAL_CHARACTER in SCHEME: The character violates the grammar rules for URIs/IRIs.
14:15:07.771 [main] WARN org.apache.jena.riot - [line: 6135, col: 38] Bad IRI: <%3Chttp://www.openlinksw.com/schemas/virtrdf#Geometry%3E> Code: 0/ILLEGAL_CHARACTER in SCHEME: The character violates the grammar rules for URIs/IRIs.
14:15:07.771 [main] WARN org.apache.jena.riot - [line: 6179, col: 38] Bad IRI: <%3Chttp://www.openlinksw.com/schemas/virtrdf#Geometry%3E> Code: 0/ILLEGAL_CHARACTER in SCHEME: The character violates the grammar rules for URIs/IRIs.
14:15:07.772 [main] WARN org.apache.jena.riot - [line: 6262, col: 38] Bad IRI: <%3Chttp://www.openlinksw.com/schemas/virtrdf#Geometry%3E> Code: 0/ILLEGAL_CHARACTER in SCHEME: The character violates the grammar rules for URIs/IRIs.
14:15:07.772 [main] WARN org.apache.jena.riot - [line: 6355, col: 38] Bad IRI: <%3Chttp://www.openlinksw.com/schemas/virtrdf#Geometry%3E> Code: 0/ILLEGAL_CHARACTER in SCHEME: The character violates the grammar rules for URIs/IRIs.
14:15:07.773 [main] WARN org.apache.jena.riot - [line: 6445, col: 38] Bad IRI: <%3Chttp://www.openlinksw.com/schemas/virtrdf#Geometry%3E> Code: 0/ILLEGAL_CHARACTER in SCHEME: The character violates the grammar rules for URIs/IRIs.
14:15:07.773 [main] WARN org.apache.jena.riot - [line: 6488, col: 38] Bad IRI: <%3Chttp://www.openlinksw.com/schemas/virtrdf#Geometry%3E> Code: 0/ILLEGAL_CHARACTER in SCHEME: The character violates the grammar rules for URIs/IRIs.
14:15:07.774 [main] WARN org.apache.jena.riot - [line: 6561, col: 38] Bad IRI: <%3Chttp://www.openlinksw.com/schemas/virtrdf#Geometry%3E> Code: 0/ILLEGAL_CHARACTER in SCHEME: The character violates the grammar rules for URIs/IRIs.
14:15:07.774 [main] WARN org.apache.jena.riot - [line: 6630, col: 38] Bad IRI: <%3Chttp://www.openlinksw.com/schemas/virtrdf#Geometry%3E> Code: 0/ILLEGAL_CHARACTER in SCHEME: The character violates the grammar rules for URIs/IRIs.
14:15:07.775 [main] WARN org.apache.jena.riot - [line: 6702, col: 38] Bad IRI: <%3Chttp://www.openlinksw.com/schemas/virtrdf#Geometry%3E> Code: 0/ILLEGAL_CHARACTER in SCHEME: The character violates the grammar rules for URIs/IRIs.
14:15:07.775 [main] WARN org.apache.jena.riot - [line: 6814, col: 38] Bad IRI: <%3Chttp://www.openlinksw.com/schemas/virtrdf#Geometry%3E> Code: 0/ILLEGAL_CHARACTER in SCHEME: The character violates the grammar rules for URIs/IRIs.
14:15:07.775 [main] WARN org.apache.jena.riot - [line: 6858, col: 38] Bad IRI: <%3Chttp://www.openlinksw.com/schemas/virtrdf#Geometry%3E> Code: 0/ILLEGAL_CHARACTER in SCHEME: The character violates the grammar rules for URIs/IRIs.
14:15:07.776 [main] WARN org.apache.jena.riot - [line: 6934, col: 38] Bad IRI: <%3Chttp://www.openlinksw.com/schemas/virtrdf#Geometry%3E> Code: 0/ILLEGAL_CHARACTER in SCHEME: The character violates the grammar rules for URIs/IRIs.
14:15:07.776 [main] WARN org.apache.jena.riot - [line: 7059, col: 38] Bad IRI: <%3Chttp://www.openlinksw.com/schemas/virtrdf#Geometry%3E> Code: 0/ILLEGAL_CHARACTER in SCHEME: The character violates the grammar rules for URIs/IRIs.
14:15:07.777 [main] WARN org.apache.jena.riot - [line: 7155, col: 38] Bad IRI: <%3Chttp://www.openlinksw.com/schemas/virtrdf#Geometry%3E> Code: 0/ILLEGAL_CHARACTER in SCHEME: The character violates the grammar rules for URIs/IRIs.
14:15:07.778 [main] WARN org.apache.jena.riot - [line: 7259, col: 38] Bad IRI: <%3Chttp://www.openlinksw.com/schemas/virtrdf#Geometry%3E> Code: 0/ILLEGAL_CHARACTER in SCHEME: The character violates the grammar rules for URIs/IRIs.
14:15:07.778 [main] WARN org.apache.jena.riot - [line: 7304, col: 38] Bad IRI: <%3Chttp://www.openlinksw.com/schemas/virtrdf#Geometry%3E> Code: 0/ILLEGAL_CHARACTER in SCHEME: The character violates the grammar rules for URIs/IRIs.
14:15:07.779 [main] WARN org.apache.jena.riot - [line: 7362, col: 38] Bad IRI: <%3Chttp://www.openlinksw.com/schemas/virtrdf#Geometry%3E> Code: 0/ILLEGAL_CHARACTER in SCHEME: The character violates the grammar rules for URIs/IRIs.
14:15:07.779 [main] WARN org.apache.jena.riot - [line: 7406, col: 38] Bad IRI: <%3Chttp://www.openlinksw.com/schemas/virtrdf#Geometry%3E> Code: 0/ILLEGAL_CHARACTER in SCHEME: The character violates the grammar rules for URIs/IRIs.
14:15:07.779 [main] WARN org.apache.jena.riot - [line: 7500, col: 38] Bad IRI: <%3Chttp://www.openlinksw.com/schemas/virtrdf#Geometry%3E> Code: 0/ILLEGAL_CHARACTER in SCHEME: The character violates the grammar rules for URIs/IRIs.
14:15:07.780 [main] WARN org.apache.jena.riot - [line: 7547, col: 38] Bad IRI: <%3Chttp://www.openlinksw.com/schemas/virtrdf#Geometry%3E> Code: 0/ILLEGAL_CHARACTER in SCHEME: The character violates the grammar rules for URIs/IRIs.
14:15:07.780 [main] WARN org.apache.jena.riot - [line: 7596, col: 38] Bad IRI: <%3Chttp://www.openlinksw.com/schemas/virtrdf#Geometry%3E> Code: 0/ILLEGAL_CHARACTER in SCHEME: The character violates the grammar rules for URIs/IRIs.
14:15:07.780 [main] WARN org.apache.jena.riot - [line: 7703, col: 38] Bad IRI: <%3Chttp://www.openlinksw.com/schemas/virtrdf#Geometry%3E> Code: 0/ILLEGAL_CHARACTER in SCHEME: The character violates the grammar rules for URIs/IRIs.
14:15:07.781 [main] WARN org.apache.jena.riot - [line: 7746, col: 38] Bad IRI: <%3Chttp://www.openlinksw.com/schemas/virtrdf#Geometry%3E> Code: 0/ILLEGAL_CHARACTER in SCHEME: The character violates the grammar rules for URIs/IRIs.
14:15:07.781 [main] WARN org.apache.jena.riot - [line: 7839, col: 38] Bad IRI: <%3Chttp://www.openlinksw.com/schemas/virtrdf#Geometry%3E> Code: 0/ILLEGAL_CHARACTER in SCHEME: The character violates the grammar rules for URIs/IRIs.
14:15:07.782 [main] WARN org.apache.jena.riot - [line: 7891, col: 38] Bad IRI: <%3Chttp://www.openlinksw.com/schemas/virtrdf#Geometry%3E> Code: 0/ILLEGAL_CHARACTER in SCHEME: The character violates the grammar rules for URIs/IRIs.
14:15:07.783 [main] WARN org.apache.jena.riot - [line: 7978, col: 38] Bad IRI: <%3Chttp://www.openlinksw.com/schemas/virtrdf#Geometry%3E> Code: 0/ILLEGAL_CHARACTER in SCHEME: The character violates the grammar rules for URIs/IRIs.
14:15:07.783 [main] WARN org.apache.jena.riot - [line: 8098, col: 38] Bad IRI: <%3Chttp://www.openlinksw.com/schemas/virtrdf#Geometry%3E> Code: 0/ILLEGAL_CHARACTER in SCHEME: The character violates the grammar rules for URIs/IRIs.
14:15:07.784 [main] WARN org.apache.jena.riot - [line: 8200, col: 38] Bad IRI: <%3Chttp://www.openlinksw.com/schemas/virtrdf#Geometry%3E> Code: 0/ILLEGAL_CHARACTER in SCHEME: The character violates the grammar rules for URIs/IRIs.
14:15:07.784 [main] WARN org.apache.jena.riot - [line: 8278, col: 38] Bad IRI: <%3Chttp://www.openlinksw.com/schemas/virtrdf#Geometry%3E> Code: 0/ILLEGAL_CHARACTER in SCHEME: The character violates the grammar rules for URIs/IRIs.
14:15:07.785 [main] WARN org.apache.jena.riot - [line: 8335, col: 38] Bad IRI: <%3Chttp://www.openlinksw.com/schemas/virtrdf#Geometry%3E> Code: 0/ILLEGAL_CHARACTER in SCHEME: The character violates the grammar rules for URIs/IRIs.
14:15:07.785 [main] WARN org.apache.jena.riot - [line: 8408, col: 38] Bad IRI: <%3Chttp://www.openlinksw.com/schemas/virtrdf#Geometry%3E> Code: 0/ILLEGAL_CHARACTER in SCHEME: The character violates the grammar rules for URIs/IRIs.
14:15:07.785 [main] WARN org.apache.jena.riot - [line: 8485, col: 38] Bad IRI: <%3Chttp://www.openlinksw.com/schemas/virtrdf#Geometry%3E> Code: 0/ILLEGAL_CHARACTER in SCHEME: The character violates the grammar rules for URIs/IRIs.
14:15:07.786 [main] WARN org.apache.jena.riot - [line: 8602, col: 38] Bad IRI: <%3Chttp://www.openlinksw.com/schemas/virtrdf#Geometry%3E> Code: 0/ILLEGAL_CHARACTER in SCHEME: The character violates the grammar rules for URIs/IRIs.
14:15:07.786 [main] WARN org.apache.jena.riot - [line: 8648, col: 38] Bad IRI: <%3Chttp://www.openlinksw.com/schemas/virtrdf#Geometry%3E> Code: 0/ILLEGAL_CHARACTER in SCHEME: The character violates the grammar rules for URIs/IRIs.
14:15:07.786 [main] WARN org.apache.jena.riot - [line: 8720, col: 38] Bad IRI: <%3Chttp://www.openlinksw.com/schemas/virtrdf#Geometry%3E> Code: 0/ILLEGAL_CHARACTER in SCHEME: The character violates the grammar rules for URIs/IRIs.
14:15:07.787 [main] WARN org.apache.jena.riot - [line: 8823, col: 38] Bad IRI: <%3Chttp://www.openlinksw.com/schemas/virtrdf#Geometry%3E> Code: 0/ILLEGAL_CHARACTER in SCHEME: The character violates the grammar rules for URIs/IRIs.
14:15:07.788 [main] WARN org.apache.jena.riot - [line: 8934, col: 38] Bad IRI: <%3Chttp://www.openlinksw.com/schemas/virtrdf#Geometry%3E> Code: 0/ILLEGAL_CHARACTER in SCHEME: The character violates the grammar rules for URIs/IRIs.
14:15:07.788 [main] WARN org.apache.jena.riot - [line: 8998, col: 38] Bad IRI: <%3Chttp://www.openlinksw.com/schemas/virtrdf#Geometry%3E> Code: 0/ILLEGAL_CHARACTER in SCHEME: The character violates the grammar rules for URIs/IRIs.
14:15:07.789 [main] WARN org.apache.jena.riot - [line: 9058, col: 38] Bad IRI: <%3Chttp://www.openlinksw.com/schemas/virtrdf#Geometry%3E> Code: 0/ILLEGAL_CHARACTER in SCHEME: The character violates the grammar rules for URIs/IRIs.
14:15:07.789 [main] WARN org.apache.jena.riot - [line: 9136, col: 38] Bad IRI: <%3Chttp://www.openlinksw.com/schemas/virtrdf#Geometry%3E> Code: 0/ILLEGAL_CHARACTER in SCHEME: The character violates the grammar rules for URIs/IRIs.
14:15:07.790 [main] WARN org.apache.jena.riot - [line: 9210, col: 38] Bad IRI: <%3Chttp://www.openlinksw.com/schemas/virtrdf#Geometry%3E> Code: 0/ILLEGAL_CHARACTER in SCHEME: The character violates the grammar rules for URIs/IRIs.
14:15:07.790 [main] WARN org.apache.jena.riot - [line: 9287, col: 38] Bad IRI: <%3Chttp://www.openlinksw.com/schemas/virtrdf#Geometry%3E> Code: 0/ILLEGAL_CHARACTER in SCHEME: The character violates the grammar rules for URIs/IRIs.
14:15:07.790 [main] WARN org.apache.jena.riot - [line: 9372, col: 38] Bad IRI: <%3Chttp://www.openlinksw.com/schemas/virtrdf#Geometry%3E> Code: 0/ILLEGAL_CHARACTER in SCHEME: The character violates the grammar rules for URIs/IRIs.
14:15:07.791 [main] WARN org.apache.jena.riot - [line: 9434, col: 38] Bad IRI: <%3Chttp://www.openlinksw.com/schemas/virtrdf#Geometry%3E> Code: 0/ILLEGAL_CHARACTER in SCHEME: The character violates the grammar rules for URIs/IRIs.
14:15:07.791 [main] WARN org.apache.jena.riot - [line: 9528, col: 38] Bad IRI: <%3Chttp://www.openlinksw.com/schemas/virtrdf#Geometry%3E> Code: 0/ILLEGAL_CHARACTER in SCHEME: The character violates the grammar rules for URIs/IRIs.
14:15:07.792 [main] WARN org.apache.jena.riot - [line: 9666, col: 38] Bad IRI: <%3Chttp://www.openlinksw.com/schemas/virtrdf#Geometry%3E> Code: 0/ILLEGAL_CHARACTER in SCHEME: The character violates the grammar rules for URIs/IRIs.
14:15:07.792 [main] WARN org.apache.jena.riot - [line: 9711, col: 38] Bad IRI: <%3Chttp://www.openlinksw.com/schemas/virtrdf#Geometry%3E> Code: 0/ILLEGAL_CHARACTER in SCHEME: The character violates the grammar rules for URIs/IRIs.
14:15:07.792 [main] WARN org.apache.jena.riot - [line: 9785, col: 38] Bad IRI: <%3Chttp://www.openlinksw.com/schemas/virtrdf#Geometry%3E> Code: 0/ILLEGAL_CHARACTER in SCHEME: The character violates the grammar rules for URIs/IRIs.
14:15:07.793 [main] WARN org.apache.jena.riot - [line: 9827, col: 38] Bad IRI: <%3Chttp://www.openlinksw.com/schemas/virtrdf#Geometry%3E> Code: 0/ILLEGAL_CHARACTER in SCHEME: The character violates the grammar rules for URIs/IRIs.
14:15:07.793 [main] WARN org.apache.jena.riot - [line: 9917, col: 38] Bad IRI: <%3Chttp://www.openlinksw.com/schemas/virtrdf#Geometry%3E> Code: 0/ILLEGAL_CHARACTER in SCHEME: The character violates the grammar rules for URIs/IRIs.
14:15:07.794 [main] WARN org.apache.jena.riot - [line: 10021, col: 38] Bad IRI: <%3Chttp://www.openlinksw.com/schemas/virtrdf#Geometry%3E> Code: 0/ILLEGAL_CHARACTER in SCHEME: The character violates the grammar rules for URIs/IRIs.
14:15:07.795 [main] WARN org.apache.jena.riot - [line: 10168, col: 38] Bad IRI: <%3Chttp://www.openlinksw.com/schemas/virtrdf#Geometry%3E> Code: 0/ILLEGAL_CHARACTER in SCHEME: The character violates the grammar rules for URIs/IRIs.
14:15:07.795 [main] WARN org.apache.jena.riot - [line: 10243, col: 38] Bad IRI: <%3Chttp://www.openlinksw.com/schemas/virtrdf#Geometry%3E> Code: 0/ILLEGAL_CHARACTER in SCHEME: The character violates the grammar rules for URIs/IRIs.
14:15:07.796 [main] WARN org.apache.jena.riot - [line: 10301, col: 38] Bad IRI: <%3Chttp://www.openlinksw.com/schemas/virtrdf#Geometry%3E> Code: 0/ILLEGAL_CHARACTER in SCHEME: The character violates the grammar rules for URIs/IRIs.
14:15:07.796 [main] WARN org.apache.jena.riot - [line: 10345, col: 38] Bad IRI: <%3Chttp://www.openlinksw.com/schemas/virtrdf#Geometry%3E> Code: 0/ILLEGAL_CHARACTER in SCHEME: The character violates the grammar rules for URIs/IRIs.
14:15:07.796 [main] WARN org.apache.jena.riot - [line: 10409, col: 38] Bad IRI: <%3Chttp://www.openlinksw.com/schemas/virtrdf#Geometry%3E> Code: 0/ILLEGAL_CHARACTER in SCHEME: The character violates the grammar rules for URIs/IRIs.
14:15:07.797 [main] WARN org.apache.jena.riot - [line: 10456, col: 38] Bad IRI: <%3Chttp://www.openlinksw.com/schemas/virtrdf#Geometry%3E> Code: 0/ILLEGAL_CHARACTER in SCHEME: The character violates the grammar rules for URIs/IRIs.
14:15:07.797 [main] WARN org.apache.jena.riot - [line: 10532, col: 38] Bad IRI: <%3Chttp://www.openlinksw.com/schemas/virtrdf#Geometry%3E> Code: 0/ILLEGAL_CHARACTER in SCHEME: The character violates the grammar rules for URIs/IRIs.
14:15:07.798 [main] WARN org.apache.jena.riot - [line: 10636, col: 38] Bad IRI: <%3Chttp://www.openlinksw.com/schemas/virtrdf#Geometry%3E> Code: 0/ILLEGAL_CHARACTER in SCHEME: The character violates the grammar rules for URIs/IRIs.
14:15:07.798 [main] WARN org.apache.jena.riot - [line: 10705, col: 38] Bad IRI: <%3Chttp://www.openlinksw.com/schemas/virtrdf#Geometry%3E> Code: 0/ILLEGAL_CHARACTER in SCHEME: The character violates the grammar rules for URIs/IRIs.
14:15:07.798 [main] WARN org.apache.jena.riot - [line: 10750, col: 38] Bad IRI: <%3Chttp://www.openlinksw.com/schemas/virtrdf#Geometry%3E> Code: 0/ILLEGAL_CHARACTER in SCHEME: The character violates the grammar rules for URIs/IRIs.
14:15:07.798 [main] WARN org.apache.jena.riot - [line: 10843, col: 38] Bad IRI: <%3Chttp://www.openlinksw.com/schemas/virtrdf#Geometry%3E> Code: 0/ILLEGAL_CHARACTER in SCHEME: The character violates the grammar rules for URIs/IRIs.
14:15:07.799 [main] WARN org.apache.jena.riot - [line: 10919, col: 38] Bad IRI: <%3Chttp://www.openlinksw.com/schemas/virtrdf#Geometry%3E> Code: 0/ILLEGAL_CHARACTER in SCHEME: The character violates the grammar rules for URIs/IRIs.
14:15:07.799 [main] WARN org.apache.jena.riot - [line: 11017, col: 38] Bad IRI: <%3Chttp://www.openlinksw.com/schemas/virtrdf#Geometry%3E> Code: 0/ILLEGAL_CHARACTER in SCHEME: The character violates the grammar rules for URIs/IRIs.
14:15:07.800 [main] WARN org.apache.jena.riot - [line: 11111, col: 38] Bad IRI: <%3Chttp://www.openlinksw.com/schemas/virtrdf#Geometry%3E> Code: 0/ILLEGAL_CHARACTER in SCHEME: The character violates the grammar rules for URIs/IRIs.
14:15:07.800 [main] WARN org.apache.jena.riot - [line: 11158, col: 38] Bad IRI: <%3Chttp://www.openlinksw.com/schemas/virtrdf#Geometry%3E> Code: 0/ILLEGAL_CHARACTER in SCHEME: The character violates the grammar rules for URIs/IRIs.
14:15:07.801 [main] WARN org.apache.jena.riot - [line: 11263, col: 38] Bad IRI: <%3Chttp://www.openlinksw.com/schemas/virtrdf#Geometry%3E> Code: 0/ILLEGAL_CHARACTER in SCHEME: The character violates the grammar rules for URIs/IRIs.
14:15:07.801 [main] WARN org.apache.jena.riot - [line: 11376, col: 38] Bad IRI: <%3Chttp://www.openlinksw.com/schemas/virtrdf#Geometry%3E> Code: 0/ILLEGAL_CHARACTER in SCHEME: The character violates the grammar rules for URIs/IRIs.
14:15:07.802 [main] WARN org.apache.jena.riot - [line: 11455, col: 38] Bad IRI: <%3Chttp://www.openlinksw.com/schemas/virtrdf#Geometry%3E> Code: 0/ILLEGAL_CHARACTER in SCHEME: The character violates the grammar rules for URIs/IRIs.
14:15:07.802 [main] WARN org.apache.jena.riot - [line: 11563, col: 38] Bad IRI: <%3Chttp://www.openlinksw.com/schemas/virtrdf#Geometry%3E> Code: 0/ILLEGAL_CHARACTER in SCHEME: The character violates the grammar rules for URIs/IRIs.
14:15:07.802 [main] WARN org.apache.jena.riot - [line: 11607, col: 38] Bad IRI: <%3Chttp://www.openlinksw.com/schemas/virtrdf#Geometry%3E> Code: 0/ILLEGAL_CHARACTER in SCHEME: The character violates the grammar rules for URIs/IRIs.
14:15:07.803 [main] WARN org.apache.jena.riot - [line: 11756, col: 38] Bad IRI: <%3Chttp://www.openlinksw.com/schemas/virtrdf#Geometry%3E> Code: 0/ILLEGAL_CHARACTER in SCHEME: The character violates the grammar rules for URIs/IRIs.
14:15:07.803 [main] WARN org.apache.jena.riot - [line: 11803, col: 38] Bad IRI: <%3Chttp://www.openlinksw.com/schemas/virtrdf#Geometry%3E> Code: 0/ILLEGAL_CHARACTER in SCHEME: The character violates the grammar rules for URIs/IRIs.
14:15:07.804 [main] WARN org.apache.jena.riot - [line: 11864, col: 38] Bad IRI: <%3Chttp://www.openlinksw.com/schemas/virtrdf#Geometry%3E> Code: 0/ILLEGAL_CHARACTER in SCHEME: The character violates the grammar rules for URIs/IRIs.
14:15:07.804 [main] WARN org.apache.jena.riot - [line: 11968, col: 38] Bad IRI: <%3Chttp://www.openlinksw.com/schemas/virtrdf#Geometry%3E> Code: 0/ILLEGAL_CHARACTER in SCHEME: The character violates the grammar rules for URIs/IRIs.
14:15:07.805 [main] WARN org.apache.jena.riot - [line: 12059, col: 38] Bad IRI: <%3Chttp://www.openlinksw.com/schemas/virtrdf#Geometry%3E> Code: 0/ILLEGAL_CHARACTER in SCHEME: The character violates the grammar rules for URIs/IRIs.
14:15:07.805 [main] WARN org.apache.jena.riot - [line: 12152, col: 38] Bad IRI: <%3Chttp://www.openlinksw.com/schemas/virtrdf#Geometry%3E> Code: 0/ILLEGAL_CHARACTER in SCHEME: The character violates the grammar rules for URIs/IRIs.
14:15:07.806 [main] WARN org.apache.jena.riot - [line: 12254, col: 38] Bad IRI: <%3Chttp://www.openlinksw.com/schemas/virtrdf#Geometry%3E> Code: 0/ILLEGAL_CHARACTER in SCHEME: The character violates the grammar rules for URIs/IRIs.
14:15:07.806 [main] WARN org.apache.jena.riot - [line: 12301, col: 38] Bad IRI: <%3Chttp://www.openlinksw.com/schemas/virtrdf#Geometry%3E> Code: 0/ILLEGAL_CHARACTER in SCHEME: The character violates the grammar rules for URIs/IRIs.
14:15:07.807 [main] WARN org.apache.jena.riot - [line: 12372, col: 38] Bad IRI: <%3Chttp://www.openlinksw.com/schemas/virtrdf#Geometry%3E> Code: 0/ILLEGAL_CHARACTER in SCHEME: The character violates the grammar rules for URIs/IRIs.
14:15:07.807 [main] WARN org.apache.jena.riot - [line: 12466, col: 38] Bad IRI: <%3Chttp://www.openlinksw.com/schemas/virtrdf#Geometry%3E> Code: 0/ILLEGAL_CHARACTER in SCHEME: The character violates the grammar rules for URIs/IRIs.
14:15:07.808 [main] WARN org.apache.jena.riot - [line: 12517, col: 38] Bad IRI: <%3Chttp://www.openlinksw.com/schemas/virtrdf#Geometry%3E> Code: 0/ILLEGAL_CHARACTER in SCHEME: The character violates the grammar rules for URIs/IRIs.
14:15:07.808 [main] WARN org.apache.jena.riot - [line: 12597, col: 38] Bad IRI: <%3Chttp://www.openlinksw.com/schemas/virtrdf#Geometry%3E> Code: 0/ILLEGAL_CHARACTER in SCHEME: The character violates the grammar rules for URIs/IRIs.
14:15:07.809 [main] WARN org.apache.jena.riot - [line: 12709, col: 38] Bad IRI: <%3Chttp://www.openlinksw.com/schemas/virtrdf#Geometry%3E> Code: 0/ILLEGAL_CHARACTER in SCHEME: The character violates the grammar rules for URIs/IRIs.
14:15:07.809 [main] WARN org.apache.jena.riot - [line: 12754, col: 38] Bad IRI: <%3Chttp://www.openlinksw.com/schemas/virtrdf#Geometry%3E> Code: 0/ILLEGAL_CHARACTER in SCHEME: The character violates the grammar rules for URIs/IRIs.
14:15:07.809 [main] WARN org.apache.jena.riot - [line: 12827, col: 38] Bad IRI: <%3Chttp://www.openlinksw.com/schemas/virtrdf#Geometry%3E> Code: 0/ILLEGAL_CHARACTER in SCHEME: The character violates the grammar rules for URIs/IRIs.
14:15:07.810 [main] WARN org.apache.jena.riot - [line: 12958, col: 38] Bad IRI: <%3Chttp://www.openlinksw.com/schemas/virtrdf#Geometry%3E> Code: 0/ILLEGAL_CHARACTER in SCHEME: The character violates the grammar rules for URIs/IRIs.
prettyFormatTurtle  - 0 - 0
Time Elapsed 0.5_20 1 sec , 0 min
***** Total Parsing Time 5 sec , 0 min *****
/home/koen/shape-generation-clean/generated-output/qse/marine-regions/db_0.3_20 created successfully.
Invoked:: PostConstraintsAnnotator
MODEL:: CUSTOM - SIZE: 13666 | PARAMS: 30.0 - 20
::: ShapesExtractor ~ WRITING MODEL TO FILE: /home/koen/shape-generation-clean/generated-output/qse/marine-regions/DATASET_QSE_0.3_20.ttl
writeModelToFile  - 0 - 0
::: ShapesExtractor ~ PRETTY FORMATTING TURTLE FILE: /home/koen/shape-generation-clean/generated-output/qse/marine-regions/DATASET_QSE_0.3_20_SHACL.ttl
Pretty Formatting
14:15:08.900 [main] WARN org.apache.jena.riot - [line: 42, col: 38] Bad IRI: <%3Chttp://www.openlinksw.com/schemas/virtrdf#Geometry%3E> Code: 0/ILLEGAL_CHARACTER in SCHEME: The character violates the grammar rules for URIs/IRIs.
14:15:08.900 [main] WARN org.apache.jena.riot - [line: 85, col: 38] Bad IRI: <%3Chttp://www.openlinksw.com/schemas/virtrdf#Geometry%3E> Code: 0/ILLEGAL_CHARACTER in SCHEME: The character violates the grammar rules for URIs/IRIs.
14:15:08.901 [main] WARN org.apache.jena.riot - [line: 144, col: 38] Bad IRI: <%3Chttp://www.openlinksw.com/schemas/virtrdf#Geometry%3E> Code: 0/ILLEGAL_CHARACTER in SCHEME: The character violates the grammar rules for URIs/IRIs.
14:15:08.901 [main] WARN org.apache.jena.riot - [line: 189, col: 38] Bad IRI: <%3Chttp://www.openlinksw.com/schemas/virtrdf#Geometry%3E> Code: 0/ILLEGAL_CHARACTER in SCHEME: The character violates the grammar rules for URIs/IRIs.
14:15:08.901 [main] WARN org.apache.jena.riot - [line: 270, col: 38] Bad IRI: <%3Chttp://www.openlinksw.com/schemas/virtrdf#Geometry%3E> Code: 0/ILLEGAL_CHARACTER in SCHEME: The character violates the grammar rules for URIs/IRIs.
14:15:08.901 [main] WARN org.apache.jena.riot - [line: 314, col: 38] Bad IRI: <%3Chttp://www.openlinksw.com/schemas/virtrdf#Geometry%3E> Code: 0/ILLEGAL_CHARACTER in SCHEME: The character violates the grammar rules for URIs/IRIs.
14:15:08.902 [main] WARN org.apache.jena.riot - [line: 395, col: 38] Bad IRI: <%3Chttp://www.openlinksw.com/schemas/virtrdf#Geometry%3E> Code: 0/ILLEGAL_CHARACTER in SCHEME: The character violates the grammar rules for URIs/IRIs.
14:15:08.902 [main] WARN org.apache.jena.riot - [line: 438, col: 38] Bad IRI: <%3Chttp://www.openlinksw.com/schemas/virtrdf#Geometry%3E> Code: 0/ILLEGAL_CHARACTER in SCHEME: The character violates the grammar rules for URIs/IRIs.
14:15:08.902 [main] WARN org.apache.jena.riot - [line: 510, col: 38] Bad IRI: <%3Chttp://www.openlinksw.com/schemas/virtrdf#Geometry%3E> Code: 0/ILLEGAL_CHARACTER in SCHEME: The character violates the grammar rules for URIs/IRIs.
14:15:08.903 [main] WARN org.apache.jena.riot - [line: 557, col: 38] Bad IRI: <%3Chttp://www.openlinksw.com/schemas/virtrdf#Geometry%3E> Code: 0/ILLEGAL_CHARACTER in SCHEME: The character violates the grammar rules for URIs/IRIs.
14:15:08.903 [main] WARN org.apache.jena.riot - [line: 630, col: 38] Bad IRI: <%3Chttp://www.openlinksw.com/schemas/virtrdf#Geometry%3E> Code: 0/ILLEGAL_CHARACTER in SCHEME: The character violates the grammar rules for URIs/IRIs.
14:15:08.904 [main] WARN org.apache.jena.riot - [line: 779, col: 38] Bad IRI: <%3Chttp://www.openlinksw.com/schemas/virtrdf#Geometry%3E> Code: 0/ILLEGAL_CHARACTER in SCHEME: The character violates the grammar rules for URIs/IRIs.
14:15:08.904 [main] WARN org.apache.jena.riot - [line: 898, col: 38] Bad IRI: <%3Chttp://www.openlinksw.com/schemas/virtrdf#Geometry%3E> Code: 0/ILLEGAL_CHARACTER in SCHEME: The character violates the grammar rules for URIs/IRIs.
14:15:08.905 [main] WARN org.apache.jena.riot - [line: 1016, col: 38] Bad IRI: <%3Chttp://www.openlinksw.com/schemas/virtrdf#Geometry%3E> Code: 0/ILLEGAL_CHARACTER in SCHEME: The character violates the grammar rules for URIs/IRIs.
14:15:08.905 [main] WARN org.apache.jena.riot - [line: 1122, col: 38] Bad IRI: <%3Chttp://www.openlinksw.com/schemas/virtrdf#Geometry%3E> Code: 0/ILLEGAL_CHARACTER in SCHEME: The character violates the grammar rules for URIs/IRIs.
14:15:08.905 [main] WARN org.apache.jena.riot - [line: 1166, col: 38] Bad IRI: <%3Chttp://www.openlinksw.com/schemas/virtrdf#Geometry%3E> Code: 0/ILLEGAL_CHARACTER in SCHEME: The character violates the grammar rules for URIs/IRIs.
14:15:08.906 [main] WARN org.apache.jena.riot - [line: 1239, col: 38] Bad IRI: <%3Chttp://www.openlinksw.com/schemas/virtrdf#Geometry%3E> Code: 0/ILLEGAL_CHARACTER in SCHEME: The character violates the grammar rules for URIs/IRIs.
14:15:08.906 [main] WARN org.apache.jena.riot - [line: 1296, col: 38] Bad IRI: <%3Chttp://www.openlinksw.com/schemas/virtrdf#Geometry%3E> Code: 0/ILLEGAL_CHARACTER in SCHEME: The character violates the grammar rules for URIs/IRIs.
14:15:08.907 [main] WARN org.apache.jena.riot - [line: 1426, col: 38] Bad IRI: <%3Chttp://www.openlinksw.com/schemas/virtrdf#Geometry%3E> Code: 0/ILLEGAL_CHARACTER in SCHEME: The character violates the grammar rules for URIs/IRIs.
14:15:08.907 [main] WARN org.apache.jena.riot - [line: 1480, col: 38] Bad IRI: <%3Chttp://www.openlinksw.com/schemas/virtrdf#Geometry%3E> Code: 0/ILLEGAL_CHARACTER in SCHEME: The character violates the grammar rules for URIs/IRIs.
14:15:08.907 [main] WARN org.apache.jena.riot - [line: 1628, col: 38] Bad IRI: <%3Chttp://www.openlinksw.com/schemas/virtrdf#Geometry%3E> Code: 0/ILLEGAL_CHARACTER in SCHEME: The character violates the grammar rules for URIs/IRIs.
14:15:08.907 [main] WARN org.apache.jena.riot - [line: 1684, col: 38] Bad IRI: <%3Chttp://www.openlinksw.com/schemas/virtrdf#Geometry%3E> Code: 0/ILLEGAL_CHARACTER in SCHEME: The character violates the grammar rules for URIs/IRIs.
14:15:08.908 [main] WARN org.apache.jena.riot - [line: 1817, col: 38] Bad IRI: <%3Chttp://www.openlinksw.com/schemas/virtrdf#Geometry%3E> Code: 0/ILLEGAL_CHARACTER in SCHEME: The character violates the grammar rules for URIs/IRIs.
14:15:08.908 [main] WARN org.apache.jena.riot - [line: 1918, col: 38] Bad IRI: <%3Chttp://www.openlinksw.com/schemas/virtrdf#Geometry%3E> Code: 0/ILLEGAL_CHARACTER in SCHEME: The character violates the grammar rules for URIs/IRIs.
14:15:08.908 [main] WARN org.apache.jena.riot - [line: 1982, col: 38] Bad IRI: <%3Chttp://www.openlinksw.com/schemas/virtrdf#Geometry%3E> Code: 0/ILLEGAL_CHARACTER in SCHEME: The character violates the grammar rules for URIs/IRIs.
14:15:08.909 [main] WARN org.apache.jena.riot - [line: 2082, col: 38] Bad IRI: <%3Chttp://www.openlinksw.com/schemas/virtrdf#Geometry%3E> Code: 0/ILLEGAL_CHARACTER in SCHEME: The character violates the grammar rules for URIs/IRIs.
14:15:08.909 [main] WARN org.apache.jena.riot - [line: 2136, col: 38] Bad IRI: <%3Chttp://www.openlinksw.com/schemas/virtrdf#Geometry%3E> Code: 0/ILLEGAL_CHARACTER in SCHEME: The character violates the grammar rules for URIs/IRIs.
14:15:08.909 [main] WARN org.apache.jena.riot - [line: 2230, col: 38] Bad IRI: <%3Chttp://www.openlinksw.com/schemas/virtrdf#Geometry%3E> Code: 0/ILLEGAL_CHARACTER in SCHEME: The character violates the grammar rules for URIs/IRIs.
14:15:08.910 [main] WARN org.apache.jena.riot - [line: 2306, col: 38] Bad IRI: <%3Chttp://www.openlinksw.com/schemas/virtrdf#Geometry%3E> Code: 0/ILLEGAL_CHARACTER in SCHEME: The character violates the grammar rules for URIs/IRIs.
14:15:08.910 [main] WARN org.apache.jena.riot - [line: 2389, col: 38] Bad IRI: <%3Chttp://www.openlinksw.com/schemas/virtrdf#Geometry%3E> Code: 0/ILLEGAL_CHARACTER in SCHEME: The character violates the grammar rules for URIs/IRIs.
14:15:08.910 [main] WARN org.apache.jena.riot - [line: 2443, col: 38] Bad IRI: <%3Chttp://www.openlinksw.com/schemas/virtrdf#Geometry%3E> Code: 0/ILLEGAL_CHARACTER in SCHEME: The character violates the grammar rules for URIs/IRIs.
14:15:08.911 [main] WARN org.apache.jena.riot - [line: 2536, col: 38] Bad IRI: <%3Chttp://www.openlinksw.com/schemas/virtrdf#Geometry%3E> Code: 0/ILLEGAL_CHARACTER in SCHEME: The character violates the grammar rules for URIs/IRIs.
14:15:08.911 [main] WARN org.apache.jena.riot - [line: 2658, col: 38] Bad IRI: <%3Chttp://www.openlinksw.com/schemas/virtrdf#Geometry%3E> Code: 0/ILLEGAL_CHARACTER in SCHEME: The character violates the grammar rules for URIs/IRIs.
14:15:08.911 [main] WARN org.apache.jena.riot - [line: 2723, col: 38] Bad IRI: <%3Chttp://www.openlinksw.com/schemas/virtrdf#Geometry%3E> Code: 0/ILLEGAL_CHARACTER in SCHEME: The character violates the grammar rules for URIs/IRIs.
14:15:08.912 [main] WARN org.apache.jena.riot - [line: 2798, col: 38] Bad IRI: <%3Chttp://www.openlinksw.com/schemas/virtrdf#Geometry%3E> Code: 0/ILLEGAL_CHARACTER in SCHEME: The character violates the grammar rules for URIs/IRIs.
14:15:08.912 [main] WARN org.apache.jena.riot - [line: 2852, col: 38] Bad IRI: <%3Chttp://www.openlinksw.com/schemas/virtrdf#Geometry%3E> Code: 0/ILLEGAL_CHARACTER in SCHEME: The character violates the grammar rules for URIs/IRIs.
14:15:08.912 [main] WARN org.apache.jena.riot - [line: 2944, col: 38] Bad IRI: <%3Chttp://www.openlinksw.com/schemas/virtrdf#Geometry%3E> Code: 0/ILLEGAL_CHARACTER in SCHEME: The character violates the grammar rules for URIs/IRIs.
14:15:08.912 [main] WARN org.apache.jena.riot - [line: 2990, col: 38] Bad IRI: <%3Chttp://www.openlinksw.com/schemas/virtrdf#Geometry%3E> Code: 0/ILLEGAL_CHARACTER in SCHEME: The character violates the grammar rules for URIs/IRIs.
14:15:08.913 [main] WARN org.apache.jena.riot - [line: 3073, col: 38] Bad IRI: <%3Chttp://www.openlinksw.com/schemas/virtrdf#Geometry%3E> Code: 0/ILLEGAL_CHARACTER in SCHEME: The character violates the grammar rules for URIs/IRIs.
14:15:08.913 [main] WARN org.apache.jena.riot - [line: 3129, col: 38] Bad IRI: <%3Chttp://www.openlinksw.com/schemas/virtrdf#Geometry%3E> Code: 0/ILLEGAL_CHARACTER in SCHEME: The character violates the grammar rules for URIs/IRIs.
14:15:08.913 [main] WARN org.apache.jena.riot - [line: 3211, col: 38] Bad IRI: <%3Chttp://www.openlinksw.com/schemas/virtrdf#Geometry%3E> Code: 0/ILLEGAL_CHARACTER in SCHEME: The character violates the grammar rules for URIs/IRIs.
14:15:08.913 [main] WARN org.apache.jena.riot - [line: 3281, col: 38] Bad IRI: <%3Chttp://www.openlinksw.com/schemas/virtrdf#Geometry%3E> Code: 0/ILLEGAL_CHARACTER in SCHEME: The character violates the grammar rules for URIs/IRIs.
14:15:08.914 [main] WARN org.apache.jena.riot - [line: 3361, col: 38] Bad IRI: <%3Chttp://www.openlinksw.com/schemas/virtrdf#Geometry%3E> Code: 0/ILLEGAL_CHARACTER in SCHEME: The character violates the grammar rules for URIs/IRIs.
14:15:08.914 [main] WARN org.apache.jena.riot - [line: 3416, col: 38] Bad IRI: <%3Chttp://www.openlinksw.com/schemas/virtrdf#Geometry%3E> Code: 0/ILLEGAL_CHARACTER in SCHEME: The character violates the grammar rules for URIs/IRIs.
14:15:08.914 [main] WARN org.apache.jena.riot - [line: 3473, col: 38] Bad IRI: <%3Chttp://www.openlinksw.com/schemas/virtrdf#Geometry%3E> Code: 0/ILLEGAL_CHARACTER in SCHEME: The character violates the grammar rules for URIs/IRIs.
14:15:08.914 [main] WARN org.apache.jena.riot - [line: 3579, col: 38] Bad IRI: <%3Chttp://www.openlinksw.com/schemas/virtrdf#Geometry%3E> Code: 0/ILLEGAL_CHARACTER in SCHEME: The character violates the grammar rules for URIs/IRIs.
14:15:08.915 [main] WARN org.apache.jena.riot - [line: 3631, col: 38] Bad IRI: <%3Chttp://www.openlinksw.com/schemas/virtrdf#Geometry%3E> Code: 0/ILLEGAL_CHARACTER in SCHEME: The character violates the grammar rules for URIs/IRIs.
14:15:08.915 [main] WARN org.apache.jena.riot - [line: 3709, col: 38] Bad IRI: <%3Chttp://www.openlinksw.com/schemas/virtrdf#Geometry%3E> Code: 0/ILLEGAL_CHARACTER in SCHEME: The character violates the grammar rules for URIs/IRIs.
14:15:08.915 [main] WARN org.apache.jena.riot - [line: 3754, col: 38] Bad IRI: <%3Chttp://www.openlinksw.com/schemas/virtrdf#Geometry%3E> Code: 0/ILLEGAL_CHARACTER in SCHEME: The character violates the grammar rules for URIs/IRIs.
14:15:08.916 [main] WARN org.apache.jena.riot - [line: 3834, col: 38] Bad IRI: <%3Chttp://www.openlinksw.com/schemas/virtrdf#Geometry%3E> Code: 0/ILLEGAL_CHARACTER in SCHEME: The character violates the grammar rules for URIs/IRIs.
14:15:08.916 [main] WARN org.apache.jena.riot - [line: 3959, col: 38] Bad IRI: <%3Chttp://www.openlinksw.com/schemas/virtrdf#Geometry%3E> Code: 0/ILLEGAL_CHARACTER in SCHEME: The character violates the grammar rules for URIs/IRIs.
14:15:08.917 [main] WARN org.apache.jena.riot - [line: 4039, col: 38] Bad IRI: <%3Chttp://www.openlinksw.com/schemas/virtrdf#Geometry%3E> Code: 0/ILLEGAL_CHARACTER in SCHEME: The character violates the grammar rules for URIs/IRIs.
14:15:08.917 [main] WARN org.apache.jena.riot - [line: 4146, col: 38] Bad IRI: <%3Chttp://www.openlinksw.com/schemas/virtrdf#Geometry%3E> Code: 0/ILLEGAL_CHARACTER in SCHEME: The character violates the grammar rules for URIs/IRIs.
14:15:08.917 [main] WARN org.apache.jena.riot - [line: 4269, col: 38] Bad IRI: <%3Chttp://www.openlinksw.com/schemas/virtrdf#Geometry%3E> Code: 0/ILLEGAL_CHARACTER in SCHEME: The character violates the grammar rules for URIs/IRIs.
14:15:08.918 [main] WARN org.apache.jena.riot - [line: 4395, col: 38] Bad IRI: <%3Chttp://www.openlinksw.com/schemas/virtrdf#Geometry%3E> Code: 0/ILLEGAL_CHARACTER in SCHEME: The character violates the grammar rules for URIs/IRIs.
14:15:08.919 [main] WARN org.apache.jena.riot - [line: 4541, col: 38] Bad IRI: <%3Chttp://www.openlinksw.com/schemas/virtrdf#Geometry%3E> Code: 0/ILLEGAL_CHARACTER in SCHEME: The character violates the grammar rules for URIs/IRIs.
14:15:08.919 [main] WARN org.apache.jena.riot - [line: 4583, col: 38] Bad IRI: <%3Chttp://www.openlinksw.com/schemas/virtrdf#Geometry%3E> Code: 0/ILLEGAL_CHARACTER in SCHEME: The character violates the grammar rules for URIs/IRIs.
14:15:08.919 [main] WARN org.apache.jena.riot - [line: 4655, col: 38] Bad IRI: <%3Chttp://www.openlinksw.com/schemas/virtrdf#Geometry%3E> Code: 0/ILLEGAL_CHARACTER in SCHEME: The character violates the grammar rules for URIs/IRIs.
14:15:08.920 [main] WARN org.apache.jena.riot - [line: 4730, col: 38] Bad IRI: <%3Chttp://www.openlinksw.com/schemas/virtrdf#Geometry%3E> Code: 0/ILLEGAL_CHARACTER in SCHEME: The character violates the grammar rules for URIs/IRIs.
14:15:08.920 [main] WARN org.apache.jena.riot - [line: 4802, col: 38] Bad IRI: <%3Chttp://www.openlinksw.com/schemas/virtrdf#Geometry%3E> Code: 0/ILLEGAL_CHARACTER in SCHEME: The character violates the grammar rules for URIs/IRIs.
14:15:08.920 [main] WARN org.apache.jena.riot - [line: 4906, col: 38] Bad IRI: <%3Chttp://www.openlinksw.com/schemas/virtrdf#Geometry%3E> Code: 0/ILLEGAL_CHARACTER in SCHEME: The character violates the grammar rules for URIs/IRIs.
14:15:08.921 [main] WARN org.apache.jena.riot - [line: 5020, col: 38] Bad IRI: <%3Chttp://www.openlinksw.com/schemas/virtrdf#Geometry%3E> Code: 0/ILLEGAL_CHARACTER in SCHEME: The character violates the grammar rules for URIs/IRIs.
14:15:08.921 [main] WARN org.apache.jena.riot - [line: 5073, col: 38] Bad IRI: <%3Chttp://www.openlinksw.com/schemas/virtrdf#Geometry%3E> Code: 0/ILLEGAL_CHARACTER in SCHEME: The character violates the grammar rules for URIs/IRIs.
14:15:08.921 [main] WARN org.apache.jena.riot - [line: 5145, col: 38] Bad IRI: <%3Chttp://www.openlinksw.com/schemas/virtrdf#Geometry%3E> Code: 0/ILLEGAL_CHARACTER in SCHEME: The character violates the grammar rules for URIs/IRIs.
14:15:08.922 [main] WARN org.apache.jena.riot - [line: 5250, col: 38] Bad IRI: <%3Chttp://www.openlinksw.com/schemas/virtrdf#Geometry%3E> Code: 0/ILLEGAL_CHARACTER in SCHEME: The character violates the grammar rules for URIs/IRIs.
14:15:08.922 [main] WARN org.apache.jena.riot - [line: 5379, col: 38] Bad IRI: <%3Chttp://www.openlinksw.com/schemas/virtrdf#Geometry%3E> Code: 0/ILLEGAL_CHARACTER in SCHEME: The character violates the grammar rules for URIs/IRIs.
14:15:08.923 [main] WARN org.apache.jena.riot - [line: 5504, col: 38] Bad IRI: <%3Chttp://www.openlinksw.com/schemas/virtrdf#Geometry%3E> Code: 0/ILLEGAL_CHARACTER in SCHEME: The character violates the grammar rules for URIs/IRIs.
14:15:08.923 [main] WARN org.apache.jena.riot - [line: 5616, col: 38] Bad IRI: <%3Chttp://www.openlinksw.com/schemas/virtrdf#Geometry%3E> Code: 0/ILLEGAL_CHARACTER in SCHEME: The character violates the grammar rules for URIs/IRIs.
14:15:08.924 [main] WARN org.apache.jena.riot - [line: 5721, col: 38] Bad IRI: <%3Chttp://www.openlinksw.com/schemas/virtrdf#Geometry%3E> Code: 0/ILLEGAL_CHARACTER in SCHEME: The character violates the grammar rules for URIs/IRIs.
14:15:08.924 [main] WARN org.apache.jena.riot - [line: 5763, col: 38] Bad IRI: <%3Chttp://www.openlinksw.com/schemas/virtrdf#Geometry%3E> Code: 0/ILLEGAL_CHARACTER in SCHEME: The character violates the grammar rules for URIs/IRIs.
14:15:08.924 [main] WARN org.apache.jena.riot - [line: 5837, col: 38] Bad IRI: <%3Chttp://www.openlinksw.com/schemas/virtrdf#Geometry%3E> Code: 0/ILLEGAL_CHARACTER in SCHEME: The character violates the grammar rules for URIs/IRIs.
14:15:08.924 [main] WARN org.apache.jena.riot - [line: 5900, col: 38] Bad IRI: <%3Chttp://www.openlinksw.com/schemas/virtrdf#Geometry%3E> Code: 0/ILLEGAL_CHARACTER in SCHEME: The character violates the grammar rules for URIs/IRIs.
14:15:08.925 [main] WARN org.apache.jena.riot - [line: 5992, col: 38] Bad IRI: <%3Chttp://www.openlinksw.com/schemas/virtrdf#Geometry%3E> Code: 0/ILLEGAL_CHARACTER in SCHEME: The character violates the grammar rules for URIs/IRIs.
14:15:08.925 [main] WARN org.apache.jena.riot - [line: 6096, col: 38] Bad IRI: <%3Chttp://www.openlinksw.com/schemas/virtrdf#Geometry%3E> Code: 0/ILLEGAL_CHARACTER in SCHEME: The character violates the grammar rules for URIs/IRIs.
14:15:08.926 [main] WARN org.apache.jena.riot - [line: 6199, col: 38] Bad IRI: <%3Chttp://www.openlinksw.com/schemas/virtrdf#Geometry%3E> Code: 0/ILLEGAL_CHARACTER in SCHEME: The character violates the grammar rules for URIs/IRIs.
14:15:08.926 [main] WARN org.apache.jena.riot - [line: 6245, col: 38] Bad IRI: <%3Chttp://www.openlinksw.com/schemas/virtrdf#Geometry%3E> Code: 0/ILLEGAL_CHARACTER in SCHEME: The character violates the grammar rules for URIs/IRIs.
14:15:08.926 [main] WARN org.apache.jena.riot - [line: 6303, col: 38] Bad IRI: <%3Chttp://www.openlinksw.com/schemas/virtrdf#Geometry%3E> Code: 0/ILLEGAL_CHARACTER in SCHEME: The character violates the grammar rules for URIs/IRIs.
14:15:08.926 [main] WARN org.apache.jena.riot - [line: 6409, col: 38] Bad IRI: <%3Chttp://www.openlinksw.com/schemas/virtrdf#Geometry%3E> Code: 0/ILLEGAL_CHARACTER in SCHEME: The character violates the grammar rules for URIs/IRIs.
14:15:08.927 [main] WARN org.apache.jena.riot - [line: 6472, col: 38] Bad IRI: <%3Chttp://www.openlinksw.com/schemas/virtrdf#Geometry%3E> Code: 0/ILLEGAL_CHARACTER in SCHEME: The character violates the grammar rules for URIs/IRIs.
14:15:08.927 [main] WARN org.apache.jena.riot - [line: 6550, col: 38] Bad IRI: <%3Chttp://www.openlinksw.com/schemas/virtrdf#Geometry%3E> Code: 0/ILLEGAL_CHARACTER in SCHEME: The character violates the grammar rules for URIs/IRIs.
14:15:08.927 [main] WARN org.apache.jena.riot - [line: 6643, col: 38] Bad IRI: <%3Chttp://www.openlinksw.com/schemas/virtrdf#Geometry%3E> Code: 0/ILLEGAL_CHARACTER in SCHEME: The character violates the grammar rules for URIs/IRIs.
14:15:08.928 [main] WARN org.apache.jena.riot - [line: 6687, col: 38] Bad IRI: <%3Chttp://www.openlinksw.com/schemas/virtrdf#Geometry%3E> Code: 0/ILLEGAL_CHARACTER in SCHEME: The character violates the grammar rules for URIs/IRIs.
14:15:08.928 [main] WARN org.apache.jena.riot - [line: 6770, col: 38] Bad IRI: <%3Chttp://www.openlinksw.com/schemas/virtrdf#Geometry%3E> Code: 0/ILLEGAL_CHARACTER in SCHEME: The character violates the grammar rules for URIs/IRIs.
14:15:08.928 [main] WARN org.apache.jena.riot - [line: 6876, col: 38] Bad IRI: <%3Chttp://www.openlinksw.com/schemas/virtrdf#Geometry%3E> Code: 0/ILLEGAL_CHARACTER in SCHEME: The character violates the grammar rules for URIs/IRIs.
14:15:08.929 [main] WARN org.apache.jena.riot - [line: 6980, col: 38] Bad IRI: <%3Chttp://www.openlinksw.com/schemas/virtrdf#Geometry%3E> Code: 0/ILLEGAL_CHARACTER in SCHEME: The character violates the grammar rules for URIs/IRIs.
14:15:08.929 [main] WARN org.apache.jena.riot - [line: 7048, col: 38] Bad IRI: <%3Chttp://www.openlinksw.com/schemas/virtrdf#Geometry%3E> Code: 0/ILLEGAL_CHARACTER in SCHEME: The character violates the grammar rules for URIs/IRIs.
14:15:08.929 [main] WARN org.apache.jena.riot - [line: 7121, col: 38] Bad IRI: <%3Chttp://www.openlinksw.com/schemas/virtrdf#Geometry%3E> Code: 0/ILLEGAL_CHARACTER in SCHEME: The character violates the grammar rules for URIs/IRIs.
14:15:08.930 [main] WARN org.apache.jena.riot - [line: 7190, col: 38] Bad IRI: <%3Chttp://www.openlinksw.com/schemas/virtrdf#Geometry%3E> Code: 0/ILLEGAL_CHARACTER in SCHEME: The character violates the grammar rules for URIs/IRIs.
14:15:08.930 [main] WARN org.apache.jena.riot - [line: 7262, col: 38] Bad IRI: <%3Chttp://www.openlinksw.com/schemas/virtrdf#Geometry%3E> Code: 0/ILLEGAL_CHARACTER in SCHEME: The character violates the grammar rules for URIs/IRIs.
14:15:08.931 [main] WARN org.apache.jena.riot - [line: 7374, col: 38] Bad IRI: <%3Chttp://www.openlinksw.com/schemas/virtrdf#Geometry%3E> Code: 0/ILLEGAL_CHARACTER in SCHEME: The character violates the grammar rules for URIs/IRIs.
14:15:08.931 [main] WARN org.apache.jena.riot - [line: 7418, col: 38] Bad IRI: <%3Chttp://www.openlinksw.com/schemas/virtrdf#Geometry%3E> Code: 0/ILLEGAL_CHARACTER in SCHEME: The character violates the grammar rules for URIs/IRIs.
14:15:08.932 [main] WARN org.apache.jena.riot - [line: 7638, col: 38] Bad IRI: <%3Chttp://www.openlinksw.com/schemas/virtrdf#Geometry%3E> Code: 0/ILLEGAL_CHARACTER in SCHEME: The character violates the grammar rules for URIs/IRIs.
14:15:08.932 [main] WARN org.apache.jena.riot - [line: 7661, col: 38] Bad IRI: <%3Chttp://www.openlinksw.com/schemas/virtrdf#Geometry%3E> Code: 0/ILLEGAL_CHARACTER in SCHEME: The character violates the grammar rules for URIs/IRIs.
14:15:08.932 [main] WARN org.apache.jena.riot - [line: 7827, col: 38] Bad IRI: <%3Chttp://www.openlinksw.com/schemas/virtrdf#Geometry%3E> Code: 0/ILLEGAL_CHARACTER in SCHEME: The character violates the grammar rules for URIs/IRIs.
14:15:08.933 [main] WARN org.apache.jena.riot - [line: 7932, col: 38] Bad IRI: <%3Chttp://www.openlinksw.com/schemas/virtrdf#Geometry%3E> Code: 0/ILLEGAL_CHARACTER in SCHEME: The character violates the grammar rules for URIs/IRIs.
14:15:08.933 [main] WARN org.apache.jena.riot - [line: 7989, col: 38] Bad IRI: <%3Chttp://www.openlinksw.com/schemas/virtrdf#Geometry%3E> Code: 0/ILLEGAL_CHARACTER in SCHEME: The character violates the grammar rules for URIs/IRIs.
14:15:08.933 [main] WARN org.apache.jena.riot - [line: 8071, col: 38] Bad IRI: <%3Chttp://www.openlinksw.com/schemas/virtrdf#Geometry%3E> Code: 0/ILLEGAL_CHARACTER in SCHEME: The character violates the grammar rules for URIs/IRIs.
14:15:08.934 [main] WARN org.apache.jena.riot - [line: 8115, col: 38] Bad IRI: <%3Chttp://www.openlinksw.com/schemas/virtrdf#Geometry%3E> Code: 0/ILLEGAL_CHARACTER in SCHEME: The character violates the grammar rules for URIs/IRIs.
14:15:08.934 [main] WARN org.apache.jena.riot - [line: 8209, col: 38] Bad IRI: <%3Chttp://www.openlinksw.com/schemas/virtrdf#Geometry%3E> Code: 0/ILLEGAL_CHARACTER in SCHEME: The character violates the grammar rules for URIs/IRIs.
14:15:08.934 [main] WARN org.apache.jena.riot - [line: 8256, col: 38] Bad IRI: <%3Chttp://www.openlinksw.com/schemas/virtrdf#Geometry%3E> Code: 0/ILLEGAL_CHARACTER in SCHEME: The character violates the grammar rules for URIs/IRIs.
14:15:08.934 [main] WARN org.apache.jena.riot - [line: 8305, col: 38] Bad IRI: <%3Chttp://www.openlinksw.com/schemas/virtrdf#Geometry%3E> Code: 0/ILLEGAL_CHARACTER in SCHEME: The character violates the grammar rules for URIs/IRIs.
14:15:08.935 [main] WARN org.apache.jena.riot - [line: 8413, col: 38] Bad IRI: <%3Chttp://www.openlinksw.com/schemas/virtrdf#Geometry%3E> Code: 0/ILLEGAL_CHARACTER in SCHEME: The character violates the grammar rules for URIs/IRIs.
14:15:08.935 [main] WARN org.apache.jena.riot - [line: 8475, col: 38] Bad IRI: <%3Chttp://www.openlinksw.com/schemas/virtrdf#Geometry%3E> Code: 0/ILLEGAL_CHARACTER in SCHEME: The character violates the grammar rules for URIs/IRIs.
14:15:08.935 [main] WARN org.apache.jena.riot - [line: 8568, col: 38] Bad IRI: <%3Chttp://www.openlinksw.com/schemas/virtrdf#Geometry%3E> Code: 0/ILLEGAL_CHARACTER in SCHEME: The character violates the grammar rules for URIs/IRIs.
14:15:08.936 [main] WARN org.apache.jena.riot - [line: 8620, col: 38] Bad IRI: <%3Chttp://www.openlinksw.com/schemas/virtrdf#Geometry%3E> Code: 0/ILLEGAL_CHARACTER in SCHEME: The character violates the grammar rules for URIs/IRIs.
14:15:08.936 [main] WARN org.apache.jena.riot - [line: 8707, col: 38] Bad IRI: <%3Chttp://www.openlinksw.com/schemas/virtrdf#Geometry%3E> Code: 0/ILLEGAL_CHARACTER in SCHEME: The character violates the grammar rules for URIs/IRIs.
14:15:08.936 [main] WARN org.apache.jena.riot - [line: 8827, col: 38] Bad IRI: <%3Chttp://www.openlinksw.com/schemas/virtrdf#Geometry%3E> Code: 0/ILLEGAL_CHARACTER in SCHEME: The character violates the grammar rules for URIs/IRIs.
14:15:08.937 [main] WARN org.apache.jena.riot - [line: 8929, col: 38] Bad IRI: <%3Chttp://www.openlinksw.com/schemas/virtrdf#Geometry%3E> Code: 0/ILLEGAL_CHARACTER in SCHEME: The character violates the grammar rules for URIs/IRIs.
14:15:08.937 [main] WARN org.apache.jena.riot - [line: 9007, col: 38] Bad IRI: <%3Chttp://www.openlinksw.com/schemas/virtrdf#Geometry%3E> Code: 0/ILLEGAL_CHARACTER in SCHEME: The character violates the grammar rules for URIs/IRIs.
14:15:08.937 [main] WARN org.apache.jena.riot - [line: 9064, col: 38] Bad IRI: <%3Chttp://www.openlinksw.com/schemas/virtrdf#Geometry%3E> Code: 0/ILLEGAL_CHARACTER in SCHEME: The character violates the grammar rules for URIs/IRIs.
14:15:08.938 [main] WARN org.apache.jena.riot - [line: 9137, col: 38] Bad IRI: <%3Chttp://www.openlinksw.com/schemas/virtrdf#Geometry%3E> Code: 0/ILLEGAL_CHARACTER in SCHEME: The character violates the grammar rules for URIs/IRIs.
14:15:08.938 [main] WARN org.apache.jena.riot - [line: 9226, col: 38] Bad IRI: <%3Chttp://www.openlinksw.com/schemas/virtrdf#Geometry%3E> Code: 0/ILLEGAL_CHARACTER in SCHEME: The character violates the grammar rules for URIs/IRIs.
14:15:08.938 [main] WARN org.apache.jena.riot - [line: 9283, col: 38] Bad IRI: <%3Chttp://www.openlinksw.com/schemas/virtrdf#Geometry%3E> Code: 0/ILLEGAL_CHARACTER in SCHEME: The character violates the grammar rules for URIs/IRIs.
14:15:08.939 [main] WARN org.apache.jena.riot - [line: 9355, col: 38] Bad IRI: <%3Chttp://www.openlinksw.com/schemas/virtrdf#Geometry%3E> Code: 0/ILLEGAL_CHARACTER in SCHEME: The character violates the grammar rules for URIs/IRIs.
14:15:08.939 [main] WARN org.apache.jena.riot - [line: 9401, col: 38] Bad IRI: <%3Chttp://www.openlinksw.com/schemas/virtrdf#Geometry%3E> Code: 0/ILLEGAL_CHARACTER in SCHEME: The character violates the grammar rules for URIs/IRIs.
14:15:08.939 [main] WARN org.apache.jena.riot - [line: 9473, col: 38] Bad IRI: <%3Chttp://www.openlinksw.com/schemas/virtrdf#Geometry%3E> Code: 0/ILLEGAL_CHARACTER in SCHEME: The character violates the grammar rules for URIs/IRIs.
14:15:08.940 [main] WARN org.apache.jena.riot - [line: 9576, col: 38] Bad IRI: <%3Chttp://www.openlinksw.com/schemas/virtrdf#Geometry%3E> Code: 0/ILLEGAL_CHARACTER in SCHEME: The character violates the grammar rules for URIs/IRIs.
14:15:08.940 [main] WARN org.apache.jena.riot - [line: 9687, col: 38] Bad IRI: <%3Chttp://www.openlinksw.com/schemas/virtrdf#Geometry%3E> Code: 0/ILLEGAL_CHARACTER in SCHEME: The character violates the grammar rules for URIs/IRIs.
14:15:08.940 [main] WARN org.apache.jena.riot - [line: 9751, col: 38] Bad IRI: <%3Chttp://www.openlinksw.com/schemas/virtrdf#Geometry%3E> Code: 0/ILLEGAL_CHARACTER in SCHEME: The character violates the grammar rules for URIs/IRIs.
14:15:08.940 [main] WARN org.apache.jena.riot - [line: 9811, col: 38] Bad IRI: <%3Chttp://www.openlinksw.com/schemas/virtrdf#Geometry%3E> Code: 0/ILLEGAL_CHARACTER in SCHEME: The character violates the grammar rules for URIs/IRIs.
14:15:08.941 [main] WARN org.apache.jena.riot - [line: 9889, col: 38] Bad IRI: <%3Chttp://www.openlinksw.com/schemas/virtrdf#Geometry%3E> Code: 0/ILLEGAL_CHARACTER in SCHEME: The character violates the grammar rules for URIs/IRIs.
14:15:08.941 [main] WARN org.apache.jena.riot - [line: 9963, col: 38] Bad IRI: <%3Chttp://www.openlinksw.com/schemas/virtrdf#Geometry%3E> Code: 0/ILLEGAL_CHARACTER in SCHEME: The character violates the grammar rules for URIs/IRIs.
14:15:08.942 [main] WARN org.apache.jena.riot - [line: 10040, col: 38] Bad IRI: <%3Chttp://www.openlinksw.com/schemas/virtrdf#Geometry%3E> Code: 0/ILLEGAL_CHARACTER in SCHEME: The character violates the grammar rules for URIs/IRIs.
14:15:08.942 [main] WARN org.apache.jena.riot - [line: 10125, col: 38] Bad IRI: <%3Chttp://www.openlinksw.com/schemas/virtrdf#Geometry%3E> Code: 0/ILLEGAL_CHARACTER in SCHEME: The character violates the grammar rules for URIs/IRIs.
14:15:08.943 [main] WARN org.apache.jena.riot - [line: 10187, col: 38] Bad IRI: <%3Chttp://www.openlinksw.com/schemas/virtrdf#Geometry%3E> Code: 0/ILLEGAL_CHARACTER in SCHEME: The character violates the grammar rules for URIs/IRIs.
14:15:08.943 [main] WARN org.apache.jena.riot - [line: 10281, col: 38] Bad IRI: <%3Chttp://www.openlinksw.com/schemas/virtrdf#Geometry%3E> Code: 0/ILLEGAL_CHARACTER in SCHEME: The character violates the grammar rules for URIs/IRIs.
14:15:08.944 [main] WARN org.apache.jena.riot - [line: 10429, col: 38] Bad IRI: <%3Chttp://www.openlinksw.com/schemas/virtrdf#Geometry%3E> Code: 0/ILLEGAL_CHARACTER in SCHEME: The character violates the grammar rules for URIs/IRIs.
14:15:08.944 [main] WARN org.apache.jena.riot - [line: 10474, col: 38] Bad IRI: <%3Chttp://www.openlinksw.com/schemas/virtrdf#Geometry%3E> Code: 0/ILLEGAL_CHARACTER in SCHEME: The character violates the grammar rules for URIs/IRIs.
14:15:08.944 [main] WARN org.apache.jena.riot - [line: 10548, col: 38] Bad IRI: <%3Chttp://www.openlinksw.com/schemas/virtrdf#Geometry%3E> Code: 0/ILLEGAL_CHARACTER in SCHEME: The character violates the grammar rules for URIs/IRIs.
14:15:08.944 [main] WARN org.apache.jena.riot - [line: 10601, col: 38] Bad IRI: <%3Chttp://www.openlinksw.com/schemas/virtrdf#Geometry%3E> Code: 0/ILLEGAL_CHARACTER in SCHEME: The character violates the grammar rules for URIs/IRIs.
14:15:08.945 [main] WARN org.apache.jena.riot - [line: 10691, col: 38] Bad IRI: <%3Chttp://www.openlinksw.com/schemas/virtrdf#Geometry%3E> Code: 0/ILLEGAL_CHARACTER in SCHEME: The character violates the grammar rules for URIs/IRIs.
14:15:08.945 [main] WARN org.apache.jena.riot - [line: 10795, col: 38] Bad IRI: <%3Chttp://www.openlinksw.com/schemas/virtrdf#Geometry%3E> Code: 0/ILLEGAL_CHARACTER in SCHEME: The character violates the grammar rules for URIs/IRIs.
14:15:08.946 [main] WARN org.apache.jena.riot - [line: 10950, col: 38] Bad IRI: <%3Chttp://www.openlinksw.com/schemas/virtrdf#Geometry%3E> Code: 0/ILLEGAL_CHARACTER in SCHEME: The character violates the grammar rules for URIs/IRIs.
14:15:08.946 [main] WARN org.apache.jena.riot - [line: 11025, col: 38] Bad IRI: <%3Chttp://www.openlinksw.com/schemas/virtrdf#Geometry%3E> Code: 0/ILLEGAL_CHARACTER in SCHEME: The character violates the grammar rules for URIs/IRIs.
14:15:08.946 [main] WARN org.apache.jena.riot - [line: 11105, col: 38] Bad IRI: <%3Chttp://www.openlinksw.com/schemas/virtrdf#Geometry%3E> Code: 0/ILLEGAL_CHARACTER in SCHEME: The character violates the grammar rules for URIs/IRIs.
14:15:08.947 [main] WARN org.apache.jena.riot - [line: 11190, col: 38] Bad IRI: <%3Chttp://www.openlinksw.com/schemas/virtrdf#Geometry%3E> Code: 0/ILLEGAL_CHARACTER in SCHEME: The character violates the grammar rules for URIs/IRIs.
14:15:08.947 [main] WARN org.apache.jena.riot - [line: 11254, col: 38] Bad IRI: <%3Chttp://www.openlinksw.com/schemas/virtrdf#Geometry%3E> Code: 0/ILLEGAL_CHARACTER in SCHEME: The character violates the grammar rules for URIs/IRIs.
14:15:08.947 [main] WARN org.apache.jena.riot - [line: 11301, col: 38] Bad IRI: <%3Chttp://www.openlinksw.com/schemas/virtrdf#Geometry%3E> Code: 0/ILLEGAL_CHARACTER in SCHEME: The character violates the grammar rules for URIs/IRIs.
14:15:08.948 [main] WARN org.apache.jena.riot - [line: 11377, col: 38] Bad IRI: <%3Chttp://www.openlinksw.com/schemas/virtrdf#Geometry%3E> Code: 0/ILLEGAL_CHARACTER in SCHEME: The character violates the grammar rules for URIs/IRIs.
14:15:08.948 [main] WARN org.apache.jena.riot - [line: 11481, col: 38] Bad IRI: <%3Chttp://www.openlinksw.com/schemas/virtrdf#Geometry%3E> Code: 0/ILLEGAL_CHARACTER in SCHEME: The character violates the grammar rules for URIs/IRIs.
14:15:08.948 [main] WARN org.apache.jena.riot - [line: 11550, col: 38] Bad IRI: <%3Chttp://www.openlinksw.com/schemas/virtrdf#Geometry%3E> Code: 0/ILLEGAL_CHARACTER in SCHEME: The character violates the grammar rules for URIs/IRIs.
14:15:08.948 [main] WARN org.apache.jena.riot - [line: 11595, col: 38] Bad IRI: <%3Chttp://www.openlinksw.com/schemas/virtrdf#Geometry%3E> Code: 0/ILLEGAL_CHARACTER in SCHEME: The character violates the grammar rules for URIs/IRIs.
14:15:08.949 [main] WARN org.apache.jena.riot - [line: 11688, col: 38] Bad IRI: <%3Chttp://www.openlinksw.com/schemas/virtrdf#Geometry%3E> Code: 0/ILLEGAL_CHARACTER in SCHEME: The character violates the grammar rules for URIs/IRIs.
14:15:08.949 [main] WARN org.apache.jena.riot - [line: 11764, col: 38] Bad IRI: <%3Chttp://www.openlinksw.com/schemas/virtrdf#Geometry%3E> Code: 0/ILLEGAL_CHARACTER in SCHEME: The character violates the grammar rules for URIs/IRIs.
14:15:08.950 [main] WARN org.apache.jena.riot - [line: 11862, col: 38] Bad IRI: <%3Chttp://www.openlinksw.com/schemas/virtrdf#Geometry%3E> Code: 0/ILLEGAL_CHARACTER in SCHEME: The character violates the grammar rules for URIs/IRIs.
14:15:08.950 [main] WARN org.apache.jena.riot - [line: 11956, col: 38] Bad IRI: <%3Chttp://www.openlinksw.com/schemas/virtrdf#Geometry%3E> Code: 0/ILLEGAL_CHARACTER in SCHEME: The character violates the grammar rules for URIs/IRIs.
14:15:08.950 [main] WARN org.apache.jena.riot - [line: 12003, col: 38] Bad IRI: <%3Chttp://www.openlinksw.com/schemas/virtrdf#Geometry%3E> Code: 0/ILLEGAL_CHARACTER in SCHEME: The character violates the grammar rules for URIs/IRIs.
14:15:08.951 [main] WARN org.apache.jena.riot - [line: 12108, col: 38] Bad IRI: <%3Chttp://www.openlinksw.com/schemas/virtrdf#Geometry%3E> Code: 0/ILLEGAL_CHARACTER in SCHEME: The character violates the grammar rules for URIs/IRIs.
14:15:08.951 [main] WARN org.apache.jena.riot - [line: 12232, col: 38] Bad IRI: <%3Chttp://www.openlinksw.com/schemas/virtrdf#Geometry%3E> Code: 0/ILLEGAL_CHARACTER in SCHEME: The character violates the grammar rules for URIs/IRIs.
14:15:08.951 [main] WARN org.apache.jena.riot - [line: 12311, col: 38] Bad IRI: <%3Chttp://www.openlinksw.com/schemas/virtrdf#Geometry%3E> Code: 0/ILLEGAL_CHARACTER in SCHEME: The character violates the grammar rules for URIs/IRIs.
14:15:08.952 [main] WARN org.apache.jena.riot - [line: 12419, col: 38] Bad IRI: <%3Chttp://www.openlinksw.com/schemas/virtrdf#Geometry%3E> Code: 0/ILLEGAL_CHARACTER in SCHEME: The character violates the grammar rules for URIs/IRIs.
14:15:08.952 [main] WARN org.apache.jena.riot - [line: 12463, col: 38] Bad IRI: <%3Chttp://www.openlinksw.com/schemas/virtrdf#Geometry%3E> Code: 0/ILLEGAL_CHARACTER in SCHEME: The character violates the grammar rules for URIs/IRIs.
14:15:08.953 [main] WARN org.apache.jena.riot - [line: 12612, col: 38] Bad IRI: <%3Chttp://www.openlinksw.com/schemas/virtrdf#Geometry%3E> Code: 0/ILLEGAL_CHARACTER in SCHEME: The character violates the grammar rules for URIs/IRIs.
14:15:08.953 [main] WARN org.apache.jena.riot - [line: 12659, col: 38] Bad IRI: <%3Chttp://www.openlinksw.com/schemas/virtrdf#Geometry%3E> Code: 0/ILLEGAL_CHARACTER in SCHEME: The character violates the grammar rules for URIs/IRIs.
14:15:08.953 [main] WARN org.apache.jena.riot - [line: 12721, col: 38] Bad IRI: <%3Chttp://www.openlinksw.com/schemas/virtrdf#Geometry%3E> Code: 0/ILLEGAL_CHARACTER in SCHEME: The character violates the grammar rules for URIs/IRIs.
14:15:08.954 [main] WARN org.apache.jena.riot - [line: 12834, col: 38] Bad IRI: <%3Chttp://www.openlinksw.com/schemas/virtrdf#Geometry%3E> Code: 0/ILLEGAL_CHARACTER in SCHEME: The character violates the grammar rules for URIs/IRIs.
14:15:08.954 [main] WARN org.apache.jena.riot - [line: 12925, col: 38] Bad IRI: <%3Chttp://www.openlinksw.com/schemas/virtrdf#Geometry%3E> Code: 0/ILLEGAL_CHARACTER in SCHEME: The character violates the grammar rules for URIs/IRIs.
14:15:08.954 [main] WARN org.apache.jena.riot - [line: 13018, col: 38] Bad IRI: <%3Chttp://www.openlinksw.com/schemas/virtrdf#Geometry%3E> Code: 0/ILLEGAL_CHARACTER in SCHEME: The character violates the grammar rules for URIs/IRIs.
14:15:08.955 [main] WARN org.apache.jena.riot - [line: 13120, col: 38] Bad IRI: <%3Chttp://www.openlinksw.com/schemas/virtrdf#Geometry%3E> Code: 0/ILLEGAL_CHARACTER in SCHEME: The character violates the grammar rules for URIs/IRIs.
14:15:08.955 [main] WARN org.apache.jena.riot - [line: 13167, col: 38] Bad IRI: <%3Chttp://www.openlinksw.com/schemas/virtrdf#Geometry%3E> Code: 0/ILLEGAL_CHARACTER in SCHEME: The character violates the grammar rules for URIs/IRIs.
14:15:08.955 [main] WARN org.apache.jena.riot - [line: 13238, col: 38] Bad IRI: <%3Chttp://www.openlinksw.com/schemas/virtrdf#Geometry%3E> Code: 0/ILLEGAL_CHARACTER in SCHEME: The character violates the grammar rules for URIs/IRIs.
14:15:08.956 [main] WARN org.apache.jena.riot - [line: 13332, col: 38] Bad IRI: <%3Chttp://www.openlinksw.com/schemas/virtrdf#Geometry%3E> Code: 0/ILLEGAL_CHARACTER in SCHEME: The character violates the grammar rules for URIs/IRIs.
14:15:08.956 [main] WARN org.apache.jena.riot - [line: 13383, col: 38] Bad IRI: <%3Chttp://www.openlinksw.com/schemas/virtrdf#Geometry%3E> Code: 0/ILLEGAL_CHARACTER in SCHEME: The character violates the grammar rules for URIs/IRIs.
14:15:08.957 [main] WARN org.apache.jena.riot - [line: 13463, col: 38] Bad IRI: <%3Chttp://www.openlinksw.com/schemas/virtrdf#Geometry%3E> Code: 0/ILLEGAL_CHARACTER in SCHEME: The character violates the grammar rules for URIs/IRIs.
14:15:08.957 [main] WARN org.apache.jena.riot - [line: 13575, col: 38] Bad IRI: <%3Chttp://www.openlinksw.com/schemas/virtrdf#Geometry%3E> Code: 0/ILLEGAL_CHARACTER in SCHEME: The character violates the grammar rules for URIs/IRIs.
14:15:08.957 [main] WARN org.apache.jena.riot - [line: 13620, col: 38] Bad IRI: <%3Chttp://www.openlinksw.com/schemas/virtrdf#Geometry%3E> Code: 0/ILLEGAL_CHARACTER in SCHEME: The character violates the grammar rules for URIs/IRIs.
14:15:08.958 [main] WARN org.apache.jena.riot - [line: 13693, col: 38] Bad IRI: <%3Chttp://www.openlinksw.com/schemas/virtrdf#Geometry%3E> Code: 0/ILLEGAL_CHARACTER in SCHEME: The character violates the grammar rules for URIs/IRIs.
14:15:08.958 [main] WARN org.apache.jena.riot - [line: 13824, col: 38] Bad IRI: <%3Chttp://www.openlinksw.com/schemas/virtrdf#Geometry%3E> Code: 0/ILLEGAL_CHARACTER in SCHEME: The character violates the grammar rules for URIs/IRIs.
prettyFormatTurtle  - 0 - 0
Time Elapsed 0.3_20 1 sec , 0 min
***** Total Parsing Time 6 sec , 0 min *****
Invoked:: PostConstraintsAnnotator
MODEL:: CUSTOM - SIZE: 101993 | PARAMS: 0.0 - 0
::: ShapesExtractor ~ WRITING MODEL TO FILE: /home/koen/shape-generation-clean/generated-output/qse/marine-regions/DATASET_QSE_0.0_0.ttl
writeModelToFile  - 0 - 0
::: ShapesExtractor ~ PRETTY FORMATTING TURTLE FILE: /home/koen/shape-generation-clean/generated-output/qse/marine-regions/DATASET_QSE_0.0_0_SHACL.ttl
Pretty Formatting
14:15:13.012 [main] WARN org.apache.jena.riot - [line: 65, col: 38] Bad IRI: <%3Chttp://www.openlinksw.com/schemas/virtrdf#Geometry%3E> Code: 0/ILLEGAL_CHARACTER in SCHEME: The character violates the grammar rules for URIs/IRIs.
14:15:13.013 [main] WARN org.apache.jena.riot - [line: 158, col: 38] Bad IRI: <%3Chttp://www.openlinksw.com/schemas/virtrdf#Geometry%3E> Code: 0/ILLEGAL_CHARACTER in SCHEME: The character violates the grammar rules for URIs/IRIs.
14:15:13.016 [main] WARN org.apache.jena.riot - [line: 1082, col: 38] Bad IRI: <%3Chttp://www.openlinksw.com/schemas/virtrdf#Geometry%3E> Code: 0/ILLEGAL_CHARACTER in SCHEME: The character violates the grammar rules for URIs/IRIs.
14:15:13.016 [main] WARN org.apache.jena.riot - [line: 1110, col: 38] Bad IRI: <%3Chttp://www.openlinksw.com/schemas/virtrdf#Geometry%3E> Code: 0/ILLEGAL_CHARACTER in SCHEME: The character violates the grammar rules for URIs/IRIs.
14:15:13.033 [main] WARN org.apache.jena.riot - [line: 7010, col: 38] Bad IRI: <%3Chttp://www.openlinksw.com/schemas/virtrdf#Geometry%3E> Code: 0/ILLEGAL_CHARACTER in SCHEME: The character violates the grammar rules for URIs/IRIs.
14:15:13.033 [main] WARN org.apache.jena.riot - [line: 7108, col: 38] Bad IRI: <%3Chttp://www.openlinksw.com/schemas/virtrdf#Geometry%3E> Code: 0/ILLEGAL_CHARACTER in SCHEME: The character violates the grammar rules for URIs/IRIs.
14:15:13.034 [main] WARN org.apache.jena.riot - [line: 7374, col: 38] Bad IRI: <%3Chttp://www.openlinksw.com/schemas/virtrdf#Geometry%3E> Code: 0/ILLEGAL_CHARACTER in SCHEME: The character violates the grammar rules for URIs/IRIs.
14:15:13.034 [main] WARN org.apache.jena.riot - [line: 7464, col: 38] Bad IRI: <%3Chttp://www.openlinksw.com/schemas/virtrdf#Geometry%3E> Code: 0/ILLEGAL_CHARACTER in SCHEME: The character violates the grammar rules for URIs/IRIs.
14:15:13.035 [main] WARN org.apache.jena.riot - [line: 7659, col: 38] Bad IRI: <%3Chttp://www.openlinksw.com/schemas/virtrdf#Geometry%3E> Code: 0/ILLEGAL_CHARACTER in SCHEME: The character violates the grammar rules for URIs/IRIs.
14:15:13.035 [main] WARN org.apache.jena.riot - [line: 7756, col: 38] Bad IRI: <%3Chttp://www.openlinksw.com/schemas/virtrdf#Geometry%3E> Code: 0/ILLEGAL_CHARACTER in SCHEME: The character violates the grammar rules for URIs/IRIs.
14:15:13.036 [main] WARN org.apache.jena.riot - [line: 7995, col: 38] Bad IRI: <%3Chttp://www.openlinksw.com/schemas/virtrdf#Geometry%3E> Code: 0/ILLEGAL_CHARACTER in SCHEME: The character violates the grammar rules for URIs/IRIs.
14:15:13.037 [main] WARN org.apache.jena.riot - [line: 8108, col: 38] Bad IRI: <%3Chttp://www.openlinksw.com/schemas/virtrdf#Geometry%3E> Code: 0/ILLEGAL_CHARACTER in SCHEME: The character violates the grammar rules for URIs/IRIs.
14:15:13.038 [main] WARN org.apache.jena.riot - [line: 8455, col: 38] Bad IRI: <%3Chttp://www.openlinksw.com/schemas/virtrdf#Geometry%3E> Code: 0/ILLEGAL_CHARACTER in SCHEME: The character violates the grammar rules for URIs/IRIs.
14:15:13.040 [main] WARN org.apache.jena.riot - [line: 9311, col: 38] Bad IRI: <%3Chttp://www.openlinksw.com/schemas/virtrdf#Geometry%3E> Code: 0/ILLEGAL_CHARACTER in SCHEME: The character violates the grammar rules for URIs/IRIs.
14:15:13.041 [main] WARN org.apache.jena.riot - [line: 9417, col: 38] Bad IRI: <%3Chttp://www.openlinksw.com/schemas/virtrdf#Geometry%3E> Code: 0/ILLEGAL_CHARACTER in SCHEME: The character violates the grammar rules for URIs/IRIs.
14:15:13.042 [main] WARN org.apache.jena.riot - [line: 9785, col: 38] Bad IRI: <%3Chttp://www.openlinksw.com/schemas/virtrdf#Geometry%3E> Code: 0/ILLEGAL_CHARACTER in SCHEME: The character violates the grammar rules for URIs/IRIs.
14:15:13.045 [main] WARN org.apache.jena.riot - [line: 10632, col: 38] Bad IRI: <%3Chttp://www.openlinksw.com/schemas/virtrdf#Geometry%3E> Code: 0/ILLEGAL_CHARACTER in SCHEME: The character violates the grammar rules for URIs/IRIs.
14:15:13.045 [main] WARN org.apache.jena.riot - [line: 10785, col: 38] Bad IRI: <%3Chttp://www.openlinksw.com/schemas/virtrdf#Geometry%3E> Code: 0/ILLEGAL_CHARACTER in SCHEME: The character violates the grammar rules for URIs/IRIs.
14:15:13.047 [main] WARN org.apache.jena.riot - [line: 11098, col: 38] Bad IRI: <%3Chttp://www.openlinksw.com/schemas/virtrdf#Geometry%3E> Code: 0/ILLEGAL_CHARACTER in SCHEME: The character violates the grammar rules for URIs/IRIs.
14:15:13.047 [main] WARN org.apache.jena.riot - [line: 11172, col: 38] Bad IRI: <%3Chttp://www.openlinksw.com/schemas/virtrdf#Geometry%3E> Code: 0/ILLEGAL_CHARACTER in SCHEME: The character violates the grammar rules for URIs/IRIs.
14:15:13.049 [main] WARN org.apache.jena.riot - [line: 11694, col: 38] Bad IRI: <%3Chttp://www.openlinksw.com/schemas/virtrdf#Geometry%3E> Code: 0/ILLEGAL_CHARACTER in SCHEME: The character violates the grammar rules for URIs/IRIs.
14:15:13.050 [main] WARN org.apache.jena.riot - [line: 11783, col: 38] Bad IRI: <%3Chttp://www.openlinksw.com/schemas/virtrdf#Geometry%3E> Code: 0/ILLEGAL_CHARACTER in SCHEME: The character violates the grammar rules for URIs/IRIs.
14:15:13.054 [main] WARN org.apache.jena.riot - [line: 12777, col: 38] Bad IRI: <%3Chttp://www.openlinksw.com/schemas/virtrdf#Geometry%3E> Code: 0/ILLEGAL_CHARACTER in SCHEME: The character violates the grammar rules for URIs/IRIs.
14:15:13.054 [main] WARN org.apache.jena.riot - [line: 12891, col: 38] Bad IRI: <%3Chttp://www.openlinksw.com/schemas/virtrdf#Geometry%3E> Code: 0/ILLEGAL_CHARACTER in SCHEME: The character violates the grammar rules for URIs/IRIs.
14:15:13.056 [main] WARN org.apache.jena.riot - [line: 13440, col: 38] Bad IRI: <%3Chttp://www.openlinksw.com/schemas/virtrdf#Geometry%3E> Code: 0/ILLEGAL_CHARACTER in SCHEME: The character violates the grammar rules for URIs/IRIs.
14:15:13.057 [main] WARN org.apache.jena.riot - [line: 13754, col: 38] Bad IRI: <%3Chttp://www.openlinksw.com/schemas/virtrdf#Geometry%3E> Code: 0/ILLEGAL_CHARACTER in SCHEME: The character violates the grammar rules for URIs/IRIs.
14:15:13.058 [main] WARN org.apache.jena.riot - [line: 13885, col: 38] Bad IRI: <%3Chttp://www.openlinksw.com/schemas/virtrdf#Geometry%3E> Code: 0/ILLEGAL_CHARACTER in SCHEME: The character violates the grammar rules for URIs/IRIs.
14:15:13.059 [main] WARN org.apache.jena.riot - [line: 14155, col: 38] Bad IRI: <%3Chttp://www.openlinksw.com/schemas/virtrdf#Geometry%3E> Code: 0/ILLEGAL_CHARACTER in SCHEME: The character violates the grammar rules for URIs/IRIs.
14:15:13.059 [main] WARN org.apache.jena.riot - [line: 14265, col: 38] Bad IRI: <%3Chttp://www.openlinksw.com/schemas/virtrdf#Geometry%3E> Code: 0/ILLEGAL_CHARACTER in SCHEME: The character violates the grammar rules for URIs/IRIs.
14:15:13.060 [main] WARN org.apache.jena.riot - [line: 14467, col: 38] Bad IRI: <%3Chttp://www.openlinksw.com/schemas/virtrdf#Geometry%3E> Code: 0/ILLEGAL_CHARACTER in SCHEME: The character violates the grammar rules for URIs/IRIs.
14:15:13.060 [main] WARN org.apache.jena.riot - [line: 14505, col: 38] Bad IRI: <%3Chttp://www.openlinksw.com/schemas/virtrdf#Geometry%3E> Code: 0/ILLEGAL_CHARACTER in SCHEME: The character violates the grammar rules for URIs/IRIs.
14:15:13.061 [main] WARN org.apache.jena.riot - [line: 14898, col: 38] Bad IRI: <%3Chttp://www.openlinksw.com/schemas/virtrdf#Geometry%3E> Code: 0/ILLEGAL_CHARACTER in SCHEME: The character violates the grammar rules for URIs/IRIs.
14:15:13.062 [main] WARN org.apache.jena.riot - [line: 15008, col: 38] Bad IRI: <%3Chttp://www.openlinksw.com/schemas/virtrdf#Geometry%3E> Code: 0/ILLEGAL_CHARACTER in SCHEME: The character violates the grammar rules for URIs/IRIs.
14:15:13.064 [main] WARN org.apache.jena.riot - [line: 15680, col: 38] Bad IRI: <%3Chttp://www.openlinksw.com/schemas/virtrdf#Geometry%3E> Code: 0/ILLEGAL_CHARACTER in SCHEME: The character violates the grammar rules for URIs/IRIs.
14:15:13.064 [main] WARN org.apache.jena.riot - [line: 15796, col: 38] Bad IRI: <%3Chttp://www.openlinksw.com/schemas/virtrdf#Geometry%3E> Code: 0/ILLEGAL_CHARACTER in SCHEME: The character violates the grammar rules for URIs/IRIs.
14:15:13.066 [main] WARN org.apache.jena.riot - [line: 16093, col: 38] Bad IRI: <%3Chttp://www.openlinksw.com/schemas/virtrdf#Geometry%3E> Code: 0/ILLEGAL_CHARACTER in SCHEME: The character violates the grammar rules for URIs/IRIs.
14:15:13.066 [main] WARN org.apache.jena.riot - [line: 16172, col: 38] Bad IRI: <%3Chttp://www.openlinksw.com/schemas/virtrdf#Geometry%3E> Code: 0/ILLEGAL_CHARACTER in SCHEME: The character violates the grammar rules for URIs/IRIs.
14:15:13.067 [main] WARN org.apache.jena.riot - [line: 16371, col: 38] Bad IRI: <%3Chttp://www.openlinksw.com/schemas/virtrdf#Geometry%3E> Code: 0/ILLEGAL_CHARACTER in SCHEME: The character violates the grammar rules for URIs/IRIs.
14:15:13.067 [main] WARN org.apache.jena.riot - [line: 16437, col: 38] Bad IRI: <%3Chttp://www.openlinksw.com/schemas/virtrdf#Geometry%3E> Code: 0/ILLEGAL_CHARACTER in SCHEME: The character violates the grammar rules for URIs/IRIs.
14:15:13.068 [main] WARN org.apache.jena.riot - [line: 16765, col: 38] Bad IRI: <%3Chttp://www.openlinksw.com/schemas/virtrdf#Geometry%3E> Code: 0/ILLEGAL_CHARACTER in SCHEME: The character violates the grammar rules for URIs/IRIs.
14:15:13.068 [main] WARN org.apache.jena.riot - [line: 16851, col: 38] Bad IRI: <%3Chttp://www.openlinksw.com/schemas/virtrdf#Geometry%3E> Code: 0/ILLEGAL_CHARACTER in SCHEME: The character violates the grammar rules for URIs/IRIs.
14:15:13.070 [main] WARN org.apache.jena.riot - [line: 17193, col: 38] Bad IRI: <%3Chttp://www.openlinksw.com/schemas/virtrdf#Geometry%3E> Code: 0/ILLEGAL_CHARACTER in SCHEME: The character violates the grammar rules for URIs/IRIs.
14:15:13.070 [main] WARN org.apache.jena.riot - [line: 17262, col: 38] Bad IRI: <%3Chttp://www.openlinksw.com/schemas/virtrdf#Geometry%3E> Code: 0/ILLEGAL_CHARACTER in SCHEME: The character violates the grammar rules for URIs/IRIs.
14:15:13.072 [main] WARN org.apache.jena.riot - [line: 17812, col: 38] Bad IRI: <%3Chttp://www.openlinksw.com/schemas/virtrdf#Geometry%3E> Code: 0/ILLEGAL_CHARACTER in SCHEME: The character violates the grammar rules for URIs/IRIs.
14:15:13.072 [main] WARN org.apache.jena.riot - [line: 17914, col: 38] Bad IRI: <%3Chttp://www.openlinksw.com/schemas/virtrdf#Geometry%3E> Code: 0/ILLEGAL_CHARACTER in SCHEME: The character violates the grammar rules for URIs/IRIs.
14:15:13.073 [main] WARN org.apache.jena.riot - [line: 18190, col: 38] Bad IRI: <%3Chttp://www.openlinksw.com/schemas/virtrdf#Geometry%3E> Code: 0/ILLEGAL_CHARACTER in SCHEME: The character violates the grammar rules for URIs/IRIs.
14:15:13.073 [main] WARN org.apache.jena.riot - [line: 18303, col: 38] Bad IRI: <%3Chttp://www.openlinksw.com/schemas/virtrdf#Geometry%3E> Code: 0/ILLEGAL_CHARACTER in SCHEME: The character violates the grammar rules for URIs/IRIs.
14:15:13.074 [main] WARN org.apache.jena.riot - [line: 18599, col: 38] Bad IRI: <%3Chttp://www.openlinksw.com/schemas/virtrdf#Geometry%3E> Code: 0/ILLEGAL_CHARACTER in SCHEME: The character violates the grammar rules for URIs/IRIs.
14:15:13.075 [main] WARN org.apache.jena.riot - [line: 18643, col: 38] Bad IRI: <%3Chttp://www.openlinksw.com/schemas/virtrdf#Geometry%3E> Code: 0/ILLEGAL_CHARACTER in SCHEME: The character violates the grammar rules for URIs/IRIs.
14:15:13.076 [main] WARN org.apache.jena.riot - [line: 19076, col: 38] Bad IRI: <%3Chttp://www.openlinksw.com/schemas/virtrdf#Geometry%3E> Code: 0/ILLEGAL_CHARACTER in SCHEME: The character violates the grammar rules for URIs/IRIs.
14:15:13.077 [main] WARN org.apache.jena.riot - [line: 19180, col: 38] Bad IRI: <%3Chttp://www.openlinksw.com/schemas/virtrdf#Geometry%3E> Code: 0/ILLEGAL_CHARACTER in SCHEME: The character violates the grammar rules for URIs/IRIs.
14:15:13.077 [main] WARN org.apache.jena.riot - [line: 19432, col: 38] Bad IRI: <%3Chttp://www.openlinksw.com/schemas/virtrdf#Geometry%3E> Code: 0/ILLEGAL_CHARACTER in SCHEME: The character violates the grammar rules for URIs/IRIs.
14:15:13.078 [main] WARN org.apache.jena.riot - [line: 19542, col: 38] Bad IRI: <%3Chttp://www.openlinksw.com/schemas/virtrdf#Geometry%3E> Code: 0/ILLEGAL_CHARACTER in SCHEME: The character violates the grammar rules for URIs/IRIs.
14:15:13.079 [main] WARN org.apache.jena.riot - [line: 19826, col: 38] Bad IRI: <%3Chttp://www.openlinksw.com/schemas/virtrdf#Geometry%3E> Code: 0/ILLEGAL_CHARACTER in SCHEME: The character violates the grammar rules for URIs/IRIs.
14:15:13.079 [main] WARN org.apache.jena.riot - [line: 19879, col: 38] Bad IRI: <%3Chttp://www.openlinksw.com/schemas/virtrdf#Geometry%3E> Code: 0/ILLEGAL_CHARACTER in SCHEME: The character violates the grammar rules for URIs/IRIs.
14:15:13.080 [main] WARN org.apache.jena.riot - [line: 20100, col: 38] Bad IRI: <%3Chttp://www.openlinksw.com/schemas/virtrdf#Geometry%3E> Code: 0/ILLEGAL_CHARACTER in SCHEME: The character violates the grammar rules for URIs/IRIs.
14:15:13.080 [main] WARN org.apache.jena.riot - [line: 20138, col: 38] Bad IRI: <%3Chttp://www.openlinksw.com/schemas/virtrdf#Geometry%3E> Code: 0/ILLEGAL_CHARACTER in SCHEME: The character violates the grammar rules for URIs/IRIs.
14:15:13.081 [main] WARN org.apache.jena.riot - [line: 20486, col: 38] Bad IRI: <%3Chttp://www.openlinksw.com/schemas/virtrdf#Geometry%3E> Code: 0/ILLEGAL_CHARACTER in SCHEME: The character violates the grammar rules for URIs/IRIs.
14:15:13.082 [main] WARN org.apache.jena.riot - [line: 20586, col: 38] Bad IRI: <%3Chttp://www.openlinksw.com/schemas/virtrdf#Geometry%3E> Code: 0/ILLEGAL_CHARACTER in SCHEME: The character violates the grammar rules for URIs/IRIs.
14:15:13.082 [main] WARN org.apache.jena.riot - [line: 20677, col: 38] Bad IRI: <%3Chttp://www.openlinksw.com/schemas/virtrdf#Geometry%3E> Code: 0/ILLEGAL_CHARACTER in SCHEME: The character violates the grammar rules for URIs/IRIs.
14:15:13.084 [main] WARN org.apache.jena.riot - [line: 21191, col: 38] Bad IRI: <%3Chttp://www.openlinksw.com/schemas/virtrdf#Geometry%3E> Code: 0/ILLEGAL_CHARACTER in SCHEME: The character violates the grammar rules for URIs/IRIs.
14:15:13.084 [main] WARN org.apache.jena.riot - [line: 21318, col: 38] Bad IRI: <%3Chttp://www.openlinksw.com/schemas/virtrdf#Geometry%3E> Code: 0/ILLEGAL_CHARACTER in SCHEME: The character violates the grammar rules for URIs/IRIs.
14:15:13.086 [main] WARN org.apache.jena.riot - [line: 21938, col: 38] Bad IRI: <%3Chttp://www.openlinksw.com/schemas/virtrdf#Geometry%3E> Code: 0/ILLEGAL_CHARACTER in SCHEME: The character violates the grammar rules for URIs/IRIs.
14:15:13.086 [main] WARN org.apache.jena.riot - [line: 22049, col: 38] Bad IRI: <%3Chttp://www.openlinksw.com/schemas/virtrdf#Geometry%3E> Code: 0/ILLEGAL_CHARACTER in SCHEME: The character violates the grammar rules for URIs/IRIs.
14:15:13.088 [main] WARN org.apache.jena.riot - [line: 22436, col: 38] Bad IRI: <%3Chttp://www.openlinksw.com/schemas/virtrdf#Geometry%3E> Code: 0/ILLEGAL_CHARACTER in SCHEME: The character violates the grammar rules for URIs/IRIs.
14:15:13.088 [main] WARN org.apache.jena.riot - [line: 22537, col: 38] Bad IRI: <%3Chttp://www.openlinksw.com/schemas/virtrdf#Geometry%3E> Code: 0/ILLEGAL_CHARACTER in SCHEME: The character violates the grammar rules for URIs/IRIs.
14:15:13.090 [main] WARN org.apache.jena.riot - [line: 22714, col: 38] Bad IRI: <%3Chttp://www.openlinksw.com/schemas/virtrdf#Geometry%3E> Code: 0/ILLEGAL_CHARACTER in SCHEME: The character violates the grammar rules for URIs/IRIs.
14:15:13.091 [main] WARN org.apache.jena.riot - [line: 22808, col: 38] Bad IRI: <%3Chttp://www.openlinksw.com/schemas/virtrdf#Geometry%3E> Code: 0/ILLEGAL_CHARACTER in SCHEME: The character violates the grammar rules for URIs/IRIs.
14:15:13.092 [main] WARN org.apache.jena.riot - [line: 23094, col: 38] Bad IRI: <%3Chttp://www.openlinksw.com/schemas/virtrdf#Geometry%3E> Code: 0/ILLEGAL_CHARACTER in SCHEME: The character violates the grammar rules for URIs/IRIs.
14:15:13.092 [main] WARN org.apache.jena.riot - [line: 23129, col: 38] Bad IRI: <%3Chttp://www.openlinksw.com/schemas/virtrdf#Geometry%3E> Code: 0/ILLEGAL_CHARACTER in SCHEME: The character violates the grammar rules for URIs/IRIs.
14:15:13.093 [main] WARN org.apache.jena.riot - [line: 23318, col: 38] Bad IRI: <%3Chttp://www.openlinksw.com/schemas/virtrdf#Geometry%3E> Code: 0/ILLEGAL_CHARACTER in SCHEME: The character violates the grammar rules for URIs/IRIs.
14:15:13.094 [main] WARN org.apache.jena.riot - [line: 23753, col: 38] Bad IRI: <%3Chttp://www.openlinksw.com/schemas/virtrdf#Geometry%3E> Code: 0/ILLEGAL_CHARACTER in SCHEME: The character violates the grammar rules for URIs/IRIs.
14:15:13.094 [main] WARN org.apache.jena.riot - [line: 23809, col: 38] Bad IRI: <%3Chttp://www.openlinksw.com/schemas/virtrdf#Geometry%3E> Code: 0/ILLEGAL_CHARACTER in SCHEME: The character violates the grammar rules for URIs/IRIs.
14:15:13.096 [main] WARN org.apache.jena.riot - [line: 24369, col: 38] Bad IRI: <%3Chttp://www.openlinksw.com/schemas/virtrdf#Geometry%3E> Code: 0/ILLEGAL_CHARACTER in SCHEME: The character violates the grammar rules for URIs/IRIs.
14:15:13.097 [main] WARN org.apache.jena.riot - [line: 24404, col: 38] Bad IRI: <%3Chttp://www.openlinksw.com/schemas/virtrdf#Geometry%3E> Code: 0/ILLEGAL_CHARACTER in SCHEME: The character violates the grammar rules for URIs/IRIs.
14:15:13.098 [main] WARN org.apache.jena.riot - [line: 24664, col: 38] Bad IRI: <%3Chttp://www.openlinksw.com/schemas/virtrdf#Geometry%3E> Code: 0/ILLEGAL_CHARACTER in SCHEME: The character violates the grammar rules for URIs/IRIs.
14:15:13.099 [main] WARN org.apache.jena.riot - [line: 24707, col: 38] Bad IRI: <%3Chttp://www.openlinksw.com/schemas/virtrdf#Geometry%3E> Code: 0/ILLEGAL_CHARACTER in SCHEME: The character violates the grammar rules for URIs/IRIs.
14:15:13.102 [main] WARN org.apache.jena.riot - [line: 25156, col: 38] Bad IRI: <%3Chttp://www.openlinksw.com/schemas/virtrdf#Geometry%3E> Code: 0/ILLEGAL_CHARACTER in SCHEME: The character violates the grammar rules for URIs/IRIs.
14:15:13.102 [main] WARN org.apache.jena.riot - [line: 25213, col: 38] Bad IRI: <%3Chttp://www.openlinksw.com/schemas/virtrdf#Geometry%3E> Code: 0/ILLEGAL_CHARACTER in SCHEME: The character violates the grammar rules for URIs/IRIs.
14:15:13.104 [main] WARN org.apache.jena.riot - [line: 25460, col: 38] Bad IRI: <%3Chttp://www.openlinksw.com/schemas/virtrdf#Geometry%3E> Code: 0/ILLEGAL_CHARACTER in SCHEME: The character violates the grammar rules for URIs/IRIs.
14:15:13.104 [main] WARN org.apache.jena.riot - [line: 25520, col: 38] Bad IRI: <%3Chttp://www.openlinksw.com/schemas/virtrdf#Geometry%3E> Code: 0/ILLEGAL_CHARACTER in SCHEME: The character violates the grammar rules for URIs/IRIs.
14:15:13.108 [main] WARN org.apache.jena.riot - [line: 26654, col: 38] Bad IRI: <%3Chttp://www.openlinksw.com/schemas/virtrdf#Geometry%3E> Code: 0/ILLEGAL_CHARACTER in SCHEME: The character violates the grammar rules for URIs/IRIs.
14:15:13.109 [main] WARN org.apache.jena.riot - [line: 26754, col: 38] Bad IRI: <%3Chttp://www.openlinksw.com/schemas/virtrdf#Geometry%3E> Code: 0/ILLEGAL_CHARACTER in SCHEME: The character violates the grammar rules for URIs/IRIs.
14:15:13.110 [main] WARN org.apache.jena.riot - [line: 27166, col: 38] Bad IRI: <%3Chttp://www.openlinksw.com/schemas/virtrdf#Geometry%3E> Code: 0/ILLEGAL_CHARACTER in SCHEME: The character violates the grammar rules for URIs/IRIs.
14:15:13.111 [main] WARN org.apache.jena.riot - [line: 27242, col: 38] Bad IRI: <%3Chttp://www.openlinksw.com/schemas/virtrdf#Geometry%3E> Code: 0/ILLEGAL_CHARACTER in SCHEME: The character violates the grammar rules for URIs/IRIs.
14:15:13.111 [main] WARN org.apache.jena.riot - [line: 27372, col: 38] Bad IRI: <%3Chttp://www.openlinksw.com/schemas/virtrdf#Geometry%3E> Code: 0/ILLEGAL_CHARACTER in SCHEME: The character violates the grammar rules for URIs/IRIs.
14:15:13.111 [main] WARN org.apache.jena.riot - [line: 27444, col: 38] Bad IRI: <%3Chttp://www.openlinksw.com/schemas/virtrdf#Geometry%3E> Code: 0/ILLEGAL_CHARACTER in SCHEME: The character violates the grammar rules for URIs/IRIs.
14:15:13.112 [main] WARN org.apache.jena.riot - [line: 27631, col: 38] Bad IRI: <%3Chttp://www.openlinksw.com/schemas/virtrdf#Geometry%3E> Code: 0/ILLEGAL_CHARACTER in SCHEME: The character violates the grammar rules for URIs/IRIs.
14:15:13.113 [main] WARN org.apache.jena.riot - [line: 27721, col: 38] Bad IRI: <%3Chttp://www.openlinksw.com/schemas/virtrdf#Geometry%3E> Code: 0/ILLEGAL_CHARACTER in SCHEME: The character violates the grammar rules for URIs/IRIs.
14:15:13.114 [main] WARN org.apache.jena.riot - [line: 28028, col: 38] Bad IRI: <%3Chttp://www.openlinksw.com/schemas/virtrdf#Geometry%3E> Code: 0/ILLEGAL_CHARACTER in SCHEME: The character violates the grammar rules for URIs/IRIs.
14:15:13.114 [main] WARN org.apache.jena.riot - [line: 28108, col: 38] Bad IRI: <%3Chttp://www.openlinksw.com/schemas/virtrdf#Geometry%3E> Code: 0/ILLEGAL_CHARACTER in SCHEME: The character violates the grammar rules for URIs/IRIs.
14:15:13.115 [main] WARN org.apache.jena.riot - [line: 28279, col: 38] Bad IRI: <%3Chttp://www.openlinksw.com/schemas/virtrdf#Geometry%3E> Code: 0/ILLEGAL_CHARACTER in SCHEME: The character violates the grammar rules for URIs/IRIs.
14:15:13.115 [main] WARN org.apache.jena.riot - [line: 28369, col: 38] Bad IRI: <%3Chttp://www.openlinksw.com/schemas/virtrdf#Geometry%3E> Code: 0/ILLEGAL_CHARACTER in SCHEME: The character violates the grammar rules for URIs/IRIs.
14:15:13.116 [main] WARN org.apache.jena.riot - [line: 28516, col: 38] Bad IRI: <%3Chttp://www.openlinksw.com/schemas/virtrdf#Geometry%3E> Code: 0/ILLEGAL_CHARACTER in SCHEME: The character violates the grammar rules for URIs/IRIs.
14:15:13.116 [main] WARN org.apache.jena.riot - [line: 28551, col: 38] Bad IRI: <%3Chttp://www.openlinksw.com/schemas/virtrdf#Geometry%3E> Code: 0/ILLEGAL_CHARACTER in SCHEME: The character violates the grammar rules for URIs/IRIs.
14:15:13.117 [main] WARN org.apache.jena.riot - [line: 29027, col: 38] Bad IRI: <%3Chttp://www.openlinksw.com/schemas/virtrdf#Geometry%3E> Code: 0/ILLEGAL_CHARACTER in SCHEME: The character violates the grammar rules for URIs/IRIs.
14:15:13.118 [main] WARN org.apache.jena.riot - [line: 29086, col: 38] Bad IRI: <%3Chttp://www.openlinksw.com/schemas/virtrdf#Geometry%3E> Code: 0/ILLEGAL_CHARACTER in SCHEME: The character violates the grammar rules for URIs/IRIs.
14:15:13.119 [main] WARN org.apache.jena.riot - [line: 29372, col: 38] Bad IRI: <%3Chttp://www.openlinksw.com/schemas/virtrdf#Geometry%3E> Code: 0/ILLEGAL_CHARACTER in SCHEME: The character violates the grammar rules for URIs/IRIs.
14:15:13.119 [main] WARN org.apache.jena.riot - [line: 29488, col: 38] Bad IRI: <%3Chttp://www.openlinksw.com/schemas/virtrdf#Geometry%3E> Code: 0/ILLEGAL_CHARACTER in SCHEME: The character violates the grammar rules for URIs/IRIs.
14:15:13.120 [main] WARN org.apache.jena.riot - [line: 29657, col: 38] Bad IRI: <%3Chttp://www.openlinksw.com/schemas/virtrdf#Geometry%3E> Code: 0/ILLEGAL_CHARACTER in SCHEME: The character violates the grammar rules for URIs/IRIs.
14:15:13.120 [main] WARN org.apache.jena.riot - [line: 29743, col: 38] Bad IRI: <%3Chttp://www.openlinksw.com/schemas/virtrdf#Geometry%3E> Code: 0/ILLEGAL_CHARACTER in SCHEME: The character violates the grammar rules for URIs/IRIs.
14:15:13.121 [main] WARN org.apache.jena.riot - [line: 29995, col: 38] Bad IRI: <%3Chttp://www.openlinksw.com/schemas/virtrdf#Geometry%3E> Code: 0/ILLEGAL_CHARACTER in SCHEME: The character violates the grammar rules for URIs/IRIs.
14:15:13.123 [main] WARN org.apache.jena.riot - [line: 30287, col: 38] Bad IRI: <%3Chttp://www.openlinksw.com/schemas/virtrdf#Geometry%3E> Code: 0/ILLEGAL_CHARACTER in SCHEME: The character violates the grammar rules for URIs/IRIs.
14:15:13.123 [main] WARN org.apache.jena.riot - [line: 30339, col: 38] Bad IRI: <%3Chttp://www.openlinksw.com/schemas/virtrdf#Geometry%3E> Code: 0/ILLEGAL_CHARACTER in SCHEME: The character violates the grammar rules for URIs/IRIs.
14:15:13.124 [main] WARN org.apache.jena.riot - [line: 30469, col: 38] Bad IRI: <%3Chttp://www.openlinksw.com/schemas/virtrdf#Geometry%3E> Code: 0/ILLEGAL_CHARACTER in SCHEME: The character violates the grammar rules for URIs/IRIs.
14:15:13.126 [main] WARN org.apache.jena.riot - [line: 30960, col: 38] Bad IRI: <%3Chttp://www.openlinksw.com/schemas/virtrdf#Geometry%3E> Code: 0/ILLEGAL_CHARACTER in SCHEME: The character violates the grammar rules for URIs/IRIs.
14:15:13.126 [main] WARN org.apache.jena.riot - [line: 31059, col: 38] Bad IRI: <%3Chttp://www.openlinksw.com/schemas/virtrdf#Geometry%3E> Code: 0/ILLEGAL_CHARACTER in SCHEME: The character violates the grammar rules for URIs/IRIs.
14:15:13.128 [main] WARN org.apache.jena.riot - [line: 31529, col: 38] Bad IRI: <%3Chttp://www.openlinksw.com/schemas/virtrdf#Geometry%3E> Code: 0/ILLEGAL_CHARACTER in SCHEME: The character violates the grammar rules for URIs/IRIs.
14:15:13.129 [main] WARN org.apache.jena.riot - [line: 31565, col: 38] Bad IRI: <%3Chttp://www.openlinksw.com/schemas/virtrdf#Geometry%3E> Code: 0/ILLEGAL_CHARACTER in SCHEME: The character violates the grammar rules for URIs/IRIs.
14:15:13.130 [main] WARN org.apache.jena.riot - [line: 31892, col: 38] Bad IRI: <%3Chttp://www.openlinksw.com/schemas/virtrdf#Geometry%3E> Code: 0/ILLEGAL_CHARACTER in SCHEME: The character violates the grammar rules for URIs/IRIs.
14:15:13.130 [main] WARN org.apache.jena.riot - [line: 31912, col: 38] Bad IRI: <%3Chttp://www.openlinksw.com/schemas/virtrdf#Geometry%3E> Code: 0/ILLEGAL_CHARACTER in SCHEME: The character violates the grammar rules for URIs/IRIs.
14:15:13.131 [main] WARN org.apache.jena.riot - [line: 32132, col: 38] Bad IRI: <%3Chttp://www.openlinksw.com/schemas/virtrdf#Geometry%3E> Code: 0/ILLEGAL_CHARACTER in SCHEME: The character violates the grammar rules for URIs/IRIs.
14:15:13.131 [main] WARN org.apache.jena.riot - [line: 32175, col: 38] Bad IRI: <%3Chttp://www.openlinksw.com/schemas/virtrdf#Geometry%3E> Code: 0/ILLEGAL_CHARACTER in SCHEME: The character violates the grammar rules for URIs/IRIs.
14:15:13.132 [main] WARN org.apache.jena.riot - [line: 32275, col: 38] Bad IRI: <%3Chttp://www.openlinksw.com/schemas/virtrdf#Geometry%3E> Code: 0/ILLEGAL_CHARACTER in SCHEME: The character violates the grammar rules for URIs/IRIs.
14:15:13.133 [main] WARN org.apache.jena.riot - [line: 32529, col: 38] Bad IRI: <%3Chttp://www.openlinksw.com/schemas/virtrdf#Geometry%3E> Code: 0/ILLEGAL_CHARACTER in SCHEME: The character violates the grammar rules for URIs/IRIs.
14:15:13.133 [main] WARN org.apache.jena.riot - [line: 32660, col: 38] Bad IRI: <%3Chttp://www.openlinksw.com/schemas/virtrdf#Geometry%3E> Code: 0/ILLEGAL_CHARACTER in SCHEME: The character violates the grammar rules for URIs/IRIs.
14:15:13.134 [main] WARN org.apache.jena.riot - [line: 32749, col: 38] Bad IRI: <%3Chttp://www.openlinksw.com/schemas/virtrdf#Geometry%3E> Code: 0/ILLEGAL_CHARACTER in SCHEME: The character violates the grammar rules for URIs/IRIs.
14:15:13.134 [main] WARN org.apache.jena.riot - [line: 32875, col: 38] Bad IRI: <%3Chttp://www.openlinksw.com/schemas/virtrdf#Geometry%3E> Code: 0/ILLEGAL_CHARACTER in SCHEME: The character violates the grammar rules for URIs/IRIs.
14:15:13.135 [main] WARN org.apache.jena.riot - [line: 32969, col: 38] Bad IRI: <%3Chttp://www.openlinksw.com/schemas/virtrdf#Geometry%3E> Code: 0/ILLEGAL_CHARACTER in SCHEME: The character violates the grammar rules for URIs/IRIs.
14:15:13.135 [main] WARN org.apache.jena.riot - [line: 33048, col: 38] Bad IRI: <%3Chttp://www.openlinksw.com/schemas/virtrdf#Geometry%3E> Code: 0/ILLEGAL_CHARACTER in SCHEME: The character violates the grammar rules for URIs/IRIs.
14:15:13.136 [main] WARN org.apache.jena.riot - [line: 33288, col: 38] Bad IRI: <%3Chttp://www.openlinksw.com/schemas/virtrdf#Geometry%3E> Code: 0/ILLEGAL_CHARACTER in SCHEME: The character violates the grammar rules for URIs/IRIs.
14:15:13.136 [main] WARN org.apache.jena.riot - [line: 33312, col: 38] Bad IRI: <%3Chttp://www.openlinksw.com/schemas/virtrdf#Geometry%3E> Code: 0/ILLEGAL_CHARACTER in SCHEME: The character violates the grammar rules for URIs/IRIs.
14:15:13.142 [main] WARN org.apache.jena.riot - [line: 35055, col: 38] Bad IRI: <%3Chttp://www.openlinksw.com/schemas/virtrdf#Geometry%3E> Code: 0/ILLEGAL_CHARACTER in SCHEME: The character violates the grammar rules for URIs/IRIs.
14:15:13.142 [main] WARN org.apache.jena.riot - [line: 35092, col: 38] Bad IRI: <%3Chttp://www.openlinksw.com/schemas/virtrdf#Geometry%3E> Code: 0/ILLEGAL_CHARACTER in SCHEME: The character violates the grammar rules for URIs/IRIs.
14:15:13.144 [main] WARN org.apache.jena.riot - [line: 35760, col: 38] Bad IRI: <%3Chttp://www.openlinksw.com/schemas/virtrdf#Geometry%3E> Code: 0/ILLEGAL_CHARACTER in SCHEME: The character violates the grammar rules for URIs/IRIs.
14:15:13.144 [main] WARN org.apache.jena.riot - [line: 35813, col: 38] Bad IRI: <%3Chttp://www.openlinksw.com/schemas/virtrdf#Geometry%3E> Code: 0/ILLEGAL_CHARACTER in SCHEME: The character violates the grammar rules for URIs/IRIs.
14:15:13.145 [main] WARN org.apache.jena.riot - [line: 35947, col: 38] Bad IRI: <%3Chttp://www.openlinksw.com/schemas/virtrdf#Geometry%3E> Code: 0/ILLEGAL_CHARACTER in SCHEME: The character violates the grammar rules for URIs/IRIs.
14:15:13.145 [main] WARN org.apache.jena.riot - [line: 36059, col: 38] Bad IRI: <%3Chttp://www.openlinksw.com/schemas/virtrdf#Geometry%3E> Code: 0/ILLEGAL_CHARACTER in SCHEME: The character violates the grammar rules for URIs/IRIs.
14:15:13.146 [main] WARN org.apache.jena.riot - [line: 36162, col: 38] Bad IRI: <%3Chttp://www.openlinksw.com/schemas/virtrdf#Geometry%3E> Code: 0/ILLEGAL_CHARACTER in SCHEME: The character violates the grammar rules for URIs/IRIs.
14:15:13.146 [main] WARN org.apache.jena.riot - [line: 36231, col: 38] Bad IRI: <%3Chttp://www.openlinksw.com/schemas/virtrdf#Geometry%3E> Code: 0/ILLEGAL_CHARACTER in SCHEME: The character violates the grammar rules for URIs/IRIs.
14:15:13.148 [main] WARN org.apache.jena.riot - [line: 36691, col: 38] Bad IRI: <%3Chttp://www.openlinksw.com/schemas/virtrdf#Geometry%3E> Code: 0/ILLEGAL_CHARACTER in SCHEME: The character violates the grammar rules for URIs/IRIs.
14:15:13.148 [main] WARN org.apache.jena.riot - [line: 36758, col: 38] Bad IRI: <%3Chttp://www.openlinksw.com/schemas/virtrdf#Geometry%3E> Code: 0/ILLEGAL_CHARACTER in SCHEME: The character violates the grammar rules for URIs/IRIs.
14:15:13.149 [main] WARN org.apache.jena.riot - [line: 37022, col: 38] Bad IRI: <%3Chttp://www.openlinksw.com/schemas/virtrdf#Geometry%3E> Code: 0/ILLEGAL_CHARACTER in SCHEME: The character violates the grammar rules for URIs/IRIs.
14:15:13.149 [main] WARN org.apache.jena.riot - [line: 37108, col: 38] Bad IRI: <%3Chttp://www.openlinksw.com/schemas/virtrdf#Geometry%3E> Code: 0/ILLEGAL_CHARACTER in SCHEME: The character violates the grammar rules for URIs/IRIs.
14:15:13.150 [main] WARN org.apache.jena.riot - [line: 37252, col: 38] Bad IRI: <%3Chttp://www.openlinksw.com/schemas/virtrdf#Geometry%3E> Code: 0/ILLEGAL_CHARACTER in SCHEME: The character violates the grammar rules for URIs/IRIs.
14:15:13.151 [main] WARN org.apache.jena.riot - [line: 37579, col: 38] Bad IRI: <%3Chttp://www.openlinksw.com/schemas/virtrdf#Geometry%3E> Code: 0/ILLEGAL_CHARACTER in SCHEME: The character violates the grammar rules for URIs/IRIs.
14:15:13.151 [main] WARN org.apache.jena.riot - [line: 37657, col: 38] Bad IRI: <%3Chttp://www.openlinksw.com/schemas/virtrdf#Geometry%3E> Code: 0/ILLEGAL_CHARACTER in SCHEME: The character violates the grammar rules for URIs/IRIs.
14:15:13.152 [main] WARN org.apache.jena.riot - [line: 37850, col: 38] Bad IRI: <%3Chttp://www.openlinksw.com/schemas/virtrdf#Geometry%3E> Code: 0/ILLEGAL_CHARACTER in SCHEME: The character violates the grammar rules for URIs/IRIs.
14:15:13.152 [main] WARN org.apache.jena.riot - [line: 37916, col: 38] Bad IRI: <%3Chttp://www.openlinksw.com/schemas/virtrdf#Geometry%3E> Code: 0/ILLEGAL_CHARACTER in SCHEME: The character violates the grammar rules for URIs/IRIs.
14:15:13.152 [main] WARN org.apache.jena.riot - [line: 38057, col: 38] Bad IRI: <%3Chttp://www.openlinksw.com/schemas/virtrdf#Geometry%3E> Code: 0/ILLEGAL_CHARACTER in SCHEME: The character violates the grammar rules for URIs/IRIs.
14:15:13.153 [main] WARN org.apache.jena.riot - [line: 38224, col: 38] Bad IRI: <%3Chttp://www.openlinksw.com/schemas/virtrdf#Geometry%3E> Code: 0/ILLEGAL_CHARACTER in SCHEME: The character violates the grammar rules for URIs/IRIs.
14:15:13.153 [main] WARN org.apache.jena.riot - [line: 38261, col: 38] Bad IRI: <%3Chttp://www.openlinksw.com/schemas/virtrdf#Geometry%3E> Code: 0/ILLEGAL_CHARACTER in SCHEME: The character violates the grammar rules for URIs/IRIs.
14:15:13.154 [main] WARN org.apache.jena.riot - [line: 38384, col: 38] Bad IRI: <%3Chttp://www.openlinksw.com/schemas/virtrdf#Geometry%3E> Code: 0/ILLEGAL_CHARACTER in SCHEME: The character violates the grammar rules for URIs/IRIs.
14:15:13.155 [main] WARN org.apache.jena.riot - [line: 38542, col: 38] Bad IRI: <%3Chttp://www.openlinksw.com/schemas/virtrdf#Geometry%3E> Code: 0/ILLEGAL_CHARACTER in SCHEME: The character violates the grammar rules for URIs/IRIs.
14:15:13.155 [main] WARN org.apache.jena.riot - [line: 38607, col: 38] Bad IRI: <%3Chttp://www.openlinksw.com/schemas/virtrdf#Geometry%3E> Code: 0/ILLEGAL_CHARACTER in SCHEME: The character violates the grammar rules for URIs/IRIs.
14:15:13.155 [main] WARN org.apache.jena.riot - [line: 38700, col: 38] Bad IRI: <%3Chttp://www.openlinksw.com/schemas/virtrdf#Geometry%3E> Code: 0/ILLEGAL_CHARACTER in SCHEME: The character violates the grammar rules for URIs/IRIs.
14:15:13.156 [main] WARN org.apache.jena.riot - [line: 38850, col: 38] Bad IRI: <%3Chttp://www.openlinksw.com/schemas/virtrdf#Geometry%3E> Code: 0/ILLEGAL_CHARACTER in SCHEME: The character violates the grammar rules for URIs/IRIs.
14:15:13.156 [main] WARN org.apache.jena.riot - [line: 38921, col: 38] Bad IRI: <%3Chttp://www.openlinksw.com/schemas/virtrdf#Geometry%3E> Code: 0/ILLEGAL_CHARACTER in SCHEME: The character violates the grammar rules for URIs/IRIs.
14:15:13.157 [main] WARN org.apache.jena.riot - [line: 39205, col: 38] Bad IRI: <%3Chttp://www.openlinksw.com/schemas/virtrdf#Geometry%3E> Code: 0/ILLEGAL_CHARACTER in SCHEME: The character violates the grammar rules for URIs/IRIs.
14:15:13.157 [main] WARN org.apache.jena.riot - [line: 39251, col: 38] Bad IRI: <%3Chttp://www.openlinksw.com/schemas/virtrdf#Geometry%3E> Code: 0/ILLEGAL_CHARACTER in SCHEME: The character violates the grammar rules for URIs/IRIs.
14:15:13.158 [main] WARN org.apache.jena.riot - [line: 39652, col: 38] Bad IRI: <%3Chttp://www.openlinksw.com/schemas/virtrdf#Geometry%3E> Code: 0/ILLEGAL_CHARACTER in SCHEME: The character violates the grammar rules for URIs/IRIs.
14:15:13.159 [main] WARN org.apache.jena.riot - [line: 39753, col: 38] Bad IRI: <%3Chttp://www.openlinksw.com/schemas/virtrdf#Geometry%3E> Code: 0/ILLEGAL_CHARACTER in SCHEME: The character violates the grammar rules for URIs/IRIs.
14:15:13.160 [main] WARN org.apache.jena.riot - [line: 40099, col: 38] Bad IRI: <%3Chttp://www.openlinksw.com/schemas/virtrdf#Geometry%3E> Code: 0/ILLEGAL_CHARACTER in SCHEME: The character violates the grammar rules for URIs/IRIs.
14:15:13.160 [main] WARN org.apache.jena.riot - [line: 40193, col: 38] Bad IRI: <%3Chttp://www.openlinksw.com/schemas/virtrdf#Geometry%3E> Code: 0/ILLEGAL_CHARACTER in SCHEME: The character violates the grammar rules for URIs/IRIs.
14:15:13.161 [main] WARN org.apache.jena.riot - [line: 40320, col: 38] Bad IRI: <%3Chttp://www.openlinksw.com/schemas/virtrdf#Geometry%3E> Code: 0/ILLEGAL_CHARACTER in SCHEME: The character violates the grammar rules for URIs/IRIs.
14:15:13.161 [main] WARN org.apache.jena.riot - [line: 40360, col: 38] Bad IRI: <%3Chttp://www.openlinksw.com/schemas/virtrdf#Geometry%3E> Code: 0/ILLEGAL_CHARACTER in SCHEME: The character violates the grammar rules for URIs/IRIs.
14:15:13.162 [main] WARN org.apache.jena.riot - [line: 40522, col: 38] Bad IRI: <%3Chttp://www.openlinksw.com/schemas/virtrdf#Geometry%3E> Code: 0/ILLEGAL_CHARACTER in SCHEME: The character violates the grammar rules for URIs/IRIs.
14:15:13.162 [main] WARN org.apache.jena.riot - [line: 40590, col: 38] Bad IRI: <%3Chttp://www.openlinksw.com/schemas/virtrdf#Geometry%3E> Code: 0/ILLEGAL_CHARACTER in SCHEME: The character violates the grammar rules for URIs/IRIs.
14:15:13.162 [main] WARN org.apache.jena.riot - [line: 40736, col: 38] Bad IRI: <%3Chttp://www.openlinksw.com/schemas/virtrdf#Geometry%3E> Code: 0/ILLEGAL_CHARACTER in SCHEME: The character violates the grammar rules for URIs/IRIs.
14:15:13.163 [main] WARN org.apache.jena.riot - [line: 40869, col: 38] Bad IRI: <%3Chttp://www.openlinksw.com/schemas/virtrdf#Geometry%3E> Code: 0/ILLEGAL_CHARACTER in SCHEME: The character violates the grammar rules for URIs/IRIs.
14:15:13.163 [main] WARN org.apache.jena.riot - [line: 40975, col: 38] Bad IRI: <%3Chttp://www.openlinksw.com/schemas/virtrdf#Geometry%3E> Code: 0/ILLEGAL_CHARACTER in SCHEME: The character violates the grammar rules for URIs/IRIs.
14:15:13.164 [main] WARN org.apache.jena.riot - [line: 41052, col: 38] Bad IRI: <%3Chttp://www.openlinksw.com/schemas/virtrdf#Geometry%3E> Code: 0/ILLEGAL_CHARACTER in SCHEME: The character violates the grammar rules for URIs/IRIs.
14:15:13.164 [main] WARN org.apache.jena.riot - [line: 41158, col: 38] Bad IRI: <%3Chttp://www.openlinksw.com/schemas/virtrdf#Geometry%3E> Code: 0/ILLEGAL_CHARACTER in SCHEME: The character violates the grammar rules for URIs/IRIs.
14:15:13.166 [main] WARN org.apache.jena.riot - [line: 41389, col: 38] Bad IRI: <%3Chttp://www.openlinksw.com/schemas/virtrdf#Geometry%3E> Code: 0/ILLEGAL_CHARACTER in SCHEME: The character violates the grammar rules for URIs/IRIs.
14:15:13.166 [main] WARN org.apache.jena.riot - [line: 41452, col: 38] Bad IRI: <%3Chttp://www.openlinksw.com/schemas/virtrdf#Geometry%3E> Code: 0/ILLEGAL_CHARACTER in SCHEME: The character violates the grammar rules for URIs/IRIs.
14:15:13.167 [main] WARN org.apache.jena.riot - [line: 41785, col: 38] Bad IRI: <%3Chttp://www.openlinksw.com/schemas/virtrdf#Geometry%3E> Code: 0/ILLEGAL_CHARACTER in SCHEME: The character violates the grammar rules for URIs/IRIs.
14:15:13.168 [main] WARN org.apache.jena.riot - [line: 41896, col: 38] Bad IRI: <%3Chttp://www.openlinksw.com/schemas/virtrdf#Geometry%3E> Code: 0/ILLEGAL_CHARACTER in SCHEME: The character violates the grammar rules for URIs/IRIs.
14:15:13.169 [main] WARN org.apache.jena.riot - [line: 42185, col: 38] Bad IRI: <%3Chttp://www.openlinksw.com/schemas/virtrdf#Geometry%3E> Code: 0/ILLEGAL_CHARACTER in SCHEME: The character violates the grammar rules for URIs/IRIs.
14:15:13.169 [main] WARN org.apache.jena.riot - [line: 42324, col: 38] Bad IRI: <%3Chttp://www.openlinksw.com/schemas/virtrdf#Geometry%3E> Code: 0/ILLEGAL_CHARACTER in SCHEME: The character violates the grammar rules for URIs/IRIs.
14:15:13.170 [main] WARN org.apache.jena.riot - [line: 42492, col: 38] Bad IRI: <%3Chttp://www.openlinksw.com/schemas/virtrdf#Geometry%3E> Code: 0/ILLEGAL_CHARACTER in SCHEME: The character violates the grammar rules for URIs/IRIs.
14:15:13.170 [main] WARN org.apache.jena.riot - [line: 42591, col: 38] Bad IRI: <%3Chttp://www.openlinksw.com/schemas/virtrdf#Geometry%3E> Code: 0/ILLEGAL_CHARACTER in SCHEME: The character violates the grammar rules for URIs/IRIs.
14:15:13.171 [main] WARN org.apache.jena.riot - [line: 42836, col: 38] Bad IRI: <%3Chttp://www.openlinksw.com/schemas/virtrdf#Geometry%3E> Code: 0/ILLEGAL_CHARACTER in SCHEME: The character violates the grammar rules for URIs/IRIs.
14:15:13.172 [main] WARN org.apache.jena.riot - [line: 42965, col: 38] Bad IRI: <%3Chttp://www.openlinksw.com/schemas/virtrdf#Geometry%3E> Code: 0/ILLEGAL_CHARACTER in SCHEME: The character violates the grammar rules for URIs/IRIs.
14:15:13.172 [main] WARN org.apache.jena.riot - [line: 43111, col: 38] Bad IRI: <%3Chttp://www.openlinksw.com/schemas/virtrdf#Geometry%3E> Code: 0/ILLEGAL_CHARACTER in SCHEME: The character violates the grammar rules for URIs/IRIs.
14:15:13.173 [main] WARN org.apache.jena.riot - [line: 43231, col: 38] Bad IRI: <%3Chttp://www.openlinksw.com/schemas/virtrdf#Geometry%3E> Code: 0/ILLEGAL_CHARACTER in SCHEME: The character violates the grammar rules for URIs/IRIs.
14:15:13.173 [main] WARN org.apache.jena.riot - [line: 43319, col: 38] Bad IRI: <%3Chttp://www.openlinksw.com/schemas/virtrdf#Geometry%3E> Code: 0/ILLEGAL_CHARACTER in SCHEME: The character violates the grammar rules for URIs/IRIs.
14:15:13.175 [main] WARN org.apache.jena.riot - [line: 43411, col: 38] Bad IRI: <%3Chttp://www.openlinksw.com/schemas/virtrdf#Geometry%3E> Code: 0/ILLEGAL_CHARACTER in SCHEME: The character violates the grammar rules for URIs/IRIs.
14:15:13.176 [main] WARN org.apache.jena.riot - [line: 43577, col: 38] Bad IRI: <%3Chttp://www.openlinksw.com/schemas/virtrdf#Geometry%3E> Code: 0/ILLEGAL_CHARACTER in SCHEME: The character violates the grammar rules for URIs/IRIs.
14:15:13.176 [main] WARN org.apache.jena.riot - [line: 43671, col: 38] Bad IRI: <%3Chttp://www.openlinksw.com/schemas/virtrdf#Geometry%3E> Code: 0/ILLEGAL_CHARACTER in SCHEME: The character violates the grammar rules for URIs/IRIs.
14:15:13.177 [main] WARN org.apache.jena.riot - [line: 43863, col: 38] Bad IRI: <%3Chttp://www.openlinksw.com/schemas/virtrdf#Geometry%3E> Code: 0/ILLEGAL_CHARACTER in SCHEME: The character violates the grammar rules for URIs/IRIs.
14:15:13.177 [main] WARN org.apache.jena.riot - [line: 43905, col: 38] Bad IRI: <%3Chttp://www.openlinksw.com/schemas/virtrdf#Geometry%3E> Code: 0/ILLEGAL_CHARACTER in SCHEME: The character violates the grammar rules for URIs/IRIs.
14:15:13.178 [main] WARN org.apache.jena.riot - [line: 44133, col: 38] Bad IRI: <%3Chttp://www.openlinksw.com/schemas/virtrdf#Geometry%3E> Code: 0/ILLEGAL_CHARACTER in SCHEME: The character violates the grammar rules for URIs/IRIs.
14:15:13.178 [main] WARN org.apache.jena.riot - [line: 44195, col: 38] Bad IRI: <%3Chttp://www.openlinksw.com/schemas/virtrdf#Geometry%3E> Code: 0/ILLEGAL_CHARACTER in SCHEME: The character violates the grammar rules for URIs/IRIs.
14:15:13.179 [main] WARN org.apache.jena.riot - [line: 44360, col: 38] Bad IRI: <%3Chttp://www.openlinksw.com/schemas/virtrdf#Geometry%3E> Code: 0/ILLEGAL_CHARACTER in SCHEME: The character violates the grammar rules for URIs/IRIs.
14:15:13.179 [main] WARN org.apache.jena.riot - [line: 44533, col: 38] Bad IRI: <%3Chttp://www.openlinksw.com/schemas/virtrdf#Geometry%3E> Code: 0/ILLEGAL_CHARACTER in SCHEME: The character violates the grammar rules for URIs/IRIs.
14:15:13.180 [main] WARN org.apache.jena.riot - [line: 44627, col: 38] Bad IRI: <%3Chttp://www.openlinksw.com/schemas/virtrdf#Geometry%3E> Code: 0/ILLEGAL_CHARACTER in SCHEME: The character violates the grammar rules for URIs/IRIs.
14:15:13.185 [main] WARN org.apache.jena.riot - [line: 45240, col: 38] Bad IRI: <%3Chttp://www.openlinksw.com/schemas/virtrdf#Geometry%3E> Code: 0/ILLEGAL_CHARACTER in SCHEME: The character violates the grammar rules for URIs/IRIs.
14:15:13.185 [main] WARN org.apache.jena.riot - [line: 45316, col: 38] Bad IRI: <%3Chttp://www.openlinksw.com/schemas/virtrdf#Geometry%3E> Code: 0/ILLEGAL_CHARACTER in SCHEME: The character violates the grammar rules for URIs/IRIs.
14:15:13.186 [main] WARN org.apache.jena.riot - [line: 45567, col: 38] Bad IRI: <%3Chttp://www.openlinksw.com/schemas/virtrdf#Geometry%3E> Code: 0/ILLEGAL_CHARACTER in SCHEME: The character violates the grammar rules for URIs/IRIs.
14:15:13.186 [main] WARN org.apache.jena.riot - [line: 45662, col: 38] Bad IRI: <%3Chttp://www.openlinksw.com/schemas/virtrdf#Geometry%3E> Code: 0/ILLEGAL_CHARACTER in SCHEME: The character violates the grammar rules for URIs/IRIs.
14:15:13.188 [main] WARN org.apache.jena.riot - [line: 46249, col: 38] Bad IRI: <%3Chttp://www.openlinksw.com/schemas/virtrdf#Geometry%3E> Code: 0/ILLEGAL_CHARACTER in SCHEME: The character violates the grammar rules for URIs/IRIs.
14:15:13.189 [main] WARN org.apache.jena.riot - [line: 46324, col: 38] Bad IRI: <%3Chttp://www.openlinksw.com/schemas/virtrdf#Geometry%3E> Code: 0/ILLEGAL_CHARACTER in SCHEME: The character violates the grammar rules for URIs/IRIs.
14:15:13.189 [main] WARN org.apache.jena.riot - [line: 46583, col: 38] Bad IRI: <%3Chttp://www.openlinksw.com/schemas/virtrdf#Geometry%3E> Code: 0/ILLEGAL_CHARACTER in SCHEME: The character violates the grammar rules for URIs/IRIs.
14:15:13.190 [main] WARN org.apache.jena.riot - [line: 46674, col: 38] Bad IRI: <%3Chttp://www.openlinksw.com/schemas/virtrdf#Geometry%3E> Code: 0/ILLEGAL_CHARACTER in SCHEME: The character violates the grammar rules for URIs/IRIs.
14:15:13.190 [main] WARN org.apache.jena.riot - [line: 46772, col: 38] Bad IRI: <%3Chttp://www.openlinksw.com/schemas/virtrdf#Geometry%3E> Code: 0/ILLEGAL_CHARACTER in SCHEME: The character violates the grammar rules for URIs/IRIs.
14:15:13.191 [main] WARN org.apache.jena.riot - [line: 46886, col: 38] Bad IRI: <%3Chttp://www.openlinksw.com/schemas/virtrdf#Geometry%3E> Code: 0/ILLEGAL_CHARACTER in SCHEME: The character violates the grammar rules for URIs/IRIs.
14:15:13.193 [main] WARN org.apache.jena.riot - [line: 47536, col: 38] Bad IRI: <%3Chttp://www.openlinksw.com/schemas/virtrdf#Geometry%3E> Code: 0/ILLEGAL_CHARACTER in SCHEME: The character violates the grammar rules for URIs/IRIs.
14:15:13.193 [main] WARN org.apache.jena.riot - [line: 47616, col: 38] Bad IRI: <%3Chttp://www.openlinksw.com/schemas/virtrdf#Geometry%3E> Code: 0/ILLEGAL_CHARACTER in SCHEME: The character violates the grammar rules for URIs/IRIs.
14:15:13.195 [main] WARN org.apache.jena.riot - [line: 48164, col: 38] Bad IRI: <%3Chttp://www.openlinksw.com/schemas/virtrdf#Geometry%3E> Code: 0/ILLEGAL_CHARACTER in SCHEME: The character violates the grammar rules for URIs/IRIs.
14:15:13.195 [main] WARN org.apache.jena.riot - [line: 48213, col: 38] Bad IRI: <%3Chttp://www.openlinksw.com/schemas/virtrdf#Geometry%3E> Code: 0/ILLEGAL_CHARACTER in SCHEME: The character violates the grammar rules for URIs/IRIs.
14:15:13.196 [main] WARN org.apache.jena.riot - [line: 48356, col: 38] Bad IRI: <%3Chttp://www.openlinksw.com/schemas/virtrdf#Geometry%3E> Code: 0/ILLEGAL_CHARACTER in SCHEME: The character violates the grammar rules for URIs/IRIs.
14:15:13.196 [main] WARN org.apache.jena.riot - [line: 48478, col: 38] Bad IRI: <%3Chttp://www.openlinksw.com/schemas/virtrdf#Geometry%3E> Code: 0/ILLEGAL_CHARACTER in SCHEME: The character violates the grammar rules for URIs/IRIs.
14:15:13.196 [main] WARN org.apache.jena.riot - [line: 48593, col: 38] Bad IRI: <%3Chttp://www.openlinksw.com/schemas/virtrdf#Geometry%3E> Code: 0/ILLEGAL_CHARACTER in SCHEME: The character violates the grammar rules for URIs/IRIs.
14:15:13.197 [main] WARN org.apache.jena.riot - [line: 48809, col: 38] Bad IRI: <%3Chttp://www.openlinksw.com/schemas/virtrdf#Geometry%3E> Code: 0/ILLEGAL_CHARACTER in SCHEME: The character violates the grammar rules for URIs/IRIs.
14:15:13.198 [main] WARN org.apache.jena.riot - [line: 48905, col: 38] Bad IRI: <%3Chttp://www.openlinksw.com/schemas/virtrdf#Geometry%3E> Code: 0/ILLEGAL_CHARACTER in SCHEME: The character violates the grammar rules for URIs/IRIs.
14:15:13.198 [main] WARN org.apache.jena.riot - [line: 48962, col: 38] Bad IRI: <%3Chttp://www.openlinksw.com/schemas/virtrdf#Geometry%3E> Code: 0/ILLEGAL_CHARACTER in SCHEME: The character violates the grammar rules for URIs/IRIs.
14:15:13.199 [main] WARN org.apache.jena.riot - [line: 49323, col: 38] Bad IRI: <%3Chttp://www.openlinksw.com/schemas/virtrdf#Geometry%3E> Code: 0/ILLEGAL_CHARACTER in SCHEME: The character violates the grammar rules for URIs/IRIs.
14:15:13.199 [main] WARN org.apache.jena.riot - [line: 49368, col: 38] Bad IRI: <%3Chttp://www.openlinksw.com/schemas/virtrdf#Geometry%3E> Code: 0/ILLEGAL_CHARACTER in SCHEME: The character violates the grammar rules for URIs/IRIs.
14:15:13.200 [main] WARN org.apache.jena.riot - [line: 49557, col: 38] Bad IRI: <%3Chttp://www.openlinksw.com/schemas/virtrdf#Geometry%3E> Code: 0/ILLEGAL_CHARACTER in SCHEME: The character violates the grammar rules for URIs/IRIs.
14:15:13.200 [main] WARN org.apache.jena.riot - [line: 49674, col: 38] Bad IRI: <%3Chttp://www.openlinksw.com/schemas/virtrdf#Geometry%3E> Code: 0/ILLEGAL_CHARACTER in SCHEME: The character violates the grammar rules for URIs/IRIs.
14:15:13.202 [main] WARN org.apache.jena.riot - [line: 50152, col: 38] Bad IRI: <%3Chttp://www.openlinksw.com/schemas/virtrdf#Geometry%3E> Code: 0/ILLEGAL_CHARACTER in SCHEME: The character violates the grammar rules for URIs/IRIs.
14:15:13.202 [main] WARN org.apache.jena.riot - [line: 50187, col: 38] Bad IRI: <%3Chttp://www.openlinksw.com/schemas/virtrdf#Geometry%3E> Code: 0/ILLEGAL_CHARACTER in SCHEME: The character violates the grammar rules for URIs/IRIs.
14:15:13.204 [main] WARN org.apache.jena.riot - [line: 50528, col: 38] Bad IRI: <%3Chttp://www.openlinksw.com/schemas/virtrdf#Geometry%3E> Code: 0/ILLEGAL_CHARACTER in SCHEME: The character violates the grammar rules for URIs/IRIs.
14:15:13.204 [main] WARN org.apache.jena.riot - [line: 50588, col: 38] Bad IRI: <%3Chttp://www.openlinksw.com/schemas/virtrdf#Geometry%3E> Code: 0/ILLEGAL_CHARACTER in SCHEME: The character violates the grammar rules for URIs/IRIs.
14:15:13.206 [main] WARN org.apache.jena.riot - [line: 51173, col: 38] Bad IRI: <%3Chttp://www.openlinksw.com/schemas/virtrdf#Geometry%3E> Code: 0/ILLEGAL_CHARACTER in SCHEME: The character violates the grammar rules for URIs/IRIs.
14:15:13.206 [main] WARN org.apache.jena.riot - [line: 51237, col: 38] Bad IRI: <%3Chttp://www.openlinksw.com/schemas/virtrdf#Geometry%3E> Code: 0/ILLEGAL_CHARACTER in SCHEME: The character violates the grammar rules for URIs/IRIs.
14:15:13.210 [main] WARN org.apache.jena.riot - [line: 51692, col: 38] Bad IRI: <%3Chttp://www.openlinksw.com/schemas/virtrdf#Geometry%3E> Code: 0/ILLEGAL_CHARACTER in SCHEME: The character violates the grammar rules for URIs/IRIs.
14:15:13.210 [main] WARN org.apache.jena.riot - [line: 51712, col: 38] Bad IRI: <%3Chttp://www.openlinksw.com/schemas/virtrdf#Geometry%3E> Code: 0/ILLEGAL_CHARACTER in SCHEME: The character violates the grammar rules for URIs/IRIs.
14:15:13.211 [main] WARN org.apache.jena.riot - [line: 51847, col: 38] Bad IRI: <%3Chttp://www.openlinksw.com/schemas/virtrdf#Geometry%3E> Code: 0/ILLEGAL_CHARACTER in SCHEME: The character violates the grammar rules for URIs/IRIs.
14:15:13.211 [main] WARN org.apache.jena.riot - [line: 51917, col: 38] Bad IRI: <%3Chttp://www.openlinksw.com/schemas/virtrdf#Geometry%3E> Code: 0/ILLEGAL_CHARACTER in SCHEME: The character violates the grammar rules for URIs/IRIs.
14:15:13.212 [main] WARN org.apache.jena.riot - [line: 52077, col: 38] Bad IRI: <%3Chttp://www.openlinksw.com/schemas/virtrdf#Geometry%3E> Code: 0/ILLEGAL_CHARACTER in SCHEME: The character violates the grammar rules for URIs/IRIs.
14:15:13.213 [main] WARN org.apache.jena.riot - [line: 52339, col: 38] Bad IRI: <%3Chttp://www.openlinksw.com/schemas/virtrdf#Geometry%3E> Code: 0/ILLEGAL_CHARACTER in SCHEME: The character violates the grammar rules for URIs/IRIs.
14:15:13.213 [main] WARN org.apache.jena.riot - [line: 52417, col: 38] Bad IRI: <%3Chttp://www.openlinksw.com/schemas/virtrdf#Geometry%3E> Code: 0/ILLEGAL_CHARACTER in SCHEME: The character violates the grammar rules for URIs/IRIs.
14:15:13.214 [main] WARN org.apache.jena.riot - [line: 52654, col: 38] Bad IRI: <%3Chttp://www.openlinksw.com/schemas/virtrdf#Geometry%3E> Code: 0/ILLEGAL_CHARACTER in SCHEME: The character violates the grammar rules for URIs/IRIs.
14:15:13.214 [main] WARN org.apache.jena.riot - [line: 52715, col: 38] Bad IRI: <%3Chttp://www.openlinksw.com/schemas/virtrdf#Geometry%3E> Code: 0/ILLEGAL_CHARACTER in SCHEME: The character violates the grammar rules for URIs/IRIs.
14:15:13.215 [main] WARN org.apache.jena.riot - [line: 52914, col: 38] Bad IRI: <%3Chttp://www.openlinksw.com/schemas/virtrdf#Geometry%3E> Code: 0/ILLEGAL_CHARACTER in SCHEME: The character violates the grammar rules for URIs/IRIs.
14:15:13.217 [main] WARN org.apache.jena.riot - [line: 53100, col: 38] Bad IRI: <%3Chttp://www.openlinksw.com/schemas/virtrdf#Geometry%3E> Code: 0/ILLEGAL_CHARACTER in SCHEME: The character violates the grammar rules for URIs/IRIs.
14:15:13.217 [main] WARN org.apache.jena.riot - [line: 53137, col: 38] Bad IRI: <%3Chttp://www.openlinksw.com/schemas/virtrdf#Geometry%3E> Code: 0/ILLEGAL_CHARACTER in SCHEME: The character violates the grammar rules for URIs/IRIs.
14:15:13.218 [main] WARN org.apache.jena.riot - [line: 53254, col: 38] Bad IRI: <%3Chttp://www.openlinksw.com/schemas/virtrdf#Geometry%3E> Code: 0/ILLEGAL_CHARACTER in SCHEME: The character violates the grammar rules for URIs/IRIs.
14:15:13.218 [main] WARN org.apache.jena.riot - [line: 53332, col: 38] Bad IRI: <%3Chttp://www.openlinksw.com/schemas/virtrdf#Geometry%3E> Code: 0/ILLEGAL_CHARACTER in SCHEME: The character violates the grammar rules for URIs/IRIs.
14:15:13.220 [main] WARN org.apache.jena.riot - [line: 53550, col: 38] Bad IRI: <%3Chttp://www.openlinksw.com/schemas/virtrdf#Geometry%3E> Code: 0/ILLEGAL_CHARACTER in SCHEME: The character violates the grammar rules for URIs/IRIs.
14:15:13.220 [main] WARN org.apache.jena.riot - [line: 53667, col: 38] Bad IRI: <%3Chttp://www.openlinksw.com/schemas/virtrdf#Geometry%3E> Code: 0/ILLEGAL_CHARACTER in SCHEME: The character violates the grammar rules for URIs/IRIs.
14:15:13.221 [main] WARN org.apache.jena.riot - [line: 54096, col: 38] Bad IRI: <%3Chttp://www.openlinksw.com/schemas/virtrdf#Geometry%3E> Code: 0/ILLEGAL_CHARACTER in SCHEME: The character violates the grammar rules for URIs/IRIs.
14:15:13.223 [main] WARN org.apache.jena.riot - [line: 54221, col: 38] Bad IRI: <%3Chttp://www.openlinksw.com/schemas/virtrdf#Geometry%3E> Code: 0/ILLEGAL_CHARACTER in SCHEME: The character violates the grammar rules for URIs/IRIs.
14:15:13.224 [main] WARN org.apache.jena.riot - [line: 54430, col: 38] Bad IRI: <%3Chttp://www.openlinksw.com/schemas/virtrdf#Geometry%3E> Code: 0/ILLEGAL_CHARACTER in SCHEME: The character violates the grammar rules for URIs/IRIs.
14:15:13.225 [main] WARN org.apache.jena.riot - [line: 54642, col: 38] Bad IRI: <%3Chttp://www.openlinksw.com/schemas/virtrdf#Geometry%3E> Code: 0/ILLEGAL_CHARACTER in SCHEME: The character violates the grammar rules for URIs/IRIs.
14:15:13.225 [main] WARN org.apache.jena.riot - [line: 54730, col: 38] Bad IRI: <%3Chttp://www.openlinksw.com/schemas/virtrdf#Geometry%3E> Code: 0/ILLEGAL_CHARACTER in SCHEME: The character violates the grammar rules for URIs/IRIs.
14:15:13.226 [main] WARN org.apache.jena.riot - [line: 54997, col: 38] Bad IRI: <%3Chttp://www.openlinksw.com/schemas/virtrdf#Geometry%3E> Code: 0/ILLEGAL_CHARACTER in SCHEME: The character violates the grammar rules for URIs/IRIs.
14:15:13.226 [main] WARN org.apache.jena.riot - [line: 55018, col: 38] Bad IRI: <%3Chttp://www.openlinksw.com/schemas/virtrdf#Geometry%3E> Code: 0/ILLEGAL_CHARACTER in SCHEME: The character violates the grammar rules for URIs/IRIs.
14:15:13.227 [main] WARN org.apache.jena.riot - [line: 55283, col: 38] Bad IRI: <%3Chttp://www.openlinksw.com/schemas/virtrdf#Geometry%3E> Code: 0/ILLEGAL_CHARACTER in SCHEME: The character violates the grammar rules for URIs/IRIs.
14:15:13.228 [main] WARN org.apache.jena.riot - [line: 55326, col: 38] Bad IRI: <%3Chttp://www.openlinksw.com/schemas/virtrdf#Geometry%3E> Code: 0/ILLEGAL_CHARACTER in SCHEME: The character violates the grammar rules for URIs/IRIs.
14:15:13.228 [main] WARN org.apache.jena.riot - [line: 55430, col: 38] Bad IRI: <%3Chttp://www.openlinksw.com/schemas/virtrdf#Geometry%3E> Code: 0/ILLEGAL_CHARACTER in SCHEME: The character violates the grammar rules for URIs/IRIs.
14:15:13.228 [main] WARN org.apache.jena.riot - [line: 55456, col: 38] Bad IRI: <%3Chttp://www.openlinksw.com/schemas/virtrdf#Geometry%3E> Code: 0/ILLEGAL_CHARACTER in SCHEME: The character violates the grammar rules for URIs/IRIs.
14:15:13.229 [main] WARN org.apache.jena.riot - [line: 55780, col: 38] Bad IRI: <%3Chttp://www.openlinksw.com/schemas/virtrdf#Geometry%3E> Code: 0/ILLEGAL_CHARACTER in SCHEME: The character violates the grammar rules for URIs/IRIs.
14:15:13.229 [main] WARN org.apache.jena.riot - [line: 55862, col: 38] Bad IRI: <%3Chttp://www.openlinksw.com/schemas/virtrdf#Geometry%3E> Code: 0/ILLEGAL_CHARACTER in SCHEME: The character violates the grammar rules for URIs/IRIs.
14:15:13.231 [main] WARN org.apache.jena.riot - [line: 56411, col: 38] Bad IRI: <%3Chttp://www.openlinksw.com/schemas/virtrdf#Geometry%3E> Code: 0/ILLEGAL_CHARACTER in SCHEME: The character violates the grammar rules for URIs/IRIs.
14:15:13.231 [main] WARN org.apache.jena.riot - [line: 56444, col: 38] Bad IRI: <%3Chttp://www.openlinksw.com/schemas/virtrdf#Geometry%3E> Code: 0/ILLEGAL_CHARACTER in SCHEME: The character violates the grammar rules for URIs/IRIs.
14:15:13.232 [main] WARN org.apache.jena.riot - [line: 56681, col: 38] Bad IRI: <%3Chttp://www.openlinksw.com/schemas/virtrdf#Geometry%3E> Code: 0/ILLEGAL_CHARACTER in SCHEME: The character violates the grammar rules for URIs/IRIs.
14:15:13.233 [main] WARN org.apache.jena.riot - [line: 56737, col: 38] Bad IRI: <%3Chttp://www.openlinksw.com/schemas/virtrdf#Geometry%3E> Code: 0/ILLEGAL_CHARACTER in SCHEME: The character violates the grammar rules for URIs/IRIs.
14:15:13.234 [main] WARN org.apache.jena.riot - [line: 56816, col: 38] Bad IRI: <%3Chttp://www.openlinksw.com/schemas/virtrdf#Geometry%3E> Code: 0/ILLEGAL_CHARACTER in SCHEME: The character violates the grammar rules for URIs/IRIs.
14:15:13.234 [main] WARN org.apache.jena.riot - [line: 56889, col: 38] Bad IRI: <%3Chttp://www.openlinksw.com/schemas/virtrdf#Geometry%3E> Code: 0/ILLEGAL_CHARACTER in SCHEME: The character violates the grammar rules for URIs/IRIs.
14:15:13.234 [main] WARN org.apache.jena.riot - [line: 57027, col: 38] Bad IRI: <%3Chttp://www.openlinksw.com/schemas/virtrdf#Geometry%3E> Code: 0/ILLEGAL_CHARACTER in SCHEME: The character violates the grammar rules for URIs/IRIs.
14:15:13.235 [main] WARN org.apache.jena.riot - [line: 57120, col: 38] Bad IRI: <%3Chttp://www.openlinksw.com/schemas/virtrdf#Geometry%3E> Code: 0/ILLEGAL_CHARACTER in SCHEME: The character violates the grammar rules for URIs/IRIs.
14:15:13.236 [main] WARN org.apache.jena.riot - [line: 57452, col: 38] Bad IRI: <%3Chttp://www.openlinksw.com/schemas/virtrdf#Geometry%3E> Code: 0/ILLEGAL_CHARACTER in SCHEME: The character violates the grammar rules for URIs/IRIs.
14:15:13.236 [main] WARN org.apache.jena.riot - [line: 57537, col: 38] Bad IRI: <%3Chttp://www.openlinksw.com/schemas/virtrdf#Geometry%3E> Code: 0/ILLEGAL_CHARACTER in SCHEME: The character violates the grammar rules for URIs/IRIs.
14:15:13.237 [main] WARN org.apache.jena.riot - [line: 57671, col: 38] Bad IRI: <%3Chttp://www.openlinksw.com/schemas/virtrdf#Geometry%3E> Code: 0/ILLEGAL_CHARACTER in SCHEME: The character violates the grammar rules for URIs/IRIs.
14:15:13.237 [main] WARN org.apache.jena.riot - [line: 57748, col: 38] Bad IRI: <%3Chttp://www.openlinksw.com/schemas/virtrdf#Geometry%3E> Code: 0/ILLEGAL_CHARACTER in SCHEME: The character violates the grammar rules for URIs/IRIs.
14:15:13.237 [main] WARN org.apache.jena.riot - [line: 57849, col: 38] Bad IRI: <%3Chttp://www.openlinksw.com/schemas/virtrdf#Geometry%3E> Code: 0/ILLEGAL_CHARACTER in SCHEME: The character violates the grammar rules for URIs/IRIs.
14:15:13.238 [main] WARN org.apache.jena.riot - [line: 57950, col: 38] Bad IRI: <%3Chttp://www.openlinksw.com/schemas/virtrdf#Geometry%3E> Code: 0/ILLEGAL_CHARACTER in SCHEME: The character violates the grammar rules for URIs/IRIs.
14:15:13.238 [main] WARN org.apache.jena.riot - [line: 58041, col: 38] Bad IRI: <%3Chttp://www.openlinksw.com/schemas/virtrdf#Geometry%3E> Code: 0/ILLEGAL_CHARACTER in SCHEME: The character violates the grammar rules for URIs/IRIs.
14:15:13.239 [main] WARN org.apache.jena.riot - [line: 58175, col: 38] Bad IRI: <%3Chttp://www.openlinksw.com/schemas/virtrdf#Geometry%3E> Code: 0/ILLEGAL_CHARACTER in SCHEME: The character violates the grammar rules for URIs/IRIs.
14:15:13.239 [main] WARN org.apache.jena.riot - [line: 58307, col: 38] Bad IRI: <%3Chttp://www.openlinksw.com/schemas/virtrdf#Geometry%3E> Code: 0/ILLEGAL_CHARACTER in SCHEME: The character violates the grammar rules for URIs/IRIs.
14:15:13.239 [main] WARN org.apache.jena.riot - [line: 58362, col: 38] Bad IRI: <%3Chttp://www.openlinksw.com/schemas/virtrdf#Geometry%3E> Code: 0/ILLEGAL_CHARACTER in SCHEME: The character violates the grammar rules for URIs/IRIs.
14:15:13.240 [main] WARN org.apache.jena.riot - [line: 58496, col: 38] Bad IRI: <%3Chttp://www.openlinksw.com/schemas/virtrdf#Geometry%3E> Code: 0/ILLEGAL_CHARACTER in SCHEME: The character violates the grammar rules for URIs/IRIs.
14:15:13.240 [main] WARN org.apache.jena.riot - [line: 58536, col: 38] Bad IRI: <%3Chttp://www.openlinksw.com/schemas/virtrdf#Geometry%3E> Code: 0/ILLEGAL_CHARACTER in SCHEME: The character violates the grammar rules for URIs/IRIs.
14:15:13.242 [main] WARN org.apache.jena.riot - [line: 58748, col: 38] Bad IRI: <%3Chttp://www.openlinksw.com/schemas/virtrdf#Geometry%3E> Code: 0/ILLEGAL_CHARACTER in SCHEME: The character violates the grammar rules for URIs/IRIs.
14:15:13.242 [main] WARN org.apache.jena.riot - [line: 58789, col: 38] Bad IRI: <%3Chttp://www.openlinksw.com/schemas/virtrdf#Geometry%3E> Code: 0/ILLEGAL_CHARACTER in SCHEME: The character violates the grammar rules for URIs/IRIs.
14:15:13.243 [main] WARN org.apache.jena.riot - [line: 58983, col: 38] Bad IRI: <%3Chttp://www.openlinksw.com/schemas/virtrdf#Geometry%3E> Code: 0/ILLEGAL_CHARACTER in SCHEME: The character violates the grammar rules for URIs/IRIs.
14:15:13.243 [main] WARN org.apache.jena.riot - [line: 59076, col: 38] Bad IRI: <%3Chttp://www.openlinksw.com/schemas/virtrdf#Geometry%3E> Code: 0/ILLEGAL_CHARACTER in SCHEME: The character violates the grammar rules for URIs/IRIs.
14:15:13.244 [main] WARN org.apache.jena.riot - [line: 59227, col: 38] Bad IRI: <%3Chttp://www.openlinksw.com/schemas/virtrdf#Geometry%3E> Code: 0/ILLEGAL_CHARACTER in SCHEME: The character violates the grammar rules for URIs/IRIs.
14:15:13.244 [main] WARN org.apache.jena.riot - [line: 59340, col: 38] Bad IRI: <%3Chttp://www.openlinksw.com/schemas/virtrdf#Geometry%3E> Code: 0/ILLEGAL_CHARACTER in SCHEME: The character violates the grammar rules for URIs/IRIs.
14:15:13.245 [main] WARN org.apache.jena.riot - [line: 59451, col: 38] Bad IRI: <%3Chttp://www.openlinksw.com/schemas/virtrdf#Geometry%3E> Code: 0/ILLEGAL_CHARACTER in SCHEME: The character violates the grammar rules for URIs/IRIs.
14:15:13.245 [main] WARN org.apache.jena.riot - [line: 59590, col: 38] Bad IRI: <%3Chttp://www.openlinksw.com/schemas/virtrdf#Geometry%3E> Code: 0/ILLEGAL_CHARACTER in SCHEME: The character violates the grammar rules for URIs/IRIs.
14:15:13.246 [main] WARN org.apache.jena.riot - [line: 59736, col: 38] Bad IRI: <%3Chttp://www.openlinksw.com/schemas/virtrdf#Geometry%3E> Code: 0/ILLEGAL_CHARACTER in SCHEME: The character violates the grammar rules for URIs/IRIs.
14:15:13.247 [main] WARN org.apache.jena.riot - [line: 60073, col: 38] Bad IRI: <%3Chttp://www.openlinksw.com/schemas/virtrdf#Geometry%3E> Code: 0/ILLEGAL_CHARACTER in SCHEME: The character violates the grammar rules for URIs/IRIs.
14:15:13.248 [main] WARN org.apache.jena.riot - [line: 60331, col: 38] Bad IRI: <%3Chttp://www.openlinksw.com/schemas/virtrdf#Geometry%3E> Code: 0/ILLEGAL_CHARACTER in SCHEME: The character violates the grammar rules for URIs/IRIs.
14:15:13.248 [main] WARN org.apache.jena.riot - [line: 60376, col: 38] Bad IRI: <%3Chttp://www.openlinksw.com/schemas/virtrdf#Geometry%3E> Code: 0/ILLEGAL_CHARACTER in SCHEME: The character violates the grammar rules for URIs/IRIs.
14:15:13.248 [main] WARN org.apache.jena.riot - [line: 60564, col: 38] Bad IRI: <%3Chttp://www.openlinksw.com/schemas/virtrdf#Geometry%3E> Code: 0/ILLEGAL_CHARACTER in SCHEME: The character violates the grammar rules for URIs/IRIs.
14:15:13.249 [main] WARN org.apache.jena.riot - [line: 60628, col: 38] Bad IRI: <%3Chttp://www.openlinksw.com/schemas/virtrdf#Geometry%3E> Code: 0/ILLEGAL_CHARACTER in SCHEME: The character violates the grammar rules for URIs/IRIs.
14:15:13.249 [main] WARN org.apache.jena.riot - [line: 60799, col: 38] Bad IRI: <%3Chttp://www.openlinksw.com/schemas/virtrdf#Geometry%3E> Code: 0/ILLEGAL_CHARACTER in SCHEME: The character violates the grammar rules for URIs/IRIs.
14:15:13.250 [main] WARN org.apache.jena.riot - [line: 60909, col: 38] Bad IRI: <%3Chttp://www.openlinksw.com/schemas/virtrdf#Geometry%3E> Code: 0/ILLEGAL_CHARACTER in SCHEME: The character violates the grammar rules for URIs/IRIs.
14:15:13.251 [main] WARN org.apache.jena.riot - [line: 61269, col: 38] Bad IRI: <%3Chttp://www.openlinksw.com/schemas/virtrdf#Geometry%3E> Code: 0/ILLEGAL_CHARACTER in SCHEME: The character violates the grammar rules for URIs/IRIs.
14:15:13.252 [main] WARN org.apache.jena.riot - [line: 61319, col: 38] Bad IRI: <%3Chttp://www.openlinksw.com/schemas/virtrdf#Geometry%3E> Code: 0/ILLEGAL_CHARACTER in SCHEME: The character violates the grammar rules for URIs/IRIs.
14:15:13.253 [main] WARN org.apache.jena.riot - [line: 61494, col: 38] Bad IRI: <%3Chttp://www.openlinksw.com/schemas/virtrdf#Geometry%3E> Code: 0/ILLEGAL_CHARACTER in SCHEME: The character violates the grammar rules for URIs/IRIs.
14:15:13.253 [main] WARN org.apache.jena.riot - [line: 61604, col: 38] Bad IRI: <%3Chttp://www.openlinksw.com/schemas/virtrdf#Geometry%3E> Code: 0/ILLEGAL_CHARACTER in SCHEME: The character violates the grammar rules for URIs/IRIs.
14:15:13.254 [main] WARN org.apache.jena.riot - [line: 61703, col: 38] Bad IRI: <%3Chttp://www.openlinksw.com/schemas/virtrdf#Geometry%3E> Code: 0/ILLEGAL_CHARACTER in SCHEME: The character violates the grammar rules for URIs/IRIs.
14:15:13.254 [main] WARN org.apache.jena.riot - [line: 61788, col: 38] Bad IRI: <%3Chttp://www.openlinksw.com/schemas/virtrdf#Geometry%3E> Code: 0/ILLEGAL_CHARACTER in SCHEME: The character violates the grammar rules for URIs/IRIs.
14:15:13.254 [main] WARN org.apache.jena.riot - [line: 61867, col: 38] Bad IRI: <%3Chttp://www.openlinksw.com/schemas/virtrdf#Geometry%3E> Code: 0/ILLEGAL_CHARACTER in SCHEME: The character violates the grammar rules for URIs/IRIs.
14:15:13.255 [main] WARN org.apache.jena.riot - [line: 61964, col: 38] Bad IRI: <%3Chttp://www.openlinksw.com/schemas/virtrdf#Geometry%3E> Code: 0/ILLEGAL_CHARACTER in SCHEME: The character violates the grammar rules for URIs/IRIs.
14:15:13.255 [main] WARN org.apache.jena.riot - [line: 62123, col: 38] Bad IRI: <%3Chttp://www.openlinksw.com/schemas/virtrdf#Geometry%3E> Code: 0/ILLEGAL_CHARACTER in SCHEME: The character violates the grammar rules for URIs/IRIs.
14:15:13.256 [main] WARN org.apache.jena.riot - [line: 62214, col: 38] Bad IRI: <%3Chttp://www.openlinksw.com/schemas/virtrdf#Geometry%3E> Code: 0/ILLEGAL_CHARACTER in SCHEME: The character violates the grammar rules for URIs/IRIs.
14:15:13.256 [main] WARN org.apache.jena.riot - [line: 62359, col: 38] Bad IRI: <%3Chttp://www.openlinksw.com/schemas/virtrdf#Geometry%3E> Code: 0/ILLEGAL_CHARACTER in SCHEME: The character violates the grammar rules for URIs/IRIs.
14:15:13.256 [main] WARN org.apache.jena.riot - [line: 62482, col: 38] Bad IRI: <%3Chttp://www.openlinksw.com/schemas/virtrdf#Geometry%3E> Code: 0/ILLEGAL_CHARACTER in SCHEME: The character violates the grammar rules for URIs/IRIs.
14:15:13.257 [main] WARN org.apache.jena.riot - [line: 62660, col: 38] Bad IRI: <%3Chttp://www.openlinksw.com/schemas/virtrdf#Geometry%3E> Code: 0/ILLEGAL_CHARACTER in SCHEME: The character violates the grammar rules for URIs/IRIs.
14:15:13.257 [main] WARN org.apache.jena.riot - [line: 62731, col: 38] Bad IRI: <%3Chttp://www.openlinksw.com/schemas/virtrdf#Geometry%3E> Code: 0/ILLEGAL_CHARACTER in SCHEME: The character violates the grammar rules for URIs/IRIs.
14:15:13.258 [main] WARN org.apache.jena.riot - [line: 62858, col: 38] Bad IRI: <%3Chttp://www.openlinksw.com/schemas/virtrdf#Geometry%3E> Code: 0/ILLEGAL_CHARACTER in SCHEME: The character violates the grammar rules for URIs/IRIs.
14:15:13.258 [main] WARN org.apache.jena.riot - [line: 62917, col: 38] Bad IRI: <%3Chttp://www.openlinksw.com/schemas/virtrdf#Geometry%3E> Code: 0/ILLEGAL_CHARACTER in SCHEME: The character violates the grammar rules for URIs/IRIs.
14:15:13.258 [main] WARN org.apache.jena.riot - [line: 62988, col: 38] Bad IRI: <%3Chttp://www.openlinksw.com/schemas/virtrdf#Geometry%3E> Code: 0/ILLEGAL_CHARACTER in SCHEME: The character violates the grammar rules for URIs/IRIs.
14:15:13.259 [main] WARN org.apache.jena.riot - [line: 63081, col: 38] Bad IRI: <%3Chttp://www.openlinksw.com/schemas/virtrdf#Geometry%3E> Code: 0/ILLEGAL_CHARACTER in SCHEME: The character violates the grammar rules for URIs/IRIs.
14:15:13.259 [main] WARN org.apache.jena.riot - [line: 63212, col: 38] Bad IRI: <%3Chttp://www.openlinksw.com/schemas/virtrdf#Geometry%3E> Code: 0/ILLEGAL_CHARACTER in SCHEME: The character violates the grammar rules for URIs/IRIs.
14:15:13.260 [main] WARN org.apache.jena.riot - [line: 63302, col: 38] Bad IRI: <%3Chttp://www.openlinksw.com/schemas/virtrdf#Geometry%3E> Code: 0/ILLEGAL_CHARACTER in SCHEME: The character violates the grammar rules for URIs/IRIs.
14:15:13.260 [main] WARN org.apache.jena.riot - [line: 63395, col: 38] Bad IRI: <%3Chttp://www.openlinksw.com/schemas/virtrdf#Geometry%3E> Code: 0/ILLEGAL_CHARACTER in SCHEME: The character violates the grammar rules for URIs/IRIs.
14:15:13.260 [main] WARN org.apache.jena.riot - [line: 63432, col: 38] Bad IRI: <%3Chttp://www.openlinksw.com/schemas/virtrdf#Geometry%3E> Code: 0/ILLEGAL_CHARACTER in SCHEME: The character violates the grammar rules for URIs/IRIs.
14:15:13.261 [main] WARN org.apache.jena.riot - [line: 63528, col: 38] Bad IRI: <%3Chttp://www.openlinksw.com/schemas/virtrdf#Geometry%3E> Code: 0/ILLEGAL_CHARACTER in SCHEME: The character violates the grammar rules for URIs/IRIs.
14:15:13.261 [main] WARN org.apache.jena.riot - [line: 63595, col: 38] Bad IRI: <%3Chttp://www.openlinksw.com/schemas/virtrdf#Geometry%3E> Code: 0/ILLEGAL_CHARACTER in SCHEME: The character violates the grammar rules for URIs/IRIs.
14:15:13.261 [main] WARN org.apache.jena.riot - [line: 63692, col: 38] Bad IRI: <%3Chttp://www.openlinksw.com/schemas/virtrdf#Geometry%3E> Code: 0/ILLEGAL_CHARACTER in SCHEME: The character violates the grammar rules for URIs/IRIs.
14:15:13.261 [main] WARN org.apache.jena.riot - [line: 63743, col: 38] Bad IRI: <%3Chttp://www.openlinksw.com/schemas/virtrdf#Geometry%3E> Code: 0/ILLEGAL_CHARACTER in SCHEME: The character violates the grammar rules for URIs/IRIs.
14:15:13.262 [main] WARN org.apache.jena.riot - [line: 63920, col: 38] Bad IRI: <%3Chttp://www.openlinksw.com/schemas/virtrdf#Geometry%3E> Code: 0/ILLEGAL_CHARACTER in SCHEME: The character violates the grammar rules for URIs/IRIs.
14:15:13.262 [main] WARN org.apache.jena.riot - [line: 63961, col: 38] Bad IRI: <%3Chttp://www.openlinksw.com/schemas/virtrdf#Geometry%3E> Code: 0/ILLEGAL_CHARACTER in SCHEME: The character violates the grammar rules for URIs/IRIs.
14:15:13.263 [main] WARN org.apache.jena.riot - [line: 64136, col: 38] Bad IRI: <%3Chttp://www.openlinksw.com/schemas/virtrdf#Geometry%3E> Code: 0/ILLEGAL_CHARACTER in SCHEME: The character violates the grammar rules for URIs/IRIs.
14:15:13.263 [main] WARN org.apache.jena.riot - [line: 64179, col: 38] Bad IRI: <%3Chttp://www.openlinksw.com/schemas/virtrdf#Geometry%3E> Code: 0/ILLEGAL_CHARACTER in SCHEME: The character violates the grammar rules for URIs/IRIs.
14:15:13.263 [main] WARN org.apache.jena.riot - [line: 64289, col: 38] Bad IRI: <%3Chttp://www.openlinksw.com/schemas/virtrdf#Geometry%3E> Code: 0/ILLEGAL_CHARACTER in SCHEME: The character violates the grammar rules for URIs/IRIs.
14:15:13.264 [main] WARN org.apache.jena.riot - [line: 64315, col: 38] Bad IRI: <%3Chttp://www.openlinksw.com/schemas/virtrdf#Geometry%3E> Code: 0/ILLEGAL_CHARACTER in SCHEME: The character violates the grammar rules for URIs/IRIs.
14:15:13.264 [main] WARN org.apache.jena.riot - [line: 64397, col: 38] Bad IRI: <%3Chttp://www.openlinksw.com/schemas/virtrdf#Geometry%3E> Code: 0/ILLEGAL_CHARACTER in SCHEME: The character violates the grammar rules for URIs/IRIs.
14:15:13.264 [main] WARN org.apache.jena.riot - [line: 64470, col: 38] Bad IRI: <%3Chttp://www.openlinksw.com/schemas/virtrdf#Geometry%3E> Code: 0/ILLEGAL_CHARACTER in SCHEME: The character violates the grammar rules for URIs/IRIs.
14:15:13.264 [main] WARN org.apache.jena.riot - [line: 64546, col: 38] Bad IRI: <%3Chttp://www.openlinksw.com/schemas/virtrdf#Geometry%3E> Code: 0/ILLEGAL_CHARACTER in SCHEME: The character violates the grammar rules for URIs/IRIs.
14:15:13.265 [main] WARN org.apache.jena.riot - [line: 64669, col: 38] Bad IRI: <%3Chttp://www.openlinksw.com/schemas/virtrdf#Geometry%3E> Code: 0/ILLEGAL_CHARACTER in SCHEME: The character violates the grammar rules for URIs/IRIs.
14:15:13.265 [main] WARN org.apache.jena.riot - [line: 64752, col: 38] Bad IRI: <%3Chttp://www.openlinksw.com/schemas/virtrdf#Geometry%3E> Code: 0/ILLEGAL_CHARACTER in SCHEME: The character violates the grammar rules for URIs/IRIs.
14:15:13.266 [main] WARN org.apache.jena.riot - [line: 64867, col: 38] Bad IRI: <%3Chttp://www.openlinksw.com/schemas/virtrdf#Geometry%3E> Code: 0/ILLEGAL_CHARACTER in SCHEME: The character violates the grammar rules for URIs/IRIs.
14:15:13.266 [main] WARN org.apache.jena.riot - [line: 64921, col: 38] Bad IRI: <%3Chttp://www.openlinksw.com/schemas/virtrdf#Geometry%3E> Code: 0/ILLEGAL_CHARACTER in SCHEME: The character violates the grammar rules for URIs/IRIs.
14:15:13.267 [main] WARN org.apache.jena.riot - [line: 65149, col: 38] Bad IRI: <%3Chttp://www.openlinksw.com/schemas/virtrdf#Geometry%3E> Code: 0/ILLEGAL_CHARACTER in SCHEME: The character violates the grammar rules for URIs/IRIs.
14:15:13.267 [main] WARN org.apache.jena.riot - [line: 65196, col: 38] Bad IRI: <%3Chttp://www.openlinksw.com/schemas/virtrdf#Geometry%3E> Code: 0/ILLEGAL_CHARACTER in SCHEME: The character violates the grammar rules for URIs/IRIs.
14:15:13.267 [main] WARN org.apache.jena.riot - [line: 65338, col: 38] Bad IRI: <%3Chttp://www.openlinksw.com/schemas/virtrdf#Geometry%3E> Code: 0/ILLEGAL_CHARACTER in SCHEME: The character violates the grammar rules for URIs/IRIs.
14:15:13.268 [main] WARN org.apache.jena.riot - [line: 65413, col: 38] Bad IRI: <%3Chttp://www.openlinksw.com/schemas/virtrdf#Geometry%3E> Code: 0/ILLEGAL_CHARACTER in SCHEME: The character violates the grammar rules for URIs/IRIs.
14:15:13.268 [main] WARN org.apache.jena.riot - [line: 65549, col: 38] Bad IRI: <%3Chttp://www.openlinksw.com/schemas/virtrdf#Geometry%3E> Code: 0/ILLEGAL_CHARACTER in SCHEME: The character violates the grammar rules for URIs/IRIs.
14:15:13.268 [main] WARN org.apache.jena.riot - [line: 65615, col: 38] Bad IRI: <%3Chttp://www.openlinksw.com/schemas/virtrdf#Geometry%3E> Code: 0/ILLEGAL_CHARACTER in SCHEME: The character violates the grammar rules for URIs/IRIs.
14:15:13.269 [main] WARN org.apache.jena.riot - [line: 65735, col: 38] Bad IRI: <%3Chttp://www.openlinksw.com/schemas/virtrdf#Geometry%3E> Code: 0/ILLEGAL_CHARACTER in SCHEME: The character violates the grammar rules for URIs/IRIs.
14:15:13.269 [main] WARN org.apache.jena.riot - [line: 65810, col: 38] Bad IRI: <%3Chttp://www.openlinksw.com/schemas/virtrdf#Geometry%3E> Code: 0/ILLEGAL_CHARACTER in SCHEME: The character violates the grammar rules for URIs/IRIs.
14:15:13.270 [main] WARN org.apache.jena.riot - [line: 65938, col: 38] Bad IRI: <%3Chttp://www.openlinksw.com/schemas/virtrdf#Geometry%3E> Code: 0/ILLEGAL_CHARACTER in SCHEME: The character violates the grammar rules for URIs/IRIs.
14:15:13.270 [main] WARN org.apache.jena.riot - [line: 66010, col: 38] Bad IRI: <%3Chttp://www.openlinksw.com/schemas/virtrdf#Geometry%3E> Code: 0/ILLEGAL_CHARACTER in SCHEME: The character violates the grammar rules for URIs/IRIs.
14:15:13.270 [main] WARN org.apache.jena.riot - [line: 66129, col: 38] Bad IRI: <%3Chttp://www.openlinksw.com/schemas/virtrdf#Geometry%3E> Code: 0/ILLEGAL_CHARACTER in SCHEME: The character violates the grammar rules for URIs/IRIs.
14:15:13.271 [main] WARN org.apache.jena.riot - [line: 66173, col: 38] Bad IRI: <%3Chttp://www.openlinksw.com/schemas/virtrdf#Geometry%3E> Code: 0/ILLEGAL_CHARACTER in SCHEME: The character violates the grammar rules for URIs/IRIs.
14:15:13.271 [main] WARN org.apache.jena.riot - [line: 66259, col: 38] Bad IRI: <%3Chttp://www.openlinksw.com/schemas/virtrdf#Geometry%3E> Code: 0/ILLEGAL_CHARACTER in SCHEME: The character violates the grammar rules for URIs/IRIs.
14:15:13.271 [main] WARN org.apache.jena.riot - [line: 66348, col: 38] Bad IRI: <%3Chttp://www.openlinksw.com/schemas/virtrdf#Geometry%3E> Code: 0/ILLEGAL_CHARACTER in SCHEME: The character violates the grammar rules for URIs/IRIs.
14:15:13.271 [main] WARN org.apache.jena.riot - [line: 66382, col: 38] Bad IRI: <%3Chttp://www.openlinksw.com/schemas/virtrdf#Geometry%3E> Code: 0/ILLEGAL_CHARACTER in SCHEME: The character violates the grammar rules for URIs/IRIs.
14:15:13.272 [main] WARN org.apache.jena.riot - [line: 66502, col: 38] Bad IRI: <%3Chttp://www.openlinksw.com/schemas/virtrdf#Geometry%3E> Code: 0/ILLEGAL_CHARACTER in SCHEME: The character violates the grammar rules for URIs/IRIs.
14:15:13.272 [main] WARN org.apache.jena.riot - [line: 66603, col: 38] Bad IRI: <%3Chttp://www.openlinksw.com/schemas/virtrdf#Geometry%3E> Code: 0/ILLEGAL_CHARACTER in SCHEME: The character violates the grammar rules for URIs/IRIs.
14:15:13.273 [main] WARN org.apache.jena.riot - [line: 66676, col: 38] Bad IRI: <%3Chttp://www.openlinksw.com/schemas/virtrdf#Geometry%3E> Code: 0/ILLEGAL_CHARACTER in SCHEME: The character violates the grammar rules for URIs/IRIs.
14:15:13.273 [main] WARN org.apache.jena.riot - [line: 66801, col: 38] Bad IRI: <%3Chttp://www.openlinksw.com/schemas/virtrdf#Geometry%3E> Code: 0/ILLEGAL_CHARACTER in SCHEME: The character violates the grammar rules for URIs/IRIs.
14:15:13.273 [main] WARN org.apache.jena.riot - [line: 66859, col: 38] Bad IRI: <%3Chttp://www.openlinksw.com/schemas/virtrdf#Geometry%3E> Code: 0/ILLEGAL_CHARACTER in SCHEME: The character violates the grammar rules for URIs/IRIs.
14:15:13.273 [main] WARN org.apache.jena.riot - [line: 66907, col: 38] Bad IRI: <%3Chttp://www.openlinksw.com/schemas/virtrdf#Geometry%3E> Code: 0/ILLEGAL_CHARACTER in SCHEME: The character violates the grammar rules for URIs/IRIs.
14:15:13.274 [main] WARN org.apache.jena.riot - [line: 67079, col: 38] Bad IRI: <%3Chttp://www.openlinksw.com/schemas/virtrdf#Geometry%3E> Code: 0/ILLEGAL_CHARACTER in SCHEME: The character violates the grammar rules for URIs/IRIs.
14:15:13.275 [main] WARN org.apache.jena.riot - [line: 67140, col: 38] Bad IRI: <%3Chttp://www.openlinksw.com/schemas/virtrdf#Geometry%3E> Code: 0/ILLEGAL_CHARACTER in SCHEME: The character violates the grammar rules for URIs/IRIs.
14:15:13.275 [main] WARN org.apache.jena.riot - [line: 67294, col: 38] Bad IRI: <%3Chttp://www.openlinksw.com/schemas/virtrdf#Geometry%3E> Code: 0/ILLEGAL_CHARACTER in SCHEME: The character violates the grammar rules for URIs/IRIs.
14:15:13.276 [main] WARN org.apache.jena.riot - [line: 67403, col: 38] Bad IRI: <%3Chttp://www.openlinksw.com/schemas/virtrdf#Geometry%3E> Code: 0/ILLEGAL_CHARACTER in SCHEME: The character violates the grammar rules for URIs/IRIs.
14:15:13.276 [main] WARN org.apache.jena.riot - [line: 67517, col: 38] Bad IRI: <%3Chttp://www.openlinksw.com/schemas/virtrdf#Geometry%3E> Code: 0/ILLEGAL_CHARACTER in SCHEME: The character violates the grammar rules for URIs/IRIs.
14:15:13.277 [main] WARN org.apache.jena.riot - [line: 67652, col: 38] Bad IRI: <%3Chttp://www.openlinksw.com/schemas/virtrdf#Geometry%3E> Code: 0/ILLEGAL_CHARACTER in SCHEME: The character violates the grammar rules for URIs/IRIs.
14:15:13.277 [main] WARN org.apache.jena.riot - [line: 67711, col: 38] Bad IRI: <%3Chttp://www.openlinksw.com/schemas/virtrdf#Geometry%3E> Code: 0/ILLEGAL_CHARACTER in SCHEME: The character violates the grammar rules for URIs/IRIs.
14:15:13.277 [main] WARN org.apache.jena.riot - [line: 67786, col: 38] Bad IRI: <%3Chttp://www.openlinksw.com/schemas/virtrdf#Geometry%3E> Code: 0/ILLEGAL_CHARACTER in SCHEME: The character violates the grammar rules for URIs/IRIs.
14:15:13.277 [main] WARN org.apache.jena.riot - [line: 67841, col: 38] Bad IRI: <%3Chttp://www.openlinksw.com/schemas/virtrdf#Geometry%3E> Code: 0/ILLEGAL_CHARACTER in SCHEME: The character violates the grammar rules for URIs/IRIs.
14:15:13.280 [main] WARN org.apache.jena.riot - [line: 68212, col: 38] Bad IRI: <%3Chttp://www.openlinksw.com/schemas/virtrdf#Geometry%3E> Code: 0/ILLEGAL_CHARACTER in SCHEME: The character violates the grammar rules for URIs/IRIs.
14:15:13.280 [main] WARN org.apache.jena.riot - [line: 68232, col: 38] Bad IRI: <%3Chttp://www.openlinksw.com/schemas/virtrdf#Geometry%3E> Code: 0/ILLEGAL_CHARACTER in SCHEME: The character violates the grammar rules for URIs/IRIs.
14:15:13.282 [main] WARN org.apache.jena.riot - [line: 68578, col: 38] Bad IRI: <%3Chttp://www.openlinksw.com/schemas/virtrdf#Geometry%3E> Code: 0/ILLEGAL_CHARACTER in SCHEME: The character violates the grammar rules for URIs/IRIs.
14:15:13.282 [main] WARN org.apache.jena.riot - [line: 68603, col: 38] Bad IRI: <%3Chttp://www.openlinksw.com/schemas/virtrdf#Geometry%3E> Code: 0/ILLEGAL_CHARACTER in SCHEME: The character violates the grammar rules for URIs/IRIs.
14:15:13.283 [main] WARN org.apache.jena.riot - [line: 68814, col: 38] Bad IRI: <%3Chttp://www.openlinksw.com/schemas/virtrdf#Geometry%3E> Code: 0/ILLEGAL_CHARACTER in SCHEME: The character violates the grammar rules for URIs/IRIs.
14:15:13.283 [main] WARN org.apache.jena.riot - [line: 68939, col: 38] Bad IRI: <%3Chttp://www.openlinksw.com/schemas/virtrdf#Geometry%3E> Code: 0/ILLEGAL_CHARACTER in SCHEME: The character violates the grammar rules for URIs/IRIs.
14:15:13.284 [main] WARN org.apache.jena.riot - [line: 69117, col: 38] Bad IRI: <%3Chttp://www.openlinksw.com/schemas/virtrdf#Geometry%3E> Code: 0/ILLEGAL_CHARACTER in SCHEME: The character violates the grammar rules for URIs/IRIs.
14:15:13.284 [main] WARN org.apache.jena.riot - [line: 69314, col: 38] Bad IRI: <%3Chttp://www.openlinksw.com/schemas/virtrdf#Geometry%3E> Code: 0/ILLEGAL_CHARACTER in SCHEME: The character violates the grammar rules for URIs/IRIs.
14:15:13.285 [main] WARN org.apache.jena.riot - [line: 69511, col: 38] Bad IRI: <%3Chttp://www.openlinksw.com/schemas/virtrdf#Geometry%3E> Code: 0/ILLEGAL_CHARACTER in SCHEME: The character violates the grammar rules for URIs/IRIs.
14:15:13.285 [main] WARN org.apache.jena.riot - [line: 69568, col: 38] Bad IRI: <%3Chttp://www.openlinksw.com/schemas/virtrdf#Geometry%3E> Code: 0/ILLEGAL_CHARACTER in SCHEME: The character violates the grammar rules for URIs/IRIs.
14:15:13.286 [main] WARN org.apache.jena.riot - [line: 69792, col: 38] Bad IRI: <%3Chttp://www.openlinksw.com/schemas/virtrdf#Geometry%3E> Code: 0/ILLEGAL_CHARACTER in SCHEME: The character violates the grammar rules for URIs/IRIs.
14:15:13.286 [main] WARN org.apache.jena.riot - [line: 69835, col: 38] Bad IRI: <%3Chttp://www.openlinksw.com/schemas/virtrdf#Geometry%3E> Code: 0/ILLEGAL_CHARACTER in SCHEME: The character violates the grammar rules for URIs/IRIs.
14:15:13.287 [main] WARN org.apache.jena.riot - [line: 69948, col: 38] Bad IRI: <%3Chttp://www.openlinksw.com/schemas/virtrdf#Geometry%3E> Code: 0/ILLEGAL_CHARACTER in SCHEME: The character violates the grammar rules for URIs/IRIs.
14:15:13.287 [main] WARN org.apache.jena.riot - [line: 70031, col: 38] Bad IRI: <%3Chttp://www.openlinksw.com/schemas/virtrdf#Geometry%3E> Code: 0/ILLEGAL_CHARACTER in SCHEME: The character violates the grammar rules for URIs/IRIs.
14:15:13.288 [main] WARN org.apache.jena.riot - [line: 70131, col: 38] Bad IRI: <%3Chttp://www.openlinksw.com/schemas/virtrdf#Geometry%3E> Code: 0/ILLEGAL_CHARACTER in SCHEME: The character violates the grammar rules for URIs/IRIs.
14:15:13.288 [main] WARN org.apache.jena.riot - [line: 70219, col: 38] Bad IRI: <%3Chttp://www.openlinksw.com/schemas/virtrdf#Geometry%3E> Code: 0/ILLEGAL_CHARACTER in SCHEME: The character violates the grammar rules for URIs/IRIs.
14:15:13.289 [main] WARN org.apache.jena.riot - [line: 70498, col: 38] Bad IRI: <%3Chttp://www.openlinksw.com/schemas/virtrdf#Geometry%3E> Code: 0/ILLEGAL_CHARACTER in SCHEME: The character violates the grammar rules for URIs/IRIs.
14:15:13.289 [main] WARN org.apache.jena.riot - [line: 70519, col: 38] Bad IRI: <%3Chttp://www.openlinksw.com/schemas/virtrdf#Geometry%3E> Code: 0/ILLEGAL_CHARACTER in SCHEME: The character violates the grammar rules for URIs/IRIs.
14:15:13.289 [main] WARN org.apache.jena.riot - [line: 70655, col: 38] Bad IRI: <%3Chttp://www.openlinksw.com/schemas/virtrdf#Geometry%3E> Code: 0/ILLEGAL_CHARACTER in SCHEME: The character violates the grammar rules for URIs/IRIs.
14:15:13.290 [main] WARN org.apache.jena.riot - [line: 70776, col: 38] Bad IRI: <%3Chttp://www.openlinksw.com/schemas/virtrdf#Geometry%3E> Code: 0/ILLEGAL_CHARACTER in SCHEME: The character violates the grammar rules for URIs/IRIs.
14:15:13.293 [main] WARN org.apache.jena.riot - [line: 71007, col: 38] Bad IRI: <%3Chttp://www.openlinksw.com/schemas/virtrdf#Geometry%3E> Code: 0/ILLEGAL_CHARACTER in SCHEME: The character violates the grammar rules for URIs/IRIs.
14:15:13.293 [main] WARN org.apache.jena.riot - [line: 71057, col: 38] Bad IRI: <%3Chttp://www.openlinksw.com/schemas/virtrdf#Geometry%3E> Code: 0/ILLEGAL_CHARACTER in SCHEME: The character violates the grammar rules for URIs/IRIs.
14:15:13.294 [main] WARN org.apache.jena.riot - [line: 71190, col: 38] Bad IRI: <%3Chttp://www.openlinksw.com/schemas/virtrdf#Geometry%3E> Code: 0/ILLEGAL_CHARACTER in SCHEME: The character violates the grammar rules for URIs/IRIs.
14:15:13.294 [main] WARN org.apache.jena.riot - [line: 71227, col: 38] Bad IRI: <%3Chttp://www.openlinksw.com/schemas/virtrdf#Geometry%3E> Code: 0/ILLEGAL_CHARACTER in SCHEME: The character violates the grammar rules for URIs/IRIs.
14:15:13.294 [main] WARN org.apache.jena.riot - [line: 71273, col: 38] Bad IRI: <%3Chttp://www.openlinksw.com/schemas/virtrdf#Geometry%3E> Code: 0/ILLEGAL_CHARACTER in SCHEME: The character violates the grammar rules for URIs/IRIs.
14:15:13.295 [main] WARN org.apache.jena.riot - [line: 71414, col: 38] Bad IRI: <%3Chttp://www.openlinksw.com/schemas/virtrdf#Geometry%3E> Code: 0/ILLEGAL_CHARACTER in SCHEME: The character violates the grammar rules for URIs/IRIs.
14:15:13.295 [main] WARN org.apache.jena.riot - [line: 71481, col: 38] Bad IRI: <%3Chttp://www.openlinksw.com/schemas/virtrdf#Geometry%3E> Code: 0/ILLEGAL_CHARACTER in SCHEME: The character violates the grammar rules for URIs/IRIs.
14:15:13.295 [main] WARN org.apache.jena.riot - [line: 71549, col: 38] Bad IRI: <%3Chttp://www.openlinksw.com/schemas/virtrdf#Geometry%3E> Code: 0/ILLEGAL_CHARACTER in SCHEME: The character violates the grammar rules for URIs/IRIs.
14:15:13.295 [main] WARN org.apache.jena.riot - [line: 71592, col: 38] Bad IRI: <%3Chttp://www.openlinksw.com/schemas/virtrdf#Geometry%3E> Code: 0/ILLEGAL_CHARACTER in SCHEME: The character violates the grammar rules for URIs/IRIs.
14:15:13.296 [main] WARN org.apache.jena.riot - [line: 71693, col: 38] Bad IRI: <%3Chttp://www.openlinksw.com/schemas/virtrdf#Geometry%3E> Code: 0/ILLEGAL_CHARACTER in SCHEME: The character violates the grammar rules for URIs/IRIs.
14:15:13.296 [main] WARN org.apache.jena.riot - [line: 71817, col: 38] Bad IRI: <%3Chttp://www.openlinksw.com/schemas/virtrdf#Geometry%3E> Code: 0/ILLEGAL_CHARACTER in SCHEME: The character violates the grammar rules for URIs/IRIs.
14:15:13.297 [main] WARN org.apache.jena.riot - [line: 71917, col: 38] Bad IRI: <%3Chttp://www.openlinksw.com/schemas/virtrdf#Geometry%3E> Code: 0/ILLEGAL_CHARACTER in SCHEME: The character violates the grammar rules for URIs/IRIs.
14:15:13.297 [main] WARN org.apache.jena.riot - [line: 72040, col: 38] Bad IRI: <%3Chttp://www.openlinksw.com/schemas/virtrdf#Geometry%3E> Code: 0/ILLEGAL_CHARACTER in SCHEME: The character violates the grammar rules for URIs/IRIs.
14:15:13.297 [main] WARN org.apache.jena.riot - [line: 72086, col: 38] Bad IRI: <%3Chttp://www.openlinksw.com/schemas/virtrdf#Geometry%3E> Code: 0/ILLEGAL_CHARACTER in SCHEME: The character violates the grammar rules for URIs/IRIs.
14:15:13.298 [main] WARN org.apache.jena.riot - [line: 72187, col: 38] Bad IRI: <%3Chttp://www.openlinksw.com/schemas/virtrdf#Geometry%3E> Code: 0/ILLEGAL_CHARACTER in SCHEME: The character violates the grammar rules for URIs/IRIs.
14:15:13.298 [main] WARN org.apache.jena.riot - [line: 72359, col: 38] Bad IRI: <%3Chttp://www.openlinksw.com/schemas/virtrdf#Geometry%3E> Code: 0/ILLEGAL_CHARACTER in SCHEME: The character violates the grammar rules for URIs/IRIs.
14:15:13.299 [main] WARN org.apache.jena.riot - [line: 72435, col: 38] Bad IRI: <%3Chttp://www.openlinksw.com/schemas/virtrdf#Geometry%3E> Code: 0/ILLEGAL_CHARACTER in SCHEME: The character violates the grammar rules for URIs/IRIs.
14:15:13.299 [main] WARN org.apache.jena.riot - [line: 72502, col: 38] Bad IRI: <%3Chttp://www.openlinksw.com/schemas/virtrdf#Geometry%3E> Code: 0/ILLEGAL_CHARACTER in SCHEME: The character violates the grammar rules for URIs/IRIs.
14:15:13.299 [main] WARN org.apache.jena.riot - [line: 72586, col: 38] Bad IRI: <%3Chttp://www.openlinksw.com/schemas/virtrdf#Geometry%3E> Code: 0/ILLEGAL_CHARACTER in SCHEME: The character violates the grammar rules for URIs/IRIs.
14:15:13.300 [main] WARN org.apache.jena.riot - [line: 72650, col: 38] Bad IRI: <%3Chttp://www.openlinksw.com/schemas/virtrdf#Geometry%3E> Code: 0/ILLEGAL_CHARACTER in SCHEME: The character violates the grammar rules for URIs/IRIs.
14:15:13.300 [main] WARN org.apache.jena.riot - [line: 72735, col: 38] Bad IRI: <%3Chttp://www.openlinksw.com/schemas/virtrdf#Geometry%3E> Code: 0/ILLEGAL_CHARACTER in SCHEME: The character violates the grammar rules for URIs/IRIs.
14:15:13.300 [main] WARN org.apache.jena.riot - [line: 72815, col: 38] Bad IRI: <%3Chttp://www.openlinksw.com/schemas/virtrdf#Geometry%3E> Code: 0/ILLEGAL_CHARACTER in SCHEME: The character violates the grammar rules for URIs/IRIs.
14:15:13.301 [main] WARN org.apache.jena.riot - [line: 72893, col: 38] Bad IRI: <%3Chttp://www.openlinksw.com/schemas/virtrdf#Geometry%3E> Code: 0/ILLEGAL_CHARACTER in SCHEME: The character violates the grammar rules for URIs/IRIs.
14:15:13.301 [main] WARN org.apache.jena.riot - [line: 72938, col: 38] Bad IRI: <%3Chttp://www.openlinksw.com/schemas/virtrdf#Geometry%3E> Code: 0/ILLEGAL_CHARACTER in SCHEME: The character violates the grammar rules for URIs/IRIs.
14:15:13.301 [main] WARN org.apache.jena.riot - [line: 73026, col: 38] Bad IRI: <%3Chttp://www.openlinksw.com/schemas/virtrdf#Geometry%3E> Code: 0/ILLEGAL_CHARACTER in SCHEME: The character violates the grammar rules for URIs/IRIs.
14:15:13.301 [main] WARN org.apache.jena.riot - [line: 73094, col: 38] Bad IRI: <%3Chttp://www.openlinksw.com/schemas/virtrdf#Geometry%3E> Code: 0/ILLEGAL_CHARACTER in SCHEME: The character violates the grammar rules for URIs/IRIs.
14:15:13.302 [main] WARN org.apache.jena.riot - [line: 73207, col: 38] Bad IRI: <%3Chttp://www.openlinksw.com/schemas/virtrdf#Geometry%3E> Code: 0/ILLEGAL_CHARACTER in SCHEME: The character violates the grammar rules for URIs/IRIs.
14:15:13.302 [main] WARN org.apache.jena.riot - [line: 73302, col: 38] Bad IRI: <%3Chttp://www.openlinksw.com/schemas/virtrdf#Geometry%3E> Code: 0/ILLEGAL_CHARACTER in SCHEME: The character violates the grammar rules for URIs/IRIs.
14:15:13.302 [main] WARN org.apache.jena.riot - [line: 73460, col: 38] Bad IRI: <%3Chttp://www.openlinksw.com/schemas/virtrdf#Geometry%3E> Code: 0/ILLEGAL_CHARACTER in SCHEME: The character violates the grammar rules for URIs/IRIs.
14:15:13.303 [main] WARN org.apache.jena.riot - [line: 73605, col: 38] Bad IRI: <%3Chttp://www.openlinksw.com/schemas/virtrdf#Geometry%3E> Code: 0/ILLEGAL_CHARACTER in SCHEME: The character violates the grammar rules for URIs/IRIs.
14:15:13.303 [main] WARN org.apache.jena.riot - [line: 73714, col: 38] Bad IRI: <%3Chttp://www.openlinksw.com/schemas/virtrdf#Geometry%3E> Code: 0/ILLEGAL_CHARACTER in SCHEME: The character violates the grammar rules for URIs/IRIs.
14:15:13.304 [main] WARN org.apache.jena.riot - [line: 73821, col: 38] Bad IRI: <%3Chttp://www.openlinksw.com/schemas/virtrdf#Geometry%3E> Code: 0/ILLEGAL_CHARACTER in SCHEME: The character violates the grammar rules for URIs/IRIs.
14:15:13.304 [main] WARN org.apache.jena.riot - [line: 73872, col: 38] Bad IRI: <%3Chttp://www.openlinksw.com/schemas/virtrdf#Geometry%3E> Code: 0/ILLEGAL_CHARACTER in SCHEME: The character violates the grammar rules for URIs/IRIs.
14:15:13.304 [main] WARN org.apache.jena.riot - [line: 73953, col: 38] Bad IRI: <%3Chttp://www.openlinksw.com/schemas/virtrdf#Geometry%3E> Code: 0/ILLEGAL_CHARACTER in SCHEME: The character violates the grammar rules for URIs/IRIs.
14:15:13.305 [main] WARN org.apache.jena.riot - [line: 74118, col: 38] Bad IRI: <%3Chttp://www.openlinksw.com/schemas/virtrdf#Geometry%3E> Code: 0/ILLEGAL_CHARACTER in SCHEME: The character violates the grammar rules for URIs/IRIs.
14:15:13.305 [main] WARN org.apache.jena.riot - [line: 74204, col: 38] Bad IRI: <%3Chttp://www.openlinksw.com/schemas/virtrdf#Geometry%3E> Code: 0/ILLEGAL_CHARACTER in SCHEME: The character violates the grammar rules for URIs/IRIs.
14:15:13.305 [main] WARN org.apache.jena.riot - [line: 74267, col: 38] Bad IRI: <%3Chttp://www.openlinksw.com/schemas/virtrdf#Geometry%3E> Code: 0/ILLEGAL_CHARACTER in SCHEME: The character violates the grammar rules for URIs/IRIs.
14:15:13.306 [main] WARN org.apache.jena.riot - [line: 74335, col: 38] Bad IRI: <%3Chttp://www.openlinksw.com/schemas/virtrdf#Geometry%3E> Code: 0/ILLEGAL_CHARACTER in SCHEME: The character violates the grammar rules for URIs/IRIs.
14:15:13.306 [main] WARN org.apache.jena.riot - [line: 74481, col: 38] Bad IRI: <%3Chttp://www.openlinksw.com/schemas/virtrdf#Geometry%3E> Code: 0/ILLEGAL_CHARACTER in SCHEME: The character violates the grammar rules for URIs/IRIs.
14:15:13.306 [main] WARN org.apache.jena.riot - [line: 74537, col: 38] Bad IRI: <%3Chttp://www.openlinksw.com/schemas/virtrdf#Geometry%3E> Code: 0/ILLEGAL_CHARACTER in SCHEME: The character violates the grammar rules for URIs/IRIs.
14:15:13.307 [main] WARN org.apache.jena.riot - [line: 74601, col: 38] Bad IRI: <%3Chttp://www.openlinksw.com/schemas/virtrdf#Geometry%3E> Code: 0/ILLEGAL_CHARACTER in SCHEME: The character violates the grammar rules for URIs/IRIs.
14:15:13.308 [main] WARN org.apache.jena.riot - [line: 74849, col: 38] Bad IRI: <%3Chttp://www.openlinksw.com/schemas/virtrdf#Geometry%3E> Code: 0/ILLEGAL_CHARACTER in SCHEME: The character violates the grammar rules for URIs/IRIs.
14:15:13.308 [main] WARN org.apache.jena.riot - [line: 74902, col: 38] Bad IRI: <%3Chttp://www.openlinksw.com/schemas/virtrdf#Geometry%3E> Code: 0/ILLEGAL_CHARACTER in SCHEME: The character violates the grammar rules for URIs/IRIs.
14:15:13.308 [main] WARN org.apache.jena.riot - [line: 74995, col: 38] Bad IRI: <%3Chttp://www.openlinksw.com/schemas/virtrdf#Geometry%3E> Code: 0/ILLEGAL_CHARACTER in SCHEME: The character violates the grammar rules for URIs/IRIs.
14:15:13.308 [main] WARN org.apache.jena.riot - [line: 75059, col: 38] Bad IRI: <%3Chttp://www.openlinksw.com/schemas/virtrdf#Geometry%3E> Code: 0/ILLEGAL_CHARACTER in SCHEME: The character violates the grammar rules for URIs/IRIs.
14:15:13.309 [main] WARN org.apache.jena.riot - [line: 75150, col: 38] Bad IRI: <%3Chttp://www.openlinksw.com/schemas/virtrdf#Geometry%3E> Code: 0/ILLEGAL_CHARACTER in SCHEME: The character violates the grammar rules for URIs/IRIs.
14:15:13.309 [main] WARN org.apache.jena.riot - [line: 75230, col: 38] Bad IRI: <%3Chttp://www.openlinksw.com/schemas/virtrdf#Geometry%3E> Code: 0/ILLEGAL_CHARACTER in SCHEME: The character violates the grammar rules for URIs/IRIs.
14:15:13.310 [main] WARN org.apache.jena.riot - [line: 75477, col: 38] Bad IRI: <%3Chttp://www.openlinksw.com/schemas/virtrdf#Geometry%3E> Code: 0/ILLEGAL_CHARACTER in SCHEME: The character violates the grammar rules for URIs/IRIs.
14:15:13.310 [main] WARN org.apache.jena.riot - [line: 75494, col: 38] Bad IRI: <%3Chttp://www.openlinksw.com/schemas/virtrdf#Geometry%3E> Code: 0/ILLEGAL_CHARACTER in SCHEME: The character violates the grammar rules for URIs/IRIs.
14:15:13.310 [main] WARN org.apache.jena.riot - [line: 75616, col: 38] Bad IRI: <%3Chttp://www.openlinksw.com/schemas/virtrdf#Geometry%3E> Code: 0/ILLEGAL_CHARACTER in SCHEME: The character violates the grammar rules for URIs/IRIs.
14:15:13.311 [main] WARN org.apache.jena.riot - [line: 75715, col: 38] Bad IRI: <%3Chttp://www.openlinksw.com/schemas/virtrdf#Geometry%3E> Code: 0/ILLEGAL_CHARACTER in SCHEME: The character violates the grammar rules for URIs/IRIs.
14:15:13.311 [main] WARN org.apache.jena.riot - [line: 75762, col: 38] Bad IRI: <%3Chttp://www.openlinksw.com/schemas/virtrdf#Geometry%3E> Code: 0/ILLEGAL_CHARACTER in SCHEME: The character violates the grammar rules for URIs/IRIs.
14:15:13.311 [main] WARN org.apache.jena.riot - [line: 75805, col: 38] Bad IRI: <%3Chttp://www.openlinksw.com/schemas/virtrdf#Geometry%3E> Code: 0/ILLEGAL_CHARACTER in SCHEME: The character violates the grammar rules for URIs/IRIs.
14:15:13.311 [main] WARN org.apache.jena.riot - [line: 75876, col: 38] Bad IRI: <%3Chttp://www.openlinksw.com/schemas/virtrdf#Geometry%3E> Code: 0/ILLEGAL_CHARACTER in SCHEME: The character violates the grammar rules for URIs/IRIs.
14:15:13.312 [main] WARN org.apache.jena.riot - [line: 75977, col: 38] Bad IRI: <%3Chttp://www.openlinksw.com/schemas/virtrdf#Geometry%3E> Code: 0/ILLEGAL_CHARACTER in SCHEME: The character violates the grammar rules for URIs/IRIs.
14:15:13.312 [main] WARN org.apache.jena.riot - [line: 76015, col: 38] Bad IRI: <%3Chttp://www.openlinksw.com/schemas/virtrdf#Geometry%3E> Code: 0/ILLEGAL_CHARACTER in SCHEME: The character violates the grammar rules for URIs/IRIs.
14:15:13.312 [main] WARN org.apache.jena.riot - [line: 76067, col: 38] Bad IRI: <%3Chttp://www.openlinksw.com/schemas/virtrdf#Geometry%3E> Code: 0/ILLEGAL_CHARACTER in SCHEME: The character violates the grammar rules for URIs/IRIs.
14:15:13.312 [main] WARN org.apache.jena.riot - [line: 76111, col: 38] Bad IRI: <%3Chttp://www.openlinksw.com/schemas/virtrdf#Geometry%3E> Code: 0/ILLEGAL_CHARACTER in SCHEME: The character violates the grammar rules for URIs/IRIs.
14:15:13.312 [main] WARN org.apache.jena.riot - [line: 76177, col: 38] Bad IRI: <%3Chttp://www.openlinksw.com/schemas/virtrdf#Geometry%3E> Code: 0/ILLEGAL_CHARACTER in SCHEME: The character violates the grammar rules for URIs/IRIs.
14:15:13.313 [main] WARN org.apache.jena.riot - [line: 76256, col: 38] Bad IRI: <%3Chttp://www.openlinksw.com/schemas/virtrdf#Geometry%3E> Code: 0/ILLEGAL_CHARACTER in SCHEME: The character violates the grammar rules for URIs/IRIs.
14:15:13.313 [main] WARN org.apache.jena.riot - [line: 76335, col: 38] Bad IRI: <%3Chttp://www.openlinksw.com/schemas/virtrdf#Geometry%3E> Code: 0/ILLEGAL_CHARACTER in SCHEME: The character violates the grammar rules for URIs/IRIs.
14:15:13.313 [main] WARN org.apache.jena.riot - [line: 76422, col: 38] Bad IRI: <%3Chttp://www.openlinksw.com/schemas/virtrdf#Geometry%3E> Code: 0/ILLEGAL_CHARACTER in SCHEME: The character violates the grammar rules for URIs/IRIs.
14:15:13.313 [main] WARN org.apache.jena.riot - [line: 76486, col: 38] Bad IRI: <%3Chttp://www.openlinksw.com/schemas/virtrdf#Geometry%3E> Code: 0/ILLEGAL_CHARACTER in SCHEME: The character violates the grammar rules for URIs/IRIs.
14:15:13.314 [main] WARN org.apache.jena.riot - [line: 76554, col: 38] Bad IRI: <%3Chttp://www.openlinksw.com/schemas/virtrdf#Geometry%3E> Code: 0/ILLEGAL_CHARACTER in SCHEME: The character violates the grammar rules for URIs/IRIs.
14:15:13.314 [main] WARN org.apache.jena.riot - [line: 76617, col: 38] Bad IRI: <%3Chttp://www.openlinksw.com/schemas/virtrdf#Geometry%3E> Code: 0/ILLEGAL_CHARACTER in SCHEME: The character violates the grammar rules for URIs/IRIs.
14:15:13.314 [main] WARN org.apache.jena.riot - [line: 76697, col: 38] Bad IRI: <%3Chttp://www.openlinksw.com/schemas/virtrdf#Geometry%3E> Code: 0/ILLEGAL_CHARACTER in SCHEME: The character violates the grammar rules for URIs/IRIs.
14:15:13.314 [main] WARN org.apache.jena.riot - [line: 76731, col: 38] Bad IRI: <%3Chttp://www.openlinksw.com/schemas/virtrdf#Geometry%3E> Code: 0/ILLEGAL_CHARACTER in SCHEME: The character violates the grammar rules for URIs/IRIs.
14:15:13.316 [main] WARN org.apache.jena.riot - [line: 76793, col: 38] Bad IRI: <%3Chttp://www.openlinksw.com/schemas/virtrdf#Geometry%3E> Code: 0/ILLEGAL_CHARACTER in SCHEME: The character violates the grammar rules for URIs/IRIs.
14:15:13.316 [main] WARN org.apache.jena.riot - [line: 76874, col: 38] Bad IRI: <%3Chttp://www.openlinksw.com/schemas/virtrdf#Geometry%3E> Code: 0/ILLEGAL_CHARACTER in SCHEME: The character violates the grammar rules for URIs/IRIs.
14:15:13.317 [main] WARN org.apache.jena.riot - [line: 76987, col: 38] Bad IRI: <%3Chttp://www.openlinksw.com/schemas/virtrdf#Geometry%3E> Code: 0/ILLEGAL_CHARACTER in SCHEME: The character violates the grammar rules for URIs/IRIs.
14:15:13.317 [main] WARN org.apache.jena.riot - [line: 77068, col: 38] Bad IRI: <%3Chttp://www.openlinksw.com/schemas/virtrdf#Geometry%3E> Code: 0/ILLEGAL_CHARACTER in SCHEME: The character violates the grammar rules for URIs/IRIs.
14:15:13.317 [main] WARN org.apache.jena.riot - [line: 77172, col: 38] Bad IRI: <%3Chttp://www.openlinksw.com/schemas/virtrdf#Geometry%3E> Code: 0/ILLEGAL_CHARACTER in SCHEME: The character violates the grammar rules for URIs/IRIs.
prettyFormatTurtle  - 1 - 0
Time Elapsed 0.0_0 5 sec , 0 min
***** Total Parsing Time 11 sec , 0 min *****
/home/koen/shape-generation-clean/generated-output/qse/marine-regions/db_0.9_20 created successfully.
Invoked:: PostConstraintsAnnotator
MODEL:: CUSTOM - SIZE: 10170 | PARAMS: 90.0 - 20
::: ShapesExtractor ~ WRITING MODEL TO FILE: /home/koen/shape-generation-clean/generated-output/qse/marine-regions/DATASET_QSE_0.9_20.ttl
writeModelToFile  - 0 - 0
::: ShapesExtractor ~ PRETTY FORMATTING TURTLE FILE: /home/koen/shape-generation-clean/generated-output/qse/marine-regions/DATASET_QSE_0.9_20_SHACL.ttl
Pretty Formatting
14:15:15.557 [main] WARN org.apache.jena.riot - [line: 16, col: 38] Bad IRI: <%3Chttp://www.openlinksw.com/schemas/virtrdf#Geometry%3E> Code: 0/ILLEGAL_CHARACTER in SCHEME: The character violates the grammar rules for URIs/IRIs.
14:15:15.557 [main] WARN org.apache.jena.riot - [line: 59, col: 38] Bad IRI: <%3Chttp://www.openlinksw.com/schemas/virtrdf#Geometry%3E> Code: 0/ILLEGAL_CHARACTER in SCHEME: The character violates the grammar rules for URIs/IRIs.
14:15:15.557 [main] WARN org.apache.jena.riot - [line: 117, col: 38] Bad IRI: <%3Chttp://www.openlinksw.com/schemas/virtrdf#Geometry%3E> Code: 0/ILLEGAL_CHARACTER in SCHEME: The character violates the grammar rules for URIs/IRIs.
14:15:15.558 [main] WARN org.apache.jena.riot - [line: 197, col: 38] Bad IRI: <%3Chttp://www.openlinksw.com/schemas/virtrdf#Geometry%3E> Code: 0/ILLEGAL_CHARACTER in SCHEME: The character violates the grammar rules for URIs/IRIs.
14:15:15.558 [main] WARN org.apache.jena.riot - [line: 241, col: 38] Bad IRI: <%3Chttp://www.openlinksw.com/schemas/virtrdf#Geometry%3E> Code: 0/ILLEGAL_CHARACTER in SCHEME: The character violates the grammar rules for URIs/IRIs.
14:15:15.558 [main] WARN org.apache.jena.riot - [line: 288, col: 38] Bad IRI: <%3Chttp://www.openlinksw.com/schemas/virtrdf#Geometry%3E> Code: 0/ILLEGAL_CHARACTER in SCHEME: The character violates the grammar rules for URIs/IRIs.
14:15:15.558 [main] WARN org.apache.jena.riot - [line: 331, col: 38] Bad IRI: <%3Chttp://www.openlinksw.com/schemas/virtrdf#Geometry%3E> Code: 0/ILLEGAL_CHARACTER in SCHEME: The character violates the grammar rules for URIs/IRIs.
14:15:15.558 [main] WARN org.apache.jena.riot - [line: 403, col: 38] Bad IRI: <%3Chttp://www.openlinksw.com/schemas/virtrdf#Geometry%3E> Code: 0/ILLEGAL_CHARACTER in SCHEME: The character violates the grammar rules for URIs/IRIs.
14:15:15.558 [main] WARN org.apache.jena.riot - [line: 450, col: 38] Bad IRI: <%3Chttp://www.openlinksw.com/schemas/virtrdf#Geometry%3E> Code: 0/ILLEGAL_CHARACTER in SCHEME: The character violates the grammar rules for URIs/IRIs.
14:15:15.559 [main] WARN org.apache.jena.riot - [line: 521, col: 38] Bad IRI: <%3Chttp://www.openlinksw.com/schemas/virtrdf#Geometry%3E> Code: 0/ILLEGAL_CHARACTER in SCHEME: The character violates the grammar rules for URIs/IRIs.
14:15:15.559 [main] WARN org.apache.jena.riot - [line: 639, col: 38] Bad IRI: <%3Chttp://www.openlinksw.com/schemas/virtrdf#Geometry%3E> Code: 0/ILLEGAL_CHARACTER in SCHEME: The character violates the grammar rules for URIs/IRIs.
14:15:15.559 [main] WARN org.apache.jena.riot - [line: 732, col: 38] Bad IRI: <%3Chttp://www.openlinksw.com/schemas/virtrdf#Geometry%3E> Code: 0/ILLEGAL_CHARACTER in SCHEME: The character violates the grammar rules for URIs/IRIs.
14:15:15.559 [main] WARN org.apache.jena.riot - [line: 838, col: 38] Bad IRI: <%3Chttp://www.openlinksw.com/schemas/virtrdf#Geometry%3E> Code: 0/ILLEGAL_CHARACTER in SCHEME: The character violates the grammar rules for URIs/IRIs.
14:15:15.560 [main] WARN org.apache.jena.riot - [line: 931, col: 38] Bad IRI: <%3Chttp://www.openlinksw.com/schemas/virtrdf#Geometry%3E> Code: 0/ILLEGAL_CHARACTER in SCHEME: The character violates the grammar rules for URIs/IRIs.
14:15:15.560 [main] WARN org.apache.jena.riot - [line: 997, col: 38] Bad IRI: <%3Chttp://www.openlinksw.com/schemas/virtrdf#Geometry%3E> Code: 0/ILLEGAL_CHARACTER in SCHEME: The character violates the grammar rules for URIs/IRIs.
14:15:15.560 [main] WARN org.apache.jena.riot - [line: 1143, col: 38] Bad IRI: <%3Chttp://www.openlinksw.com/schemas/virtrdf#Geometry%3E> Code: 0/ILLEGAL_CHARACTER in SCHEME: The character violates the grammar rules for URIs/IRIs.
14:15:15.561 [main] WARN org.apache.jena.riot - [line: 1187, col: 38] Bad IRI: <%3Chttp://www.openlinksw.com/schemas/virtrdf#Geometry%3E> Code: 0/ILLEGAL_CHARACTER in SCHEME: The character violates the grammar rules for URIs/IRIs.
14:15:15.561 [main] WARN org.apache.jena.riot - [line: 1235, col: 38] Bad IRI: <%3Chttp://www.openlinksw.com/schemas/virtrdf#Geometry%3E> Code: 0/ILLEGAL_CHARACTER in SCHEME: The character violates the grammar rules for URIs/IRIs.
14:15:15.561 [main] WARN org.apache.jena.riot - [line: 1312, col: 38] Bad IRI: <%3Chttp://www.openlinksw.com/schemas/virtrdf#Geometry%3E> Code: 0/ILLEGAL_CHARACTER in SCHEME: The character violates the grammar rules for URIs/IRIs.
14:15:15.561 [main] WARN org.apache.jena.riot - [line: 1371, col: 38] Bad IRI: <%3Chttp://www.openlinksw.com/schemas/virtrdf#Geometry%3E> Code: 0/ILLEGAL_CHARACTER in SCHEME: The character violates the grammar rules for URIs/IRIs.
14:15:15.561 [main] WARN org.apache.jena.riot - [line: 1459, col: 38] Bad IRI: <%3Chttp://www.openlinksw.com/schemas/virtrdf#Geometry%3E> Code: 0/ILLEGAL_CHARACTER in SCHEME: The character violates the grammar rules for URIs/IRIs.
14:15:15.562 [main] WARN org.apache.jena.riot - [line: 1563, col: 38] Bad IRI: <%3Chttp://www.openlinksw.com/schemas/virtrdf#Geometry%3E> Code: 0/ILLEGAL_CHARACTER in SCHEME: The character violates the grammar rules for URIs/IRIs.
14:15:15.562 [main] WARN org.apache.jena.riot - [line: 1652, col: 38] Bad IRI: <%3Chttp://www.openlinksw.com/schemas/virtrdf#Geometry%3E> Code: 0/ILLEGAL_CHARACTER in SCHEME: The character violates the grammar rules for URIs/IRIs.
14:15:15.562 [main] WARN org.apache.jena.riot - [line: 1696, col: 38] Bad IRI: <%3Chttp://www.openlinksw.com/schemas/virtrdf#Geometry%3E> Code: 0/ILLEGAL_CHARACTER in SCHEME: The character violates the grammar rules for URIs/IRIs.
14:15:15.562 [main] WARN org.apache.jena.riot - [line: 1777, col: 38] Bad IRI: <%3Chttp://www.openlinksw.com/schemas/virtrdf#Geometry%3E> Code: 0/ILLEGAL_CHARACTER in SCHEME: The character violates the grammar rules for URIs/IRIs.
14:15:15.563 [main] WARN org.apache.jena.riot - [line: 1853, col: 38] Bad IRI: <%3Chttp://www.openlinksw.com/schemas/virtrdf#Geometry%3E> Code: 0/ILLEGAL_CHARACTER in SCHEME: The character violates the grammar rules for URIs/IRIs.
14:15:15.563 [main] WARN org.apache.jena.riot - [line: 1945, col: 38] Bad IRI: <%3Chttp://www.openlinksw.com/schemas/virtrdf#Geometry%3E> Code: 0/ILLEGAL_CHARACTER in SCHEME: The character violates the grammar rules for URIs/IRIs.
14:15:15.563 [main] WARN org.apache.jena.riot - [line: 1998, col: 38] Bad IRI: <%3Chttp://www.openlinksw.com/schemas/virtrdf#Geometry%3E> Code: 0/ILLEGAL_CHARACTER in SCHEME: The character violates the grammar rules for URIs/IRIs.
14:15:15.563 [main] WARN org.apache.jena.riot - [line: 2071, col: 38] Bad IRI: <%3Chttp://www.openlinksw.com/schemas/virtrdf#Geometry%3E> Code: 0/ILLEGAL_CHARACTER in SCHEME: The character violates the grammar rules for URIs/IRIs.
14:15:15.564 [main] WARN org.apache.jena.riot - [line: 2160, col: 38] Bad IRI: <%3Chttp://www.openlinksw.com/schemas/virtrdf#Geometry%3E> Code: 0/ILLEGAL_CHARACTER in SCHEME: The character violates the grammar rules for URIs/IRIs.
14:15:15.564 [main] WARN org.apache.jena.riot - [line: 2241, col: 38] Bad IRI: <%3Chttp://www.openlinksw.com/schemas/virtrdf#Geometry%3E> Code: 0/ILLEGAL_CHARACTER in SCHEME: The character violates the grammar rules for URIs/IRIs.
14:15:15.564 [main] WARN org.apache.jena.riot - [line: 2297, col: 38] Bad IRI: <%3Chttp://www.openlinksw.com/schemas/virtrdf#Geometry%3E> Code: 0/ILLEGAL_CHARACTER in SCHEME: The character violates the grammar rules for URIs/IRIs.
14:15:15.564 [main] WARN org.apache.jena.riot - [line: 2353, col: 38] Bad IRI: <%3Chttp://www.openlinksw.com/schemas/virtrdf#Geometry%3E> Code: 0/ILLEGAL_CHARACTER in SCHEME: The character violates the grammar rules for URIs/IRIs.
14:15:15.565 [main] WARN org.apache.jena.riot - [line: 2444, col: 38] Bad IRI: <%3Chttp://www.openlinksw.com/schemas/virtrdf#Geometry%3E> Code: 0/ILLEGAL_CHARACTER in SCHEME: The character violates the grammar rules for URIs/IRIs.
14:15:15.565 [main] WARN org.apache.jena.riot - [line: 2499, col: 38] Bad IRI: <%3Chttp://www.openlinksw.com/schemas/virtrdf#Geometry%3E> Code: 0/ILLEGAL_CHARACTER in SCHEME: The character violates the grammar rules for URIs/IRIs.
14:15:15.565 [main] WARN org.apache.jena.riot - [line: 2544, col: 38] Bad IRI: <%3Chttp://www.openlinksw.com/schemas/virtrdf#Geometry%3E> Code: 0/ILLEGAL_CHARACTER in SCHEME: The character violates the grammar rules for URIs/IRIs.
14:15:15.566 [main] WARN org.apache.jena.riot - [line: 2622, col: 38] Bad IRI: <%3Chttp://www.openlinksw.com/schemas/virtrdf#Geometry%3E> Code: 0/ILLEGAL_CHARACTER in SCHEME: The character violates the grammar rules for URIs/IRIs.
14:15:15.566 [main] WARN org.apache.jena.riot - [line: 2699, col: 38] Bad IRI: <%3Chttp://www.openlinksw.com/schemas/virtrdf#Geometry%3E> Code: 0/ILLEGAL_CHARACTER in SCHEME: The character violates the grammar rules for URIs/IRIs.
14:15:15.566 [main] WARN org.apache.jena.riot - [line: 2822, col: 38] Bad IRI: <%3Chttp://www.openlinksw.com/schemas/virtrdf#Geometry%3E> Code: 0/ILLEGAL_CHARACTER in SCHEME: The character violates the grammar rules for URIs/IRIs.
14:15:15.566 [main] WARN org.apache.jena.riot - [line: 2866, col: 38] Bad IRI: <%3Chttp://www.openlinksw.com/schemas/virtrdf#Geometry%3E> Code: 0/ILLEGAL_CHARACTER in SCHEME: The character violates the grammar rules for URIs/IRIs.
14:15:15.567 [main] WARN org.apache.jena.riot - [line: 2922, col: 38] Bad IRI: <%3Chttp://www.openlinksw.com/schemas/virtrdf#Geometry%3E> Code: 0/ILLEGAL_CHARACTER in SCHEME: The character violates the grammar rules for URIs/IRIs.
14:15:15.567 [main] WARN org.apache.jena.riot - [line: 3025, col: 38] Bad IRI: <%3Chttp://www.openlinksw.com/schemas/virtrdf#Geometry%3E> Code: 0/ILLEGAL_CHARACTER in SCHEME: The character violates the grammar rules for URIs/IRIs.
14:15:15.567 [main] WARN org.apache.jena.riot - [line: 3103, col: 38] Bad IRI: <%3Chttp://www.openlinksw.com/schemas/virtrdf#Geometry%3E> Code: 0/ILLEGAL_CHARACTER in SCHEME: The character violates the grammar rules for URIs/IRIs.
14:15:15.567 [main] WARN org.apache.jena.riot - [line: 3181, col: 38] Bad IRI: <%3Chttp://www.openlinksw.com/schemas/virtrdf#Geometry%3E> Code: 0/ILLEGAL_CHARACTER in SCHEME: The character violates the grammar rules for URIs/IRIs.
14:15:15.568 [main] WARN org.apache.jena.riot - [line: 3223, col: 38] Bad IRI: <%3Chttp://www.openlinksw.com/schemas/virtrdf#Geometry%3E> Code: 0/ILLEGAL_CHARACTER in SCHEME: The character violates the grammar rules for URIs/IRIs.
14:15:15.568 [main] WARN org.apache.jena.riot - [line: 3295, col: 38] Bad IRI: <%3Chttp://www.openlinksw.com/schemas/virtrdf#Geometry%3E> Code: 0/ILLEGAL_CHARACTER in SCHEME: The character violates the grammar rules for URIs/IRIs.
14:15:15.568 [main] WARN org.apache.jena.riot - [line: 3370, col: 38] Bad IRI: <%3Chttp://www.openlinksw.com/schemas/virtrdf#Geometry%3E> Code: 0/ILLEGAL_CHARACTER in SCHEME: The character violates the grammar rules for URIs/IRIs.
14:15:15.568 [main] WARN org.apache.jena.riot - [line: 3428, col: 38] Bad IRI: <%3Chttp://www.openlinksw.com/schemas/virtrdf#Geometry%3E> Code: 0/ILLEGAL_CHARACTER in SCHEME: The character violates the grammar rules for URIs/IRIs.
14:15:15.569 [main] WARN org.apache.jena.riot - [line: 3495, col: 38] Bad IRI: <%3Chttp://www.openlinksw.com/schemas/virtrdf#Geometry%3E> Code: 0/ILLEGAL_CHARACTER in SCHEME: The character violates the grammar rules for URIs/IRIs.
14:15:15.569 [main] WARN org.apache.jena.riot - [line: 3587, col: 38] Bad IRI: <%3Chttp://www.openlinksw.com/schemas/virtrdf#Geometry%3E> Code: 0/ILLEGAL_CHARACTER in SCHEME: The character violates the grammar rules for URIs/IRIs.
14:15:15.569 [main] WARN org.apache.jena.riot - [line: 3640, col: 38] Bad IRI: <%3Chttp://www.openlinksw.com/schemas/virtrdf#Geometry%3E> Code: 0/ILLEGAL_CHARACTER in SCHEME: The character violates the grammar rules for URIs/IRIs.
14:15:15.569 [main] WARN org.apache.jena.riot - [line: 3698, col: 38] Bad IRI: <%3Chttp://www.openlinksw.com/schemas/virtrdf#Geometry%3E> Code: 0/ILLEGAL_CHARACTER in SCHEME: The character violates the grammar rules for URIs/IRIs.
14:15:15.570 [main] WARN org.apache.jena.riot - [line: 3792, col: 38] Bad IRI: <%3Chttp://www.openlinksw.com/schemas/virtrdf#Geometry%3E> Code: 0/ILLEGAL_CHARACTER in SCHEME: The character violates the grammar rules for URIs/IRIs.
14:15:15.570 [main] WARN org.apache.jena.riot - [line: 3892, col: 38] Bad IRI: <%3Chttp://www.openlinksw.com/schemas/virtrdf#Geometry%3E> Code: 0/ILLEGAL_CHARACTER in SCHEME: The character violates the grammar rules for URIs/IRIs.
14:15:15.570 [main] WARN org.apache.jena.riot - [line: 3985, col: 38] Bad IRI: <%3Chttp://www.openlinksw.com/schemas/virtrdf#Geometry%3E> Code: 0/ILLEGAL_CHARACTER in SCHEME: The character violates the grammar rules for URIs/IRIs.
14:15:15.571 [main] WARN org.apache.jena.riot - [line: 4041, col: 38] Bad IRI: <%3Chttp://www.openlinksw.com/schemas/virtrdf#Geometry%3E> Code: 0/ILLEGAL_CHARACTER in SCHEME: The character violates the grammar rules for URIs/IRIs.
14:15:15.571 [main] WARN org.apache.jena.riot - [line: 4087, col: 38] Bad IRI: <%3Chttp://www.openlinksw.com/schemas/virtrdf#Geometry%3E> Code: 0/ILLEGAL_CHARACTER in SCHEME: The character violates the grammar rules for URIs/IRIs.
14:15:15.571 [main] WARN org.apache.jena.riot - [line: 4129, col: 38] Bad IRI: <%3Chttp://www.openlinksw.com/schemas/virtrdf#Geometry%3E> Code: 0/ILLEGAL_CHARACTER in SCHEME: The character violates the grammar rules for URIs/IRIs.
14:15:15.571 [main] WARN org.apache.jena.riot - [line: 4200, col: 38] Bad IRI: <%3Chttp://www.openlinksw.com/schemas/virtrdf#Geometry%3E> Code: 0/ILLEGAL_CHARACTER in SCHEME: The character violates the grammar rules for URIs/IRIs.
14:15:15.572 [main] WARN org.apache.jena.riot - [line: 4289, col: 38] Bad IRI: <%3Chttp://www.openlinksw.com/schemas/virtrdf#Geometry%3E> Code: 0/ILLEGAL_CHARACTER in SCHEME: The character violates the grammar rules for URIs/IRIs.
14:15:15.572 [main] WARN org.apache.jena.riot - [line: 4356, col: 38] Bad IRI: <%3Chttp://www.openlinksw.com/schemas/virtrdf#Geometry%3E> Code: 0/ILLEGAL_CHARACTER in SCHEME: The character violates the grammar rules for URIs/IRIs.
14:15:15.572 [main] WARN org.apache.jena.riot - [line: 4459, col: 38] Bad IRI: <%3Chttp://www.openlinksw.com/schemas/virtrdf#Geometry%3E> Code: 0/ILLEGAL_CHARACTER in SCHEME: The character violates the grammar rules for URIs/IRIs.
14:15:15.572 [main] WARN org.apache.jena.riot - [line: 4505, col: 38] Bad IRI: <%3Chttp://www.openlinksw.com/schemas/virtrdf#Geometry%3E> Code: 0/ILLEGAL_CHARACTER in SCHEME: The character violates the grammar rules for URIs/IRIs.
14:15:15.572 [main] WARN org.apache.jena.riot - [line: 4551, col: 38] Bad IRI: <%3Chttp://www.openlinksw.com/schemas/virtrdf#Geometry%3E> Code: 0/ILLEGAL_CHARACTER in SCHEME: The character violates the grammar rules for URIs/IRIs.
14:15:15.573 [main] WARN org.apache.jena.riot - [line: 4643, col: 38] Bad IRI: <%3Chttp://www.openlinksw.com/schemas/virtrdf#Geometry%3E> Code: 0/ILLEGAL_CHARACTER in SCHEME: The character violates the grammar rules for URIs/IRIs.
14:15:15.573 [main] WARN org.apache.jena.riot - [line: 4730, col: 38] Bad IRI: <%3Chttp://www.openlinksw.com/schemas/virtrdf#Geometry%3E> Code: 0/ILLEGAL_CHARACTER in SCHEME: The character violates the grammar rules for URIs/IRIs.
14:15:15.573 [main] WARN org.apache.jena.riot - [line: 4822, col: 38] Bad IRI: <%3Chttp://www.openlinksw.com/schemas/virtrdf#Geometry%3E> Code: 0/ILLEGAL_CHARACTER in SCHEME: The character violates the grammar rules for URIs/IRIs.
14:15:15.574 [main] WARN org.apache.jena.riot - [line: 4912, col: 38] Bad IRI: <%3Chttp://www.openlinksw.com/schemas/virtrdf#Geometry%3E> Code: 0/ILLEGAL_CHARACTER in SCHEME: The character violates the grammar rules for URIs/IRIs.
14:15:15.574 [main] WARN org.apache.jena.riot - [line: 4993, col: 38] Bad IRI: <%3Chttp://www.openlinksw.com/schemas/virtrdf#Geometry%3E> Code: 0/ILLEGAL_CHARACTER in SCHEME: The character violates the grammar rules for URIs/IRIs.
14:15:15.574 [main] WARN org.apache.jena.riot - [line: 5059, col: 38] Bad IRI: <%3Chttp://www.openlinksw.com/schemas/virtrdf#Geometry%3E> Code: 0/ILLEGAL_CHARACTER in SCHEME: The character violates the grammar rules for URIs/IRIs.
14:15:15.574 [main] WARN org.apache.jena.riot - [line: 5102, col: 38] Bad IRI: <%3Chttp://www.openlinksw.com/schemas/virtrdf#Geometry%3E> Code: 0/ILLEGAL_CHARACTER in SCHEME: The character violates the grammar rules for URIs/IRIs.
14:15:15.575 [main] WARN org.apache.jena.riot - [line: 5175, col: 38] Bad IRI: <%3Chttp://www.openlinksw.com/schemas/virtrdf#Geometry%3E> Code: 0/ILLEGAL_CHARACTER in SCHEME: The character violates the grammar rules for URIs/IRIs.
14:15:15.575 [main] WARN org.apache.jena.riot - [line: 5291, col: 38] Bad IRI: <%3Chttp://www.openlinksw.com/schemas/virtrdf#Geometry%3E> Code: 0/ILLEGAL_CHARACTER in SCHEME: The character violates the grammar rules for URIs/IRIs.
14:15:15.576 [main] WARN org.apache.jena.riot - [line: 5403, col: 38] Bad IRI: <%3Chttp://www.openlinksw.com/schemas/virtrdf#Geometry%3E> Code: 0/ILLEGAL_CHARACTER in SCHEME: The character violates the grammar rules for URIs/IRIs.
14:15:15.576 [main] WARN org.apache.jena.riot - [line: 5447, col: 38] Bad IRI: <%3Chttp://www.openlinksw.com/schemas/virtrdf#Geometry%3E> Code: 0/ILLEGAL_CHARACTER in SCHEME: The character violates the grammar rules for URIs/IRIs.
14:15:15.576 [main] WARN org.apache.jena.riot - [line: 5508, col: 38] Bad IRI: <%3Chttp://www.openlinksw.com/schemas/virtrdf#Geometry%3E> Code: 0/ILLEGAL_CHARACTER in SCHEME: The character violates the grammar rules for URIs/IRIs.
14:15:15.576 [main] WARN org.apache.jena.riot - [line: 5601, col: 38] Bad IRI: <%3Chttp://www.openlinksw.com/schemas/virtrdf#Geometry%3E> Code: 0/ILLEGAL_CHARACTER in SCHEME: The character violates the grammar rules for URIs/IRIs.
14:15:15.577 [main] WARN org.apache.jena.riot - [line: 5672, col: 38] Bad IRI: <%3Chttp://www.openlinksw.com/schemas/virtrdf#Geometry%3E> Code: 0/ILLEGAL_CHARACTER in SCHEME: The character violates the grammar rules for URIs/IRIs.
14:15:15.577 [main] WARN org.apache.jena.riot - [line: 5750, col: 38] Bad IRI: <%3Chttp://www.openlinksw.com/schemas/virtrdf#Geometry%3E> Code: 0/ILLEGAL_CHARACTER in SCHEME: The character violates the grammar rules for URIs/IRIs.
14:15:15.577 [main] WARN org.apache.jena.riot - [line: 5829, col: 38] Bad IRI: <%3Chttp://www.openlinksw.com/schemas/virtrdf#Geometry%3E> Code: 0/ILLEGAL_CHARACTER in SCHEME: The character violates the grammar rules for URIs/IRIs.
14:15:15.578 [main] WARN org.apache.jena.riot - [line: 5955, col: 38] Bad IRI: <%3Chttp://www.openlinksw.com/schemas/virtrdf#Geometry%3E> Code: 0/ILLEGAL_CHARACTER in SCHEME: The character violates the grammar rules for URIs/IRIs.
14:15:15.578 [main] WARN org.apache.jena.riot - [line: 6060, col: 38] Bad IRI: <%3Chttp://www.openlinksw.com/schemas/virtrdf#Geometry%3E> Code: 0/ILLEGAL_CHARACTER in SCHEME: The character violates the grammar rules for URIs/IRIs.
14:15:15.578 [main] WARN org.apache.jena.riot - [line: 6138, col: 38] Bad IRI: <%3Chttp://www.openlinksw.com/schemas/virtrdf#Geometry%3E> Code: 0/ILLEGAL_CHARACTER in SCHEME: The character violates the grammar rules for URIs/IRIs.
14:15:15.578 [main] WARN org.apache.jena.riot - [line: 6190, col: 38] Bad IRI: <%3Chttp://www.openlinksw.com/schemas/virtrdf#Geometry%3E> Code: 0/ILLEGAL_CHARACTER in SCHEME: The character violates the grammar rules for URIs/IRIs.
14:15:15.579 [main] WARN org.apache.jena.riot - [line: 6277, col: 38] Bad IRI: <%3Chttp://www.openlinksw.com/schemas/virtrdf#Geometry%3E> Code: 0/ILLEGAL_CHARACTER in SCHEME: The character violates the grammar rules for URIs/IRIs.
14:15:15.579 [main] WARN org.apache.jena.riot - [line: 6397, col: 38] Bad IRI: <%3Chttp://www.openlinksw.com/schemas/virtrdf#Geometry%3E> Code: 0/ILLEGAL_CHARACTER in SCHEME: The character violates the grammar rules for URIs/IRIs.
14:15:15.580 [main] WARN org.apache.jena.riot - [line: 6499, col: 38] Bad IRI: <%3Chttp://www.openlinksw.com/schemas/virtrdf#Geometry%3E> Code: 0/ILLEGAL_CHARACTER in SCHEME: The character violates the grammar rules for URIs/IRIs.
14:15:15.580 [main] WARN org.apache.jena.riot - [line: 6577, col: 38] Bad IRI: <%3Chttp://www.openlinksw.com/schemas/virtrdf#Geometry%3E> Code: 0/ILLEGAL_CHARACTER in SCHEME: The character violates the grammar rules for URIs/IRIs.
14:15:15.580 [main] WARN org.apache.jena.riot - [line: 6634, col: 38] Bad IRI: <%3Chttp://www.openlinksw.com/schemas/virtrdf#Geometry%3E> Code: 0/ILLEGAL_CHARACTER in SCHEME: The character violates the grammar rules for URIs/IRIs.
14:15:15.580 [main] WARN org.apache.jena.riot - [line: 6695, col: 38] Bad IRI: <%3Chttp://www.openlinksw.com/schemas/virtrdf#Geometry%3E> Code: 0/ILLEGAL_CHARACTER in SCHEME: The character violates the grammar rules for URIs/IRIs.
14:15:15.581 [main] WARN org.apache.jena.riot - [line: 6759, col: 38] Bad IRI: <%3Chttp://www.openlinksw.com/schemas/virtrdf#Geometry%3E> Code: 0/ILLEGAL_CHARACTER in SCHEME: The character violates the grammar rules for URIs/IRIs.
14:15:15.581 [main] WARN org.apache.jena.riot - [line: 6853, col: 38] Bad IRI: <%3Chttp://www.openlinksw.com/schemas/virtrdf#Geometry%3E> Code: 0/ILLEGAL_CHARACTER in SCHEME: The character violates the grammar rules for URIs/IRIs.
14:15:15.581 [main] WARN org.apache.jena.riot - [line: 6899, col: 38] Bad IRI: <%3Chttp://www.openlinksw.com/schemas/virtrdf#Geometry%3E> Code: 0/ILLEGAL_CHARACTER in SCHEME: The character violates the grammar rules for URIs/IRIs.
14:15:15.582 [main] WARN org.apache.jena.riot - [line: 6970, col: 38] Bad IRI: <%3Chttp://www.openlinksw.com/schemas/virtrdf#Geometry%3E> Code: 0/ILLEGAL_CHARACTER in SCHEME: The character violates the grammar rules for URIs/IRIs.
14:15:15.582 [main] WARN org.apache.jena.riot - [line: 7059, col: 38] Bad IRI: <%3Chttp://www.openlinksw.com/schemas/virtrdf#Geometry%3E> Code: 0/ILLEGAL_CHARACTER in SCHEME: The character violates the grammar rules for URIs/IRIs.
14:15:15.582 [main] WARN org.apache.jena.riot - [line: 7160, col: 38] Bad IRI: <%3Chttp://www.openlinksw.com/schemas/virtrdf#Geometry%3E> Code: 0/ILLEGAL_CHARACTER in SCHEME: The character violates the grammar rules for URIs/IRIs.
14:15:15.583 [main] WARN org.apache.jena.riot - [line: 7224, col: 38] Bad IRI: <%3Chttp://www.openlinksw.com/schemas/virtrdf#Geometry%3E> Code: 0/ILLEGAL_CHARACTER in SCHEME: The character violates the grammar rules for URIs/IRIs.
14:15:15.583 [main] WARN org.apache.jena.riot - [line: 7271, col: 38] Bad IRI: <%3Chttp://www.openlinksw.com/schemas/virtrdf#Geometry%3E> Code: 0/ILLEGAL_CHARACTER in SCHEME: The character violates the grammar rules for URIs/IRIs.
14:15:15.583 [main] WARN org.apache.jena.riot - [line: 7360, col: 38] Bad IRI: <%3Chttp://www.openlinksw.com/schemas/virtrdf#Geometry%3E> Code: 0/ILLEGAL_CHARACTER in SCHEME: The character violates the grammar rules for URIs/IRIs.
14:15:15.583 [main] WARN org.apache.jena.riot - [line: 7430, col: 38] Bad IRI: <%3Chttp://www.openlinksw.com/schemas/virtrdf#Geometry%3E> Code: 0/ILLEGAL_CHARACTER in SCHEME: The character violates the grammar rules for URIs/IRIs.
14:15:15.584 [main] WARN org.apache.jena.riot - [line: 7498, col: 38] Bad IRI: <%3Chttp://www.openlinksw.com/schemas/virtrdf#Geometry%3E> Code: 0/ILLEGAL_CHARACTER in SCHEME: The character violates the grammar rules for URIs/IRIs.
14:15:15.584 [main] WARN org.apache.jena.riot - [line: 7599, col: 38] Bad IRI: <%3Chttp://www.openlinksw.com/schemas/virtrdf#Geometry%3E> Code: 0/ILLEGAL_CHARACTER in SCHEME: The character violates the grammar rules for URIs/IRIs.
14:15:15.584 [main] WARN org.apache.jena.riot - [line: 7701, col: 38] Bad IRI: <%3Chttp://www.openlinksw.com/schemas/virtrdf#Geometry%3E> Code: 0/ILLEGAL_CHARACTER in SCHEME: The character violates the grammar rules for URIs/IRIs.
14:15:15.584 [main] WARN org.apache.jena.riot - [line: 7746, col: 38] Bad IRI: <%3Chttp://www.openlinksw.com/schemas/virtrdf#Geometry%3E> Code: 0/ILLEGAL_CHARACTER in SCHEME: The character violates the grammar rules for URIs/IRIs.
14:15:15.585 [main] WARN org.apache.jena.riot - [line: 7818, col: 38] Bad IRI: <%3Chttp://www.openlinksw.com/schemas/virtrdf#Geometry%3E> Code: 0/ILLEGAL_CHARACTER in SCHEME: The character violates the grammar rules for URIs/IRIs.
14:15:15.585 [main] WARN org.apache.jena.riot - [line: 7918, col: 38] Bad IRI: <%3Chttp://www.openlinksw.com/schemas/virtrdf#Geometry%3E> Code: 0/ILLEGAL_CHARACTER in SCHEME: The character violates the grammar rules for URIs/IRIs.
14:15:15.586 [main] WARN org.apache.jena.riot - [line: 8006, col: 38] Bad IRI: <%3Chttp://www.openlinksw.com/schemas/virtrdf#Geometry%3E> Code: 0/ILLEGAL_CHARACTER in SCHEME: The character violates the grammar rules for URIs/IRIs.
14:15:15.586 [main] WARN org.apache.jena.riot - [line: 8073, col: 38] Bad IRI: <%3Chttp://www.openlinksw.com/schemas/virtrdf#Geometry%3E> Code: 0/ILLEGAL_CHARACTER in SCHEME: The character violates the grammar rules for URIs/IRIs.
14:15:15.586 [main] WARN org.apache.jena.riot - [line: 8149, col: 38] Bad IRI: <%3Chttp://www.openlinksw.com/schemas/virtrdf#Geometry%3E> Code: 0/ILLEGAL_CHARACTER in SCHEME: The character violates the grammar rules for URIs/IRIs.
14:15:15.586 [main] WARN org.apache.jena.riot - [line: 8233, col: 38] Bad IRI: <%3Chttp://www.openlinksw.com/schemas/virtrdf#Geometry%3E> Code: 0/ILLEGAL_CHARACTER in SCHEME: The character violates the grammar rules for URIs/IRIs.
14:15:15.587 [main] WARN org.apache.jena.riot - [line: 8280, col: 38] Bad IRI: <%3Chttp://www.openlinksw.com/schemas/virtrdf#Geometry%3E> Code: 0/ILLEGAL_CHARACTER in SCHEME: The character violates the grammar rules for URIs/IRIs.
14:15:15.587 [main] WARN org.apache.jena.riot - [line: 8356, col: 38] Bad IRI: <%3Chttp://www.openlinksw.com/schemas/virtrdf#Geometry%3E> Code: 0/ILLEGAL_CHARACTER in SCHEME: The character violates the grammar rules for URIs/IRIs.
14:15:15.587 [main] WARN org.apache.jena.riot - [line: 8445, col: 38] Bad IRI: <%3Chttp://www.openlinksw.com/schemas/virtrdf#Geometry%3E> Code: 0/ILLEGAL_CHARACTER in SCHEME: The character violates the grammar rules for URIs/IRIs.
14:15:15.588 [main] WARN org.apache.jena.riot - [line: 8568, col: 38] Bad IRI: <%3Chttp://www.openlinksw.com/schemas/virtrdf#Geometry%3E> Code: 0/ILLEGAL_CHARACTER in SCHEME: The character violates the grammar rules for URIs/IRIs.
14:15:15.588 [main] WARN org.apache.jena.riot - [line: 8694, col: 38] Bad IRI: <%3Chttp://www.openlinksw.com/schemas/virtrdf#Geometry%3E> Code: 0/ILLEGAL_CHARACTER in SCHEME: The character violates the grammar rules for URIs/IRIs.
14:15:15.588 [main] WARN org.apache.jena.riot - [line: 8764, col: 38] Bad IRI: <%3Chttp://www.openlinksw.com/schemas/virtrdf#Geometry%3E> Code: 0/ILLEGAL_CHARACTER in SCHEME: The character violates the grammar rules for URIs/IRIs.
14:15:15.589 [main] WARN org.apache.jena.riot - [line: 8810, col: 38] Bad IRI: <%3Chttp://www.openlinksw.com/schemas/virtrdf#Geometry%3E> Code: 0/ILLEGAL_CHARACTER in SCHEME: The character violates the grammar rules for URIs/IRIs.
14:15:15.589 [main] WARN org.apache.jena.riot - [line: 8877, col: 38] Bad IRI: <%3Chttp://www.openlinksw.com/schemas/virtrdf#Geometry%3E> Code: 0/ILLEGAL_CHARACTER in SCHEME: The character violates the grammar rules for URIs/IRIs.
14:15:15.589 [main] WARN org.apache.jena.riot - [line: 8955, col: 38] Bad IRI: <%3Chttp://www.openlinksw.com/schemas/virtrdf#Geometry%3E> Code: 0/ILLEGAL_CHARACTER in SCHEME: The character violates the grammar rules for URIs/IRIs.
14:15:15.589 [main] WARN org.apache.jena.riot - [line: 9022, col: 38] Bad IRI: <%3Chttp://www.openlinksw.com/schemas/virtrdf#Geometry%3E> Code: 0/ILLEGAL_CHARACTER in SCHEME: The character violates the grammar rules for URIs/IRIs.
14:15:15.590 [main] WARN org.apache.jena.riot - [line: 9129, col: 38] Bad IRI: <%3Chttp://www.openlinksw.com/schemas/virtrdf#Geometry%3E> Code: 0/ILLEGAL_CHARACTER in SCHEME: The character violates the grammar rules for URIs/IRIs.
14:15:15.590 [main] WARN org.apache.jena.riot - [line: 9266, col: 38] Bad IRI: <%3Chttp://www.openlinksw.com/schemas/virtrdf#Geometry%3E> Code: 0/ILLEGAL_CHARACTER in SCHEME: The character violates the grammar rules for URIs/IRIs.
14:15:15.591 [main] WARN org.apache.jena.riot - [line: 9313, col: 38] Bad IRI: <%3Chttp://www.openlinksw.com/schemas/virtrdf#Geometry%3E> Code: 0/ILLEGAL_CHARACTER in SCHEME: The character violates the grammar rules for URIs/IRIs.
14:15:15.591 [main] WARN org.apache.jena.riot - [line: 9362, col: 38] Bad IRI: <%3Chttp://www.openlinksw.com/schemas/virtrdf#Geometry%3E> Code: 0/ILLEGAL_CHARACTER in SCHEME: The character violates the grammar rules for URIs/IRIs.
14:15:15.591 [main] WARN org.apache.jena.riot - [line: 9428, col: 38] Bad IRI: <%3Chttp://www.openlinksw.com/schemas/virtrdf#Geometry%3E> Code: 0/ILLEGAL_CHARACTER in SCHEME: The character violates the grammar rules for URIs/IRIs.
14:15:15.591 [main] WARN org.apache.jena.riot - [line: 9495, col: 38] Bad IRI: <%3Chttp://www.openlinksw.com/schemas/virtrdf#Geometry%3E> Code: 0/ILLEGAL_CHARACTER in SCHEME: The character violates the grammar rules for URIs/IRIs.
14:15:15.591 [main] WARN org.apache.jena.riot - [line: 9561, col: 38] Bad IRI: <%3Chttp://www.openlinksw.com/schemas/virtrdf#Geometry%3E> Code: 0/ILLEGAL_CHARACTER in SCHEME: The character violates the grammar rules for URIs/IRIs.
14:15:15.592 [main] WARN org.apache.jena.riot - [line: 9626, col: 38] Bad IRI: <%3Chttp://www.openlinksw.com/schemas/virtrdf#Geometry%3E> Code: 0/ILLEGAL_CHARACTER in SCHEME: The character violates the grammar rules for URIs/IRIs.
14:15:15.592 [main] WARN org.apache.jena.riot - [line: 9774, col: 38] Bad IRI: <%3Chttp://www.openlinksw.com/schemas/virtrdf#Geometry%3E> Code: 0/ILLEGAL_CHARACTER in SCHEME: The character violates the grammar rules for URIs/IRIs.
14:15:15.592 [main] WARN org.apache.jena.riot - [line: 9849, col: 38] Bad IRI: <%3Chttp://www.openlinksw.com/schemas/virtrdf#Geometry%3E> Code: 0/ILLEGAL_CHARACTER in SCHEME: The character violates the grammar rules for URIs/IRIs.
14:15:15.593 [main] WARN org.apache.jena.riot - [line: 9916, col: 38] Bad IRI: <%3Chttp://www.openlinksw.com/schemas/virtrdf#Geometry%3E> Code: 0/ILLEGAL_CHARACTER in SCHEME: The character violates the grammar rules for URIs/IRIs.
14:15:15.593 [main] WARN org.apache.jena.riot - [line: 10020, col: 38] Bad IRI: <%3Chttp://www.openlinksw.com/schemas/virtrdf#Geometry%3E> Code: 0/ILLEGAL_CHARACTER in SCHEME: The character violates the grammar rules for URIs/IRIs.
14:15:15.593 [main] WARN org.apache.jena.riot - [line: 10122, col: 38] Bad IRI: <%3Chttp://www.openlinksw.com/schemas/virtrdf#Geometry%3E> Code: 0/ILLEGAL_CHARACTER in SCHEME: The character violates the grammar rules for URIs/IRIs.
prettyFormatTurtle  - 0 - 0
Time Elapsed 0.9_20 0 sec , 0 min
***** Total Parsing Time 11 sec , 0 min *****
/home/koen/shape-generation-clean/generated-output/qse/marine-regions/db_0.9_50 created successfully.
Invoked:: PostConstraintsAnnotator
MODEL:: CUSTOM - SIZE: 6121 | PARAMS: 90.0 - 50
::: ShapesExtractor ~ WRITING MODEL TO FILE: /home/koen/shape-generation-clean/generated-output/qse/marine-regions/DATASET_QSE_0.9_50.ttl
writeModelToFile  - 0 - 0
::: ShapesExtractor ~ PRETTY FORMATTING TURTLE FILE: /home/koen/shape-generation-clean/generated-output/qse/marine-regions/DATASET_QSE_0.9_50_SHACL.ttl
Pretty Formatting
14:15:16.165 [main] WARN org.apache.jena.riot - [line: 16, col: 38] Bad IRI: <%3Chttp://www.openlinksw.com/schemas/virtrdf#Geometry%3E> Code: 0/ILLEGAL_CHARACTER in SCHEME: The character violates the grammar rules for URIs/IRIs.
14:15:16.165 [main] WARN org.apache.jena.riot - [line: 59, col: 38] Bad IRI: <%3Chttp://www.openlinksw.com/schemas/virtrdf#Geometry%3E> Code: 0/ILLEGAL_CHARACTER in SCHEME: The character violates the grammar rules for URIs/IRIs.
14:15:16.166 [main] WARN org.apache.jena.riot - [line: 117, col: 38] Bad IRI: <%3Chttp://www.openlinksw.com/schemas/virtrdf#Geometry%3E> Code: 0/ILLEGAL_CHARACTER in SCHEME: The character violates the grammar rules for URIs/IRIs.
14:15:16.166 [main] WARN org.apache.jena.riot - [line: 197, col: 38] Bad IRI: <%3Chttp://www.openlinksw.com/schemas/virtrdf#Geometry%3E> Code: 0/ILLEGAL_CHARACTER in SCHEME: The character violates the grammar rules for URIs/IRIs.
14:15:16.166 [main] WARN org.apache.jena.riot - [line: 241, col: 38] Bad IRI: <%3Chttp://www.openlinksw.com/schemas/virtrdf#Geometry%3E> Code: 0/ILLEGAL_CHARACTER in SCHEME: The character violates the grammar rules for URIs/IRIs.
14:15:16.166 [main] WARN org.apache.jena.riot - [line: 288, col: 38] Bad IRI: <%3Chttp://www.openlinksw.com/schemas/virtrdf#Geometry%3E> Code: 0/ILLEGAL_CHARACTER in SCHEME: The character violates the grammar rules for URIs/IRIs.
14:15:16.166 [main] WARN org.apache.jena.riot - [line: 331, col: 38] Bad IRI: <%3Chttp://www.openlinksw.com/schemas/virtrdf#Geometry%3E> Code: 0/ILLEGAL_CHARACTER in SCHEME: The character violates the grammar rules for URIs/IRIs.
14:15:16.167 [main] WARN org.apache.jena.riot - [line: 403, col: 38] Bad IRI: <%3Chttp://www.openlinksw.com/schemas/virtrdf#Geometry%3E> Code: 0/ILLEGAL_CHARACTER in SCHEME: The character violates the grammar rules for URIs/IRIs.
14:15:16.167 [main] WARN org.apache.jena.riot - [line: 450, col: 38] Bad IRI: <%3Chttp://www.openlinksw.com/schemas/virtrdf#Geometry%3E> Code: 0/ILLEGAL_CHARACTER in SCHEME: The character violates the grammar rules for URIs/IRIs.
14:15:16.167 [main] WARN org.apache.jena.riot - [line: 521, col: 38] Bad IRI: <%3Chttp://www.openlinksw.com/schemas/virtrdf#Geometry%3E> Code: 0/ILLEGAL_CHARACTER in SCHEME: The character violates the grammar rules for URIs/IRIs.
14:15:16.167 [main] WARN org.apache.jena.riot - [line: 639, col: 38] Bad IRI: <%3Chttp://www.openlinksw.com/schemas/virtrdf#Geometry%3E> Code: 0/ILLEGAL_CHARACTER in SCHEME: The character violates the grammar rules for URIs/IRIs.
14:15:16.167 [main] WARN org.apache.jena.riot - [line: 732, col: 38] Bad IRI: <%3Chttp://www.openlinksw.com/schemas/virtrdf#Geometry%3E> Code: 0/ILLEGAL_CHARACTER in SCHEME: The character violates the grammar rules for URIs/IRIs.
14:15:16.168 [main] WARN org.apache.jena.riot - [line: 838, col: 38] Bad IRI: <%3Chttp://www.openlinksw.com/schemas/virtrdf#Geometry%3E> Code: 0/ILLEGAL_CHARACTER in SCHEME: The character violates the grammar rules for URIs/IRIs.
14:15:16.168 [main] WARN org.apache.jena.riot - [line: 931, col: 38] Bad IRI: <%3Chttp://www.openlinksw.com/schemas/virtrdf#Geometry%3E> Code: 0/ILLEGAL_CHARACTER in SCHEME: The character violates the grammar rules for URIs/IRIs.
14:15:16.168 [main] WARN org.apache.jena.riot - [line: 997, col: 38] Bad IRI: <%3Chttp://www.openlinksw.com/schemas/virtrdf#Geometry%3E> Code: 0/ILLEGAL_CHARACTER in SCHEME: The character violates the grammar rules for URIs/IRIs.
14:15:16.169 [main] WARN org.apache.jena.riot - [line: 1143, col: 38] Bad IRI: <%3Chttp://www.openlinksw.com/schemas/virtrdf#Geometry%3E> Code: 0/ILLEGAL_CHARACTER in SCHEME: The character violates the grammar rules for URIs/IRIs.
14:15:16.169 [main] WARN org.apache.jena.riot - [line: 1187, col: 38] Bad IRI: <%3Chttp://www.openlinksw.com/schemas/virtrdf#Geometry%3E> Code: 0/ILLEGAL_CHARACTER in SCHEME: The character violates the grammar rules for URIs/IRIs.
14:15:16.169 [main] WARN org.apache.jena.riot - [line: 1235, col: 38] Bad IRI: <%3Chttp://www.openlinksw.com/schemas/virtrdf#Geometry%3E> Code: 0/ILLEGAL_CHARACTER in SCHEME: The character violates the grammar rules for URIs/IRIs.
14:15:16.169 [main] WARN org.apache.jena.riot - [line: 1312, col: 38] Bad IRI: <%3Chttp://www.openlinksw.com/schemas/virtrdf#Geometry%3E> Code: 0/ILLEGAL_CHARACTER in SCHEME: The character violates the grammar rules for URIs/IRIs.
14:15:16.169 [main] WARN org.apache.jena.riot - [line: 1371, col: 38] Bad IRI: <%3Chttp://www.openlinksw.com/schemas/virtrdf#Geometry%3E> Code: 0/ILLEGAL_CHARACTER in SCHEME: The character violates the grammar rules for URIs/IRIs.
14:15:16.170 [main] WARN org.apache.jena.riot - [line: 1459, col: 38] Bad IRI: <%3Chttp://www.openlinksw.com/schemas/virtrdf#Geometry%3E> Code: 0/ILLEGAL_CHARACTER in SCHEME: The character violates the grammar rules for URIs/IRIs.
14:15:16.170 [main] WARN org.apache.jena.riot - [line: 1563, col: 38] Bad IRI: <%3Chttp://www.openlinksw.com/schemas/virtrdf#Geometry%3E> Code: 0/ILLEGAL_CHARACTER in SCHEME: The character violates the grammar rules for URIs/IRIs.
14:15:16.170 [main] WARN org.apache.jena.riot - [line: 1652, col: 38] Bad IRI: <%3Chttp://www.openlinksw.com/schemas/virtrdf#Geometry%3E> Code: 0/ILLEGAL_CHARACTER in SCHEME: The character violates the grammar rules for URIs/IRIs.
14:15:16.170 [main] WARN org.apache.jena.riot - [line: 1696, col: 38] Bad IRI: <%3Chttp://www.openlinksw.com/schemas/virtrdf#Geometry%3E> Code: 0/ILLEGAL_CHARACTER in SCHEME: The character violates the grammar rules for URIs/IRIs.
14:15:16.171 [main] WARN org.apache.jena.riot - [line: 1777, col: 38] Bad IRI: <%3Chttp://www.openlinksw.com/schemas/virtrdf#Geometry%3E> Code: 0/ILLEGAL_CHARACTER in SCHEME: The character violates the grammar rules for URIs/IRIs.
14:15:16.171 [main] WARN org.apache.jena.riot - [line: 1853, col: 38] Bad IRI: <%3Chttp://www.openlinksw.com/schemas/virtrdf#Geometry%3E> Code: 0/ILLEGAL_CHARACTER in SCHEME: The character violates the grammar rules for URIs/IRIs.
14:15:16.171 [main] WARN org.apache.jena.riot - [line: 1943, col: 38] Bad IRI: <%3Chttp://www.openlinksw.com/schemas/virtrdf#Geometry%3E> Code: 0/ILLEGAL_CHARACTER in SCHEME: The character violates the grammar rules for URIs/IRIs.
14:15:16.172 [main] WARN org.apache.jena.riot - [line: 2032, col: 38] Bad IRI: <%3Chttp://www.openlinksw.com/schemas/virtrdf#Geometry%3E> Code: 0/ILLEGAL_CHARACTER in SCHEME: The character violates the grammar rules for URIs/IRIs.
14:15:16.172 [main] WARN org.apache.jena.riot - [line: 2113, col: 38] Bad IRI: <%3Chttp://www.openlinksw.com/schemas/virtrdf#Geometry%3E> Code: 0/ILLEGAL_CHARACTER in SCHEME: The character violates the grammar rules for URIs/IRIs.
14:15:16.172 [main] WARN org.apache.jena.riot - [line: 2169, col: 38] Bad IRI: <%3Chttp://www.openlinksw.com/schemas/virtrdf#Geometry%3E> Code: 0/ILLEGAL_CHARACTER in SCHEME: The character violates the grammar rules for URIs/IRIs.
14:15:16.172 [main] WARN org.apache.jena.riot - [line: 2225, col: 38] Bad IRI: <%3Chttp://www.openlinksw.com/schemas/virtrdf#Geometry%3E> Code: 0/ILLEGAL_CHARACTER in SCHEME: The character violates the grammar rules for URIs/IRIs.
14:15:16.173 [main] WARN org.apache.jena.riot - [line: 2316, col: 38] Bad IRI: <%3Chttp://www.openlinksw.com/schemas/virtrdf#Geometry%3E> Code: 0/ILLEGAL_CHARACTER in SCHEME: The character violates the grammar rules for URIs/IRIs.
14:15:16.173 [main] WARN org.apache.jena.riot - [line: 2371, col: 38] Bad IRI: <%3Chttp://www.openlinksw.com/schemas/virtrdf#Geometry%3E> Code: 0/ILLEGAL_CHARACTER in SCHEME: The character violates the grammar rules for URIs/IRIs.
14:15:16.173 [main] WARN org.apache.jena.riot - [line: 2429, col: 38] Bad IRI: <%3Chttp://www.openlinksw.com/schemas/virtrdf#Geometry%3E> Code: 0/ILLEGAL_CHARACTER in SCHEME: The character violates the grammar rules for URIs/IRIs.
14:15:16.173 [main] WARN org.apache.jena.riot - [line: 2550, col: 38] Bad IRI: <%3Chttp://www.openlinksw.com/schemas/virtrdf#Geometry%3E> Code: 0/ILLEGAL_CHARACTER in SCHEME: The character violates the grammar rules for URIs/IRIs.
14:15:16.174 [main] WARN org.apache.jena.riot - [line: 2594, col: 38] Bad IRI: <%3Chttp://www.openlinksw.com/schemas/virtrdf#Geometry%3E> Code: 0/ILLEGAL_CHARACTER in SCHEME: The character violates the grammar rules for URIs/IRIs.
14:15:16.174 [main] WARN org.apache.jena.riot - [line: 2649, col: 38] Bad IRI: <%3Chttp://www.openlinksw.com/schemas/virtrdf#Geometry%3E> Code: 0/ILLEGAL_CHARACTER in SCHEME: The character violates the grammar rules for URIs/IRIs.
14:15:16.174 [main] WARN org.apache.jena.riot - [line: 2727, col: 38] Bad IRI: <%3Chttp://www.openlinksw.com/schemas/virtrdf#Geometry%3E> Code: 0/ILLEGAL_CHARACTER in SCHEME: The character violates the grammar rules for URIs/IRIs.
14:15:16.174 [main] WARN org.apache.jena.riot - [line: 2805, col: 38] Bad IRI: <%3Chttp://www.openlinksw.com/schemas/virtrdf#Geometry%3E> Code: 0/ILLEGAL_CHARACTER in SCHEME: The character violates the grammar rules for URIs/IRIs.
14:15:16.174 [main] WARN org.apache.jena.riot - [line: 2847, col: 38] Bad IRI: <%3Chttp://www.openlinksw.com/schemas/virtrdf#Geometry%3E> Code: 0/ILLEGAL_CHARACTER in SCHEME: The character violates the grammar rules for URIs/IRIs.
14:15:16.175 [main] WARN org.apache.jena.riot - [line: 2893, col: 38] Bad IRI: <%3Chttp://www.openlinksw.com/schemas/virtrdf#Geometry%3E> Code: 0/ILLEGAL_CHARACTER in SCHEME: The character violates the grammar rules for URIs/IRIs.
14:15:16.175 [main] WARN org.apache.jena.riot - [line: 2985, col: 38] Bad IRI: <%3Chttp://www.openlinksw.com/schemas/virtrdf#Geometry%3E> Code: 0/ILLEGAL_CHARACTER in SCHEME: The character violates the grammar rules for URIs/IRIs.
14:15:16.175 [main] WARN org.apache.jena.riot - [line: 3038, col: 38] Bad IRI: <%3Chttp://www.openlinksw.com/schemas/virtrdf#Geometry%3E> Code: 0/ILLEGAL_CHARACTER in SCHEME: The character violates the grammar rules for URIs/IRIs.
14:15:16.175 [main] WARN org.apache.jena.riot - [line: 3096, col: 38] Bad IRI: <%3Chttp://www.openlinksw.com/schemas/virtrdf#Geometry%3E> Code: 0/ILLEGAL_CHARACTER in SCHEME: The character violates the grammar rules for URIs/IRIs.
14:15:16.176 [main] WARN org.apache.jena.riot - [line: 3190, col: 38] Bad IRI: <%3Chttp://www.openlinksw.com/schemas/virtrdf#Geometry%3E> Code: 0/ILLEGAL_CHARACTER in SCHEME: The character violates the grammar rules for URIs/IRIs.
14:15:16.176 [main] WARN org.apache.jena.riot - [line: 3305, col: 38] Bad IRI: <%3Chttp://www.openlinksw.com/schemas/virtrdf#Geometry%3E> Code: 0/ILLEGAL_CHARACTER in SCHEME: The character violates the grammar rules for URIs/IRIs.
14:15:16.177 [main] WARN org.apache.jena.riot - [line: 3361, col: 38] Bad IRI: <%3Chttp://www.openlinksw.com/schemas/virtrdf#Geometry%3E> Code: 0/ILLEGAL_CHARACTER in SCHEME: The character violates the grammar rules for URIs/IRIs.
14:15:16.177 [main] WARN org.apache.jena.riot - [line: 3407, col: 38] Bad IRI: <%3Chttp://www.openlinksw.com/schemas/virtrdf#Geometry%3E> Code: 0/ILLEGAL_CHARACTER in SCHEME: The character violates the grammar rules for URIs/IRIs.
14:15:16.177 [main] WARN org.apache.jena.riot - [line: 3449, col: 38] Bad IRI: <%3Chttp://www.openlinksw.com/schemas/virtrdf#Geometry%3E> Code: 0/ILLEGAL_CHARACTER in SCHEME: The character violates the grammar rules for URIs/IRIs.
14:15:16.177 [main] WARN org.apache.jena.riot - [line: 3520, col: 38] Bad IRI: <%3Chttp://www.openlinksw.com/schemas/virtrdf#Geometry%3E> Code: 0/ILLEGAL_CHARACTER in SCHEME: The character violates the grammar rules for URIs/IRIs.
14:15:16.177 [main] WARN org.apache.jena.riot - [line: 3609, col: 38] Bad IRI: <%3Chttp://www.openlinksw.com/schemas/virtrdf#Geometry%3E> Code: 0/ILLEGAL_CHARACTER in SCHEME: The character violates the grammar rules for URIs/IRIs.
14:15:16.178 [main] WARN org.apache.jena.riot - [line: 3676, col: 38] Bad IRI: <%3Chttp://www.openlinksw.com/schemas/virtrdf#Geometry%3E> Code: 0/ILLEGAL_CHARACTER in SCHEME: The character violates the grammar rules for URIs/IRIs.
14:15:16.178 [main] WARN org.apache.jena.riot - [line: 3779, col: 38] Bad IRI: <%3Chttp://www.openlinksw.com/schemas/virtrdf#Geometry%3E> Code: 0/ILLEGAL_CHARACTER in SCHEME: The character violates the grammar rules for URIs/IRIs.
14:15:16.178 [main] WARN org.apache.jena.riot - [line: 3825, col: 38] Bad IRI: <%3Chttp://www.openlinksw.com/schemas/virtrdf#Geometry%3E> Code: 0/ILLEGAL_CHARACTER in SCHEME: The character violates the grammar rules for URIs/IRIs.
14:15:16.179 [main] WARN org.apache.jena.riot - [line: 3871, col: 38] Bad IRI: <%3Chttp://www.openlinksw.com/schemas/virtrdf#Geometry%3E> Code: 0/ILLEGAL_CHARACTER in SCHEME: The character violates the grammar rules for URIs/IRIs.
14:15:16.179 [main] WARN org.apache.jena.riot - [line: 3963, col: 38] Bad IRI: <%3Chttp://www.openlinksw.com/schemas/virtrdf#Geometry%3E> Code: 0/ILLEGAL_CHARACTER in SCHEME: The character violates the grammar rules for URIs/IRIs.
14:15:16.180 [main] WARN org.apache.jena.riot - [line: 4076, col: 38] Bad IRI: <%3Chttp://www.openlinksw.com/schemas/virtrdf#Geometry%3E> Code: 0/ILLEGAL_CHARACTER in SCHEME: The character violates the grammar rules for URIs/IRIs.
14:15:16.180 [main] WARN org.apache.jena.riot - [line: 4153, col: 38] Bad IRI: <%3Chttp://www.openlinksw.com/schemas/virtrdf#Geometry%3E> Code: 0/ILLEGAL_CHARACTER in SCHEME: The character violates the grammar rules for URIs/IRIs.
14:15:16.180 [main] WARN org.apache.jena.riot - [line: 4219, col: 38] Bad IRI: <%3Chttp://www.openlinksw.com/schemas/virtrdf#Geometry%3E> Code: 0/ILLEGAL_CHARACTER in SCHEME: The character violates the grammar rules for URIs/IRIs.
14:15:16.180 [main] WARN org.apache.jena.riot - [line: 4262, col: 38] Bad IRI: <%3Chttp://www.openlinksw.com/schemas/virtrdf#Geometry%3E> Code: 0/ILLEGAL_CHARACTER in SCHEME: The character violates the grammar rules for URIs/IRIs.
14:15:16.181 [main] WARN org.apache.jena.riot - [line: 4323, col: 38] Bad IRI: <%3Chttp://www.openlinksw.com/schemas/virtrdf#Geometry%3E> Code: 0/ILLEGAL_CHARACTER in SCHEME: The character violates the grammar rules for URIs/IRIs.
14:15:16.181 [main] WARN org.apache.jena.riot - [line: 4416, col: 38] Bad IRI: <%3Chttp://www.openlinksw.com/schemas/virtrdf#Geometry%3E> Code: 0/ILLEGAL_CHARACTER in SCHEME: The character violates the grammar rules for URIs/IRIs.
14:15:16.181 [main] WARN org.apache.jena.riot - [line: 4463, col: 38] Bad IRI: <%3Chttp://www.openlinksw.com/schemas/virtrdf#Geometry%3E> Code: 0/ILLEGAL_CHARACTER in SCHEME: The character violates the grammar rules for URIs/IRIs.
14:15:16.181 [main] WARN org.apache.jena.riot - [line: 4542, col: 38] Bad IRI: <%3Chttp://www.openlinksw.com/schemas/virtrdf#Geometry%3E> Code: 0/ILLEGAL_CHARACTER in SCHEME: The character violates the grammar rules for URIs/IRIs.
14:15:16.182 [main] WARN org.apache.jena.riot - [line: 4694, col: 38] Bad IRI: <%3Chttp://www.openlinksw.com/schemas/virtrdf#Geometry%3E> Code: 0/ILLEGAL_CHARACTER in SCHEME: The character violates the grammar rules for URIs/IRIs.
14:15:16.182 [main] WARN org.apache.jena.riot - [line: 4772, col: 38] Bad IRI: <%3Chttp://www.openlinksw.com/schemas/virtrdf#Geometry%3E> Code: 0/ILLEGAL_CHARACTER in SCHEME: The character violates the grammar rules for URIs/IRIs.
14:15:16.182 [main] WARN org.apache.jena.riot - [line: 4824, col: 38] Bad IRI: <%3Chttp://www.openlinksw.com/schemas/virtrdf#Geometry%3E> Code: 0/ILLEGAL_CHARACTER in SCHEME: The character violates the grammar rules for URIs/IRIs.
14:15:16.183 [main] WARN org.apache.jena.riot - [line: 4911, col: 38] Bad IRI: <%3Chttp://www.openlinksw.com/schemas/virtrdf#Geometry%3E> Code: 0/ILLEGAL_CHARACTER in SCHEME: The character violates the grammar rules for URIs/IRIs.
14:15:16.183 [main] WARN org.apache.jena.riot - [line: 5031, col: 38] Bad IRI: <%3Chttp://www.openlinksw.com/schemas/virtrdf#Geometry%3E> Code: 0/ILLEGAL_CHARACTER in SCHEME: The character violates the grammar rules for URIs/IRIs.
14:15:16.184 [main] WARN org.apache.jena.riot - [line: 5134, col: 38] Bad IRI: <%3Chttp://www.openlinksw.com/schemas/virtrdf#Geometry%3E> Code: 0/ILLEGAL_CHARACTER in SCHEME: The character violates the grammar rules for URIs/IRIs.
14:15:16.184 [main] WARN org.apache.jena.riot - [line: 5191, col: 38] Bad IRI: <%3Chttp://www.openlinksw.com/schemas/virtrdf#Geometry%3E> Code: 0/ILLEGAL_CHARACTER in SCHEME: The character violates the grammar rules for URIs/IRIs.
14:15:16.184 [main] WARN org.apache.jena.riot - [line: 5252, col: 38] Bad IRI: <%3Chttp://www.openlinksw.com/schemas/virtrdf#Geometry%3E> Code: 0/ILLEGAL_CHARACTER in SCHEME: The character violates the grammar rules for URIs/IRIs.
14:15:16.185 [main] WARN org.apache.jena.riot - [line: 5346, col: 38] Bad IRI: <%3Chttp://www.openlinksw.com/schemas/virtrdf#Geometry%3E> Code: 0/ILLEGAL_CHARACTER in SCHEME: The character violates the grammar rules for URIs/IRIs.
14:15:16.185 [main] WARN org.apache.jena.riot - [line: 5392, col: 38] Bad IRI: <%3Chttp://www.openlinksw.com/schemas/virtrdf#Geometry%3E> Code: 0/ILLEGAL_CHARACTER in SCHEME: The character violates the grammar rules for URIs/IRIs.
14:15:16.185 [main] WARN org.apache.jena.riot - [line: 5438, col: 38] Bad IRI: <%3Chttp://www.openlinksw.com/schemas/virtrdf#Geometry%3E> Code: 0/ILLEGAL_CHARACTER in SCHEME: The character violates the grammar rules for URIs/IRIs.
14:15:16.185 [main] WARN org.apache.jena.riot - [line: 5539, col: 38] Bad IRI: <%3Chttp://www.openlinksw.com/schemas/virtrdf#Geometry%3E> Code: 0/ILLEGAL_CHARACTER in SCHEME: The character violates the grammar rules for URIs/IRIs.
14:15:16.186 [main] WARN org.apache.jena.riot - [line: 5626, col: 38] Bad IRI: <%3Chttp://www.openlinksw.com/schemas/virtrdf#Geometry%3E> Code: 0/ILLEGAL_CHARACTER in SCHEME: The character violates the grammar rules for URIs/IRIs.
14:15:16.186 [main] WARN org.apache.jena.riot - [line: 5692, col: 38] Bad IRI: <%3Chttp://www.openlinksw.com/schemas/virtrdf#Geometry%3E> Code: 0/ILLEGAL_CHARACTER in SCHEME: The character violates the grammar rules for URIs/IRIs.
14:15:16.186 [main] WARN org.apache.jena.riot - [line: 5769, col: 38] Bad IRI: <%3Chttp://www.openlinksw.com/schemas/virtrdf#Geometry%3E> Code: 0/ILLEGAL_CHARACTER in SCHEME: The character violates the grammar rules for URIs/IRIs.
14:15:16.186 [main] WARN org.apache.jena.riot - [line: 5835, col: 38] Bad IRI: <%3Chttp://www.openlinksw.com/schemas/virtrdf#Geometry%3E> Code: 0/ILLEGAL_CHARACTER in SCHEME: The character violates the grammar rules for URIs/IRIs.
14:15:16.187 [main] WARN org.apache.jena.riot - [line: 5930, col: 38] Bad IRI: <%3Chttp://www.openlinksw.com/schemas/virtrdf#Geometry%3E> Code: 0/ILLEGAL_CHARACTER in SCHEME: The character violates the grammar rules for URIs/IRIs.
14:15:16.187 [main] WARN org.apache.jena.riot - [line: 6019, col: 38] Bad IRI: <%3Chttp://www.openlinksw.com/schemas/virtrdf#Geometry%3E> Code: 0/ILLEGAL_CHARACTER in SCHEME: The character violates the grammar rules for URIs/IRIs.
14:15:16.188 [main] WARN org.apache.jena.riot - [line: 6085, col: 38] Bad IRI: <%3Chttp://www.openlinksw.com/schemas/virtrdf#Geometry%3E> Code: 0/ILLEGAL_CHARACTER in SCHEME: The character violates the grammar rules for URIs/IRIs.
prettyFormatTurtle  - 0 - 0
Time Elapsed 0.9_50 0 sec , 0 min
***** Total Parsing Time 11 sec , 0 min *****
/home/koen/shape-generation-clean/generated-output/qse/marine-regions/db_0.8_20 created successfully.
Invoked:: PostConstraintsAnnotator
MODEL:: CUSTOM - SIZE: 11302 | PARAMS: 80.0 - 20
::: ShapesExtractor ~ WRITING MODEL TO FILE: /home/koen/shape-generation-clean/generated-output/qse/marine-regions/DATASET_QSE_0.8_20.ttl
writeModelToFile  - 0 - 0
::: ShapesExtractor ~ PRETTY FORMATTING TURTLE FILE: /home/koen/shape-generation-clean/generated-output/qse/marine-regions/DATASET_QSE_0.8_20_SHACL.ttl
Pretty Formatting
14:15:17.054 [main] WARN org.apache.jena.riot - [line: 42, col: 38] Bad IRI: <%3Chttp://www.openlinksw.com/schemas/virtrdf#Geometry%3E> Code: 0/ILLEGAL_CHARACTER in SCHEME: The character violates the grammar rules for URIs/IRIs.
14:15:17.054 [main] WARN org.apache.jena.riot - [line: 85, col: 38] Bad IRI: <%3Chttp://www.openlinksw.com/schemas/virtrdf#Geometry%3E> Code: 0/ILLEGAL_CHARACTER in SCHEME: The character violates the grammar rules for URIs/IRIs.
14:15:17.055 [main] WARN org.apache.jena.riot - [line: 143, col: 38] Bad IRI: <%3Chttp://www.openlinksw.com/schemas/virtrdf#Geometry%3E> Code: 0/ILLEGAL_CHARACTER in SCHEME: The character violates the grammar rules for URIs/IRIs.
14:15:17.055 [main] WARN org.apache.jena.riot - [line: 235, col: 38] Bad IRI: <%3Chttp://www.openlinksw.com/schemas/virtrdf#Geometry%3E> Code: 0/ILLEGAL_CHARACTER in SCHEME: The character violates the grammar rules for URIs/IRIs.
14:15:17.055 [main] WARN org.apache.jena.riot - [line: 279, col: 38] Bad IRI: <%3Chttp://www.openlinksw.com/schemas/virtrdf#Geometry%3E> Code: 0/ILLEGAL_CHARACTER in SCHEME: The character violates the grammar rules for URIs/IRIs.
14:15:17.055 [main] WARN org.apache.jena.riot - [line: 338, col: 38] Bad IRI: <%3Chttp://www.openlinksw.com/schemas/virtrdf#Geometry%3E> Code: 0/ILLEGAL_CHARACTER in SCHEME: The character violates the grammar rules for URIs/IRIs.
14:15:17.055 [main] WARN org.apache.jena.riot - [line: 381, col: 38] Bad IRI: <%3Chttp://www.openlinksw.com/schemas/virtrdf#Geometry%3E> Code: 0/ILLEGAL_CHARACTER in SCHEME: The character violates the grammar rules for URIs/IRIs.
14:15:17.056 [main] WARN org.apache.jena.riot - [line: 453, col: 38] Bad IRI: <%3Chttp://www.openlinksw.com/schemas/virtrdf#Geometry%3E> Code: 0/ILLEGAL_CHARACTER in SCHEME: The character violates the grammar rules for URIs/IRIs.
14:15:17.056 [main] WARN org.apache.jena.riot - [line: 500, col: 38] Bad IRI: <%3Chttp://www.openlinksw.com/schemas/virtrdf#Geometry%3E> Code: 0/ILLEGAL_CHARACTER in SCHEME: The character violates the grammar rules for URIs/IRIs.
14:15:17.056 [main] WARN org.apache.jena.riot - [line: 572, col: 38] Bad IRI: <%3Chttp://www.openlinksw.com/schemas/virtrdf#Geometry%3E> Code: 0/ILLEGAL_CHARACTER in SCHEME: The character violates the grammar rules for URIs/IRIs.
14:15:17.056 [main] WARN org.apache.jena.riot - [line: 702, col: 38] Bad IRI: <%3Chttp://www.openlinksw.com/schemas/virtrdf#Geometry%3E> Code: 0/ILLEGAL_CHARACTER in SCHEME: The character violates the grammar rules for URIs/IRIs.
14:15:17.057 [main] WARN org.apache.jena.riot - [line: 807, col: 38] Bad IRI: <%3Chttp://www.openlinksw.com/schemas/virtrdf#Geometry%3E> Code: 0/ILLEGAL_CHARACTER in SCHEME: The character violates the grammar rules for URIs/IRIs.
14:15:17.057 [main] WARN org.apache.jena.riot - [line: 925, col: 38] Bad IRI: <%3Chttp://www.openlinksw.com/schemas/virtrdf#Geometry%3E> Code: 0/ILLEGAL_CHARACTER in SCHEME: The character violates the grammar rules for URIs/IRIs.
14:15:17.057 [main] WARN org.apache.jena.riot - [line: 1018, col: 38] Bad IRI: <%3Chttp://www.openlinksw.com/schemas/virtrdf#Geometry%3E> Code: 0/ILLEGAL_CHARACTER in SCHEME: The character violates the grammar rules for URIs/IRIs.
14:15:17.057 [main] WARN org.apache.jena.riot - [line: 1111, col: 38] Bad IRI: <%3Chttp://www.openlinksw.com/schemas/virtrdf#Geometry%3E> Code: 0/ILLEGAL_CHARACTER in SCHEME: The character violates the grammar rules for URIs/IRIs.
14:15:17.058 [main] WARN org.apache.jena.riot - [line: 1168, col: 38] Bad IRI: <%3Chttp://www.openlinksw.com/schemas/virtrdf#Geometry%3E> Code: 0/ILLEGAL_CHARACTER in SCHEME: The character violates the grammar rules for URIs/IRIs.
14:15:17.058 [main] WARN org.apache.jena.riot - [line: 1281, col: 38] Bad IRI: <%3Chttp://www.openlinksw.com/schemas/virtrdf#Geometry%3E> Code: 0/ILLEGAL_CHARACTER in SCHEME: The character violates the grammar rules for URIs/IRIs.
14:15:17.058 [main] WARN org.apache.jena.riot - [line: 1325, col: 38] Bad IRI: <%3Chttp://www.openlinksw.com/schemas/virtrdf#Geometry%3E> Code: 0/ILLEGAL_CHARACTER in SCHEME: The character violates the grammar rules for URIs/IRIs.
14:15:17.059 [main] WARN org.apache.jena.riot - [line: 1385, col: 38] Bad IRI: <%3Chttp://www.openlinksw.com/schemas/virtrdf#Geometry%3E> Code: 0/ILLEGAL_CHARACTER in SCHEME: The character violates the grammar rules for URIs/IRIs.
14:15:17.059 [main] WARN org.apache.jena.riot - [line: 1478, col: 38] Bad IRI: <%3Chttp://www.openlinksw.com/schemas/virtrdf#Geometry%3E> Code: 0/ILLEGAL_CHARACTER in SCHEME: The character violates the grammar rules for URIs/IRIs.
14:15:17.059 [main] WARN org.apache.jena.riot - [line: 1546, col: 38] Bad IRI: <%3Chttp://www.openlinksw.com/schemas/virtrdf#Geometry%3E> Code: 0/ILLEGAL_CHARACTER in SCHEME: The character violates the grammar rules for URIs/IRIs.
14:15:17.059 [main] WARN org.apache.jena.riot - [line: 1635, col: 38] Bad IRI: <%3Chttp://www.openlinksw.com/schemas/virtrdf#Geometry%3E> Code: 0/ILLEGAL_CHARACTER in SCHEME: The character violates the grammar rules for URIs/IRIs.
14:15:17.060 [main] WARN org.apache.jena.riot - [line: 1756, col: 38] Bad IRI: <%3Chttp://www.openlinksw.com/schemas/virtrdf#Geometry%3E> Code: 0/ILLEGAL_CHARACTER in SCHEME: The character violates the grammar rules for URIs/IRIs.
14:15:17.060 [main] WARN org.apache.jena.riot - [line: 1798, col: 38] Bad IRI: <%3Chttp://www.openlinksw.com/schemas/virtrdf#Geometry%3E> Code: 0/ILLEGAL_CHARACTER in SCHEME: The character violates the grammar rules for URIs/IRIs.
14:15:17.060 [main] WARN org.apache.jena.riot - [line: 1857, col: 38] Bad IRI: <%3Chttp://www.openlinksw.com/schemas/virtrdf#Geometry%3E> Code: 0/ILLEGAL_CHARACTER in SCHEME: The character violates the grammar rules for URIs/IRIs.
14:15:17.060 [main] WARN org.apache.jena.riot - [line: 1901, col: 38] Bad IRI: <%3Chttp://www.openlinksw.com/schemas/virtrdf#Geometry%3E> Code: 0/ILLEGAL_CHARACTER in SCHEME: The character violates the grammar rules for URIs/IRIs.
14:15:17.060 [main] WARN org.apache.jena.riot - [line: 1982, col: 38] Bad IRI: <%3Chttp://www.openlinksw.com/schemas/virtrdf#Geometry%3E> Code: 0/ILLEGAL_CHARACTER in SCHEME: The character violates the grammar rules for URIs/IRIs.
14:15:17.061 [main] WARN org.apache.jena.riot - [line: 2070, col: 38] Bad IRI: <%3Chttp://www.openlinksw.com/schemas/virtrdf#Geometry%3E> Code: 0/ILLEGAL_CHARACTER in SCHEME: The character violates the grammar rules for URIs/IRIs.
14:15:17.061 [main] WARN org.apache.jena.riot - [line: 2175, col: 38] Bad IRI: <%3Chttp://www.openlinksw.com/schemas/virtrdf#Geometry%3E> Code: 0/ILLEGAL_CHARACTER in SCHEME: The character violates the grammar rules for URIs/IRIs.
14:15:17.061 [main] WARN org.apache.jena.riot - [line: 2240, col: 38] Bad IRI: <%3Chttp://www.openlinksw.com/schemas/virtrdf#Geometry%3E> Code: 0/ILLEGAL_CHARACTER in SCHEME: The character violates the grammar rules for URIs/IRIs.
14:15:17.062 [main] WARN org.apache.jena.riot - [line: 2314, col: 38] Bad IRI: <%3Chttp://www.openlinksw.com/schemas/virtrdf#Geometry%3E> Code: 0/ILLEGAL_CHARACTER in SCHEME: The character violates the grammar rules for URIs/IRIs.
14:15:17.062 [main] WARN org.apache.jena.riot - [line: 2428, col: 38] Bad IRI: <%3Chttp://www.openlinksw.com/schemas/virtrdf#Geometry%3E> Code: 0/ILLEGAL_CHARACTER in SCHEME: The character violates the grammar rules for URIs/IRIs.
14:15:17.063 [main] WARN org.apache.jena.riot - [line: 2509, col: 38] Bad IRI: <%3Chttp://www.openlinksw.com/schemas/virtrdf#Geometry%3E> Code: 0/ILLEGAL_CHARACTER in SCHEME: The character violates the grammar rules for URIs/IRIs.
14:15:17.063 [main] WARN org.apache.jena.riot - [line: 2565, col: 38] Bad IRI: <%3Chttp://www.openlinksw.com/schemas/virtrdf#Geometry%3E> Code: 0/ILLEGAL_CHARACTER in SCHEME: The character violates the grammar rules for URIs/IRIs.
14:15:17.063 [main] WARN org.apache.jena.riot - [line: 2621, col: 38] Bad IRI: <%3Chttp://www.openlinksw.com/schemas/virtrdf#Geometry%3E> Code: 0/ILLEGAL_CHARACTER in SCHEME: The character violates the grammar rules for URIs/IRIs.
14:15:17.063 [main] WARN org.apache.jena.riot - [line: 2666, col: 38] Bad IRI: <%3Chttp://www.openlinksw.com/schemas/virtrdf#Geometry%3E> Code: 0/ILLEGAL_CHARACTER in SCHEME: The character violates the grammar rules for URIs/IRIs.
14:15:17.064 [main] WARN org.apache.jena.riot - [line: 2738, col: 38] Bad IRI: <%3Chttp://www.openlinksw.com/schemas/virtrdf#Geometry%3E> Code: 0/ILLEGAL_CHARACTER in SCHEME: The character violates the grammar rules for URIs/IRIs.
14:15:17.064 [main] WARN org.apache.jena.riot - [line: 2793, col: 38] Bad IRI: <%3Chttp://www.openlinksw.com/schemas/virtrdf#Geometry%3E> Code: 0/ILLEGAL_CHARACTER in SCHEME: The character violates the grammar rules for URIs/IRIs.
14:15:17.064 [main] WARN org.apache.jena.riot - [line: 2839, col: 38] Bad IRI: <%3Chttp://www.openlinksw.com/schemas/virtrdf#Geometry%3E> Code: 0/ILLEGAL_CHARACTER in SCHEME: The character violates the grammar rules for URIs/IRIs.
14:15:17.064 [main] WARN org.apache.jena.riot - [line: 2943, col: 38] Bad IRI: <%3Chttp://www.openlinksw.com/schemas/virtrdf#Geometry%3E> Code: 0/ILLEGAL_CHARACTER in SCHEME: The character violates the grammar rules for URIs/IRIs.
14:15:17.065 [main] WARN org.apache.jena.riot - [line: 3020, col: 38] Bad IRI: <%3Chttp://www.openlinksw.com/schemas/virtrdf#Geometry%3E> Code: 0/ILLEGAL_CHARACTER in SCHEME: The character violates the grammar rules for URIs/IRIs.
14:15:17.065 [main] WARN org.apache.jena.riot - [line: 3110, col: 38] Bad IRI: <%3Chttp://www.openlinksw.com/schemas/virtrdf#Geometry%3E> Code: 0/ILLEGAL_CHARACTER in SCHEME: The character violates the grammar rules for URIs/IRIs.
14:15:17.065 [main] WARN org.apache.jena.riot - [line: 3203, col: 38] Bad IRI: <%3Chttp://www.openlinksw.com/schemas/virtrdf#Geometry%3E> Code: 0/ILLEGAL_CHARACTER in SCHEME: The character violates the grammar rules for URIs/IRIs.
14:15:17.066 [main] WARN org.apache.jena.riot - [line: 3272, col: 38] Bad IRI: <%3Chttp://www.openlinksw.com/schemas/virtrdf#Geometry%3E> Code: 0/ILLEGAL_CHARACTER in SCHEME: The character violates the grammar rules for URIs/IRIs.
14:15:17.066 [main] WARN org.apache.jena.riot - [line: 3328, col: 38] Bad IRI: <%3Chttp://www.openlinksw.com/schemas/virtrdf#Geometry%3E> Code: 0/ILLEGAL_CHARACTER in SCHEME: The character violates the grammar rules for URIs/IRIs.
14:15:17.066 [main] WARN org.apache.jena.riot - [line: 3431, col: 38] Bad IRI: <%3Chttp://www.openlinksw.com/schemas/virtrdf#Geometry%3E> Code: 0/ILLEGAL_CHARACTER in SCHEME: The character violates the grammar rules for URIs/IRIs.
14:15:17.067 [main] WARN org.apache.jena.riot - [line: 3523, col: 38] Bad IRI: <%3Chttp://www.openlinksw.com/schemas/virtrdf#Geometry%3E> Code: 0/ILLEGAL_CHARACTER in SCHEME: The character violates the grammar rules for URIs/IRIs.
14:15:17.067 [main] WARN org.apache.jena.riot - [line: 3613, col: 38] Bad IRI: <%3Chttp://www.openlinksw.com/schemas/virtrdf#Geometry%3E> Code: 0/ILLEGAL_CHARACTER in SCHEME: The character violates the grammar rules for URIs/IRIs.
14:15:17.067 [main] WARN org.apache.jena.riot - [line: 3655, col: 38] Bad IRI: <%3Chttp://www.openlinksw.com/schemas/virtrdf#Geometry%3E> Code: 0/ILLEGAL_CHARACTER in SCHEME: The character violates the grammar rules for URIs/IRIs.
14:15:17.068 [main] WARN org.apache.jena.riot - [line: 3727, col: 38] Bad IRI: <%3Chttp://www.openlinksw.com/schemas/virtrdf#Geometry%3E> Code: 0/ILLEGAL_CHARACTER in SCHEME: The character violates the grammar rules for URIs/IRIs.
14:15:17.068 [main] WARN org.apache.jena.riot - [line: 3802, col: 38] Bad IRI: <%3Chttp://www.openlinksw.com/schemas/virtrdf#Geometry%3E> Code: 0/ILLEGAL_CHARACTER in SCHEME: The character violates the grammar rules for URIs/IRIs.
14:15:17.068 [main] WARN org.apache.jena.riot - [line: 3860, col: 38] Bad IRI: <%3Chttp://www.openlinksw.com/schemas/virtrdf#Geometry%3E> Code: 0/ILLEGAL_CHARACTER in SCHEME: The character violates the grammar rules for URIs/IRIs.
14:15:17.069 [main] WARN org.apache.jena.riot - [line: 3939, col: 38] Bad IRI: <%3Chttp://www.openlinksw.com/schemas/virtrdf#Geometry%3E> Code: 0/ILLEGAL_CHARACTER in SCHEME: The character violates the grammar rules for URIs/IRIs.
14:15:17.069 [main] WARN org.apache.jena.riot - [line: 4045, col: 38] Bad IRI: <%3Chttp://www.openlinksw.com/schemas/virtrdf#Geometry%3E> Code: 0/ILLEGAL_CHARACTER in SCHEME: The character violates the grammar rules for URIs/IRIs.
14:15:17.069 [main] WARN org.apache.jena.riot - [line: 4098, col: 38] Bad IRI: <%3Chttp://www.openlinksw.com/schemas/virtrdf#Geometry%3E> Code: 0/ILLEGAL_CHARACTER in SCHEME: The character violates the grammar rules for URIs/IRIs.
14:15:17.070 [main] WARN org.apache.jena.riot - [line: 4156, col: 38] Bad IRI: <%3Chttp://www.openlinksw.com/schemas/virtrdf#Geometry%3E> Code: 0/ILLEGAL_CHARACTER in SCHEME: The character violates the grammar rules for URIs/IRIs.
14:15:17.070 [main] WARN org.apache.jena.riot - [line: 4260, col: 38] Bad IRI: <%3Chttp://www.openlinksw.com/schemas/virtrdf#Geometry%3E> Code: 0/ILLEGAL_CHARACTER in SCHEME: The character violates the grammar rules for URIs/IRIs.
14:15:17.071 [main] WARN org.apache.jena.riot - [line: 4360, col: 38] Bad IRI: <%3Chttp://www.openlinksw.com/schemas/virtrdf#Geometry%3E> Code: 0/ILLEGAL_CHARACTER in SCHEME: The character violates the grammar rules for URIs/IRIs.
14:15:17.071 [main] WARN org.apache.jena.riot - [line: 4463, col: 38] Bad IRI: <%3Chttp://www.openlinksw.com/schemas/virtrdf#Geometry%3E> Code: 0/ILLEGAL_CHARACTER in SCHEME: The character violates the grammar rules for URIs/IRIs.
14:15:17.071 [main] WARN org.apache.jena.riot - [line: 4533, col: 38] Bad IRI: <%3Chttp://www.openlinksw.com/schemas/virtrdf#Geometry%3E> Code: 0/ILLEGAL_CHARACTER in SCHEME: The character violates the grammar rules for URIs/IRIs.
14:15:17.072 [main] WARN org.apache.jena.riot - [line: 4605, col: 38] Bad IRI: <%3Chttp://www.openlinksw.com/schemas/virtrdf#Geometry%3E> Code: 0/ILLEGAL_CHARACTER in SCHEME: The character violates the grammar rules for URIs/IRIs.
14:15:17.072 [main] WARN org.apache.jena.riot - [line: 4647, col: 38] Bad IRI: <%3Chttp://www.openlinksw.com/schemas/virtrdf#Geometry%3E> Code: 0/ILLEGAL_CHARACTER in SCHEME: The character violates the grammar rules for URIs/IRIs.
14:15:17.072 [main] WARN org.apache.jena.riot - [line: 4719, col: 38] Bad IRI: <%3Chttp://www.openlinksw.com/schemas/virtrdf#Geometry%3E> Code: 0/ILLEGAL_CHARACTER in SCHEME: The character violates the grammar rules for URIs/IRIs.
14:15:17.072 [main] WARN org.apache.jena.riot - [line: 4820, col: 38] Bad IRI: <%3Chttp://www.openlinksw.com/schemas/virtrdf#Geometry%3E> Code: 0/ILLEGAL_CHARACTER in SCHEME: The character violates the grammar rules for URIs/IRIs.
14:15:17.073 [main] WARN org.apache.jena.riot - [line: 4912, col: 38] Bad IRI: <%3Chttp://www.openlinksw.com/schemas/virtrdf#Geometry%3E> Code: 0/ILLEGAL_CHARACTER in SCHEME: The character violates the grammar rules for URIs/IRIs.
14:15:17.073 [main] WARN org.apache.jena.riot - [line: 5015, col: 38] Bad IRI: <%3Chttp://www.openlinksw.com/schemas/virtrdf#Geometry%3E> Code: 0/ILLEGAL_CHARACTER in SCHEME: The character violates the grammar rules for URIs/IRIs.
14:15:17.073 [main] WARN org.apache.jena.riot - [line: 5061, col: 38] Bad IRI: <%3Chttp://www.openlinksw.com/schemas/virtrdf#Geometry%3E> Code: 0/ILLEGAL_CHARACTER in SCHEME: The character violates the grammar rules for URIs/IRIs.
14:15:17.074 [main] WARN org.apache.jena.riot - [line: 5107, col: 38] Bad IRI: <%3Chttp://www.openlinksw.com/schemas/virtrdf#Geometry%3E> Code: 0/ILLEGAL_CHARACTER in SCHEME: The character violates the grammar rules for URIs/IRIs.
14:15:17.074 [main] WARN org.apache.jena.riot - [line: 5199, col: 38] Bad IRI: <%3Chttp://www.openlinksw.com/schemas/virtrdf#Geometry%3E> Code: 0/ILLEGAL_CHARACTER in SCHEME: The character violates the grammar rules for URIs/IRIs.
14:15:17.075 [main] WARN org.apache.jena.riot - [line: 5298, col: 38] Bad IRI: <%3Chttp://www.openlinksw.com/schemas/virtrdf#Geometry%3E> Code: 0/ILLEGAL_CHARACTER in SCHEME: The character violates the grammar rules for URIs/IRIs.
14:15:17.075 [main] WARN org.apache.jena.riot - [line: 5391, col: 38] Bad IRI: <%3Chttp://www.openlinksw.com/schemas/virtrdf#Geometry%3E> Code: 0/ILLEGAL_CHARACTER in SCHEME: The character violates the grammar rules for URIs/IRIs.
14:15:17.076 [main] WARN org.apache.jena.riot - [line: 5506, col: 38] Bad IRI: <%3Chttp://www.openlinksw.com/schemas/virtrdf#Geometry%3E> Code: 0/ILLEGAL_CHARACTER in SCHEME: The character violates the grammar rules for URIs/IRIs.
14:15:17.076 [main] WARN org.apache.jena.riot - [line: 5587, col: 38] Bad IRI: <%3Chttp://www.openlinksw.com/schemas/virtrdf#Geometry%3E> Code: 0/ILLEGAL_CHARACTER in SCHEME: The character violates the grammar rules for URIs/IRIs.
14:15:17.076 [main] WARN org.apache.jena.riot - [line: 5653, col: 38] Bad IRI: <%3Chttp://www.openlinksw.com/schemas/virtrdf#Geometry%3E> Code: 0/ILLEGAL_CHARACTER in SCHEME: The character violates the grammar rules for URIs/IRIs.
14:15:17.076 [main] WARN org.apache.jena.riot - [line: 5696, col: 38] Bad IRI: <%3Chttp://www.openlinksw.com/schemas/virtrdf#Geometry%3E> Code: 0/ILLEGAL_CHARACTER in SCHEME: The character violates the grammar rules for URIs/IRIs.
14:15:17.077 [main] WARN org.apache.jena.riot - [line: 5769, col: 38] Bad IRI: <%3Chttp://www.openlinksw.com/schemas/virtrdf#Geometry%3E> Code: 0/ILLEGAL_CHARACTER in SCHEME: The character violates the grammar rules for URIs/IRIs.
14:15:17.077 [main] WARN org.apache.jena.riot - [line: 5898, col: 38] Bad IRI: <%3Chttp://www.openlinksw.com/schemas/virtrdf#Geometry%3E> Code: 0/ILLEGAL_CHARACTER in SCHEME: The character violates the grammar rules for URIs/IRIs.
14:15:17.077 [main] WARN org.apache.jena.riot - [line: 6010, col: 38] Bad IRI: <%3Chttp://www.openlinksw.com/schemas/virtrdf#Geometry%3E> Code: 0/ILLEGAL_CHARACTER in SCHEME: The character violates the grammar rules for URIs/IRIs.
14:15:17.077 [main] WARN org.apache.jena.riot - [line: 6054, col: 38] Bad IRI: <%3Chttp://www.openlinksw.com/schemas/virtrdf#Geometry%3E> Code: 0/ILLEGAL_CHARACTER in SCHEME: The character violates the grammar rules for URIs/IRIs.
14:15:17.078 [main] WARN org.apache.jena.riot - [line: 6115, col: 38] Bad IRI: <%3Chttp://www.openlinksw.com/schemas/virtrdf#Geometry%3E> Code: 0/ILLEGAL_CHARACTER in SCHEME: The character violates the grammar rules for URIs/IRIs.
14:15:17.078 [main] WARN org.apache.jena.riot - [line: 6208, col: 38] Bad IRI: <%3Chttp://www.openlinksw.com/schemas/virtrdf#Geometry%3E> Code: 0/ILLEGAL_CHARACTER in SCHEME: The character violates the grammar rules for URIs/IRIs.
14:15:17.078 [main] WARN org.apache.jena.riot - [line: 6290, col: 38] Bad IRI: <%3Chttp://www.openlinksw.com/schemas/virtrdf#Geometry%3E> Code: 0/ILLEGAL_CHARACTER in SCHEME: The character violates the grammar rules for URIs/IRIs.
14:15:17.079 [main] WARN org.apache.jena.riot - [line: 6393, col: 38] Bad IRI: <%3Chttp://www.openlinksw.com/schemas/virtrdf#Geometry%3E> Code: 0/ILLEGAL_CHARACTER in SCHEME: The character violates the grammar rules for URIs/IRIs.
14:15:17.079 [main] WARN org.apache.jena.riot - [line: 6483, col: 38] Bad IRI: <%3Chttp://www.openlinksw.com/schemas/virtrdf#Geometry%3E> Code: 0/ILLEGAL_CHARACTER in SCHEME: The character violates the grammar rules for URIs/IRIs.
14:15:17.080 [main] WARN org.apache.jena.riot - [line: 6592, col: 38] Bad IRI: <%3Chttp://www.openlinksw.com/schemas/virtrdf#Geometry%3E> Code: 0/ILLEGAL_CHARACTER in SCHEME: The character violates the grammar rules for URIs/IRIs.
14:15:17.080 [main] WARN org.apache.jena.riot - [line: 6639, col: 38] Bad IRI: <%3Chttp://www.openlinksw.com/schemas/virtrdf#Geometry%3E> Code: 0/ILLEGAL_CHARACTER in SCHEME: The character violates the grammar rules for URIs/IRIs.
14:15:17.080 [main] WARN org.apache.jena.riot - [line: 6688, col: 38] Bad IRI: <%3Chttp://www.openlinksw.com/schemas/virtrdf#Geometry%3E> Code: 0/ILLEGAL_CHARACTER in SCHEME: The character violates the grammar rules for URIs/IRIs.
14:15:17.080 [main] WARN org.apache.jena.riot - [line: 6794, col: 38] Bad IRI: <%3Chttp://www.openlinksw.com/schemas/virtrdf#Geometry%3E> Code: 0/ILLEGAL_CHARACTER in SCHEME: The character violates the grammar rules for URIs/IRIs.
14:15:17.081 [main] WARN org.apache.jena.riot - [line: 6909, col: 38] Bad IRI: <%3Chttp://www.openlinksw.com/schemas/virtrdf#Geometry%3E> Code: 0/ILLEGAL_CHARACTER in SCHEME: The character violates the grammar rules for URIs/IRIs.
14:15:17.081 [main] WARN org.apache.jena.riot - [line: 6961, col: 38] Bad IRI: <%3Chttp://www.openlinksw.com/schemas/virtrdf#Geometry%3E> Code: 0/ILLEGAL_CHARACTER in SCHEME: The character violates the grammar rules for URIs/IRIs.
14:15:17.082 [main] WARN org.apache.jena.riot - [line: 7048, col: 38] Bad IRI: <%3Chttp://www.openlinksw.com/schemas/virtrdf#Geometry%3E> Code: 0/ILLEGAL_CHARACTER in SCHEME: The character violates the grammar rules for URIs/IRIs.
14:15:17.082 [main] WARN org.apache.jena.riot - [line: 7168, col: 38] Bad IRI: <%3Chttp://www.openlinksw.com/schemas/virtrdf#Geometry%3E> Code: 0/ILLEGAL_CHARACTER in SCHEME: The character violates the grammar rules for URIs/IRIs.
14:15:17.083 [main] WARN org.apache.jena.riot - [line: 7270, col: 38] Bad IRI: <%3Chttp://www.openlinksw.com/schemas/virtrdf#Geometry%3E> Code: 0/ILLEGAL_CHARACTER in SCHEME: The character violates the grammar rules for URIs/IRIs.
14:15:17.083 [main] WARN org.apache.jena.riot - [line: 7348, col: 38] Bad IRI: <%3Chttp://www.openlinksw.com/schemas/virtrdf#Geometry%3E> Code: 0/ILLEGAL_CHARACTER in SCHEME: The character violates the grammar rules for URIs/IRIs.
14:15:17.083 [main] WARN org.apache.jena.riot - [line: 7405, col: 38] Bad IRI: <%3Chttp://www.openlinksw.com/schemas/virtrdf#Geometry%3E> Code: 0/ILLEGAL_CHARACTER in SCHEME: The character violates the grammar rules for URIs/IRIs.
14:15:17.083 [main] WARN org.apache.jena.riot - [line: 7478, col: 38] Bad IRI: <%3Chttp://www.openlinksw.com/schemas/virtrdf#Geometry%3E> Code: 0/ILLEGAL_CHARACTER in SCHEME: The character violates the grammar rules for URIs/IRIs.
14:15:17.084 [main] WARN org.apache.jena.riot - [line: 7542, col: 38] Bad IRI: <%3Chttp://www.openlinksw.com/schemas/virtrdf#Geometry%3E> Code: 0/ILLEGAL_CHARACTER in SCHEME: The character violates the grammar rules for URIs/IRIs.
14:15:17.084 [main] WARN org.apache.jena.riot - [line: 7636, col: 38] Bad IRI: <%3Chttp://www.openlinksw.com/schemas/virtrdf#Geometry%3E> Code: 0/ILLEGAL_CHARACTER in SCHEME: The character violates the grammar rules for URIs/IRIs.
14:15:17.084 [main] WARN org.apache.jena.riot - [line: 7682, col: 38] Bad IRI: <%3Chttp://www.openlinksw.com/schemas/virtrdf#Geometry%3E> Code: 0/ILLEGAL_CHARACTER in SCHEME: The character violates the grammar rules for URIs/IRIs.
14:15:17.084 [main] WARN org.apache.jena.riot - [line: 7754, col: 38] Bad IRI: <%3Chttp://www.openlinksw.com/schemas/virtrdf#Geometry%3E> Code: 0/ILLEGAL_CHARACTER in SCHEME: The character violates the grammar rules for URIs/IRIs.
14:15:17.085 [main] WARN org.apache.jena.riot - [line: 7856, col: 38] Bad IRI: <%3Chttp://www.openlinksw.com/schemas/virtrdf#Geometry%3E> Code: 0/ILLEGAL_CHARACTER in SCHEME: The character violates the grammar rules for URIs/IRIs.
14:15:17.085 [main] WARN org.apache.jena.riot - [line: 7957, col: 38] Bad IRI: <%3Chttp://www.openlinksw.com/schemas/virtrdf#Geometry%3E> Code: 0/ILLEGAL_CHARACTER in SCHEME: The character violates the grammar rules for URIs/IRIs.
14:15:17.085 [main] WARN org.apache.jena.riot - [line: 8021, col: 38] Bad IRI: <%3Chttp://www.openlinksw.com/schemas/virtrdf#Geometry%3E> Code: 0/ILLEGAL_CHARACTER in SCHEME: The character violates the grammar rules for URIs/IRIs.
14:15:17.086 [main] WARN org.apache.jena.riot - [line: 8069, col: 38] Bad IRI: <%3Chttp://www.openlinksw.com/schemas/virtrdf#Geometry%3E> Code: 0/ILLEGAL_CHARACTER in SCHEME: The character violates the grammar rules for URIs/IRIs.
14:15:17.086 [main] WARN org.apache.jena.riot - [line: 8122, col: 38] Bad IRI: <%3Chttp://www.openlinksw.com/schemas/virtrdf#Geometry%3E> Code: 0/ILLEGAL_CHARACTER in SCHEME: The character violates the grammar rules for URIs/IRIs.
14:15:17.086 [main] WARN org.apache.jena.riot - [line: 8170, col: 38] Bad IRI: <%3Chttp://www.openlinksw.com/schemas/virtrdf#Geometry%3E> Code: 0/ILLEGAL_CHARACTER in SCHEME: The character violates the grammar rules for URIs/IRIs.
14:15:17.086 [main] WARN org.apache.jena.riot - [line: 8240, col: 38] Bad IRI: <%3Chttp://www.openlinksw.com/schemas/virtrdf#Geometry%3E> Code: 0/ILLEGAL_CHARACTER in SCHEME: The character violates the grammar rules for URIs/IRIs.
14:15:17.087 [main] WARN org.apache.jena.riot - [line: 8323, col: 38] Bad IRI: <%3Chttp://www.openlinksw.com/schemas/virtrdf#Geometry%3E> Code: 0/ILLEGAL_CHARACTER in SCHEME: The character violates the grammar rules for URIs/IRIs.
14:15:17.087 [main] WARN org.apache.jena.riot - [line: 8436, col: 38] Bad IRI: <%3Chttp://www.openlinksw.com/schemas/virtrdf#Geometry%3E> Code: 0/ILLEGAL_CHARACTER in SCHEME: The character violates the grammar rules for URIs/IRIs.
14:15:17.087 [main] WARN org.apache.jena.riot - [line: 8565, col: 38] Bad IRI: <%3Chttp://www.openlinksw.com/schemas/virtrdf#Geometry%3E> Code: 0/ILLEGAL_CHARACTER in SCHEME: The character violates the grammar rules for URIs/IRIs.
14:15:17.088 [main] WARN org.apache.jena.riot - [line: 8610, col: 38] Bad IRI: <%3Chttp://www.openlinksw.com/schemas/virtrdf#Geometry%3E> Code: 0/ILLEGAL_CHARACTER in SCHEME: The character violates the grammar rules for URIs/IRIs.
14:15:17.088 [main] WARN org.apache.jena.riot - [line: 8683, col: 38] Bad IRI: <%3Chttp://www.openlinksw.com/schemas/virtrdf#Geometry%3E> Code: 0/ILLEGAL_CHARACTER in SCHEME: The character violates the grammar rules for URIs/IRIs.
14:15:17.088 [main] WARN org.apache.jena.riot - [line: 8794, col: 38] Bad IRI: <%3Chttp://www.openlinksw.com/schemas/virtrdf#Geometry%3E> Code: 0/ILLEGAL_CHARACTER in SCHEME: The character violates the grammar rules for URIs/IRIs.
14:15:17.089 [main] WARN org.apache.jena.riot - [line: 8883, col: 38] Bad IRI: <%3Chttp://www.openlinksw.com/schemas/virtrdf#Geometry%3E> Code: 0/ILLEGAL_CHARACTER in SCHEME: The character violates the grammar rules for URIs/IRIs.
14:15:17.089 [main] WARN org.apache.jena.riot - [line: 8982, col: 38] Bad IRI: <%3Chttp://www.openlinksw.com/schemas/virtrdf#Geometry%3E> Code: 0/ILLEGAL_CHARACTER in SCHEME: The character violates the grammar rules for URIs/IRIs.
14:15:17.089 [main] WARN org.apache.jena.riot - [line: 9025, col: 38] Bad IRI: <%3Chttp://www.openlinksw.com/schemas/virtrdf#Geometry%3E> Code: 0/ILLEGAL_CHARACTER in SCHEME: The character violates the grammar rules for URIs/IRIs.
14:15:17.090 [main] WARN org.apache.jena.riot - [line: 9082, col: 38] Bad IRI: <%3Chttp://www.openlinksw.com/schemas/virtrdf#Geometry%3E> Code: 0/ILLEGAL_CHARACTER in SCHEME: The character violates the grammar rules for URIs/IRIs.
14:15:17.090 [main] WARN org.apache.jena.riot - [line: 9166, col: 38] Bad IRI: <%3Chttp://www.openlinksw.com/schemas/virtrdf#Geometry%3E> Code: 0/ILLEGAL_CHARACTER in SCHEME: The character violates the grammar rules for URIs/IRIs.
14:15:17.090 [main] WARN org.apache.jena.riot - [line: 9213, col: 38] Bad IRI: <%3Chttp://www.openlinksw.com/schemas/virtrdf#Geometry%3E> Code: 0/ILLEGAL_CHARACTER in SCHEME: The character violates the grammar rules for URIs/IRIs.
14:15:17.090 [main] WARN org.apache.jena.riot - [line: 9289, col: 38] Bad IRI: <%3Chttp://www.openlinksw.com/schemas/virtrdf#Geometry%3E> Code: 0/ILLEGAL_CHARACTER in SCHEME: The character violates the grammar rules for URIs/IRIs.
14:15:17.091 [main] WARN org.apache.jena.riot - [line: 9378, col: 38] Bad IRI: <%3Chttp://www.openlinksw.com/schemas/virtrdf#Geometry%3E> Code: 0/ILLEGAL_CHARACTER in SCHEME: The character violates the grammar rules for URIs/IRIs.
14:15:17.091 [main] WARN org.apache.jena.riot - [line: 9454, col: 38] Bad IRI: <%3Chttp://www.openlinksw.com/schemas/virtrdf#Geometry%3E> Code: 0/ILLEGAL_CHARACTER in SCHEME: The character violates the grammar rules for URIs/IRIs.
14:15:17.091 [main] WARN org.apache.jena.riot - [line: 9547, col: 38] Bad IRI: <%3Chttp://www.openlinksw.com/schemas/virtrdf#Geometry%3E> Code: 0/ILLEGAL_CHARACTER in SCHEME: The character violates the grammar rules for URIs/IRIs.
14:15:17.091 [main] WARN org.apache.jena.riot - [line: 9623, col: 38] Bad IRI: <%3Chttp://www.openlinksw.com/schemas/virtrdf#Geometry%3E> Code: 0/ILLEGAL_CHARACTER in SCHEME: The character violates the grammar rules for URIs/IRIs.
14:15:17.092 [main] WARN org.apache.jena.riot - [line: 9721, col: 38] Bad IRI: <%3Chttp://www.openlinksw.com/schemas/virtrdf#Geometry%3E> Code: 0/ILLEGAL_CHARACTER in SCHEME: The character violates the grammar rules for URIs/IRIs.
14:15:17.092 [main] WARN org.apache.jena.riot - [line: 9791, col: 38] Bad IRI: <%3Chttp://www.openlinksw.com/schemas/virtrdf#Geometry%3E> Code: 0/ILLEGAL_CHARACTER in SCHEME: The character violates the grammar rules for URIs/IRIs.
14:15:17.092 [main] WARN org.apache.jena.riot - [line: 9837, col: 38] Bad IRI: <%3Chttp://www.openlinksw.com/schemas/virtrdf#Geometry%3E> Code: 0/ILLEGAL_CHARACTER in SCHEME: The character violates the grammar rules for URIs/IRIs.
14:15:17.093 [main] WARN org.apache.jena.riot - [line: 9916, col: 38] Bad IRI: <%3Chttp://www.openlinksw.com/schemas/virtrdf#Geometry%3E> Code: 0/ILLEGAL_CHARACTER in SCHEME: The character violates the grammar rules for URIs/IRIs.
14:15:17.093 [main] WARN org.apache.jena.riot - [line: 10006, col: 38] Bad IRI: <%3Chttp://www.openlinksw.com/schemas/virtrdf#Geometry%3E> Code: 0/ILLEGAL_CHARACTER in SCHEME: The character violates the grammar rules for URIs/IRIs.
14:15:17.093 [main] WARN org.apache.jena.riot - [line: 10073, col: 38] Bad IRI: <%3Chttp://www.openlinksw.com/schemas/virtrdf#Geometry%3E> Code: 0/ILLEGAL_CHARACTER in SCHEME: The character violates the grammar rules for URIs/IRIs.
14:15:17.094 [main] WARN org.apache.jena.riot - [line: 10180, col: 38] Bad IRI: <%3Chttp://www.openlinksw.com/schemas/virtrdf#Geometry%3E> Code: 0/ILLEGAL_CHARACTER in SCHEME: The character violates the grammar rules for URIs/IRIs.
14:15:17.094 [main] WARN org.apache.jena.riot - [line: 10330, col: 38] Bad IRI: <%3Chttp://www.openlinksw.com/schemas/virtrdf#Geometry%3E> Code: 0/ILLEGAL_CHARACTER in SCHEME: The character violates the grammar rules for URIs/IRIs.
14:15:17.094 [main] WARN org.apache.jena.riot - [line: 10377, col: 38] Bad IRI: <%3Chttp://www.openlinksw.com/schemas/virtrdf#Geometry%3E> Code: 0/ILLEGAL_CHARACTER in SCHEME: The character violates the grammar rules for URIs/IRIs.
14:15:17.095 [main] WARN org.apache.jena.riot - [line: 10438, col: 38] Bad IRI: <%3Chttp://www.openlinksw.com/schemas/virtrdf#Geometry%3E> Code: 0/ILLEGAL_CHARACTER in SCHEME: The character violates the grammar rules for URIs/IRIs.
14:15:17.095 [main] WARN org.apache.jena.riot - [line: 10504, col: 38] Bad IRI: <%3Chttp://www.openlinksw.com/schemas/virtrdf#Geometry%3E> Code: 0/ILLEGAL_CHARACTER in SCHEME: The character violates the grammar rules for URIs/IRIs.
14:15:17.096 [main] WARN org.apache.jena.riot - [line: 10571, col: 38] Bad IRI: <%3Chttp://www.openlinksw.com/schemas/virtrdf#Geometry%3E> Code: 0/ILLEGAL_CHARACTER in SCHEME: The character violates the grammar rules for URIs/IRIs.
14:15:17.096 [main] WARN org.apache.jena.riot - [line: 10663, col: 38] Bad IRI: <%3Chttp://www.openlinksw.com/schemas/virtrdf#Geometry%3E> Code: 0/ILLEGAL_CHARACTER in SCHEME: The character violates the grammar rules for URIs/IRIs.
14:15:17.096 [main] WARN org.apache.jena.riot - [line: 10729, col: 38] Bad IRI: <%3Chttp://www.openlinksw.com/schemas/virtrdf#Geometry%3E> Code: 0/ILLEGAL_CHARACTER in SCHEME: The character violates the grammar rules for URIs/IRIs.
14:15:17.096 [main] WARN org.apache.jena.riot - [line: 10776, col: 38] Bad IRI: <%3Chttp://www.openlinksw.com/schemas/virtrdf#Geometry%3E> Code: 0/ILLEGAL_CHARACTER in SCHEME: The character violates the grammar rules for URIs/IRIs.
14:15:17.097 [main] WARN org.apache.jena.riot - [line: 10833, col: 38] Bad IRI: <%3Chttp://www.openlinksw.com/schemas/virtrdf#Geometry%3E> Code: 0/ILLEGAL_CHARACTER in SCHEME: The character violates the grammar rules for URIs/IRIs.
14:15:17.097 [main] WARN org.apache.jena.riot - [line: 10926, col: 38] Bad IRI: <%3Chttp://www.openlinksw.com/schemas/virtrdf#Geometry%3E> Code: 0/ILLEGAL_CHARACTER in SCHEME: The character violates the grammar rules for URIs/IRIs.
14:15:17.097 [main] WARN org.apache.jena.riot - [line: 11024, col: 38] Bad IRI: <%3Chttp://www.openlinksw.com/schemas/virtrdf#Geometry%3E> Code: 0/ILLEGAL_CHARACTER in SCHEME: The character violates the grammar rules for URIs/IRIs.
14:15:17.098 [main] WARN org.apache.jena.riot - [line: 11091, col: 38] Bad IRI: <%3Chttp://www.openlinksw.com/schemas/virtrdf#Geometry%3E> Code: 0/ILLEGAL_CHARACTER in SCHEME: The character violates the grammar rules for URIs/IRIs.
14:15:17.098 [main] WARN org.apache.jena.riot - [line: 11197, col: 38] Bad IRI: <%3Chttp://www.openlinksw.com/schemas/virtrdf#Geometry%3E> Code: 0/ILLEGAL_CHARACTER in SCHEME: The character violates the grammar rules for URIs/IRIs.
14:15:17.098 [main] WARN org.apache.jena.riot - [line: 11328, col: 38] Bad IRI: <%3Chttp://www.openlinksw.com/schemas/virtrdf#Geometry%3E> Code: 0/ILLEGAL_CHARACTER in SCHEME: The character violates the grammar rules for URIs/IRIs.
prettyFormatTurtle  - 0 - 0
Time Elapsed 0.8_20 0 sec , 0 min
***** Total Parsing Time 11 sec , 0 min *****
/home/koen/shape-generation-clean/generated-output/qse/marine-regions/db_0.4_20 created successfully.
Invoked:: PostConstraintsAnnotator
MODEL:: CUSTOM - SIZE: 13140 | PARAMS: 40.0 - 20
::: ShapesExtractor ~ WRITING MODEL TO FILE: /home/koen/shape-generation-clean/generated-output/qse/marine-regions/DATASET_QSE_0.4_20.ttl
writeModelToFile  - 0 - 0
::: ShapesExtractor ~ PRETTY FORMATTING TURTLE FILE: /home/koen/shape-generation-clean/generated-output/qse/marine-regions/DATASET_QSE_0.4_20_SHACL.ttl
Pretty Formatting
14:15:17.961 [main] WARN org.apache.jena.riot - [line: 42, col: 38] Bad IRI: <%3Chttp://www.openlinksw.com/schemas/virtrdf#Geometry%3E> Code: 0/ILLEGAL_CHARACTER in SCHEME: The character violates the grammar rules for URIs/IRIs.
14:15:17.961 [main] WARN org.apache.jena.riot - [line: 85, col: 38] Bad IRI: <%3Chttp://www.openlinksw.com/schemas/virtrdf#Geometry%3E> Code: 0/ILLEGAL_CHARACTER in SCHEME: The character violates the grammar rules for URIs/IRIs.
14:15:17.961 [main] WARN org.apache.jena.riot - [line: 144, col: 38] Bad IRI: <%3Chttp://www.openlinksw.com/schemas/virtrdf#Geometry%3E> Code: 0/ILLEGAL_CHARACTER in SCHEME: The character violates the grammar rules for URIs/IRIs.
14:15:17.961 [main] WARN org.apache.jena.riot - [line: 189, col: 38] Bad IRI: <%3Chttp://www.openlinksw.com/schemas/virtrdf#Geometry%3E> Code: 0/ILLEGAL_CHARACTER in SCHEME: The character violates the grammar rules for URIs/IRIs.
14:15:17.962 [main] WARN org.apache.jena.riot - [line: 262, col: 38] Bad IRI: <%3Chttp://www.openlinksw.com/schemas/virtrdf#Geometry%3E> Code: 0/ILLEGAL_CHARACTER in SCHEME: The character violates the grammar rules for URIs/IRIs.
14:15:17.962 [main] WARN org.apache.jena.riot - [line: 306, col: 38] Bad IRI: <%3Chttp://www.openlinksw.com/schemas/virtrdf#Geometry%3E> Code: 0/ILLEGAL_CHARACTER in SCHEME: The character violates the grammar rules for URIs/IRIs.
14:15:17.962 [main] WARN org.apache.jena.riot - [line: 379, col: 38] Bad IRI: <%3Chttp://www.openlinksw.com/schemas/virtrdf#Geometry%3E> Code: 0/ILLEGAL_CHARACTER in SCHEME: The character violates the grammar rules for URIs/IRIs.
14:15:17.962 [main] WARN org.apache.jena.riot - [line: 422, col: 38] Bad IRI: <%3Chttp://www.openlinksw.com/schemas/virtrdf#Geometry%3E> Code: 0/ILLEGAL_CHARACTER in SCHEME: The character violates the grammar rules for URIs/IRIs.
14:15:17.962 [main] WARN org.apache.jena.riot - [line: 494, col: 38] Bad IRI: <%3Chttp://www.openlinksw.com/schemas/virtrdf#Geometry%3E> Code: 0/ILLEGAL_CHARACTER in SCHEME: The character violates the grammar rules for URIs/IRIs.
14:15:17.962 [main] WARN org.apache.jena.riot - [line: 541, col: 38] Bad IRI: <%3Chttp://www.openlinksw.com/schemas/virtrdf#Geometry%3E> Code: 0/ILLEGAL_CHARACTER in SCHEME: The character violates the grammar rules for URIs/IRIs.
14:15:17.963 [main] WARN org.apache.jena.riot - [line: 614, col: 38] Bad IRI: <%3Chttp://www.openlinksw.com/schemas/virtrdf#Geometry%3E> Code: 0/ILLEGAL_CHARACTER in SCHEME: The character violates the grammar rules for URIs/IRIs.
14:15:17.963 [main] WARN org.apache.jena.riot - [line: 763, col: 38] Bad IRI: <%3Chttp://www.openlinksw.com/schemas/virtrdf#Geometry%3E> Code: 0/ILLEGAL_CHARACTER in SCHEME: The character violates the grammar rules for URIs/IRIs.
14:15:17.963 [main] WARN org.apache.jena.riot - [line: 882, col: 38] Bad IRI: <%3Chttp://www.openlinksw.com/schemas/virtrdf#Geometry%3E> Code: 0/ILLEGAL_CHARACTER in SCHEME: The character violates the grammar rules for URIs/IRIs.
14:15:17.964 [main] WARN org.apache.jena.riot - [line: 1000, col: 38] Bad IRI: <%3Chttp://www.openlinksw.com/schemas/virtrdf#Geometry%3E> Code: 0/ILLEGAL_CHARACTER in SCHEME: The character violates the grammar rules for URIs/IRIs.
14:15:17.964 [main] WARN org.apache.jena.riot - [line: 1106, col: 38] Bad IRI: <%3Chttp://www.openlinksw.com/schemas/virtrdf#Geometry%3E> Code: 0/ILLEGAL_CHARACTER in SCHEME: The character violates the grammar rules for URIs/IRIs.
14:15:17.964 [main] WARN org.apache.jena.riot - [line: 1150, col: 38] Bad IRI: <%3Chttp://www.openlinksw.com/schemas/virtrdf#Geometry%3E> Code: 0/ILLEGAL_CHARACTER in SCHEME: The character violates the grammar rules for URIs/IRIs.
14:15:17.964 [main] WARN org.apache.jena.riot - [line: 1223, col: 38] Bad IRI: <%3Chttp://www.openlinksw.com/schemas/virtrdf#Geometry%3E> Code: 0/ILLEGAL_CHARACTER in SCHEME: The character violates the grammar rules for URIs/IRIs.
14:15:17.964 [main] WARN org.apache.jena.riot - [line: 1280, col: 38] Bad IRI: <%3Chttp://www.openlinksw.com/schemas/virtrdf#Geometry%3E> Code: 0/ILLEGAL_CHARACTER in SCHEME: The character violates the grammar rules for URIs/IRIs.
14:15:17.965 [main] WARN org.apache.jena.riot - [line: 1410, col: 38] Bad IRI: <%3Chttp://www.openlinksw.com/schemas/virtrdf#Geometry%3E> Code: 0/ILLEGAL_CHARACTER in SCHEME: The character violates the grammar rules for URIs/IRIs.
14:15:17.965 [main] WARN org.apache.jena.riot - [line: 1454, col: 38] Bad IRI: <%3Chttp://www.openlinksw.com/schemas/virtrdf#Geometry%3E> Code: 0/ILLEGAL_CHARACTER in SCHEME: The character violates the grammar rules for URIs/IRIs.
14:15:17.966 [main] WARN org.apache.jena.riot - [line: 1601, col: 38] Bad IRI: <%3Chttp://www.openlinksw.com/schemas/virtrdf#Geometry%3E> Code: 0/ILLEGAL_CHARACTER in SCHEME: The character violates the grammar rules for URIs/IRIs.
14:15:17.966 [main] WARN org.apache.jena.riot - [line: 1632, col: 38] Bad IRI: <%3Chttp://www.openlinksw.com/schemas/virtrdf#Geometry%3E> Code: 0/ILLEGAL_CHARACTER in SCHEME: The character violates the grammar rules for URIs/IRIs.
14:15:17.966 [main] WARN org.apache.jena.riot - [line: 1765, col: 38] Bad IRI: <%3Chttp://www.openlinksw.com/schemas/virtrdf#Geometry%3E> Code: 0/ILLEGAL_CHARACTER in SCHEME: The character violates the grammar rules for URIs/IRIs.
14:15:17.966 [main] WARN org.apache.jena.riot - [line: 1865, col: 38] Bad IRI: <%3Chttp://www.openlinksw.com/schemas/virtrdf#Geometry%3E> Code: 0/ILLEGAL_CHARACTER in SCHEME: The character violates the grammar rules for URIs/IRIs.
14:15:17.967 [main] WARN org.apache.jena.riot - [line: 1908, col: 38] Bad IRI: <%3Chttp://www.openlinksw.com/schemas/virtrdf#Geometry%3E> Code: 0/ILLEGAL_CHARACTER in SCHEME: The character violates the grammar rules for URIs/IRIs.
14:15:17.967 [main] WARN org.apache.jena.riot - [line: 2008, col: 38] Bad IRI: <%3Chttp://www.openlinksw.com/schemas/virtrdf#Geometry%3E> Code: 0/ILLEGAL_CHARACTER in SCHEME: The character violates the grammar rules for URIs/IRIs.
14:15:17.967 [main] WARN org.apache.jena.riot - [line: 2050, col: 38] Bad IRI: <%3Chttp://www.openlinksw.com/schemas/virtrdf#Geometry%3E> Code: 0/ILLEGAL_CHARACTER in SCHEME: The character violates the grammar rules for URIs/IRIs.
14:15:17.967 [main] WARN org.apache.jena.riot - [line: 2144, col: 38] Bad IRI: <%3Chttp://www.openlinksw.com/schemas/virtrdf#Geometry%3E> Code: 0/ILLEGAL_CHARACTER in SCHEME: The character violates the grammar rules for URIs/IRIs.
14:15:17.967 [main] WARN org.apache.jena.riot - [line: 2199, col: 38] Bad IRI: <%3Chttp://www.openlinksw.com/schemas/virtrdf#Geometry%3E> Code: 0/ILLEGAL_CHARACTER in SCHEME: The character violates the grammar rules for URIs/IRIs.
14:15:17.968 [main] WARN org.apache.jena.riot - [line: 2282, col: 38] Bad IRI: <%3Chttp://www.openlinksw.com/schemas/virtrdf#Geometry%3E> Code: 0/ILLEGAL_CHARACTER in SCHEME: The character violates the grammar rules for URIs/IRIs.
14:15:17.968 [main] WARN org.apache.jena.riot - [line: 2336, col: 38] Bad IRI: <%3Chttp://www.openlinksw.com/schemas/virtrdf#Geometry%3E> Code: 0/ILLEGAL_CHARACTER in SCHEME: The character violates the grammar rules for URIs/IRIs.
14:15:17.968 [main] WARN org.apache.jena.riot - [line: 2428, col: 38] Bad IRI: <%3Chttp://www.openlinksw.com/schemas/virtrdf#Geometry%3E> Code: 0/ILLEGAL_CHARACTER in SCHEME: The character violates the grammar rules for URIs/IRIs.
14:15:17.969 [main] WARN org.apache.jena.riot - [line: 2541, col: 38] Bad IRI: <%3Chttp://www.openlinksw.com/schemas/virtrdf#Geometry%3E> Code: 0/ILLEGAL_CHARACTER in SCHEME: The character violates the grammar rules for URIs/IRIs.
14:15:17.969 [main] WARN org.apache.jena.riot - [line: 2606, col: 38] Bad IRI: <%3Chttp://www.openlinksw.com/schemas/virtrdf#Geometry%3E> Code: 0/ILLEGAL_CHARACTER in SCHEME: The character violates the grammar rules for URIs/IRIs.
14:15:17.969 [main] WARN org.apache.jena.riot - [line: 2681, col: 38] Bad IRI: <%3Chttp://www.openlinksw.com/schemas/virtrdf#Geometry%3E> Code: 0/ILLEGAL_CHARACTER in SCHEME: The character violates the grammar rules for URIs/IRIs.
14:15:17.970 [main] WARN org.apache.jena.riot - [line: 2814, col: 38] Bad IRI: <%3Chttp://www.openlinksw.com/schemas/virtrdf#Geometry%3E> Code: 0/ILLEGAL_CHARACTER in SCHEME: The character violates the grammar rules for URIs/IRIs.
14:15:17.970 [main] WARN org.apache.jena.riot - [line: 2907, col: 38] Bad IRI: <%3Chttp://www.openlinksw.com/schemas/virtrdf#Geometry%3E> Code: 0/ILLEGAL_CHARACTER in SCHEME: The character violates the grammar rules for URIs/IRIs.
14:15:17.970 [main] WARN org.apache.jena.riot - [line: 2963, col: 38] Bad IRI: <%3Chttp://www.openlinksw.com/schemas/virtrdf#Geometry%3E> Code: 0/ILLEGAL_CHARACTER in SCHEME: The character violates the grammar rules for URIs/IRIs.
14:15:17.971 [main] WARN org.apache.jena.riot - [line: 3045, col: 38] Bad IRI: <%3Chttp://www.openlinksw.com/schemas/virtrdf#Geometry%3E> Code: 0/ILLEGAL_CHARACTER in SCHEME: The character violates the grammar rules for URIs/IRIs.
14:15:17.971 [main] WARN org.apache.jena.riot - [line: 3090, col: 38] Bad IRI: <%3Chttp://www.openlinksw.com/schemas/virtrdf#Geometry%3E> Code: 0/ILLEGAL_CHARACTER in SCHEME: The character violates the grammar rules for URIs/IRIs.
14:15:17.971 [main] WARN org.apache.jena.riot - [line: 3170, col: 38] Bad IRI: <%3Chttp://www.openlinksw.com/schemas/virtrdf#Geometry%3E> Code: 0/ILLEGAL_CHARACTER in SCHEME: The character violates the grammar rules for URIs/IRIs.
14:15:17.971 [main] WARN org.apache.jena.riot - [line: 3225, col: 38] Bad IRI: <%3Chttp://www.openlinksw.com/schemas/virtrdf#Geometry%3E> Code: 0/ILLEGAL_CHARACTER in SCHEME: The character violates the grammar rules for URIs/IRIs.
14:15:17.971 [main] WARN org.apache.jena.riot - [line: 3282, col: 38] Bad IRI: <%3Chttp://www.openlinksw.com/schemas/virtrdf#Geometry%3E> Code: 0/ILLEGAL_CHARACTER in SCHEME: The character violates the grammar rules for URIs/IRIs.
14:15:17.972 [main] WARN org.apache.jena.riot - [line: 3387, col: 38] Bad IRI: <%3Chttp://www.openlinksw.com/schemas/virtrdf#Geometry%3E> Code: 0/ILLEGAL_CHARACTER in SCHEME: The character violates the grammar rules for URIs/IRIs.
14:15:17.972 [main] WARN org.apache.jena.riot - [line: 3496, col: 38] Bad IRI: <%3Chttp://www.openlinksw.com/schemas/virtrdf#Geometry%3E> Code: 0/ILLEGAL_CHARACTER in SCHEME: The character violates the grammar rules for URIs/IRIs.
14:15:17.972 [main] WARN org.apache.jena.riot - [line: 3541, col: 38] Bad IRI: <%3Chttp://www.openlinksw.com/schemas/virtrdf#Geometry%3E> Code: 0/ILLEGAL_CHARACTER in SCHEME: The character violates the grammar rules for URIs/IRIs.
14:15:17.973 [main] WARN org.apache.jena.riot - [line: 3598, col: 38] Bad IRI: <%3Chttp://www.openlinksw.com/schemas/virtrdf#Geometry%3E> Code: 0/ILLEGAL_CHARACTER in SCHEME: The character violates the grammar rules for URIs/IRIs.
14:15:17.973 [main] WARN org.apache.jena.riot - [line: 3692, col: 38] Bad IRI: <%3Chttp://www.openlinksw.com/schemas/virtrdf#Geometry%3E> Code: 0/ILLEGAL_CHARACTER in SCHEME: The character violates the grammar rules for URIs/IRIs.
14:15:17.973 [main] WARN org.apache.jena.riot - [line: 3772, col: 38] Bad IRI: <%3Chttp://www.openlinksw.com/schemas/virtrdf#Geometry%3E> Code: 0/ILLEGAL_CHARACTER in SCHEME: The character violates the grammar rules for URIs/IRIs.
14:15:17.974 [main] WARN org.apache.jena.riot - [line: 3879, col: 38] Bad IRI: <%3Chttp://www.openlinksw.com/schemas/virtrdf#Geometry%3E> Code: 0/ILLEGAL_CHARACTER in SCHEME: The character violates the grammar rules for URIs/IRIs.
14:15:17.974 [main] WARN org.apache.jena.riot - [line: 4002, col: 38] Bad IRI: <%3Chttp://www.openlinksw.com/schemas/virtrdf#Geometry%3E> Code: 0/ILLEGAL_CHARACTER in SCHEME: The character violates the grammar rules for URIs/IRIs.
14:15:17.975 [main] WARN org.apache.jena.riot - [line: 4119, col: 38] Bad IRI: <%3Chttp://www.openlinksw.com/schemas/virtrdf#Geometry%3E> Code: 0/ILLEGAL_CHARACTER in SCHEME: The character violates the grammar rules for URIs/IRIs.
14:15:17.975 [main] WARN org.apache.jena.riot - [line: 4256, col: 38] Bad IRI: <%3Chttp://www.openlinksw.com/schemas/virtrdf#Geometry%3E> Code: 0/ILLEGAL_CHARACTER in SCHEME: The character violates the grammar rules for URIs/IRIs.
14:15:17.975 [main] WARN org.apache.jena.riot - [line: 4298, col: 38] Bad IRI: <%3Chttp://www.openlinksw.com/schemas/virtrdf#Geometry%3E> Code: 0/ILLEGAL_CHARACTER in SCHEME: The character violates the grammar rules for URIs/IRIs.
14:15:17.975 [main] WARN org.apache.jena.riot - [line: 4370, col: 38] Bad IRI: <%3Chttp://www.openlinksw.com/schemas/virtrdf#Geometry%3E> Code: 0/ILLEGAL_CHARACTER in SCHEME: The character violates the grammar rules for URIs/IRIs.
14:15:17.976 [main] WARN org.apache.jena.riot - [line: 4445, col: 38] Bad IRI: <%3Chttp://www.openlinksw.com/schemas/virtrdf#Geometry%3E> Code: 0/ILLEGAL_CHARACTER in SCHEME: The character violates the grammar rules for URIs/IRIs.
14:15:17.976 [main] WARN org.apache.jena.riot - [line: 4517, col: 38] Bad IRI: <%3Chttp://www.openlinksw.com/schemas/virtrdf#Geometry%3E> Code: 0/ILLEGAL_CHARACTER in SCHEME: The character violates the grammar rules for URIs/IRIs.
14:15:17.976 [main] WARN org.apache.jena.riot - [line: 4621, col: 38] Bad IRI: <%3Chttp://www.openlinksw.com/schemas/virtrdf#Geometry%3E> Code: 0/ILLEGAL_CHARACTER in SCHEME: The character violates the grammar rules for URIs/IRIs.
14:15:17.977 [main] WARN org.apache.jena.riot - [line: 4735, col: 38] Bad IRI: <%3Chttp://www.openlinksw.com/schemas/virtrdf#Geometry%3E> Code: 0/ILLEGAL_CHARACTER in SCHEME: The character violates the grammar rules for URIs/IRIs.
14:15:17.977 [main] WARN org.apache.jena.riot - [line: 4788, col: 38] Bad IRI: <%3Chttp://www.openlinksw.com/schemas/virtrdf#Geometry%3E> Code: 0/ILLEGAL_CHARACTER in SCHEME: The character violates the grammar rules for URIs/IRIs.
14:15:17.977 [main] WARN org.apache.jena.riot - [line: 4860, col: 38] Bad IRI: <%3Chttp://www.openlinksw.com/schemas/virtrdf#Geometry%3E> Code: 0/ILLEGAL_CHARACTER in SCHEME: The character violates the grammar rules for URIs/IRIs.
14:15:17.978 [main] WARN org.apache.jena.riot - [line: 4965, col: 38] Bad IRI: <%3Chttp://www.openlinksw.com/schemas/virtrdf#Geometry%3E> Code: 0/ILLEGAL_CHARACTER in SCHEME: The character violates the grammar rules for URIs/IRIs.
14:15:17.978 [main] WARN org.apache.jena.riot - [line: 5085, col: 38] Bad IRI: <%3Chttp://www.openlinksw.com/schemas/virtrdf#Geometry%3E> Code: 0/ILLEGAL_CHARACTER in SCHEME: The character violates the grammar rules for URIs/IRIs.
14:15:17.979 [main] WARN org.apache.jena.riot - [line: 5210, col: 38] Bad IRI: <%3Chttp://www.openlinksw.com/schemas/virtrdf#Geometry%3E> Code: 0/ILLEGAL_CHARACTER in SCHEME: The character violates the grammar rules for URIs/IRIs.
14:15:17.979 [main] WARN org.apache.jena.riot - [line: 5304, col: 38] Bad IRI: <%3Chttp://www.openlinksw.com/schemas/virtrdf#Geometry%3E> Code: 0/ILLEGAL_CHARACTER in SCHEME: The character violates the grammar rules for URIs/IRIs.
14:15:17.980 [main] WARN org.apache.jena.riot - [line: 5409, col: 38] Bad IRI: <%3Chttp://www.openlinksw.com/schemas/virtrdf#Geometry%3E> Code: 0/ILLEGAL_CHARACTER in SCHEME: The character violates the grammar rules for URIs/IRIs.
14:15:17.980 [main] WARN org.apache.jena.riot - [line: 5451, col: 38] Bad IRI: <%3Chttp://www.openlinksw.com/schemas/virtrdf#Geometry%3E> Code: 0/ILLEGAL_CHARACTER in SCHEME: The character violates the grammar rules for URIs/IRIs.
14:15:17.980 [main] WARN org.apache.jena.riot - [line: 5524, col: 38] Bad IRI: <%3Chttp://www.openlinksw.com/schemas/virtrdf#Geometry%3E> Code: 0/ILLEGAL_CHARACTER in SCHEME: The character violates the grammar rules for URIs/IRIs.
14:15:17.980 [main] WARN org.apache.jena.riot - [line: 5568, col: 38] Bad IRI: <%3Chttp://www.openlinksw.com/schemas/virtrdf#Geometry%3E> Code: 0/ILLEGAL_CHARACTER in SCHEME: The character violates the grammar rules for URIs/IRIs.
14:15:17.980 [main] WARN org.apache.jena.riot - [line: 5660, col: 38] Bad IRI: <%3Chttp://www.openlinksw.com/schemas/virtrdf#Geometry%3E> Code: 0/ILLEGAL_CHARACTER in SCHEME: The character violates the grammar rules for URIs/IRIs.
14:15:17.981 [main] WARN org.apache.jena.riot - [line: 5764, col: 38] Bad IRI: <%3Chttp://www.openlinksw.com/schemas/virtrdf#Geometry%3E> Code: 0/ILLEGAL_CHARACTER in SCHEME: The character violates the grammar rules for URIs/IRIs.
14:15:17.981 [main] WARN org.apache.jena.riot - [line: 5867, col: 38] Bad IRI: <%3Chttp://www.openlinksw.com/schemas/virtrdf#Geometry%3E> Code: 0/ILLEGAL_CHARACTER in SCHEME: The character violates the grammar rules for URIs/IRIs.
14:15:17.981 [main] WARN org.apache.jena.riot - [line: 5913, col: 38] Bad IRI: <%3Chttp://www.openlinksw.com/schemas/virtrdf#Geometry%3E> Code: 0/ILLEGAL_CHARACTER in SCHEME: The character violates the grammar rules for URIs/IRIs.
14:15:17.981 [main] WARN org.apache.jena.riot - [line: 5971, col: 38] Bad IRI: <%3Chttp://www.openlinksw.com/schemas/virtrdf#Geometry%3E> Code: 0/ILLEGAL_CHARACTER in SCHEME: The character violates the grammar rules for URIs/IRIs.
14:15:17.982 [main] WARN org.apache.jena.riot - [line: 6064, col: 38] Bad IRI: <%3Chttp://www.openlinksw.com/schemas/virtrdf#Geometry%3E> Code: 0/ILLEGAL_CHARACTER in SCHEME: The character violates the grammar rules for URIs/IRIs.
14:15:17.982 [main] WARN org.apache.jena.riot - [line: 6118, col: 38] Bad IRI: <%3Chttp://www.openlinksw.com/schemas/virtrdf#Geometry%3E> Code: 0/ILLEGAL_CHARACTER in SCHEME: The character violates the grammar rules for URIs/IRIs.
14:15:17.982 [main] WARN org.apache.jena.riot - [line: 6196, col: 38] Bad IRI: <%3Chttp://www.openlinksw.com/schemas/virtrdf#Geometry%3E> Code: 0/ILLEGAL_CHARACTER in SCHEME: The character violates the grammar rules for URIs/IRIs.
14:15:17.983 [main] WARN org.apache.jena.riot - [line: 6289, col: 38] Bad IRI: <%3Chttp://www.openlinksw.com/schemas/virtrdf#Geometry%3E> Code: 0/ILLEGAL_CHARACTER in SCHEME: The character violates the grammar rules for URIs/IRIs.
14:15:17.983 [main] WARN org.apache.jena.riot - [line: 6333, col: 38] Bad IRI: <%3Chttp://www.openlinksw.com/schemas/virtrdf#Geometry%3E> Code: 0/ILLEGAL_CHARACTER in SCHEME: The character violates the grammar rules for URIs/IRIs.
14:15:17.983 [main] WARN org.apache.jena.riot - [line: 6416, col: 38] Bad IRI: <%3Chttp://www.openlinksw.com/schemas/virtrdf#Geometry%3E> Code: 0/ILLEGAL_CHARACTER in SCHEME: The character violates the grammar rules for URIs/IRIs.
14:15:17.983 [main] WARN org.apache.jena.riot - [line: 6509, col: 38] Bad IRI: <%3Chttp://www.openlinksw.com/schemas/virtrdf#Geometry%3E> Code: 0/ILLEGAL_CHARACTER in SCHEME: The character violates the grammar rules for URIs/IRIs.
14:15:17.984 [main] WARN org.apache.jena.riot - [line: 6599, col: 38] Bad IRI: <%3Chttp://www.openlinksw.com/schemas/virtrdf#Geometry%3E> Code: 0/ILLEGAL_CHARACTER in SCHEME: The character violates the grammar rules for URIs/IRIs.
14:15:17.984 [main] WARN org.apache.jena.riot - [line: 6653, col: 38] Bad IRI: <%3Chttp://www.openlinksw.com/schemas/virtrdf#Geometry%3E> Code: 0/ILLEGAL_CHARACTER in SCHEME: The character violates the grammar rules for URIs/IRIs.
14:15:17.984 [main] WARN org.apache.jena.riot - [line: 6726, col: 38] Bad IRI: <%3Chttp://www.openlinksw.com/schemas/virtrdf#Geometry%3E> Code: 0/ILLEGAL_CHARACTER in SCHEME: The character violates the grammar rules for URIs/IRIs.
14:15:17.984 [main] WARN org.apache.jena.riot - [line: 6795, col: 38] Bad IRI: <%3Chttp://www.openlinksw.com/schemas/virtrdf#Geometry%3E> Code: 0/ILLEGAL_CHARACTER in SCHEME: The character violates the grammar rules for URIs/IRIs.
14:15:17.985 [main] WARN org.apache.jena.riot - [line: 6867, col: 38] Bad IRI: <%3Chttp://www.openlinksw.com/schemas/virtrdf#Geometry%3E> Code: 0/ILLEGAL_CHARACTER in SCHEME: The character violates the grammar rules for URIs/IRIs.
14:15:17.985 [main] WARN org.apache.jena.riot - [line: 6979, col: 38] Bad IRI: <%3Chttp://www.openlinksw.com/schemas/virtrdf#Geometry%3E> Code: 0/ILLEGAL_CHARACTER in SCHEME: The character violates the grammar rules for URIs/IRIs.
14:15:17.985 [main] WARN org.apache.jena.riot - [line: 7023, col: 38] Bad IRI: <%3Chttp://www.openlinksw.com/schemas/virtrdf#Geometry%3E> Code: 0/ILLEGAL_CHARACTER in SCHEME: The character violates the grammar rules for URIs/IRIs.
14:15:17.986 [main] WARN org.apache.jena.riot - [line: 7184, col: 38] Bad IRI: <%3Chttp://www.openlinksw.com/schemas/virtrdf#Geometry%3E> Code: 0/ILLEGAL_CHARACTER in SCHEME: The character violates the grammar rules for URIs/IRIs.
14:15:17.986 [main] WARN org.apache.jena.riot - [line: 7207, col: 38] Bad IRI: <%3Chttp://www.openlinksw.com/schemas/virtrdf#Geometry%3E> Code: 0/ILLEGAL_CHARACTER in SCHEME: The character violates the grammar rules for URIs/IRIs.
14:15:17.987 [main] WARN org.apache.jena.riot - [line: 7359, col: 38] Bad IRI: <%3Chttp://www.openlinksw.com/schemas/virtrdf#Geometry%3E> Code: 0/ILLEGAL_CHARACTER in SCHEME: The character violates the grammar rules for URIs/IRIs.
14:15:17.987 [main] WARN org.apache.jena.riot - [line: 7464, col: 38] Bad IRI: <%3Chttp://www.openlinksw.com/schemas/virtrdf#Geometry%3E> Code: 0/ILLEGAL_CHARACTER in SCHEME: The character violates the grammar rules for URIs/IRIs.
14:15:17.987 [main] WARN org.apache.jena.riot - [line: 7521, col: 38] Bad IRI: <%3Chttp://www.openlinksw.com/schemas/virtrdf#Geometry%3E> Code: 0/ILLEGAL_CHARACTER in SCHEME: The character violates the grammar rules for URIs/IRIs.
14:15:17.988 [main] WARN org.apache.jena.riot - [line: 7603, col: 38] Bad IRI: <%3Chttp://www.openlinksw.com/schemas/virtrdf#Geometry%3E> Code: 0/ILLEGAL_CHARACTER in SCHEME: The character violates the grammar rules for URIs/IRIs.
14:15:17.988 [main] WARN org.apache.jena.riot - [line: 7647, col: 38] Bad IRI: <%3Chttp://www.openlinksw.com/schemas/virtrdf#Geometry%3E> Code: 0/ILLEGAL_CHARACTER in SCHEME: The character violates the grammar rules for URIs/IRIs.
14:15:17.988 [main] WARN org.apache.jena.riot - [line: 7741, col: 38] Bad IRI: <%3Chttp://www.openlinksw.com/schemas/virtrdf#Geometry%3E> Code: 0/ILLEGAL_CHARACTER in SCHEME: The character violates the grammar rules for URIs/IRIs.
14:15:17.988 [main] WARN org.apache.jena.riot - [line: 7788, col: 38] Bad IRI: <%3Chttp://www.openlinksw.com/schemas/virtrdf#Geometry%3E> Code: 0/ILLEGAL_CHARACTER in SCHEME: The character violates the grammar rules for URIs/IRIs.
14:15:17.989 [main] WARN org.apache.jena.riot - [line: 7837, col: 38] Bad IRI: <%3Chttp://www.openlinksw.com/schemas/virtrdf#Geometry%3E> Code: 0/ILLEGAL_CHARACTER in SCHEME: The character violates the grammar rules for URIs/IRIs.
14:15:17.989 [main] WARN org.apache.jena.riot - [line: 7944, col: 38] Bad IRI: <%3Chttp://www.openlinksw.com/schemas/virtrdf#Geometry%3E> Code: 0/ILLEGAL_CHARACTER in SCHEME: The character violates the grammar rules for URIs/IRIs.
14:15:17.989 [main] WARN org.apache.jena.riot - [line: 7996, col: 38] Bad IRI: <%3Chttp://www.openlinksw.com/schemas/virtrdf#Geometry%3E> Code: 0/ILLEGAL_CHARACTER in SCHEME: The character violates the grammar rules for URIs/IRIs.
14:15:17.990 [main] WARN org.apache.jena.riot - [line: 8089, col: 38] Bad IRI: <%3Chttp://www.openlinksw.com/schemas/virtrdf#Geometry%3E> Code: 0/ILLEGAL_CHARACTER in SCHEME: The character violates the grammar rules for URIs/IRIs.
14:15:17.990 [main] WARN org.apache.jena.riot - [line: 8141, col: 38] Bad IRI: <%3Chttp://www.openlinksw.com/schemas/virtrdf#Geometry%3E> Code: 0/ILLEGAL_CHARACTER in SCHEME: The character violates the grammar rules for URIs/IRIs.
14:15:17.990 [main] WARN org.apache.jena.riot - [line: 8228, col: 38] Bad IRI: <%3Chttp://www.openlinksw.com/schemas/virtrdf#Geometry%3E> Code: 0/ILLEGAL_CHARACTER in SCHEME: The character violates the grammar rules for URIs/IRIs.
14:15:17.991 [main] WARN org.apache.jena.riot - [line: 8348, col: 38] Bad IRI: <%3Chttp://www.openlinksw.com/schemas/virtrdf#Geometry%3E> Code: 0/ILLEGAL_CHARACTER in SCHEME: The character violates the grammar rules for URIs/IRIs.
14:15:17.991 [main] WARN org.apache.jena.riot - [line: 8450, col: 38] Bad IRI: <%3Chttp://www.openlinksw.com/schemas/virtrdf#Geometry%3E> Code: 0/ILLEGAL_CHARACTER in SCHEME: The character violates the grammar rules for URIs/IRIs.
14:15:17.991 [main] WARN org.apache.jena.riot - [line: 8528, col: 38] Bad IRI: <%3Chttp://www.openlinksw.com/schemas/virtrdf#Geometry%3E> Code: 0/ILLEGAL_CHARACTER in SCHEME: The character violates the grammar rules for URIs/IRIs.
14:15:17.991 [main] WARN org.apache.jena.riot - [line: 8585, col: 38] Bad IRI: <%3Chttp://www.openlinksw.com/schemas/virtrdf#Geometry%3E> Code: 0/ILLEGAL_CHARACTER in SCHEME: The character violates the grammar rules for URIs/IRIs.
14:15:17.992 [main] WARN org.apache.jena.riot - [line: 8658, col: 38] Bad IRI: <%3Chttp://www.openlinksw.com/schemas/virtrdf#Geometry%3E> Code: 0/ILLEGAL_CHARACTER in SCHEME: The character violates the grammar rules for URIs/IRIs.
14:15:17.992 [main] WARN org.apache.jena.riot - [line: 8747, col: 38] Bad IRI: <%3Chttp://www.openlinksw.com/schemas/virtrdf#Geometry%3E> Code: 0/ILLEGAL_CHARACTER in SCHEME: The character violates the grammar rules for URIs/IRIs.
14:15:17.992 [main] WARN org.apache.jena.riot - [line: 8864, col: 38] Bad IRI: <%3Chttp://www.openlinksw.com/schemas/virtrdf#Geometry%3E> Code: 0/ILLEGAL_CHARACTER in SCHEME: The character violates the grammar rules for URIs/IRIs.
14:15:17.993 [main] WARN org.apache.jena.riot - [line: 8910, col: 38] Bad IRI: <%3Chttp://www.openlinksw.com/schemas/virtrdf#Geometry%3E> Code: 0/ILLEGAL_CHARACTER in SCHEME: The character violates the grammar rules for URIs/IRIs.
14:15:17.993 [main] WARN org.apache.jena.riot - [line: 8982, col: 38] Bad IRI: <%3Chttp://www.openlinksw.com/schemas/virtrdf#Geometry%3E> Code: 0/ILLEGAL_CHARACTER in SCHEME: The character violates the grammar rules for URIs/IRIs.
14:15:17.993 [main] WARN org.apache.jena.riot - [line: 9085, col: 38] Bad IRI: <%3Chttp://www.openlinksw.com/schemas/virtrdf#Geometry%3E> Code: 0/ILLEGAL_CHARACTER in SCHEME: The character violates the grammar rules for URIs/IRIs.
14:15:17.994 [main] WARN org.apache.jena.riot - [line: 9196, col: 38] Bad IRI: <%3Chttp://www.openlinksw.com/schemas/virtrdf#Geometry%3E> Code: 0/ILLEGAL_CHARACTER in SCHEME: The character violates the grammar rules for URIs/IRIs.
14:15:17.994 [main] WARN org.apache.jena.riot - [line: 9260, col: 38] Bad IRI: <%3Chttp://www.openlinksw.com/schemas/virtrdf#Geometry%3E> Code: 0/ILLEGAL_CHARACTER in SCHEME: The character violates the grammar rules for URIs/IRIs.
14:15:17.994 [main] WARN org.apache.jena.riot - [line: 9320, col: 38] Bad IRI: <%3Chttp://www.openlinksw.com/schemas/virtrdf#Geometry%3E> Code: 0/ILLEGAL_CHARACTER in SCHEME: The character violates the grammar rules for URIs/IRIs.
14:15:17.995 [main] WARN org.apache.jena.riot - [line: 9398, col: 38] Bad IRI: <%3Chttp://www.openlinksw.com/schemas/virtrdf#Geometry%3E> Code: 0/ILLEGAL_CHARACTER in SCHEME: The character violates the grammar rules for URIs/IRIs.
14:15:17.995 [main] WARN org.apache.jena.riot - [line: 9472, col: 38] Bad IRI: <%3Chttp://www.openlinksw.com/schemas/virtrdf#Geometry%3E> Code: 0/ILLEGAL_CHARACTER in SCHEME: The character violates the grammar rules for URIs/IRIs.
14:15:17.995 [main] WARN org.apache.jena.riot - [line: 9549, col: 38] Bad IRI: <%3Chttp://www.openlinksw.com/schemas/virtrdf#Geometry%3E> Code: 0/ILLEGAL_CHARACTER in SCHEME: The character violates the grammar rules for URIs/IRIs.
14:15:17.996 [main] WARN org.apache.jena.riot - [line: 9634, col: 38] Bad IRI: <%3Chttp://www.openlinksw.com/schemas/virtrdf#Geometry%3E> Code: 0/ILLEGAL_CHARACTER in SCHEME: The character violates the grammar rules for URIs/IRIs.
14:15:17.996 [main] WARN org.apache.jena.riot - [line: 9696, col: 38] Bad IRI: <%3Chttp://www.openlinksw.com/schemas/virtrdf#Geometry%3E> Code: 0/ILLEGAL_CHARACTER in SCHEME: The character violates the grammar rules for URIs/IRIs.
14:15:17.996 [main] WARN org.apache.jena.riot - [line: 9790, col: 38] Bad IRI: <%3Chttp://www.openlinksw.com/schemas/virtrdf#Geometry%3E> Code: 0/ILLEGAL_CHARACTER in SCHEME: The character violates the grammar rules for URIs/IRIs.
14:15:17.997 [main] WARN org.apache.jena.riot - [line: 9938, col: 38] Bad IRI: <%3Chttp://www.openlinksw.com/schemas/virtrdf#Geometry%3E> Code: 0/ILLEGAL_CHARACTER in SCHEME: The character violates the grammar rules for URIs/IRIs.
14:15:17.997 [main] WARN org.apache.jena.riot - [line: 9983, col: 38] Bad IRI: <%3Chttp://www.openlinksw.com/schemas/virtrdf#Geometry%3E> Code: 0/ILLEGAL_CHARACTER in SCHEME: The character violates the grammar rules for URIs/IRIs.
14:15:17.997 [main] WARN org.apache.jena.riot - [line: 10057, col: 38] Bad IRI: <%3Chttp://www.openlinksw.com/schemas/virtrdf#Geometry%3E> Code: 0/ILLEGAL_CHARACTER in SCHEME: The character violates the grammar rules for URIs/IRIs.
14:15:17.998 [main] WARN org.apache.jena.riot - [line: 10099, col: 38] Bad IRI: <%3Chttp://www.openlinksw.com/schemas/virtrdf#Geometry%3E> Code: 0/ILLEGAL_CHARACTER in SCHEME: The character violates the grammar rules for URIs/IRIs.
14:15:17.998 [main] WARN org.apache.jena.riot - [line: 10189, col: 38] Bad IRI: <%3Chttp://www.openlinksw.com/schemas/virtrdf#Geometry%3E> Code: 0/ILLEGAL_CHARACTER in SCHEME: The character violates the grammar rules for URIs/IRIs.
14:15:17.999 [main] WARN org.apache.jena.riot - [line: 10293, col: 38] Bad IRI: <%3Chttp://www.openlinksw.com/schemas/virtrdf#Geometry%3E> Code: 0/ILLEGAL_CHARACTER in SCHEME: The character violates the grammar rules for URIs/IRIs.
14:15:17.999 [main] WARN org.apache.jena.riot - [line: 10448, col: 38] Bad IRI: <%3Chttp://www.openlinksw.com/schemas/virtrdf#Geometry%3E> Code: 0/ILLEGAL_CHARACTER in SCHEME: The character violates the grammar rules for URIs/IRIs.
14:15:18.000 [main] WARN org.apache.jena.riot - [line: 10523, col: 38] Bad IRI: <%3Chttp://www.openlinksw.com/schemas/virtrdf#Geometry%3E> Code: 0/ILLEGAL_CHARACTER in SCHEME: The character violates the grammar rules for URIs/IRIs.
14:15:18.000 [main] WARN org.apache.jena.riot - [line: 10582, col: 38] Bad IRI: <%3Chttp://www.openlinksw.com/schemas/virtrdf#Geometry%3E> Code: 0/ILLEGAL_CHARACTER in SCHEME: The character violates the grammar rules for URIs/IRIs.
14:15:18.000 [main] WARN org.apache.jena.riot - [line: 10659, col: 38] Bad IRI: <%3Chttp://www.openlinksw.com/schemas/virtrdf#Geometry%3E> Code: 0/ILLEGAL_CHARACTER in SCHEME: The character violates the grammar rules for URIs/IRIs.
14:15:18.000 [main] WARN org.apache.jena.riot - [line: 10723, col: 38] Bad IRI: <%3Chttp://www.openlinksw.com/schemas/virtrdf#Geometry%3E> Code: 0/ILLEGAL_CHARACTER in SCHEME: The character violates the grammar rules for URIs/IRIs.
14:15:18.001 [main] WARN org.apache.jena.riot - [line: 10770, col: 38] Bad IRI: <%3Chttp://www.openlinksw.com/schemas/virtrdf#Geometry%3E> Code: 0/ILLEGAL_CHARACTER in SCHEME: The character violates the grammar rules for URIs/IRIs.
14:15:18.001 [main] WARN org.apache.jena.riot - [line: 10846, col: 38] Bad IRI: <%3Chttp://www.openlinksw.com/schemas/virtrdf#Geometry%3E> Code: 0/ILLEGAL_CHARACTER in SCHEME: The character violates the grammar rules for URIs/IRIs.
14:15:18.001 [main] WARN org.apache.jena.riot - [line: 10950, col: 38] Bad IRI: <%3Chttp://www.openlinksw.com/schemas/virtrdf#Geometry%3E> Code: 0/ILLEGAL_CHARACTER in SCHEME: The character violates the grammar rules for URIs/IRIs.
14:15:18.001 [main] WARN org.apache.jena.riot - [line: 11019, col: 38] Bad IRI: <%3Chttp://www.openlinksw.com/schemas/virtrdf#Geometry%3E> Code: 0/ILLEGAL_CHARACTER in SCHEME: The character violates the grammar rules for URIs/IRIs.
14:15:18.002 [main] WARN org.apache.jena.riot - [line: 11064, col: 38] Bad IRI: <%3Chttp://www.openlinksw.com/schemas/virtrdf#Geometry%3E> Code: 0/ILLEGAL_CHARACTER in SCHEME: The character violates the grammar rules for URIs/IRIs.
14:15:18.002 [main] WARN org.apache.jena.riot - [line: 11157, col: 38] Bad IRI: <%3Chttp://www.openlinksw.com/schemas/virtrdf#Geometry%3E> Code: 0/ILLEGAL_CHARACTER in SCHEME: The character violates the grammar rules for URIs/IRIs.
14:15:18.002 [main] WARN org.apache.jena.riot - [line: 11233, col: 38] Bad IRI: <%3Chttp://www.openlinksw.com/schemas/virtrdf#Geometry%3E> Code: 0/ILLEGAL_CHARACTER in SCHEME: The character violates the grammar rules for URIs/IRIs.
14:15:18.003 [main] WARN org.apache.jena.riot - [line: 11331, col: 38] Bad IRI: <%3Chttp://www.openlinksw.com/schemas/virtrdf#Geometry%3E> Code: 0/ILLEGAL_CHARACTER in SCHEME: The character violates the grammar rules for URIs/IRIs.
14:15:18.003 [main] WARN org.apache.jena.riot - [line: 11425, col: 38] Bad IRI: <%3Chttp://www.openlinksw.com/schemas/virtrdf#Geometry%3E> Code: 0/ILLEGAL_CHARACTER in SCHEME: The character violates the grammar rules for URIs/IRIs.
14:15:18.003 [main] WARN org.apache.jena.riot - [line: 11472, col: 38] Bad IRI: <%3Chttp://www.openlinksw.com/schemas/virtrdf#Geometry%3E> Code: 0/ILLEGAL_CHARACTER in SCHEME: The character violates the grammar rules for URIs/IRIs.
14:15:18.004 [main] WARN org.apache.jena.riot - [line: 11577, col: 38] Bad IRI: <%3Chttp://www.openlinksw.com/schemas/virtrdf#Geometry%3E> Code: 0/ILLEGAL_CHARACTER in SCHEME: The character violates the grammar rules for URIs/IRIs.
14:15:18.004 [main] WARN org.apache.jena.riot - [line: 11690, col: 38] Bad IRI: <%3Chttp://www.openlinksw.com/schemas/virtrdf#Geometry%3E> Code: 0/ILLEGAL_CHARACTER in SCHEME: The character violates the grammar rules for URIs/IRIs.
14:15:18.004 [main] WARN org.apache.jena.riot - [line: 11769, col: 38] Bad IRI: <%3Chttp://www.openlinksw.com/schemas/virtrdf#Geometry%3E> Code: 0/ILLEGAL_CHARACTER in SCHEME: The character violates the grammar rules for URIs/IRIs.
14:15:18.005 [main] WARN org.apache.jena.riot - [line: 11877, col: 38] Bad IRI: <%3Chttp://www.openlinksw.com/schemas/virtrdf#Geometry%3E> Code: 0/ILLEGAL_CHARACTER in SCHEME: The character violates the grammar rules for URIs/IRIs.
14:15:18.005 [main] WARN org.apache.jena.riot - [line: 11921, col: 38] Bad IRI: <%3Chttp://www.openlinksw.com/schemas/virtrdf#Geometry%3E> Code: 0/ILLEGAL_CHARACTER in SCHEME: The character violates the grammar rules for URIs/IRIs.
14:15:18.006 [main] WARN org.apache.jena.riot - [line: 12070, col: 38] Bad IRI: <%3Chttp://www.openlinksw.com/schemas/virtrdf#Geometry%3E> Code: 0/ILLEGAL_CHARACTER in SCHEME: The character violates the grammar rules for URIs/IRIs.
14:15:18.006 [main] WARN org.apache.jena.riot - [line: 12117, col: 38] Bad IRI: <%3Chttp://www.openlinksw.com/schemas/virtrdf#Geometry%3E> Code: 0/ILLEGAL_CHARACTER in SCHEME: The character violates the grammar rules for URIs/IRIs.
14:15:18.006 [main] WARN org.apache.jena.riot - [line: 12178, col: 38] Bad IRI: <%3Chttp://www.openlinksw.com/schemas/virtrdf#Geometry%3E> Code: 0/ILLEGAL_CHARACTER in SCHEME: The character violates the grammar rules for URIs/IRIs.
14:15:18.007 [main] WARN org.apache.jena.riot - [line: 12282, col: 38] Bad IRI: <%3Chttp://www.openlinksw.com/schemas/virtrdf#Geometry%3E> Code: 0/ILLEGAL_CHARACTER in SCHEME: The character violates the grammar rules for URIs/IRIs.
14:15:18.007 [main] WARN org.apache.jena.riot - [line: 12373, col: 38] Bad IRI: <%3Chttp://www.openlinksw.com/schemas/virtrdf#Geometry%3E> Code: 0/ILLEGAL_CHARACTER in SCHEME: The character violates the grammar rules for URIs/IRIs.
14:15:18.007 [main] WARN org.apache.jena.riot - [line: 12466, col: 38] Bad IRI: <%3Chttp://www.openlinksw.com/schemas/virtrdf#Geometry%3E> Code: 0/ILLEGAL_CHARACTER in SCHEME: The character violates the grammar rules for URIs/IRIs.
14:15:18.008 [main] WARN org.apache.jena.riot - [line: 12568, col: 38] Bad IRI: <%3Chttp://www.openlinksw.com/schemas/virtrdf#Geometry%3E> Code: 0/ILLEGAL_CHARACTER in SCHEME: The character violates the grammar rules for URIs/IRIs.
14:15:18.008 [main] WARN org.apache.jena.riot - [line: 12615, col: 38] Bad IRI: <%3Chttp://www.openlinksw.com/schemas/virtrdf#Geometry%3E> Code: 0/ILLEGAL_CHARACTER in SCHEME: The character violates the grammar rules for URIs/IRIs.
14:15:18.008 [main] WARN org.apache.jena.riot - [line: 12686, col: 38] Bad IRI: <%3Chttp://www.openlinksw.com/schemas/virtrdf#Geometry%3E> Code: 0/ILLEGAL_CHARACTER in SCHEME: The character violates the grammar rules for URIs/IRIs.
14:15:18.008 [main] WARN org.apache.jena.riot - [line: 12780, col: 38] Bad IRI: <%3Chttp://www.openlinksw.com/schemas/virtrdf#Geometry%3E> Code: 0/ILLEGAL_CHARACTER in SCHEME: The character violates the grammar rules for URIs/IRIs.
14:15:18.009 [main] WARN org.apache.jena.riot - [line: 12831, col: 38] Bad IRI: <%3Chttp://www.openlinksw.com/schemas/virtrdf#Geometry%3E> Code: 0/ILLEGAL_CHARACTER in SCHEME: The character violates the grammar rules for URIs/IRIs.
14:15:18.009 [main] WARN org.apache.jena.riot - [line: 12911, col: 38] Bad IRI: <%3Chttp://www.openlinksw.com/schemas/virtrdf#Geometry%3E> Code: 0/ILLEGAL_CHARACTER in SCHEME: The character violates the grammar rules for URIs/IRIs.
14:15:18.009 [main] WARN org.apache.jena.riot - [line: 13023, col: 38] Bad IRI: <%3Chttp://www.openlinksw.com/schemas/virtrdf#Geometry%3E> Code: 0/ILLEGAL_CHARACTER in SCHEME: The character violates the grammar rules for URIs/IRIs.
14:15:18.009 [main] WARN org.apache.jena.riot - [line: 13068, col: 38] Bad IRI: <%3Chttp://www.openlinksw.com/schemas/virtrdf#Geometry%3E> Code: 0/ILLEGAL_CHARACTER in SCHEME: The character violates the grammar rules for URIs/IRIs.
14:15:18.010 [main] WARN org.apache.jena.riot - [line: 13141, col: 38] Bad IRI: <%3Chttp://www.openlinksw.com/schemas/virtrdf#Geometry%3E> Code: 0/ILLEGAL_CHARACTER in SCHEME: The character violates the grammar rules for URIs/IRIs.
14:15:18.010 [main] WARN org.apache.jena.riot - [line: 13272, col: 38] Bad IRI: <%3Chttp://www.openlinksw.com/schemas/virtrdf#Geometry%3E> Code: 0/ILLEGAL_CHARACTER in SCHEME: The character violates the grammar rules for URIs/IRIs.
prettyFormatTurtle  - 0 - 0
Time Elapsed 0.4_20 0 sec , 0 min
***** Total Parsing Time 11 sec , 0 min *****
/home/koen/shape-generation-clean/generated-output/qse/marine-regions/db_0.2_20 created successfully.
Invoked:: PostConstraintsAnnotator
MODEL:: CUSTOM - SIZE: 14154 | PARAMS: 20.0 - 20
::: ShapesExtractor ~ WRITING MODEL TO FILE: /home/koen/shape-generation-clean/generated-output/qse/marine-regions/DATASET_QSE_0.2_20.ttl
writeModelToFile  - 0 - 0
::: ShapesExtractor ~ PRETTY FORMATTING TURTLE FILE: /home/koen/shape-generation-clean/generated-output/qse/marine-regions/DATASET_QSE_0.2_20_SHACL.ttl
Pretty Formatting
14:15:18.969 [main] WARN org.apache.jena.riot - [line: 42, col: 38] Bad IRI: <%3Chttp://www.openlinksw.com/schemas/virtrdf#Geometry%3E> Code: 0/ILLEGAL_CHARACTER in SCHEME: The character violates the grammar rules for URIs/IRIs.
14:15:18.969 [main] WARN org.apache.jena.riot - [line: 85, col: 38] Bad IRI: <%3Chttp://www.openlinksw.com/schemas/virtrdf#Geometry%3E> Code: 0/ILLEGAL_CHARACTER in SCHEME: The character violates the grammar rules for URIs/IRIs.
14:15:18.970 [main] WARN org.apache.jena.riot - [line: 166, col: 38] Bad IRI: <%3Chttp://www.openlinksw.com/schemas/virtrdf#Geometry%3E> Code: 0/ILLEGAL_CHARACTER in SCHEME: The character violates the grammar rules for URIs/IRIs.
14:15:18.970 [main] WARN org.apache.jena.riot - [line: 211, col: 38] Bad IRI: <%3Chttp://www.openlinksw.com/schemas/virtrdf#Geometry%3E> Code: 0/ILLEGAL_CHARACTER in SCHEME: The character violates the grammar rules for URIs/IRIs.
14:15:18.970 [main] WARN org.apache.jena.riot - [line: 292, col: 38] Bad IRI: <%3Chttp://www.openlinksw.com/schemas/virtrdf#Geometry%3E> Code: 0/ILLEGAL_CHARACTER in SCHEME: The character violates the grammar rules for URIs/IRIs.
14:15:18.970 [main] WARN org.apache.jena.riot - [line: 336, col: 38] Bad IRI: <%3Chttp://www.openlinksw.com/schemas/virtrdf#Geometry%3E> Code: 0/ILLEGAL_CHARACTER in SCHEME: The character violates the grammar rules for URIs/IRIs.
14:15:18.970 [main] WARN org.apache.jena.riot - [line: 417, col: 38] Bad IRI: <%3Chttp://www.openlinksw.com/schemas/virtrdf#Geometry%3E> Code: 0/ILLEGAL_CHARACTER in SCHEME: The character violates the grammar rules for URIs/IRIs.
14:15:18.970 [main] WARN org.apache.jena.riot - [line: 460, col: 38] Bad IRI: <%3Chttp://www.openlinksw.com/schemas/virtrdf#Geometry%3E> Code: 0/ILLEGAL_CHARACTER in SCHEME: The character violates the grammar rules for URIs/IRIs.
14:15:18.971 [main] WARN org.apache.jena.riot - [line: 532, col: 38] Bad IRI: <%3Chttp://www.openlinksw.com/schemas/virtrdf#Geometry%3E> Code: 0/ILLEGAL_CHARACTER in SCHEME: The character violates the grammar rules for URIs/IRIs.
14:15:18.971 [main] WARN org.apache.jena.riot - [line: 579, col: 38] Bad IRI: <%3Chttp://www.openlinksw.com/schemas/virtrdf#Geometry%3E> Code: 0/ILLEGAL_CHARACTER in SCHEME: The character violates the grammar rules for URIs/IRIs.
14:15:18.971 [main] WARN org.apache.jena.riot - [line: 653, col: 38] Bad IRI: <%3Chttp://www.openlinksw.com/schemas/virtrdf#Geometry%3E> Code: 0/ILLEGAL_CHARACTER in SCHEME: The character violates the grammar rules for URIs/IRIs.
14:15:18.971 [main] WARN org.apache.jena.riot - [line: 716, col: 38] Bad IRI: <%3Chttp://www.openlinksw.com/schemas/virtrdf#Geometry%3E> Code: 0/ILLEGAL_CHARACTER in SCHEME: The character violates the grammar rules for URIs/IRIs.
14:15:18.972 [main] WARN org.apache.jena.riot - [line: 823, col: 38] Bad IRI: <%3Chttp://www.openlinksw.com/schemas/virtrdf#Geometry%3E> Code: 0/ILLEGAL_CHARACTER in SCHEME: The character violates the grammar rules for URIs/IRIs.
14:15:18.972 [main] WARN org.apache.jena.riot - [line: 942, col: 38] Bad IRI: <%3Chttp://www.openlinksw.com/schemas/virtrdf#Geometry%3E> Code: 0/ILLEGAL_CHARACTER in SCHEME: The character violates the grammar rules for URIs/IRIs.
14:15:18.972 [main] WARN org.apache.jena.riot - [line: 1060, col: 38] Bad IRI: <%3Chttp://www.openlinksw.com/schemas/virtrdf#Geometry%3E> Code: 0/ILLEGAL_CHARACTER in SCHEME: The character violates the grammar rules for URIs/IRIs.
14:15:18.973 [main] WARN org.apache.jena.riot - [line: 1195, col: 38] Bad IRI: <%3Chttp://www.openlinksw.com/schemas/virtrdf#Geometry%3E> Code: 0/ILLEGAL_CHARACTER in SCHEME: The character violates the grammar rules for URIs/IRIs.
14:15:18.973 [main] WARN org.apache.jena.riot - [line: 1248, col: 38] Bad IRI: <%3Chttp://www.openlinksw.com/schemas/virtrdf#Geometry%3E> Code: 0/ILLEGAL_CHARACTER in SCHEME: The character violates the grammar rules for URIs/IRIs.
14:15:18.974 [main] WARN org.apache.jena.riot - [line: 1321, col: 38] Bad IRI: <%3Chttp://www.openlinksw.com/schemas/virtrdf#Geometry%3E> Code: 0/ILLEGAL_CHARACTER in SCHEME: The character violates the grammar rules for URIs/IRIs.
14:15:18.974 [main] WARN org.apache.jena.riot - [line: 1378, col: 38] Bad IRI: <%3Chttp://www.openlinksw.com/schemas/virtrdf#Geometry%3E> Code: 0/ILLEGAL_CHARACTER in SCHEME: The character violates the grammar rules for URIs/IRIs.
14:15:18.974 [main] WARN org.apache.jena.riot - [line: 1522, col: 38] Bad IRI: <%3Chttp://www.openlinksw.com/schemas/virtrdf#Geometry%3E> Code: 0/ILLEGAL_CHARACTER in SCHEME: The character violates the grammar rules for URIs/IRIs.
14:15:18.974 [main] WARN org.apache.jena.riot - [line: 1597, col: 38] Bad IRI: <%3Chttp://www.openlinksw.com/schemas/virtrdf#Geometry%3E> Code: 0/ILLEGAL_CHARACTER in SCHEME: The character violates the grammar rules for URIs/IRIs.
14:15:18.975 [main] WARN org.apache.jena.riot - [line: 1745, col: 38] Bad IRI: <%3Chttp://www.openlinksw.com/schemas/virtrdf#Geometry%3E> Code: 0/ILLEGAL_CHARACTER in SCHEME: The character violates the grammar rules for URIs/IRIs.
14:15:18.975 [main] WARN org.apache.jena.riot - [line: 1801, col: 38] Bad IRI: <%3Chttp://www.openlinksw.com/schemas/virtrdf#Geometry%3E> Code: 0/ILLEGAL_CHARACTER in SCHEME: The character violates the grammar rules for URIs/IRIs.
14:15:18.976 [main] WARN org.apache.jena.riot - [line: 1934, col: 38] Bad IRI: <%3Chttp://www.openlinksw.com/schemas/virtrdf#Geometry%3E> Code: 0/ILLEGAL_CHARACTER in SCHEME: The character violates the grammar rules for URIs/IRIs.
14:15:18.976 [main] WARN org.apache.jena.riot - [line: 2035, col: 38] Bad IRI: <%3Chttp://www.openlinksw.com/schemas/virtrdf#Geometry%3E> Code: 0/ILLEGAL_CHARACTER in SCHEME: The character violates the grammar rules for URIs/IRIs.
14:15:18.976 [main] WARN org.apache.jena.riot - [line: 2099, col: 38] Bad IRI: <%3Chttp://www.openlinksw.com/schemas/virtrdf#Geometry%3E> Code: 0/ILLEGAL_CHARACTER in SCHEME: The character violates the grammar rules for URIs/IRIs.
14:15:18.977 [main] WARN org.apache.jena.riot - [line: 2208, col: 38] Bad IRI: <%3Chttp://www.openlinksw.com/schemas/virtrdf#Geometry%3E> Code: 0/ILLEGAL_CHARACTER in SCHEME: The character violates the grammar rules for URIs/IRIs.
14:15:18.977 [main] WARN org.apache.jena.riot - [line: 2271, col: 38] Bad IRI: <%3Chttp://www.openlinksw.com/schemas/virtrdf#Geometry%3E> Code: 0/ILLEGAL_CHARACTER in SCHEME: The character violates the grammar rules for URIs/IRIs.
14:15:18.977 [main] WARN org.apache.jena.riot - [line: 2372, col: 38] Bad IRI: <%3Chttp://www.openlinksw.com/schemas/virtrdf#Geometry%3E> Code: 0/ILLEGAL_CHARACTER in SCHEME: The character violates the grammar rules for URIs/IRIs.
14:15:18.978 [main] WARN org.apache.jena.riot - [line: 2456, col: 38] Bad IRI: <%3Chttp://www.openlinksw.com/schemas/virtrdf#Geometry%3E> Code: 0/ILLEGAL_CHARACTER in SCHEME: The character violates the grammar rules for URIs/IRIs.
14:15:18.978 [main] WARN org.apache.jena.riot - [line: 2547, col: 38] Bad IRI: <%3Chttp://www.openlinksw.com/schemas/virtrdf#Geometry%3E> Code: 0/ILLEGAL_CHARACTER in SCHEME: The character violates the grammar rules for URIs/IRIs.
14:15:18.978 [main] WARN org.apache.jena.riot - [line: 2601, col: 38] Bad IRI: <%3Chttp://www.openlinksw.com/schemas/virtrdf#Geometry%3E> Code: 0/ILLEGAL_CHARACTER in SCHEME: The character violates the grammar rules for URIs/IRIs.
14:15:18.978 [main] WARN org.apache.jena.riot - [line: 2702, col: 38] Bad IRI: <%3Chttp://www.openlinksw.com/schemas/virtrdf#Geometry%3E> Code: 0/ILLEGAL_CHARACTER in SCHEME: The character violates the grammar rules for URIs/IRIs.
14:15:18.979 [main] WARN org.apache.jena.riot - [line: 2824, col: 38] Bad IRI: <%3Chttp://www.openlinksw.com/schemas/virtrdf#Geometry%3E> Code: 0/ILLEGAL_CHARACTER in SCHEME: The character violates the grammar rules for URIs/IRIs.
14:15:18.979 [main] WARN org.apache.jena.riot - [line: 2889, col: 38] Bad IRI: <%3Chttp://www.openlinksw.com/schemas/virtrdf#Geometry%3E> Code: 0/ILLEGAL_CHARACTER in SCHEME: The character violates the grammar rules for URIs/IRIs.
14:15:18.979 [main] WARN org.apache.jena.riot - [line: 2965, col: 38] Bad IRI: <%3Chttp://www.openlinksw.com/schemas/virtrdf#Geometry%3E> Code: 0/ILLEGAL_CHARACTER in SCHEME: The character violates the grammar rules for URIs/IRIs.
14:15:18.980 [main] WARN org.apache.jena.riot - [line: 3028, col: 38] Bad IRI: <%3Chttp://www.openlinksw.com/schemas/virtrdf#Geometry%3E> Code: 0/ILLEGAL_CHARACTER in SCHEME: The character violates the grammar rules for URIs/IRIs.
14:15:18.980 [main] WARN org.apache.jena.riot - [line: 3121, col: 38] Bad IRI: <%3Chttp://www.openlinksw.com/schemas/virtrdf#Geometry%3E> Code: 0/ILLEGAL_CHARACTER in SCHEME: The character violates the grammar rules for URIs/IRIs.
14:15:18.980 [main] WARN org.apache.jena.riot - [line: 3179, col: 38] Bad IRI: <%3Chttp://www.openlinksw.com/schemas/virtrdf#Geometry%3E> Code: 0/ILLEGAL_CHARACTER in SCHEME: The character violates the grammar rules for URIs/IRIs.
14:15:18.980 [main] WARN org.apache.jena.riot - [line: 3269, col: 38] Bad IRI: <%3Chttp://www.openlinksw.com/schemas/virtrdf#Geometry%3E> Code: 0/ILLEGAL_CHARACTER in SCHEME: The character violates the grammar rules for URIs/IRIs.
14:15:18.981 [main] WARN org.apache.jena.riot - [line: 3325, col: 38] Bad IRI: <%3Chttp://www.openlinksw.com/schemas/virtrdf#Geometry%3E> Code: 0/ILLEGAL_CHARACTER in SCHEME: The character violates the grammar rules for URIs/IRIs.
14:15:18.981 [main] WARN org.apache.jena.riot - [line: 3414, col: 38] Bad IRI: <%3Chttp://www.openlinksw.com/schemas/virtrdf#Geometry%3E> Code: 0/ILLEGAL_CHARACTER in SCHEME: The character violates the grammar rules for URIs/IRIs.
14:15:18.981 [main] WARN org.apache.jena.riot - [line: 3491, col: 38] Bad IRI: <%3Chttp://www.openlinksw.com/schemas/virtrdf#Geometry%3E> Code: 0/ILLEGAL_CHARACTER in SCHEME: The character violates the grammar rules for URIs/IRIs.
14:15:18.981 [main] WARN org.apache.jena.riot - [line: 3571, col: 38] Bad IRI: <%3Chttp://www.openlinksw.com/schemas/virtrdf#Geometry%3E> Code: 0/ILLEGAL_CHARACTER in SCHEME: The character violates the grammar rules for URIs/IRIs.
14:15:18.982 [main] WARN org.apache.jena.riot - [line: 3626, col: 38] Bad IRI: <%3Chttp://www.openlinksw.com/schemas/virtrdf#Geometry%3E> Code: 0/ILLEGAL_CHARACTER in SCHEME: The character violates the grammar rules for URIs/IRIs.
14:15:18.982 [main] WARN org.apache.jena.riot - [line: 3683, col: 38] Bad IRI: <%3Chttp://www.openlinksw.com/schemas/virtrdf#Geometry%3E> Code: 0/ILLEGAL_CHARACTER in SCHEME: The character violates the grammar rules for URIs/IRIs.
14:15:18.982 [main] WARN org.apache.jena.riot - [line: 3790, col: 38] Bad IRI: <%3Chttp://www.openlinksw.com/schemas/virtrdf#Geometry%3E> Code: 0/ILLEGAL_CHARACTER in SCHEME: The character violates the grammar rules for URIs/IRIs.
14:15:18.983 [main] WARN org.apache.jena.riot - [line: 3853, col: 38] Bad IRI: <%3Chttp://www.openlinksw.com/schemas/virtrdf#Geometry%3E> Code: 0/ILLEGAL_CHARACTER in SCHEME: The character violates the grammar rules for URIs/IRIs.
14:15:18.983 [main] WARN org.apache.jena.riot - [line: 3931, col: 38] Bad IRI: <%3Chttp://www.openlinksw.com/schemas/virtrdf#Geometry%3E> Code: 0/ILLEGAL_CHARACTER in SCHEME: The character violates the grammar rules for URIs/IRIs.
14:15:18.983 [main] WARN org.apache.jena.riot - [line: 3976, col: 38] Bad IRI: <%3Chttp://www.openlinksw.com/schemas/virtrdf#Geometry%3E> Code: 0/ILLEGAL_CHARACTER in SCHEME: The character violates the grammar rules for URIs/IRIs.
14:15:18.984 [main] WARN org.apache.jena.riot - [line: 4056, col: 38] Bad IRI: <%3Chttp://www.openlinksw.com/schemas/virtrdf#Geometry%3E> Code: 0/ILLEGAL_CHARACTER in SCHEME: The character violates the grammar rules for URIs/IRIs.
14:15:18.984 [main] WARN org.apache.jena.riot - [line: 4181, col: 38] Bad IRI: <%3Chttp://www.openlinksw.com/schemas/virtrdf#Geometry%3E> Code: 0/ILLEGAL_CHARACTER in SCHEME: The character violates the grammar rules for URIs/IRIs.
14:15:18.985 [main] WARN org.apache.jena.riot - [line: 4282, col: 38] Bad IRI: <%3Chttp://www.openlinksw.com/schemas/virtrdf#Geometry%3E> Code: 0/ILLEGAL_CHARACTER in SCHEME: The character violates the grammar rules for URIs/IRIs.
14:15:18.985 [main] WARN org.apache.jena.riot - [line: 4389, col: 38] Bad IRI: <%3Chttp://www.openlinksw.com/schemas/virtrdf#Geometry%3E> Code: 0/ILLEGAL_CHARACTER in SCHEME: The character violates the grammar rules for URIs/IRIs.
14:15:18.985 [main] WARN org.apache.jena.riot - [line: 4513, col: 38] Bad IRI: <%3Chttp://www.openlinksw.com/schemas/virtrdf#Geometry%3E> Code: 0/ILLEGAL_CHARACTER in SCHEME: The character violates the grammar rules for URIs/IRIs.
14:15:18.986 [main] WARN org.apache.jena.riot - [line: 4599, col: 38] Bad IRI: <%3Chttp://www.openlinksw.com/schemas/virtrdf#Geometry%3E> Code: 0/ILLEGAL_CHARACTER in SCHEME: The character violates the grammar rules for URIs/IRIs.
14:15:18.986 [main] WARN org.apache.jena.riot - [line: 4673, col: 38] Bad IRI: <%3Chttp://www.openlinksw.com/schemas/virtrdf#Geometry%3E> Code: 0/ILLEGAL_CHARACTER in SCHEME: The character violates the grammar rules for URIs/IRIs.
14:15:18.987 [main] WARN org.apache.jena.riot - [line: 4737, col: 38] Bad IRI: <%3Chttp://www.openlinksw.com/schemas/virtrdf#Geometry%3E> Code: 0/ILLEGAL_CHARACTER in SCHEME: The character violates the grammar rules for URIs/IRIs.
14:15:18.987 [main] WARN org.apache.jena.riot - [line: 4831, col: 38] Bad IRI: <%3Chttp://www.openlinksw.com/schemas/virtrdf#Geometry%3E> Code: 0/ILLEGAL_CHARACTER in SCHEME: The character violates the grammar rules for URIs/IRIs.
14:15:18.987 [main] WARN org.apache.jena.riot - [line: 4873, col: 38] Bad IRI: <%3Chttp://www.openlinksw.com/schemas/virtrdf#Geometry%3E> Code: 0/ILLEGAL_CHARACTER in SCHEME: The character violates the grammar rules for URIs/IRIs.
14:15:18.988 [main] WARN org.apache.jena.riot - [line: 4945, col: 38] Bad IRI: <%3Chttp://www.openlinksw.com/schemas/virtrdf#Geometry%3E> Code: 0/ILLEGAL_CHARACTER in SCHEME: The character violates the grammar rules for URIs/IRIs.
14:15:18.988 [main] WARN org.apache.jena.riot - [line: 5020, col: 38] Bad IRI: <%3Chttp://www.openlinksw.com/schemas/virtrdf#Geometry%3E> Code: 0/ILLEGAL_CHARACTER in SCHEME: The character violates the grammar rules for URIs/IRIs.
14:15:18.988 [main] WARN org.apache.jena.riot - [line: 5092, col: 38] Bad IRI: <%3Chttp://www.openlinksw.com/schemas/virtrdf#Geometry%3E> Code: 0/ILLEGAL_CHARACTER in SCHEME: The character violates the grammar rules for URIs/IRIs.
14:15:18.988 [main] WARN org.apache.jena.riot - [line: 5203, col: 38] Bad IRI: <%3Chttp://www.openlinksw.com/schemas/virtrdf#Geometry%3E> Code: 0/ILLEGAL_CHARACTER in SCHEME: The character violates the grammar rules for URIs/IRIs.
14:15:18.989 [main] WARN org.apache.jena.riot - [line: 5324, col: 38] Bad IRI: <%3Chttp://www.openlinksw.com/schemas/virtrdf#Geometry%3E> Code: 0/ILLEGAL_CHARACTER in SCHEME: The character violates the grammar rules for URIs/IRIs.
14:15:18.989 [main] WARN org.apache.jena.riot - [line: 5377, col: 38] Bad IRI: <%3Chttp://www.openlinksw.com/schemas/virtrdf#Geometry%3E> Code: 0/ILLEGAL_CHARACTER in SCHEME: The character violates the grammar rules for URIs/IRIs.
14:15:18.989 [main] WARN org.apache.jena.riot - [line: 5449, col: 38] Bad IRI: <%3Chttp://www.openlinksw.com/schemas/virtrdf#Geometry%3E> Code: 0/ILLEGAL_CHARACTER in SCHEME: The character violates the grammar rules for URIs/IRIs.
14:15:18.990 [main] WARN org.apache.jena.riot - [line: 5554, col: 38] Bad IRI: <%3Chttp://www.openlinksw.com/schemas/virtrdf#Geometry%3E> Code: 0/ILLEGAL_CHARACTER in SCHEME: The character violates the grammar rules for URIs/IRIs.
14:15:18.990 [main] WARN org.apache.jena.riot - [line: 5683, col: 38] Bad IRI: <%3Chttp://www.openlinksw.com/schemas/virtrdf#Geometry%3E> Code: 0/ILLEGAL_CHARACTER in SCHEME: The character violates the grammar rules for URIs/IRIs.
14:15:18.991 [main] WARN org.apache.jena.riot - [line: 5809, col: 38] Bad IRI: <%3Chttp://www.openlinksw.com/schemas/virtrdf#Geometry%3E> Code: 0/ILLEGAL_CHARACTER in SCHEME: The character violates the grammar rules for URIs/IRIs.
14:15:18.991 [main] WARN org.apache.jena.riot - [line: 5951, col: 38] Bad IRI: <%3Chttp://www.openlinksw.com/schemas/virtrdf#Geometry%3E> Code: 0/ILLEGAL_CHARACTER in SCHEME: The character violates the grammar rules for URIs/IRIs.
14:15:18.992 [main] WARN org.apache.jena.riot - [line: 6063, col: 38] Bad IRI: <%3Chttp://www.openlinksw.com/schemas/virtrdf#Geometry%3E> Code: 0/ILLEGAL_CHARACTER in SCHEME: The character violates the grammar rules for URIs/IRIs.
14:15:18.992 [main] WARN org.apache.jena.riot - [line: 6105, col: 38] Bad IRI: <%3Chttp://www.openlinksw.com/schemas/virtrdf#Geometry%3E> Code: 0/ILLEGAL_CHARACTER in SCHEME: The character violates the grammar rules for URIs/IRIs.
14:15:18.992 [main] WARN org.apache.jena.riot - [line: 6187, col: 38] Bad IRI: <%3Chttp://www.openlinksw.com/schemas/virtrdf#Geometry%3E> Code: 0/ILLEGAL_CHARACTER in SCHEME: The character violates the grammar rules for URIs/IRIs.
14:15:18.992 [main] WARN org.apache.jena.riot - [line: 6250, col: 38] Bad IRI: <%3Chttp://www.openlinksw.com/schemas/virtrdf#Geometry%3E> Code: 0/ILLEGAL_CHARACTER in SCHEME: The character violates the grammar rules for URIs/IRIs.
14:15:18.993 [main] WARN org.apache.jena.riot - [line: 6342, col: 38] Bad IRI: <%3Chttp://www.openlinksw.com/schemas/virtrdf#Geometry%3E> Code: 0/ILLEGAL_CHARACTER in SCHEME: The character violates the grammar rules for URIs/IRIs.
14:15:18.993 [main] WARN org.apache.jena.riot - [line: 6446, col: 38] Bad IRI: <%3Chttp://www.openlinksw.com/schemas/virtrdf#Geometry%3E> Code: 0/ILLEGAL_CHARACTER in SCHEME: The character violates the grammar rules for URIs/IRIs.
14:15:18.993 [main] WARN org.apache.jena.riot - [line: 6549, col: 38] Bad IRI: <%3Chttp://www.openlinksw.com/schemas/virtrdf#Geometry%3E> Code: 0/ILLEGAL_CHARACTER in SCHEME: The character violates the grammar rules for URIs/IRIs.
14:15:18.993 [main] WARN org.apache.jena.riot - [line: 6595, col: 38] Bad IRI: <%3Chttp://www.openlinksw.com/schemas/virtrdf#Geometry%3E> Code: 0/ILLEGAL_CHARACTER in SCHEME: The character violates the grammar rules for URIs/IRIs.
14:15:18.994 [main] WARN org.apache.jena.riot - [line: 6653, col: 38] Bad IRI: <%3Chttp://www.openlinksw.com/schemas/virtrdf#Geometry%3E> Code: 0/ILLEGAL_CHARACTER in SCHEME: The character violates the grammar rules for URIs/IRIs.
14:15:18.994 [main] WARN org.apache.jena.riot - [line: 6767, col: 38] Bad IRI: <%3Chttp://www.openlinksw.com/schemas/virtrdf#Geometry%3E> Code: 0/ILLEGAL_CHARACTER in SCHEME: The character violates the grammar rules for URIs/IRIs.
14:15:18.994 [main] WARN org.apache.jena.riot - [line: 6830, col: 38] Bad IRI: <%3Chttp://www.openlinksw.com/schemas/virtrdf#Geometry%3E> Code: 0/ILLEGAL_CHARACTER in SCHEME: The character violates the grammar rules for URIs/IRIs.
14:15:18.995 [main] WARN org.apache.jena.riot - [line: 6908, col: 38] Bad IRI: <%3Chttp://www.openlinksw.com/schemas/virtrdf#Geometry%3E> Code: 0/ILLEGAL_CHARACTER in SCHEME: The character violates the grammar rules for URIs/IRIs.
14:15:18.995 [main] WARN org.apache.jena.riot - [line: 7002, col: 38] Bad IRI: <%3Chttp://www.openlinksw.com/schemas/virtrdf#Geometry%3E> Code: 0/ILLEGAL_CHARACTER in SCHEME: The character violates the grammar rules for URIs/IRIs.
14:15:18.995 [main] WARN org.apache.jena.riot - [line: 7046, col: 38] Bad IRI: <%3Chttp://www.openlinksw.com/schemas/virtrdf#Geometry%3E> Code: 0/ILLEGAL_CHARACTER in SCHEME: The character violates the grammar rules for URIs/IRIs.
14:15:18.996 [main] WARN org.apache.jena.riot - [line: 7138, col: 38] Bad IRI: <%3Chttp://www.openlinksw.com/schemas/virtrdf#Geometry%3E> Code: 0/ILLEGAL_CHARACTER in SCHEME: The character violates the grammar rules for URIs/IRIs.
14:15:18.996 [main] WARN org.apache.jena.riot - [line: 7245, col: 38] Bad IRI: <%3Chttp://www.openlinksw.com/schemas/virtrdf#Geometry%3E> Code: 0/ILLEGAL_CHARACTER in SCHEME: The character violates the grammar rules for URIs/IRIs.
14:15:18.997 [main] WARN org.apache.jena.riot - [line: 7365, col: 38] Bad IRI: <%3Chttp://www.openlinksw.com/schemas/virtrdf#Geometry%3E> Code: 0/ILLEGAL_CHARACTER in SCHEME: The character violates the grammar rules for URIs/IRIs.
14:15:18.997 [main] WARN org.apache.jena.riot - [line: 7433, col: 38] Bad IRI: <%3Chttp://www.openlinksw.com/schemas/virtrdf#Geometry%3E> Code: 0/ILLEGAL_CHARACTER in SCHEME: The character violates the grammar rules for URIs/IRIs.
14:15:18.997 [main] WARN org.apache.jena.riot - [line: 7506, col: 38] Bad IRI: <%3Chttp://www.openlinksw.com/schemas/virtrdf#Geometry%3E> Code: 0/ILLEGAL_CHARACTER in SCHEME: The character violates the grammar rules for URIs/IRIs.
14:15:18.997 [main] WARN org.apache.jena.riot - [line: 7575, col: 38] Bad IRI: <%3Chttp://www.openlinksw.com/schemas/virtrdf#Geometry%3E> Code: 0/ILLEGAL_CHARACTER in SCHEME: The character violates the grammar rules for URIs/IRIs.
14:15:18.998 [main] WARN org.apache.jena.riot - [line: 7647, col: 38] Bad IRI: <%3Chttp://www.openlinksw.com/schemas/virtrdf#Geometry%3E> Code: 0/ILLEGAL_CHARACTER in SCHEME: The character violates the grammar rules for URIs/IRIs.
14:15:18.998 [main] WARN org.apache.jena.riot - [line: 7759, col: 38] Bad IRI: <%3Chttp://www.openlinksw.com/schemas/virtrdf#Geometry%3E> Code: 0/ILLEGAL_CHARACTER in SCHEME: The character violates the grammar rules for URIs/IRIs.
14:15:18.999 [main] WARN org.apache.jena.riot - [line: 7803, col: 38] Bad IRI: <%3Chttp://www.openlinksw.com/schemas/virtrdf#Geometry%3E> Code: 0/ILLEGAL_CHARACTER in SCHEME: The character violates the grammar rules for URIs/IRIs.
14:15:19.000 [main] WARN org.apache.jena.riot - [line: 8109, col: 38] Bad IRI: <%3Chttp://www.openlinksw.com/schemas/virtrdf#Geometry%3E> Code: 0/ILLEGAL_CHARACTER in SCHEME: The character violates the grammar rules for URIs/IRIs.
14:15:19.000 [main] WARN org.apache.jena.riot - [line: 8132, col: 38] Bad IRI: <%3Chttp://www.openlinksw.com/schemas/virtrdf#Geometry%3E> Code: 0/ILLEGAL_CHARACTER in SCHEME: The character violates the grammar rules for URIs/IRIs.
14:15:19.001 [main] WARN org.apache.jena.riot - [line: 8322, col: 38] Bad IRI: <%3Chttp://www.openlinksw.com/schemas/virtrdf#Geometry%3E> Code: 0/ILLEGAL_CHARACTER in SCHEME: The character violates the grammar rules for URIs/IRIs.
14:15:19.001 [main] WARN org.apache.jena.riot - [line: 8427, col: 38] Bad IRI: <%3Chttp://www.openlinksw.com/schemas/virtrdf#Geometry%3E> Code: 0/ILLEGAL_CHARACTER in SCHEME: The character violates the grammar rules for URIs/IRIs.
14:15:19.001 [main] WARN org.apache.jena.riot - [line: 8484, col: 38] Bad IRI: <%3Chttp://www.openlinksw.com/schemas/virtrdf#Geometry%3E> Code: 0/ILLEGAL_CHARACTER in SCHEME: The character violates the grammar rules for URIs/IRIs.
14:15:19.001 [main] WARN org.apache.jena.riot - [line: 8566, col: 38] Bad IRI: <%3Chttp://www.openlinksw.com/schemas/virtrdf#Geometry%3E> Code: 0/ILLEGAL_CHARACTER in SCHEME: The character violates the grammar rules for URIs/IRIs.
14:15:19.002 [main] WARN org.apache.jena.riot - [line: 8610, col: 38] Bad IRI: <%3Chttp://www.openlinksw.com/schemas/virtrdf#Geometry%3E> Code: 0/ILLEGAL_CHARACTER in SCHEME: The character violates the grammar rules for URIs/IRIs.
14:15:19.002 [main] WARN org.apache.jena.riot - [line: 8704, col: 38] Bad IRI: <%3Chttp://www.openlinksw.com/schemas/virtrdf#Geometry%3E> Code: 0/ILLEGAL_CHARACTER in SCHEME: The character violates the grammar rules for URIs/IRIs.
14:15:19.002 [main] WARN org.apache.jena.riot - [line: 8751, col: 38] Bad IRI: <%3Chttp://www.openlinksw.com/schemas/virtrdf#Geometry%3E> Code: 0/ILLEGAL_CHARACTER in SCHEME: The character violates the grammar rules for URIs/IRIs.
14:15:19.002 [main] WARN org.apache.jena.riot - [line: 8800, col: 38] Bad IRI: <%3Chttp://www.openlinksw.com/schemas/virtrdf#Geometry%3E> Code: 0/ILLEGAL_CHARACTER in SCHEME: The character violates the grammar rules for URIs/IRIs.
14:15:19.003 [main] WARN org.apache.jena.riot - [line: 8908, col: 38] Bad IRI: <%3Chttp://www.openlinksw.com/schemas/virtrdf#Geometry%3E> Code: 0/ILLEGAL_CHARACTER in SCHEME: The character violates the grammar rules for URIs/IRIs.
14:15:19.003 [main] WARN org.apache.jena.riot - [line: 8970, col: 38] Bad IRI: <%3Chttp://www.openlinksw.com/schemas/virtrdf#Geometry%3E> Code: 0/ILLEGAL_CHARACTER in SCHEME: The character violates the grammar rules for URIs/IRIs.
14:15:19.003 [main] WARN org.apache.jena.riot - [line: 9063, col: 38] Bad IRI: <%3Chttp://www.openlinksw.com/schemas/virtrdf#Geometry%3E> Code: 0/ILLEGAL_CHARACTER in SCHEME: The character violates the grammar rules for URIs/IRIs.
14:15:19.003 [main] WARN org.apache.jena.riot - [line: 9115, col: 38] Bad IRI: <%3Chttp://www.openlinksw.com/schemas/virtrdf#Geometry%3E> Code: 0/ILLEGAL_CHARACTER in SCHEME: The character violates the grammar rules for URIs/IRIs.
14:15:19.004 [main] WARN org.apache.jena.riot - [line: 9202, col: 38] Bad IRI: <%3Chttp://www.openlinksw.com/schemas/virtrdf#Geometry%3E> Code: 0/ILLEGAL_CHARACTER in SCHEME: The character violates the grammar rules for URIs/IRIs.
14:15:19.004 [main] WARN org.apache.jena.riot - [line: 9322, col: 38] Bad IRI: <%3Chttp://www.openlinksw.com/schemas/virtrdf#Geometry%3E> Code: 0/ILLEGAL_CHARACTER in SCHEME: The character violates the grammar rules for URIs/IRIs.
14:15:19.005 [main] WARN org.apache.jena.riot - [line: 9424, col: 38] Bad IRI: <%3Chttp://www.openlinksw.com/schemas/virtrdf#Geometry%3E> Code: 0/ILLEGAL_CHARACTER in SCHEME: The character violates the grammar rules for URIs/IRIs.
14:15:19.005 [main] WARN org.apache.jena.riot - [line: 9502, col: 38] Bad IRI: <%3Chttp://www.openlinksw.com/schemas/virtrdf#Geometry%3E> Code: 0/ILLEGAL_CHARACTER in SCHEME: The character violates the grammar rules for URIs/IRIs.
14:15:19.005 [main] WARN org.apache.jena.riot - [line: 9559, col: 38] Bad IRI: <%3Chttp://www.openlinksw.com/schemas/virtrdf#Geometry%3E> Code: 0/ILLEGAL_CHARACTER in SCHEME: The character violates the grammar rules for URIs/IRIs.
14:15:19.006 [main] WARN org.apache.jena.riot - [line: 9632, col: 38] Bad IRI: <%3Chttp://www.openlinksw.com/schemas/virtrdf#Geometry%3E> Code: 0/ILLEGAL_CHARACTER in SCHEME: The character violates the grammar rules for URIs/IRIs.
14:15:19.006 [main] WARN org.apache.jena.riot - [line: 9722, col: 38] Bad IRI: <%3Chttp://www.openlinksw.com/schemas/virtrdf#Geometry%3E> Code: 0/ILLEGAL_CHARACTER in SCHEME: The character violates the grammar rules for URIs/IRIs.
14:15:19.006 [main] WARN org.apache.jena.riot - [line: 9801, col: 38] Bad IRI: <%3Chttp://www.openlinksw.com/schemas/virtrdf#Geometry%3E> Code: 0/ILLEGAL_CHARACTER in SCHEME: The character violates the grammar rules for URIs/IRIs.
14:15:19.007 [main] WARN org.apache.jena.riot - [line: 9873, col: 38] Bad IRI: <%3Chttp://www.openlinksw.com/schemas/virtrdf#Geometry%3E> Code: 0/ILLEGAL_CHARACTER in SCHEME: The character violates the grammar rules for URIs/IRIs.
14:15:19.007 [main] WARN org.apache.jena.riot - [line: 9919, col: 38] Bad IRI: <%3Chttp://www.openlinksw.com/schemas/virtrdf#Geometry%3E> Code: 0/ILLEGAL_CHARACTER in SCHEME: The character violates the grammar rules for URIs/IRIs.
14:15:19.008 [main] WARN org.apache.jena.riot - [line: 9991, col: 38] Bad IRI: <%3Chttp://www.openlinksw.com/schemas/virtrdf#Geometry%3E> Code: 0/ILLEGAL_CHARACTER in SCHEME: The character violates the grammar rules for URIs/IRIs.
14:15:19.008 [main] WARN org.apache.jena.riot - [line: 10094, col: 38] Bad IRI: <%3Chttp://www.openlinksw.com/schemas/virtrdf#Geometry%3E> Code: 0/ILLEGAL_CHARACTER in SCHEME: The character violates the grammar rules for URIs/IRIs.
14:15:19.008 [main] WARN org.apache.jena.riot - [line: 10205, col: 38] Bad IRI: <%3Chttp://www.openlinksw.com/schemas/virtrdf#Geometry%3E> Code: 0/ILLEGAL_CHARACTER in SCHEME: The character violates the grammar rules for URIs/IRIs.
14:15:19.009 [main] WARN org.apache.jena.riot - [line: 10269, col: 38] Bad IRI: <%3Chttp://www.openlinksw.com/schemas/virtrdf#Geometry%3E> Code: 0/ILLEGAL_CHARACTER in SCHEME: The character violates the grammar rules for URIs/IRIs.
14:15:19.009 [main] WARN org.apache.jena.riot - [line: 10329, col: 38] Bad IRI: <%3Chttp://www.openlinksw.com/schemas/virtrdf#Geometry%3E> Code: 0/ILLEGAL_CHARACTER in SCHEME: The character violates the grammar rules for URIs/IRIs.
14:15:19.009 [main] WARN org.apache.jena.riot - [line: 10407, col: 38] Bad IRI: <%3Chttp://www.openlinksw.com/schemas/virtrdf#Geometry%3E> Code: 0/ILLEGAL_CHARACTER in SCHEME: The character violates the grammar rules for URIs/IRIs.
14:15:19.009 [main] WARN org.apache.jena.riot - [line: 10481, col: 38] Bad IRI: <%3Chttp://www.openlinksw.com/schemas/virtrdf#Geometry%3E> Code: 0/ILLEGAL_CHARACTER in SCHEME: The character violates the grammar rules for URIs/IRIs.
14:15:19.010 [main] WARN org.apache.jena.riot - [line: 10558, col: 38] Bad IRI: <%3Chttp://www.openlinksw.com/schemas/virtrdf#Geometry%3E> Code: 0/ILLEGAL_CHARACTER in SCHEME: The character violates the grammar rules for URIs/IRIs.
14:15:19.010 [main] WARN org.apache.jena.riot - [line: 10643, col: 38] Bad IRI: <%3Chttp://www.openlinksw.com/schemas/virtrdf#Geometry%3E> Code: 0/ILLEGAL_CHARACTER in SCHEME: The character violates the grammar rules for URIs/IRIs.
14:15:19.010 [main] WARN org.apache.jena.riot - [line: 10705, col: 38] Bad IRI: <%3Chttp://www.openlinksw.com/schemas/virtrdf#Geometry%3E> Code: 0/ILLEGAL_CHARACTER in SCHEME: The character violates the grammar rules for URIs/IRIs.
14:15:19.011 [main] WARN org.apache.jena.riot - [line: 10799, col: 38] Bad IRI: <%3Chttp://www.openlinksw.com/schemas/virtrdf#Geometry%3E> Code: 0/ILLEGAL_CHARACTER in SCHEME: The character violates the grammar rules for URIs/IRIs.
14:15:19.011 [main] WARN org.apache.jena.riot - [line: 10947, col: 38] Bad IRI: <%3Chttp://www.openlinksw.com/schemas/virtrdf#Geometry%3E> Code: 0/ILLEGAL_CHARACTER in SCHEME: The character violates the grammar rules for URIs/IRIs.
14:15:19.011 [main] WARN org.apache.jena.riot - [line: 10992, col: 38] Bad IRI: <%3Chttp://www.openlinksw.com/schemas/virtrdf#Geometry%3E> Code: 0/ILLEGAL_CHARACTER in SCHEME: The character violates the grammar rules for URIs/IRIs.
14:15:19.012 [main] WARN org.apache.jena.riot - [line: 11066, col: 38] Bad IRI: <%3Chttp://www.openlinksw.com/schemas/virtrdf#Geometry%3E> Code: 0/ILLEGAL_CHARACTER in SCHEME: The character violates the grammar rules for URIs/IRIs.
14:15:19.012 [main] WARN org.apache.jena.riot - [line: 11119, col: 38] Bad IRI: <%3Chttp://www.openlinksw.com/schemas/virtrdf#Geometry%3E> Code: 0/ILLEGAL_CHARACTER in SCHEME: The character violates the grammar rules for URIs/IRIs.
14:15:19.012 [main] WARN org.apache.jena.riot - [line: 11209, col: 38] Bad IRI: <%3Chttp://www.openlinksw.com/schemas/virtrdf#Geometry%3E> Code: 0/ILLEGAL_CHARACTER in SCHEME: The character violates the grammar rules for URIs/IRIs.
14:15:19.013 [main] WARN org.apache.jena.riot - [line: 11314, col: 38] Bad IRI: <%3Chttp://www.openlinksw.com/schemas/virtrdf#Geometry%3E> Code: 0/ILLEGAL_CHARACTER in SCHEME: The character violates the grammar rules for URIs/IRIs.
14:15:19.013 [main] WARN org.apache.jena.riot - [line: 11394, col: 38] Bad IRI: <%3Chttp://www.openlinksw.com/schemas/virtrdf#Geometry%3E> Code: 0/ILLEGAL_CHARACTER in SCHEME: The character violates the grammar rules for URIs/IRIs.
14:15:19.013 [main] WARN org.apache.jena.riot - [line: 11492, col: 38] Bad IRI: <%3Chttp://www.openlinksw.com/schemas/virtrdf#Geometry%3E> Code: 0/ILLEGAL_CHARACTER in SCHEME: The character violates the grammar rules for URIs/IRIs.
14:15:19.014 [main] WARN org.apache.jena.riot - [line: 11567, col: 38] Bad IRI: <%3Chttp://www.openlinksw.com/schemas/virtrdf#Geometry%3E> Code: 0/ILLEGAL_CHARACTER in SCHEME: The character violates the grammar rules for URIs/IRIs.
14:15:19.014 [main] WARN org.apache.jena.riot - [line: 11647, col: 38] Bad IRI: <%3Chttp://www.openlinksw.com/schemas/virtrdf#Geometry%3E> Code: 0/ILLEGAL_CHARACTER in SCHEME: The character violates the grammar rules for URIs/IRIs.
14:15:19.014 [main] WARN org.apache.jena.riot - [line: 11732, col: 38] Bad IRI: <%3Chttp://www.openlinksw.com/schemas/virtrdf#Geometry%3E> Code: 0/ILLEGAL_CHARACTER in SCHEME: The character violates the grammar rules for URIs/IRIs.
14:15:19.014 [main] WARN org.apache.jena.riot - [line: 11796, col: 38] Bad IRI: <%3Chttp://www.openlinksw.com/schemas/virtrdf#Geometry%3E> Code: 0/ILLEGAL_CHARACTER in SCHEME: The character violates the grammar rules for URIs/IRIs.
14:15:19.015 [main] WARN org.apache.jena.riot - [line: 11843, col: 38] Bad IRI: <%3Chttp://www.openlinksw.com/schemas/virtrdf#Geometry%3E> Code: 0/ILLEGAL_CHARACTER in SCHEME: The character violates the grammar rules for URIs/IRIs.
14:15:19.015 [main] WARN org.apache.jena.riot - [line: 11919, col: 38] Bad IRI: <%3Chttp://www.openlinksw.com/schemas/virtrdf#Geometry%3E> Code: 0/ILLEGAL_CHARACTER in SCHEME: The character violates the grammar rules for URIs/IRIs.
14:15:19.015 [main] WARN org.apache.jena.riot - [line: 12023, col: 38] Bad IRI: <%3Chttp://www.openlinksw.com/schemas/virtrdf#Geometry%3E> Code: 0/ILLEGAL_CHARACTER in SCHEME: The character violates the grammar rules for URIs/IRIs.
14:15:19.015 [main] WARN org.apache.jena.riot - [line: 12092, col: 38] Bad IRI: <%3Chttp://www.openlinksw.com/schemas/virtrdf#Geometry%3E> Code: 0/ILLEGAL_CHARACTER in SCHEME: The character violates the grammar rules for URIs/IRIs.
14:15:19.016 [main] WARN org.apache.jena.riot - [line: 12137, col: 38] Bad IRI: <%3Chttp://www.openlinksw.com/schemas/virtrdf#Geometry%3E> Code: 0/ILLEGAL_CHARACTER in SCHEME: The character violates the grammar rules for URIs/IRIs.
14:15:19.016 [main] WARN org.apache.jena.riot - [line: 12230, col: 38] Bad IRI: <%3Chttp://www.openlinksw.com/schemas/virtrdf#Geometry%3E> Code: 0/ILLEGAL_CHARACTER in SCHEME: The character violates the grammar rules for URIs/IRIs.
14:15:19.016 [main] WARN org.apache.jena.riot - [line: 12306, col: 38] Bad IRI: <%3Chttp://www.openlinksw.com/schemas/virtrdf#Geometry%3E> Code: 0/ILLEGAL_CHARACTER in SCHEME: The character violates the grammar rules for URIs/IRIs.
14:15:19.017 [main] WARN org.apache.jena.riot - [line: 12404, col: 38] Bad IRI: <%3Chttp://www.openlinksw.com/schemas/virtrdf#Geometry%3E> Code: 0/ILLEGAL_CHARACTER in SCHEME: The character violates the grammar rules for URIs/IRIs.
14:15:19.017 [main] WARN org.apache.jena.riot - [line: 12498, col: 38] Bad IRI: <%3Chttp://www.openlinksw.com/schemas/virtrdf#Geometry%3E> Code: 0/ILLEGAL_CHARACTER in SCHEME: The character violates the grammar rules for URIs/IRIs.
14:15:19.017 [main] WARN org.apache.jena.riot - [line: 12545, col: 38] Bad IRI: <%3Chttp://www.openlinksw.com/schemas/virtrdf#Geometry%3E> Code: 0/ILLEGAL_CHARACTER in SCHEME: The character violates the grammar rules for URIs/IRIs.
14:15:19.018 [main] WARN org.apache.jena.riot - [line: 12650, col: 38] Bad IRI: <%3Chttp://www.openlinksw.com/schemas/virtrdf#Geometry%3E> Code: 0/ILLEGAL_CHARACTER in SCHEME: The character violates the grammar rules for URIs/IRIs.
14:15:19.018 [main] WARN org.apache.jena.riot - [line: 12774, col: 38] Bad IRI: <%3Chttp://www.openlinksw.com/schemas/virtrdf#Geometry%3E> Code: 0/ILLEGAL_CHARACTER in SCHEME: The character violates the grammar rules for URIs/IRIs.
14:15:19.018 [main] WARN org.apache.jena.riot - [line: 12853, col: 38] Bad IRI: <%3Chttp://www.openlinksw.com/schemas/virtrdf#Geometry%3E> Code: 0/ILLEGAL_CHARACTER in SCHEME: The character violates the grammar rules for URIs/IRIs.
14:15:19.019 [main] WARN org.apache.jena.riot - [line: 12961, col: 38] Bad IRI: <%3Chttp://www.openlinksw.com/schemas/virtrdf#Geometry%3E> Code: 0/ILLEGAL_CHARACTER in SCHEME: The character violates the grammar rules for URIs/IRIs.
14:15:19.019 [main] WARN org.apache.jena.riot - [line: 13005, col: 38] Bad IRI: <%3Chttp://www.openlinksw.com/schemas/virtrdf#Geometry%3E> Code: 0/ILLEGAL_CHARACTER in SCHEME: The character violates the grammar rules for URIs/IRIs.
14:15:19.019 [main] WARN org.apache.jena.riot - [line: 13154, col: 38] Bad IRI: <%3Chttp://www.openlinksw.com/schemas/virtrdf#Geometry%3E> Code: 0/ILLEGAL_CHARACTER in SCHEME: The character violates the grammar rules for URIs/IRIs.
14:15:19.020 [main] WARN org.apache.jena.riot - [line: 13201, col: 38] Bad IRI: <%3Chttp://www.openlinksw.com/schemas/virtrdf#Geometry%3E> Code: 0/ILLEGAL_CHARACTER in SCHEME: The character violates the grammar rules for URIs/IRIs.
14:15:19.020 [main] WARN org.apache.jena.riot - [line: 13277, col: 38] Bad IRI: <%3Chttp://www.openlinksw.com/schemas/virtrdf#Geometry%3E> Code: 0/ILLEGAL_CHARACTER in SCHEME: The character violates the grammar rules for URIs/IRIs.
14:15:19.020 [main] WARN org.apache.jena.riot - [line: 13400, col: 38] Bad IRI: <%3Chttp://www.openlinksw.com/schemas/virtrdf#Geometry%3E> Code: 0/ILLEGAL_CHARACTER in SCHEME: The character violates the grammar rules for URIs/IRIs.
14:15:19.021 [main] WARN org.apache.jena.riot - [line: 13491, col: 38] Bad IRI: <%3Chttp://www.openlinksw.com/schemas/virtrdf#Geometry%3E> Code: 0/ILLEGAL_CHARACTER in SCHEME: The character violates the grammar rules for URIs/IRIs.
14:15:19.021 [main] WARN org.apache.jena.riot - [line: 13584, col: 38] Bad IRI: <%3Chttp://www.openlinksw.com/schemas/virtrdf#Geometry%3E> Code: 0/ILLEGAL_CHARACTER in SCHEME: The character violates the grammar rules for URIs/IRIs.
14:15:19.022 [main] WARN org.apache.jena.riot - [line: 13686, col: 38] Bad IRI: <%3Chttp://www.openlinksw.com/schemas/virtrdf#Geometry%3E> Code: 0/ILLEGAL_CHARACTER in SCHEME: The character violates the grammar rules for URIs/IRIs.
14:15:19.022 [main] WARN org.apache.jena.riot - [line: 13733, col: 38] Bad IRI: <%3Chttp://www.openlinksw.com/schemas/virtrdf#Geometry%3E> Code: 0/ILLEGAL_CHARACTER in SCHEME: The character violates the grammar rules for URIs/IRIs.
14:15:19.023 [main] WARN org.apache.jena.riot - [line: 13804, col: 38] Bad IRI: <%3Chttp://www.openlinksw.com/schemas/virtrdf#Geometry%3E> Code: 0/ILLEGAL_CHARACTER in SCHEME: The character violates the grammar rules for URIs/IRIs.
14:15:19.023 [main] WARN org.apache.jena.riot - [line: 13898, col: 38] Bad IRI: <%3Chttp://www.openlinksw.com/schemas/virtrdf#Geometry%3E> Code: 0/ILLEGAL_CHARACTER in SCHEME: The character violates the grammar rules for URIs/IRIs.
14:15:19.023 [main] WARN org.apache.jena.riot - [line: 13949, col: 38] Bad IRI: <%3Chttp://www.openlinksw.com/schemas/virtrdf#Geometry%3E> Code: 0/ILLEGAL_CHARACTER in SCHEME: The character violates the grammar rules for URIs/IRIs.
14:15:19.023 [main] WARN org.apache.jena.riot - [line: 14029, col: 38] Bad IRI: <%3Chttp://www.openlinksw.com/schemas/virtrdf#Geometry%3E> Code: 0/ILLEGAL_CHARACTER in SCHEME: The character violates the grammar rules for URIs/IRIs.
14:15:19.024 [main] WARN org.apache.jena.riot - [line: 14141, col: 38] Bad IRI: <%3Chttp://www.openlinksw.com/schemas/virtrdf#Geometry%3E> Code: 0/ILLEGAL_CHARACTER in SCHEME: The character violates the grammar rules for URIs/IRIs.
14:15:19.024 [main] WARN org.apache.jena.riot - [line: 14186, col: 38] Bad IRI: <%3Chttp://www.openlinksw.com/schemas/virtrdf#Geometry%3E> Code: 0/ILLEGAL_CHARACTER in SCHEME: The character violates the grammar rules for URIs/IRIs.
14:15:19.024 [main] WARN org.apache.jena.riot - [line: 14259, col: 38] Bad IRI: <%3Chttp://www.openlinksw.com/schemas/virtrdf#Geometry%3E> Code: 0/ILLEGAL_CHARACTER in SCHEME: The character violates the grammar rules for URIs/IRIs.
14:15:19.025 [main] WARN org.apache.jena.riot - [line: 14390, col: 38] Bad IRI: <%3Chttp://www.openlinksw.com/schemas/virtrdf#Geometry%3E> Code: 0/ILLEGAL_CHARACTER in SCHEME: The character violates the grammar rules for URIs/IRIs.
prettyFormatTurtle  - 0 - 0
Time Elapsed 0.2_20 1 sec , 0 min
***** Total Parsing Time 12 sec , 0 min *****
/home/koen/shape-generation-clean/generated-output/qse/marine-regions/db_0.1_20 created successfully.
Invoked:: PostConstraintsAnnotator
MODEL:: CUSTOM - SIZE: 14744 | PARAMS: 10.0 - 20
::: ShapesExtractor ~ WRITING MODEL TO FILE: /home/koen/shape-generation-clean/generated-output/qse/marine-regions/DATASET_QSE_0.1_20.ttl
writeModelToFile  - 0 - 0
::: ShapesExtractor ~ PRETTY FORMATTING TURTLE FILE: /home/koen/shape-generation-clean/generated-output/qse/marine-regions/DATASET_QSE_0.1_20_SHACL.ttl
Pretty Formatting
14:15:19.991 [main] WARN org.apache.jena.riot - [line: 49, col: 38] Bad IRI: <%3Chttp://www.openlinksw.com/schemas/virtrdf#Geometry%3E> Code: 0/ILLEGAL_CHARACTER in SCHEME: The character violates the grammar rules for URIs/IRIs.
14:15:19.991 [main] WARN org.apache.jena.riot - [line: 92, col: 38] Bad IRI: <%3Chttp://www.openlinksw.com/schemas/virtrdf#Geometry%3E> Code: 0/ILLEGAL_CHARACTER in SCHEME: The character violates the grammar rules for URIs/IRIs.
14:15:19.991 [main] WARN org.apache.jena.riot - [line: 190, col: 38] Bad IRI: <%3Chttp://www.openlinksw.com/schemas/virtrdf#Geometry%3E> Code: 0/ILLEGAL_CHARACTER in SCHEME: The character violates the grammar rules for URIs/IRIs.
14:15:19.992 [main] WARN org.apache.jena.riot - [line: 246, col: 38] Bad IRI: <%3Chttp://www.openlinksw.com/schemas/virtrdf#Geometry%3E> Code: 0/ILLEGAL_CHARACTER in SCHEME: The character violates the grammar rules for URIs/IRIs.
14:15:19.992 [main] WARN org.apache.jena.riot - [line: 355, col: 38] Bad IRI: <%3Chttp://www.openlinksw.com/schemas/virtrdf#Geometry%3E> Code: 0/ILLEGAL_CHARACTER in SCHEME: The character violates the grammar rules for URIs/IRIs.
14:15:19.992 [main] WARN org.apache.jena.riot - [line: 399, col: 38] Bad IRI: <%3Chttp://www.openlinksw.com/schemas/virtrdf#Geometry%3E> Code: 0/ILLEGAL_CHARACTER in SCHEME: The character violates the grammar rules for URIs/IRIs.
14:15:19.993 [main] WARN org.apache.jena.riot - [line: 487, col: 38] Bad IRI: <%3Chttp://www.openlinksw.com/schemas/virtrdf#Geometry%3E> Code: 0/ILLEGAL_CHARACTER in SCHEME: The character violates the grammar rules for URIs/IRIs.
14:15:19.993 [main] WARN org.apache.jena.riot - [line: 530, col: 38] Bad IRI: <%3Chttp://www.openlinksw.com/schemas/virtrdf#Geometry%3E> Code: 0/ILLEGAL_CHARACTER in SCHEME: The character violates the grammar rules for URIs/IRIs.
14:15:19.993 [main] WARN org.apache.jena.riot - [line: 602, col: 38] Bad IRI: <%3Chttp://www.openlinksw.com/schemas/virtrdf#Geometry%3E> Code: 0/ILLEGAL_CHARACTER in SCHEME: The character violates the grammar rules for URIs/IRIs.
14:15:19.993 [main] WARN org.apache.jena.riot - [line: 649, col: 38] Bad IRI: <%3Chttp://www.openlinksw.com/schemas/virtrdf#Geometry%3E> Code: 0/ILLEGAL_CHARACTER in SCHEME: The character violates the grammar rules for URIs/IRIs.
14:15:19.993 [main] WARN org.apache.jena.riot - [line: 723, col: 38] Bad IRI: <%3Chttp://www.openlinksw.com/schemas/virtrdf#Geometry%3E> Code: 0/ILLEGAL_CHARACTER in SCHEME: The character violates the grammar rules for URIs/IRIs.
14:15:19.994 [main] WARN org.apache.jena.riot - [line: 786, col: 38] Bad IRI: <%3Chttp://www.openlinksw.com/schemas/virtrdf#Geometry%3E> Code: 0/ILLEGAL_CHARACTER in SCHEME: The character violates the grammar rules for URIs/IRIs.
14:15:19.994 [main] WARN org.apache.jena.riot - [line: 894, col: 38] Bad IRI: <%3Chttp://www.openlinksw.com/schemas/virtrdf#Geometry%3E> Code: 0/ILLEGAL_CHARACTER in SCHEME: The character violates the grammar rules for URIs/IRIs.
14:15:19.994 [main] WARN org.apache.jena.riot - [line: 1015, col: 38] Bad IRI: <%3Chttp://www.openlinksw.com/schemas/virtrdf#Geometry%3E> Code: 0/ILLEGAL_CHARACTER in SCHEME: The character violates the grammar rules for URIs/IRIs.
14:15:19.995 [main] WARN org.apache.jena.riot - [line: 1079, col: 38] Bad IRI: <%3Chttp://www.openlinksw.com/schemas/virtrdf#Geometry%3E> Code: 0/ILLEGAL_CHARACTER in SCHEME: The character violates the grammar rules for URIs/IRIs.
14:15:19.995 [main] WARN org.apache.jena.riot - [line: 1165, col: 38] Bad IRI: <%3Chttp://www.openlinksw.com/schemas/virtrdf#Geometry%3E> Code: 0/ILLEGAL_CHARACTER in SCHEME: The character violates the grammar rules for URIs/IRIs.
14:15:19.995 [main] WARN org.apache.jena.riot - [line: 1301, col: 38] Bad IRI: <%3Chttp://www.openlinksw.com/schemas/virtrdf#Geometry%3E> Code: 0/ILLEGAL_CHARACTER in SCHEME: The character violates the grammar rules for URIs/IRIs.
14:15:19.996 [main] WARN org.apache.jena.riot - [line: 1364, col: 38] Bad IRI: <%3Chttp://www.openlinksw.com/schemas/virtrdf#Geometry%3E> Code: 0/ILLEGAL_CHARACTER in SCHEME: The character violates the grammar rules for URIs/IRIs.
14:15:19.996 [main] WARN org.apache.jena.riot - [line: 1444, col: 38] Bad IRI: <%3Chttp://www.openlinksw.com/schemas/virtrdf#Geometry%3E> Code: 0/ILLEGAL_CHARACTER in SCHEME: The character violates the grammar rules for URIs/IRIs.
14:15:19.996 [main] WARN org.apache.jena.riot - [line: 1501, col: 38] Bad IRI: <%3Chttp://www.openlinksw.com/schemas/virtrdf#Geometry%3E> Code: 0/ILLEGAL_CHARACTER in SCHEME: The character violates the grammar rules for URIs/IRIs.
14:15:19.997 [main] WARN org.apache.jena.riot - [line: 1652, col: 38] Bad IRI: <%3Chttp://www.openlinksw.com/schemas/virtrdf#Geometry%3E> Code: 0/ILLEGAL_CHARACTER in SCHEME: The character violates the grammar rules for URIs/IRIs.
14:15:19.997 [main] WARN org.apache.jena.riot - [line: 1741, col: 38] Bad IRI: <%3Chttp://www.openlinksw.com/schemas/virtrdf#Geometry%3E> Code: 0/ILLEGAL_CHARACTER in SCHEME: The character violates the grammar rules for URIs/IRIs.
14:15:19.998 [main] WARN org.apache.jena.riot - [line: 1970, col: 38] Bad IRI: <%3Chttp://www.openlinksw.com/schemas/virtrdf#Geometry%3E> Code: 0/ILLEGAL_CHARACTER in SCHEME: The character violates the grammar rules for URIs/IRIs.
14:15:19.998 [main] WARN org.apache.jena.riot - [line: 2026, col: 38] Bad IRI: <%3Chttp://www.openlinksw.com/schemas/virtrdf#Geometry%3E> Code: 0/ILLEGAL_CHARACTER in SCHEME: The character violates the grammar rules for URIs/IRIs.
14:15:19.999 [main] WARN org.apache.jena.riot - [line: 2204, col: 38] Bad IRI: <%3Chttp://www.openlinksw.com/schemas/virtrdf#Geometry%3E> Code: 0/ILLEGAL_CHARACTER in SCHEME: The character violates the grammar rules for URIs/IRIs.
14:15:19.999 [main] WARN org.apache.jena.riot - [line: 2313, col: 38] Bad IRI: <%3Chttp://www.openlinksw.com/schemas/virtrdf#Geometry%3E> Code: 0/ILLEGAL_CHARACTER in SCHEME: The character violates the grammar rules for URIs/IRIs.
14:15:19.999 [main] WARN org.apache.jena.riot - [line: 2377, col: 38] Bad IRI: <%3Chttp://www.openlinksw.com/schemas/virtrdf#Geometry%3E> Code: 0/ILLEGAL_CHARACTER in SCHEME: The character violates the grammar rules for URIs/IRIs.
14:15:20.000 [main] WARN org.apache.jena.riot - [line: 2486, col: 38] Bad IRI: <%3Chttp://www.openlinksw.com/schemas/virtrdf#Geometry%3E> Code: 0/ILLEGAL_CHARACTER in SCHEME: The character violates the grammar rules for URIs/IRIs.
14:15:20.000 [main] WARN org.apache.jena.riot - [line: 2549, col: 38] Bad IRI: <%3Chttp://www.openlinksw.com/schemas/virtrdf#Geometry%3E> Code: 0/ILLEGAL_CHARACTER in SCHEME: The character violates the grammar rules for URIs/IRIs.
14:15:20.000 [main] WARN org.apache.jena.riot - [line: 2650, col: 38] Bad IRI: <%3Chttp://www.openlinksw.com/schemas/virtrdf#Geometry%3E> Code: 0/ILLEGAL_CHARACTER in SCHEME: The character violates the grammar rules for URIs/IRIs.
14:15:20.001 [main] WARN org.apache.jena.riot - [line: 2742, col: 38] Bad IRI: <%3Chttp://www.openlinksw.com/schemas/virtrdf#Geometry%3E> Code: 0/ILLEGAL_CHARACTER in SCHEME: The character violates the grammar rules for URIs/IRIs.
14:15:20.001 [main] WARN org.apache.jena.riot - [line: 2834, col: 38] Bad IRI: <%3Chttp://www.openlinksw.com/schemas/virtrdf#Geometry%3E> Code: 0/ILLEGAL_CHARACTER in SCHEME: The character violates the grammar rules for URIs/IRIs.
14:15:20.001 [main] WARN org.apache.jena.riot - [line: 2897, col: 38] Bad IRI: <%3Chttp://www.openlinksw.com/schemas/virtrdf#Geometry%3E> Code: 0/ILLEGAL_CHARACTER in SCHEME: The character violates the grammar rules for URIs/IRIs.
14:15:20.002 [main] WARN org.apache.jena.riot - [line: 2999, col: 38] Bad IRI: <%3Chttp://www.openlinksw.com/schemas/virtrdf#Geometry%3E> Code: 0/ILLEGAL_CHARACTER in SCHEME: The character violates the grammar rules for URIs/IRIs.
14:15:20.002 [main] WARN org.apache.jena.riot - [line: 3086, col: 38] Bad IRI: <%3Chttp://www.openlinksw.com/schemas/virtrdf#Geometry%3E> Code: 0/ILLEGAL_CHARACTER in SCHEME: The character violates the grammar rules for URIs/IRIs.
14:15:20.002 [main] WARN org.apache.jena.riot - [line: 3168, col: 38] Bad IRI: <%3Chttp://www.openlinksw.com/schemas/virtrdf#Geometry%3E> Code: 0/ILLEGAL_CHARACTER in SCHEME: The character violates the grammar rules for URIs/IRIs.
14:15:20.002 [main] WARN org.apache.jena.riot - [line: 3233, col: 38] Bad IRI: <%3Chttp://www.openlinksw.com/schemas/virtrdf#Geometry%3E> Code: 0/ILLEGAL_CHARACTER in SCHEME: The character violates the grammar rules for URIs/IRIs.
14:15:20.003 [main] WARN org.apache.jena.riot - [line: 3309, col: 38] Bad IRI: <%3Chttp://www.openlinksw.com/schemas/virtrdf#Geometry%3E> Code: 0/ILLEGAL_CHARACTER in SCHEME: The character violates the grammar rules for URIs/IRIs.
14:15:20.003 [main] WARN org.apache.jena.riot - [line: 3372, col: 38] Bad IRI: <%3Chttp://www.openlinksw.com/schemas/virtrdf#Geometry%3E> Code: 0/ILLEGAL_CHARACTER in SCHEME: The character violates the grammar rules for URIs/IRIs.
14:15:20.003 [main] WARN org.apache.jena.riot - [line: 3466, col: 38] Bad IRI: <%3Chttp://www.openlinksw.com/schemas/virtrdf#Geometry%3E> Code: 0/ILLEGAL_CHARACTER in SCHEME: The character violates the grammar rules for URIs/IRIs.
14:15:20.003 [main] WARN org.apache.jena.riot - [line: 3534, col: 38] Bad IRI: <%3Chttp://www.openlinksw.com/schemas/virtrdf#Geometry%3E> Code: 0/ILLEGAL_CHARACTER in SCHEME: The character violates the grammar rules for URIs/IRIs.
14:15:20.004 [main] WARN org.apache.jena.riot - [line: 3652, col: 38] Bad IRI: <%3Chttp://www.openlinksw.com/schemas/virtrdf#Geometry%3E> Code: 0/ILLEGAL_CHARACTER in SCHEME: The character violates the grammar rules for URIs/IRIs.
14:15:20.004 [main] WARN org.apache.jena.riot - [line: 3708, col: 38] Bad IRI: <%3Chttp://www.openlinksw.com/schemas/virtrdf#Geometry%3E> Code: 0/ILLEGAL_CHARACTER in SCHEME: The character violates the grammar rules for URIs/IRIs.
14:15:20.004 [main] WARN org.apache.jena.riot - [line: 3798, col: 38] Bad IRI: <%3Chttp://www.openlinksw.com/schemas/virtrdf#Geometry%3E> Code: 0/ILLEGAL_CHARACTER in SCHEME: The character violates the grammar rules for URIs/IRIs.
14:15:20.005 [main] WARN org.apache.jena.riot - [line: 3875, col: 38] Bad IRI: <%3Chttp://www.openlinksw.com/schemas/virtrdf#Geometry%3E> Code: 0/ILLEGAL_CHARACTER in SCHEME: The character violates the grammar rules for URIs/IRIs.
14:15:20.005 [main] WARN org.apache.jena.riot - [line: 3980, col: 38] Bad IRI: <%3Chttp://www.openlinksw.com/schemas/virtrdf#Geometry%3E> Code: 0/ILLEGAL_CHARACTER in SCHEME: The character violates the grammar rules for URIs/IRIs.
14:15:20.005 [main] WARN org.apache.jena.riot - [line: 4035, col: 38] Bad IRI: <%3Chttp://www.openlinksw.com/schemas/virtrdf#Geometry%3E> Code: 0/ILLEGAL_CHARACTER in SCHEME: The character violates the grammar rules for URIs/IRIs.
14:15:20.006 [main] WARN org.apache.jena.riot - [line: 4092, col: 38] Bad IRI: <%3Chttp://www.openlinksw.com/schemas/virtrdf#Geometry%3E> Code: 0/ILLEGAL_CHARACTER in SCHEME: The character violates the grammar rules for URIs/IRIs.
14:15:20.006 [main] WARN org.apache.jena.riot - [line: 4199, col: 38] Bad IRI: <%3Chttp://www.openlinksw.com/schemas/virtrdf#Geometry%3E> Code: 0/ILLEGAL_CHARACTER in SCHEME: The character violates the grammar rules for URIs/IRIs.
14:15:20.006 [main] WARN org.apache.jena.riot - [line: 4262, col: 38] Bad IRI: <%3Chttp://www.openlinksw.com/schemas/virtrdf#Geometry%3E> Code: 0/ILLEGAL_CHARACTER in SCHEME: The character violates the grammar rules for URIs/IRIs.
14:15:20.007 [main] WARN org.apache.jena.riot - [line: 4340, col: 38] Bad IRI: <%3Chttp://www.openlinksw.com/schemas/virtrdf#Geometry%3E> Code: 0/ILLEGAL_CHARACTER in SCHEME: The character violates the grammar rules for URIs/IRIs.
14:15:20.007 [main] WARN org.apache.jena.riot - [line: 4385, col: 38] Bad IRI: <%3Chttp://www.openlinksw.com/schemas/virtrdf#Geometry%3E> Code: 0/ILLEGAL_CHARACTER in SCHEME: The character violates the grammar rules for URIs/IRIs.
14:15:20.007 [main] WARN org.apache.jena.riot - [line: 4465, col: 38] Bad IRI: <%3Chttp://www.openlinksw.com/schemas/virtrdf#Geometry%3E> Code: 0/ILLEGAL_CHARACTER in SCHEME: The character violates the grammar rules for URIs/IRIs.
14:15:20.008 [main] WARN org.apache.jena.riot - [line: 4597, col: 38] Bad IRI: <%3Chttp://www.openlinksw.com/schemas/virtrdf#Geometry%3E> Code: 0/ILLEGAL_CHARACTER in SCHEME: The character violates the grammar rules for URIs/IRIs.
14:15:20.008 [main] WARN org.apache.jena.riot - [line: 4713, col: 38] Bad IRI: <%3Chttp://www.openlinksw.com/schemas/virtrdf#Geometry%3E> Code: 0/ILLEGAL_CHARACTER in SCHEME: The character violates the grammar rules for URIs/IRIs.
14:15:20.009 [main] WARN org.apache.jena.riot - [line: 4827, col: 38] Bad IRI: <%3Chttp://www.openlinksw.com/schemas/virtrdf#Geometry%3E> Code: 0/ILLEGAL_CHARACTER in SCHEME: The character violates the grammar rules for URIs/IRIs.
14:15:20.009 [main] WARN org.apache.jena.riot - [line: 4965, col: 38] Bad IRI: <%3Chttp://www.openlinksw.com/schemas/virtrdf#Geometry%3E> Code: 0/ILLEGAL_CHARACTER in SCHEME: The character violates the grammar rules for URIs/IRIs.
14:15:20.010 [main] WARN org.apache.jena.riot - [line: 5061, col: 38] Bad IRI: <%3Chttp://www.openlinksw.com/schemas/virtrdf#Geometry%3E> Code: 0/ILLEGAL_CHARACTER in SCHEME: The character violates the grammar rules for URIs/IRIs.
14:15:20.010 [main] WARN org.apache.jena.riot - [line: 5165, col: 38] Bad IRI: <%3Chttp://www.openlinksw.com/schemas/virtrdf#Geometry%3E> Code: 0/ILLEGAL_CHARACTER in SCHEME: The character violates the grammar rules for URIs/IRIs.
14:15:20.010 [main] WARN org.apache.jena.riot - [line: 5199, col: 38] Bad IRI: <%3Chttp://www.openlinksw.com/schemas/virtrdf#Geometry%3E> Code: 0/ILLEGAL_CHARACTER in SCHEME: The character violates the grammar rules for URIs/IRIs.
14:15:20.010 [main] WARN org.apache.jena.riot - [line: 5312, col: 38] Bad IRI: <%3Chttp://www.openlinksw.com/schemas/virtrdf#Geometry%3E> Code: 0/ILLEGAL_CHARACTER in SCHEME: The character violates the grammar rules for URIs/IRIs.
14:15:20.011 [main] WARN org.apache.jena.riot - [line: 5354, col: 38] Bad IRI: <%3Chttp://www.openlinksw.com/schemas/virtrdf#Geometry%3E> Code: 0/ILLEGAL_CHARACTER in SCHEME: The character violates the grammar rules for URIs/IRIs.
14:15:20.011 [main] WARN org.apache.jena.riot - [line: 5426, col: 38] Bad IRI: <%3Chttp://www.openlinksw.com/schemas/virtrdf#Geometry%3E> Code: 0/ILLEGAL_CHARACTER in SCHEME: The character violates the grammar rules for URIs/IRIs.
14:15:20.012 [main] WARN org.apache.jena.riot - [line: 5501, col: 38] Bad IRI: <%3Chttp://www.openlinksw.com/schemas/virtrdf#Geometry%3E> Code: 0/ILLEGAL_CHARACTER in SCHEME: The character violates the grammar rules for URIs/IRIs.
14:15:20.012 [main] WARN org.apache.jena.riot - [line: 5573, col: 38] Bad IRI: <%3Chttp://www.openlinksw.com/schemas/virtrdf#Geometry%3E> Code: 0/ILLEGAL_CHARACTER in SCHEME: The character violates the grammar rules for URIs/IRIs.
14:15:20.012 [main] WARN org.apache.jena.riot - [line: 5685, col: 38] Bad IRI: <%3Chttp://www.openlinksw.com/schemas/virtrdf#Geometry%3E> Code: 0/ILLEGAL_CHARACTER in SCHEME: The character violates the grammar rules for URIs/IRIs.
14:15:20.013 [main] WARN org.apache.jena.riot - [line: 5839, col: 38] Bad IRI: <%3Chttp://www.openlinksw.com/schemas/virtrdf#Geometry%3E> Code: 0/ILLEGAL_CHARACTER in SCHEME: The character violates the grammar rules for URIs/IRIs.
14:15:20.013 [main] WARN org.apache.jena.riot - [line: 5892, col: 38] Bad IRI: <%3Chttp://www.openlinksw.com/schemas/virtrdf#Geometry%3E> Code: 0/ILLEGAL_CHARACTER in SCHEME: The character violates the grammar rules for URIs/IRIs.
14:15:20.013 [main] WARN org.apache.jena.riot - [line: 5964, col: 38] Bad IRI: <%3Chttp://www.openlinksw.com/schemas/virtrdf#Geometry%3E> Code: 0/ILLEGAL_CHARACTER in SCHEME: The character violates the grammar rules for URIs/IRIs.
14:15:20.013 [main] WARN org.apache.jena.riot - [line: 6070, col: 38] Bad IRI: <%3Chttp://www.openlinksw.com/schemas/virtrdf#Geometry%3E> Code: 0/ILLEGAL_CHARACTER in SCHEME: The character violates the grammar rules for URIs/IRIs.
14:15:20.014 [main] WARN org.apache.jena.riot - [line: 6132, col: 38] Bad IRI: <%3Chttp://www.openlinksw.com/schemas/virtrdf#Geometry%3E> Code: 0/ILLEGAL_CHARACTER in SCHEME: The character violates the grammar rules for URIs/IRIs.
14:15:20.014 [main] WARN org.apache.jena.riot - [line: 6211, col: 38] Bad IRI: <%3Chttp://www.openlinksw.com/schemas/virtrdf#Geometry%3E> Code: 0/ILLEGAL_CHARACTER in SCHEME: The character violates the grammar rules for URIs/IRIs.
14:15:20.015 [main] WARN org.apache.jena.riot - [line: 6459, col: 38] Bad IRI: <%3Chttp://www.openlinksw.com/schemas/virtrdf#Geometry%3E> Code: 0/ILLEGAL_CHARACTER in SCHEME: The character violates the grammar rules for URIs/IRIs.
14:15:20.015 [main] WARN org.apache.jena.riot - [line: 6481, col: 38] Bad IRI: <%3Chttp://www.openlinksw.com/schemas/virtrdf#Geometry%3E> Code: 0/ILLEGAL_CHARACTER in SCHEME: The character violates the grammar rules for URIs/IRIs.
14:15:20.015 [main] WARN org.apache.jena.riot - [line: 6618, col: 38] Bad IRI: <%3Chttp://www.openlinksw.com/schemas/virtrdf#Geometry%3E> Code: 0/ILLEGAL_CHARACTER in SCHEME: The character violates the grammar rules for URIs/IRIs.
14:15:20.015 [main] WARN org.apache.jena.riot - [line: 6660, col: 38] Bad IRI: <%3Chttp://www.openlinksw.com/schemas/virtrdf#Geometry%3E> Code: 0/ILLEGAL_CHARACTER in SCHEME: The character violates the grammar rules for URIs/IRIs.
14:15:20.016 [main] WARN org.apache.jena.riot - [line: 6742, col: 38] Bad IRI: <%3Chttp://www.openlinksw.com/schemas/virtrdf#Geometry%3E> Code: 0/ILLEGAL_CHARACTER in SCHEME: The character violates the grammar rules for URIs/IRIs.
14:15:20.016 [main] WARN org.apache.jena.riot - [line: 6805, col: 38] Bad IRI: <%3Chttp://www.openlinksw.com/schemas/virtrdf#Geometry%3E> Code: 0/ILLEGAL_CHARACTER in SCHEME: The character violates the grammar rules for URIs/IRIs.
14:15:20.017 [main] WARN org.apache.jena.riot - [line: 6905, col: 38] Bad IRI: <%3Chttp://www.openlinksw.com/schemas/virtrdf#Geometry%3E> Code: 0/ILLEGAL_CHARACTER in SCHEME: The character violates the grammar rules for URIs/IRIs.
14:15:20.017 [main] WARN org.apache.jena.riot - [line: 7025, col: 38] Bad IRI: <%3Chttp://www.openlinksw.com/schemas/virtrdf#Geometry%3E> Code: 0/ILLEGAL_CHARACTER in SCHEME: The character violates the grammar rules for URIs/IRIs.
14:15:20.017 [main] WARN org.apache.jena.riot - [line: 7153, col: 38] Bad IRI: <%3Chttp://www.openlinksw.com/schemas/virtrdf#Geometry%3E> Code: 0/ILLEGAL_CHARACTER in SCHEME: The character violates the grammar rules for URIs/IRIs.
14:15:20.018 [main] WARN org.apache.jena.riot - [line: 7199, col: 38] Bad IRI: <%3Chttp://www.openlinksw.com/schemas/virtrdf#Geometry%3E> Code: 0/ILLEGAL_CHARACTER in SCHEME: The character violates the grammar rules for URIs/IRIs.
14:15:20.018 [main] WARN org.apache.jena.riot - [line: 7257, col: 38] Bad IRI: <%3Chttp://www.openlinksw.com/schemas/virtrdf#Geometry%3E> Code: 0/ILLEGAL_CHARACTER in SCHEME: The character violates the grammar rules for URIs/IRIs.
14:15:20.018 [main] WARN org.apache.jena.riot - [line: 7371, col: 38] Bad IRI: <%3Chttp://www.openlinksw.com/schemas/virtrdf#Geometry%3E> Code: 0/ILLEGAL_CHARACTER in SCHEME: The character violates the grammar rules for URIs/IRIs.
14:15:20.019 [main] WARN org.apache.jena.riot - [line: 7434, col: 38] Bad IRI: <%3Chttp://www.openlinksw.com/schemas/virtrdf#Geometry%3E> Code: 0/ILLEGAL_CHARACTER in SCHEME: The character violates the grammar rules for URIs/IRIs.
14:15:20.019 [main] WARN org.apache.jena.riot - [line: 7512, col: 38] Bad IRI: <%3Chttp://www.openlinksw.com/schemas/virtrdf#Geometry%3E> Code: 0/ILLEGAL_CHARACTER in SCHEME: The character violates the grammar rules for URIs/IRIs.
14:15:20.019 [main] WARN org.apache.jena.riot - [line: 7606, col: 38] Bad IRI: <%3Chttp://www.openlinksw.com/schemas/virtrdf#Geometry%3E> Code: 0/ILLEGAL_CHARACTER in SCHEME: The character violates the grammar rules for URIs/IRIs.
14:15:20.020 [main] WARN org.apache.jena.riot - [line: 7661, col: 38] Bad IRI: <%3Chttp://www.openlinksw.com/schemas/virtrdf#Geometry%3E> Code: 0/ILLEGAL_CHARACTER in SCHEME: The character violates the grammar rules for URIs/IRIs.
14:15:20.020 [main] WARN org.apache.jena.riot - [line: 7753, col: 38] Bad IRI: <%3Chttp://www.openlinksw.com/schemas/virtrdf#Geometry%3E> Code: 0/ILLEGAL_CHARACTER in SCHEME: The character violates the grammar rules for URIs/IRIs.
14:15:20.021 [main] WARN org.apache.jena.riot - [line: 7860, col: 38] Bad IRI: <%3Chttp://www.openlinksw.com/schemas/virtrdf#Geometry%3E> Code: 0/ILLEGAL_CHARACTER in SCHEME: The character violates the grammar rules for URIs/IRIs.
14:15:20.021 [main] WARN org.apache.jena.riot - [line: 7996, col: 38] Bad IRI: <%3Chttp://www.openlinksw.com/schemas/virtrdf#Geometry%3E> Code: 0/ILLEGAL_CHARACTER in SCHEME: The character violates the grammar rules for URIs/IRIs.
14:15:20.021 [main] WARN org.apache.jena.riot - [line: 8064, col: 38] Bad IRI: <%3Chttp://www.openlinksw.com/schemas/virtrdf#Geometry%3E> Code: 0/ILLEGAL_CHARACTER in SCHEME: The character violates the grammar rules for URIs/IRIs.
14:15:20.022 [main] WARN org.apache.jena.riot - [line: 8137, col: 38] Bad IRI: <%3Chttp://www.openlinksw.com/schemas/virtrdf#Geometry%3E> Code: 0/ILLEGAL_CHARACTER in SCHEME: The character violates the grammar rules for URIs/IRIs.
14:15:20.022 [main] WARN org.apache.jena.riot - [line: 8206, col: 38] Bad IRI: <%3Chttp://www.openlinksw.com/schemas/virtrdf#Geometry%3E> Code: 0/ILLEGAL_CHARACTER in SCHEME: The character violates the grammar rules for URIs/IRIs.
14:15:20.022 [main] WARN org.apache.jena.riot - [line: 8278, col: 38] Bad IRI: <%3Chttp://www.openlinksw.com/schemas/virtrdf#Geometry%3E> Code: 0/ILLEGAL_CHARACTER in SCHEME: The character violates the grammar rules for URIs/IRIs.
14:15:20.023 [main] WARN org.apache.jena.riot - [line: 8390, col: 38] Bad IRI: <%3Chttp://www.openlinksw.com/schemas/virtrdf#Geometry%3E> Code: 0/ILLEGAL_CHARACTER in SCHEME: The character violates the grammar rules for URIs/IRIs.
14:15:20.023 [main] WARN org.apache.jena.riot - [line: 8434, col: 38] Bad IRI: <%3Chttp://www.openlinksw.com/schemas/virtrdf#Geometry%3E> Code: 0/ILLEGAL_CHARACTER in SCHEME: The character violates the grammar rules for URIs/IRIs.
14:15:20.024 [main] WARN org.apache.jena.riot - [line: 8740, col: 38] Bad IRI: <%3Chttp://www.openlinksw.com/schemas/virtrdf#Geometry%3E> Code: 0/ILLEGAL_CHARACTER in SCHEME: The character violates the grammar rules for URIs/IRIs.
14:15:20.024 [main] WARN org.apache.jena.riot - [line: 8763, col: 38] Bad IRI: <%3Chttp://www.openlinksw.com/schemas/virtrdf#Geometry%3E> Code: 0/ILLEGAL_CHARACTER in SCHEME: The character violates the grammar rules for URIs/IRIs.
14:15:20.025 [main] WARN org.apache.jena.riot - [line: 8953, col: 38] Bad IRI: <%3Chttp://www.openlinksw.com/schemas/virtrdf#Geometry%3E> Code: 0/ILLEGAL_CHARACTER in SCHEME: The character violates the grammar rules for URIs/IRIs.
14:15:20.025 [main] WARN org.apache.jena.riot - [line: 9058, col: 38] Bad IRI: <%3Chttp://www.openlinksw.com/schemas/virtrdf#Geometry%3E> Code: 0/ILLEGAL_CHARACTER in SCHEME: The character violates the grammar rules for URIs/IRIs.
14:15:20.025 [main] WARN org.apache.jena.riot - [line: 9115, col: 38] Bad IRI: <%3Chttp://www.openlinksw.com/schemas/virtrdf#Geometry%3E> Code: 0/ILLEGAL_CHARACTER in SCHEME: The character violates the grammar rules for URIs/IRIs.
14:15:20.026 [main] WARN org.apache.jena.riot - [line: 9221, col: 38] Bad IRI: <%3Chttp://www.openlinksw.com/schemas/virtrdf#Geometry%3E> Code: 0/ILLEGAL_CHARACTER in SCHEME: The character violates the grammar rules for URIs/IRIs.
14:15:20.026 [main] WARN org.apache.jena.riot - [line: 9290, col: 38] Bad IRI: <%3Chttp://www.openlinksw.com/schemas/virtrdf#Geometry%3E> Code: 0/ILLEGAL_CHARACTER in SCHEME: The character violates the grammar rules for URIs/IRIs.
14:15:20.027 [main] WARN org.apache.jena.riot - [line: 9384, col: 38] Bad IRI: <%3Chttp://www.openlinksw.com/schemas/virtrdf#Geometry%3E> Code: 0/ILLEGAL_CHARACTER in SCHEME: The character violates the grammar rules for URIs/IRIs.
14:15:20.027 [main] WARN org.apache.jena.riot - [line: 9431, col: 38] Bad IRI: <%3Chttp://www.openlinksw.com/schemas/virtrdf#Geometry%3E> Code: 0/ILLEGAL_CHARACTER in SCHEME: The character violates the grammar rules for URIs/IRIs.
14:15:20.027 [main] WARN org.apache.jena.riot - [line: 9480, col: 38] Bad IRI: <%3Chttp://www.openlinksw.com/schemas/virtrdf#Geometry%3E> Code: 0/ILLEGAL_CHARACTER in SCHEME: The character violates the grammar rules for URIs/IRIs.
14:15:20.027 [main] WARN org.apache.jena.riot - [line: 9588, col: 38] Bad IRI: <%3Chttp://www.openlinksw.com/schemas/virtrdf#Geometry%3E> Code: 0/ILLEGAL_CHARACTER in SCHEME: The character violates the grammar rules for URIs/IRIs.
14:15:20.028 [main] WARN org.apache.jena.riot - [line: 9650, col: 38] Bad IRI: <%3Chttp://www.openlinksw.com/schemas/virtrdf#Geometry%3E> Code: 0/ILLEGAL_CHARACTER in SCHEME: The character violates the grammar rules for URIs/IRIs.
14:15:20.028 [main] WARN org.apache.jena.riot - [line: 9743, col: 38] Bad IRI: <%3Chttp://www.openlinksw.com/schemas/virtrdf#Geometry%3E> Code: 0/ILLEGAL_CHARACTER in SCHEME: The character violates the grammar rules for URIs/IRIs.
14:15:20.029 [main] WARN org.apache.jena.riot - [line: 9795, col: 38] Bad IRI: <%3Chttp://www.openlinksw.com/schemas/virtrdf#Geometry%3E> Code: 0/ILLEGAL_CHARACTER in SCHEME: The character violates the grammar rules for URIs/IRIs.
14:15:20.029 [main] WARN org.apache.jena.riot - [line: 9882, col: 38] Bad IRI: <%3Chttp://www.openlinksw.com/schemas/virtrdf#Geometry%3E> Code: 0/ILLEGAL_CHARACTER in SCHEME: The character violates the grammar rules for URIs/IRIs.
14:15:20.030 [main] WARN org.apache.jena.riot - [line: 10002, col: 38] Bad IRI: <%3Chttp://www.openlinksw.com/schemas/virtrdf#Geometry%3E> Code: 0/ILLEGAL_CHARACTER in SCHEME: The character violates the grammar rules for URIs/IRIs.
14:15:20.031 [main] WARN org.apache.jena.riot - [line: 10104, col: 38] Bad IRI: <%3Chttp://www.openlinksw.com/schemas/virtrdf#Geometry%3E> Code: 0/ILLEGAL_CHARACTER in SCHEME: The character violates the grammar rules for URIs/IRIs.
14:15:20.031 [main] WARN org.apache.jena.riot - [line: 10182, col: 38] Bad IRI: <%3Chttp://www.openlinksw.com/schemas/virtrdf#Geometry%3E> Code: 0/ILLEGAL_CHARACTER in SCHEME: The character violates the grammar rules for URIs/IRIs.
14:15:20.031 [main] WARN org.apache.jena.riot - [line: 10239, col: 38] Bad IRI: <%3Chttp://www.openlinksw.com/schemas/virtrdf#Geometry%3E> Code: 0/ILLEGAL_CHARACTER in SCHEME: The character violates the grammar rules for URIs/IRIs.
14:15:20.031 [main] WARN org.apache.jena.riot - [line: 10312, col: 38] Bad IRI: <%3Chttp://www.openlinksw.com/schemas/virtrdf#Geometry%3E> Code: 0/ILLEGAL_CHARACTER in SCHEME: The character violates the grammar rules for URIs/IRIs.
14:15:20.032 [main] WARN org.apache.jena.riot - [line: 10402, col: 38] Bad IRI: <%3Chttp://www.openlinksw.com/schemas/virtrdf#Geometry%3E> Code: 0/ILLEGAL_CHARACTER in SCHEME: The character violates the grammar rules for URIs/IRIs.
14:15:20.032 [main] WARN org.apache.jena.riot - [line: 10481, col: 38] Bad IRI: <%3Chttp://www.openlinksw.com/schemas/virtrdf#Geometry%3E> Code: 0/ILLEGAL_CHARACTER in SCHEME: The character violates the grammar rules for URIs/IRIs.
14:15:20.032 [main] WARN org.apache.jena.riot - [line: 10553, col: 38] Bad IRI: <%3Chttp://www.openlinksw.com/schemas/virtrdf#Geometry%3E> Code: 0/ILLEGAL_CHARACTER in SCHEME: The character violates the grammar rules for URIs/IRIs.
14:15:20.032 [main] WARN org.apache.jena.riot - [line: 10599, col: 38] Bad IRI: <%3Chttp://www.openlinksw.com/schemas/virtrdf#Geometry%3E> Code: 0/ILLEGAL_CHARACTER in SCHEME: The character violates the grammar rules for URIs/IRIs.
14:15:20.033 [main] WARN org.apache.jena.riot - [line: 10671, col: 38] Bad IRI: <%3Chttp://www.openlinksw.com/schemas/virtrdf#Geometry%3E> Code: 0/ILLEGAL_CHARACTER in SCHEME: The character violates the grammar rules for URIs/IRIs.
14:15:20.033 [main] WARN org.apache.jena.riot - [line: 10774, col: 38] Bad IRI: <%3Chttp://www.openlinksw.com/schemas/virtrdf#Geometry%3E> Code: 0/ILLEGAL_CHARACTER in SCHEME: The character violates the grammar rules for URIs/IRIs.
14:15:20.033 [main] WARN org.apache.jena.riot - [line: 10885, col: 38] Bad IRI: <%3Chttp://www.openlinksw.com/schemas/virtrdf#Geometry%3E> Code: 0/ILLEGAL_CHARACTER in SCHEME: The character violates the grammar rules for URIs/IRIs.
14:15:20.034 [main] WARN org.apache.jena.riot - [line: 10949, col: 38] Bad IRI: <%3Chttp://www.openlinksw.com/schemas/virtrdf#Geometry%3E> Code: 0/ILLEGAL_CHARACTER in SCHEME: The character violates the grammar rules for URIs/IRIs.
14:15:20.034 [main] WARN org.apache.jena.riot - [line: 11009, col: 38] Bad IRI: <%3Chttp://www.openlinksw.com/schemas/virtrdf#Geometry%3E> Code: 0/ILLEGAL_CHARACTER in SCHEME: The character violates the grammar rules for URIs/IRIs.
14:15:20.034 [main] WARN org.apache.jena.riot - [line: 11087, col: 38] Bad IRI: <%3Chttp://www.openlinksw.com/schemas/virtrdf#Geometry%3E> Code: 0/ILLEGAL_CHARACTER in SCHEME: The character violates the grammar rules for URIs/IRIs.
14:15:20.035 [main] WARN org.apache.jena.riot - [line: 11161, col: 38] Bad IRI: <%3Chttp://www.openlinksw.com/schemas/virtrdf#Geometry%3E> Code: 0/ILLEGAL_CHARACTER in SCHEME: The character violates the grammar rules for URIs/IRIs.
14:15:20.035 [main] WARN org.apache.jena.riot - [line: 11238, col: 38] Bad IRI: <%3Chttp://www.openlinksw.com/schemas/virtrdf#Geometry%3E> Code: 0/ILLEGAL_CHARACTER in SCHEME: The character violates the grammar rules for URIs/IRIs.
14:15:20.035 [main] WARN org.apache.jena.riot - [line: 11323, col: 38] Bad IRI: <%3Chttp://www.openlinksw.com/schemas/virtrdf#Geometry%3E> Code: 0/ILLEGAL_CHARACTER in SCHEME: The character violates the grammar rules for URIs/IRIs.
14:15:20.035 [main] WARN org.apache.jena.riot - [line: 11385, col: 38] Bad IRI: <%3Chttp://www.openlinksw.com/schemas/virtrdf#Geometry%3E> Code: 0/ILLEGAL_CHARACTER in SCHEME: The character violates the grammar rules for URIs/IRIs.
14:15:20.036 [main] WARN org.apache.jena.riot - [line: 11479, col: 38] Bad IRI: <%3Chttp://www.openlinksw.com/schemas/virtrdf#Geometry%3E> Code: 0/ILLEGAL_CHARACTER in SCHEME: The character violates the grammar rules for URIs/IRIs.
14:15:20.036 [main] WARN org.apache.jena.riot - [line: 11627, col: 38] Bad IRI: <%3Chttp://www.openlinksw.com/schemas/virtrdf#Geometry%3E> Code: 0/ILLEGAL_CHARACTER in SCHEME: The character violates the grammar rules for URIs/IRIs.
14:15:20.036 [main] WARN org.apache.jena.riot - [line: 11672, col: 38] Bad IRI: <%3Chttp://www.openlinksw.com/schemas/virtrdf#Geometry%3E> Code: 0/ILLEGAL_CHARACTER in SCHEME: The character violates the grammar rules for URIs/IRIs.
14:15:20.037 [main] WARN org.apache.jena.riot - [line: 11746, col: 38] Bad IRI: <%3Chttp://www.openlinksw.com/schemas/virtrdf#Geometry%3E> Code: 0/ILLEGAL_CHARACTER in SCHEME: The character violates the grammar rules for URIs/IRIs.
14:15:20.037 [main] WARN org.apache.jena.riot - [line: 11799, col: 38] Bad IRI: <%3Chttp://www.openlinksw.com/schemas/virtrdf#Geometry%3E> Code: 0/ILLEGAL_CHARACTER in SCHEME: The character violates the grammar rules for URIs/IRIs.
14:15:20.037 [main] WARN org.apache.jena.riot - [line: 11889, col: 38] Bad IRI: <%3Chttp://www.openlinksw.com/schemas/virtrdf#Geometry%3E> Code: 0/ILLEGAL_CHARACTER in SCHEME: The character violates the grammar rules for URIs/IRIs.
14:15:20.038 [main] WARN org.apache.jena.riot - [line: 11994, col: 38] Bad IRI: <%3Chttp://www.openlinksw.com/schemas/virtrdf#Geometry%3E> Code: 0/ILLEGAL_CHARACTER in SCHEME: The character violates the grammar rules for URIs/IRIs.
14:15:20.038 [main] WARN org.apache.jena.riot - [line: 12074, col: 38] Bad IRI: <%3Chttp://www.openlinksw.com/schemas/virtrdf#Geometry%3E> Code: 0/ILLEGAL_CHARACTER in SCHEME: The character violates the grammar rules for URIs/IRIs.
14:15:20.038 [main] WARN org.apache.jena.riot - [line: 12172, col: 38] Bad IRI: <%3Chttp://www.openlinksw.com/schemas/virtrdf#Geometry%3E> Code: 0/ILLEGAL_CHARACTER in SCHEME: The character violates the grammar rules for URIs/IRIs.
14:15:20.038 [main] WARN org.apache.jena.riot - [line: 12247, col: 38] Bad IRI: <%3Chttp://www.openlinksw.com/schemas/virtrdf#Geometry%3E> Code: 0/ILLEGAL_CHARACTER in SCHEME: The character violates the grammar rules for URIs/IRIs.
14:15:20.039 [main] WARN org.apache.jena.riot - [line: 12327, col: 38] Bad IRI: <%3Chttp://www.openlinksw.com/schemas/virtrdf#Geometry%3E> Code: 0/ILLEGAL_CHARACTER in SCHEME: The character violates the grammar rules for URIs/IRIs.
14:15:20.039 [main] WARN org.apache.jena.riot - [line: 12412, col: 38] Bad IRI: <%3Chttp://www.openlinksw.com/schemas/virtrdf#Geometry%3E> Code: 0/ILLEGAL_CHARACTER in SCHEME: The character violates the grammar rules for URIs/IRIs.
14:15:20.039 [main] WARN org.apache.jena.riot - [line: 12476, col: 38] Bad IRI: <%3Chttp://www.openlinksw.com/schemas/virtrdf#Geometry%3E> Code: 0/ILLEGAL_CHARACTER in SCHEME: The character violates the grammar rules for URIs/IRIs.
14:15:20.039 [main] WARN org.apache.jena.riot - [line: 12523, col: 38] Bad IRI: <%3Chttp://www.openlinksw.com/schemas/virtrdf#Geometry%3E> Code: 0/ILLEGAL_CHARACTER in SCHEME: The character violates the grammar rules for URIs/IRIs.
14:15:20.040 [main] WARN org.apache.jena.riot - [line: 12599, col: 38] Bad IRI: <%3Chttp://www.openlinksw.com/schemas/virtrdf#Geometry%3E> Code: 0/ILLEGAL_CHARACTER in SCHEME: The character violates the grammar rules for URIs/IRIs.
14:15:20.040 [main] WARN org.apache.jena.riot - [line: 12703, col: 38] Bad IRI: <%3Chttp://www.openlinksw.com/schemas/virtrdf#Geometry%3E> Code: 0/ILLEGAL_CHARACTER in SCHEME: The character violates the grammar rules for URIs/IRIs.
14:15:20.040 [main] WARN org.apache.jena.riot - [line: 12772, col: 38] Bad IRI: <%3Chttp://www.openlinksw.com/schemas/virtrdf#Geometry%3E> Code: 0/ILLEGAL_CHARACTER in SCHEME: The character violates the grammar rules for URIs/IRIs.
14:15:20.041 [main] WARN org.apache.jena.riot - [line: 12817, col: 38] Bad IRI: <%3Chttp://www.openlinksw.com/schemas/virtrdf#Geometry%3E> Code: 0/ILLEGAL_CHARACTER in SCHEME: The character violates the grammar rules for URIs/IRIs.
14:15:20.041 [main] WARN org.apache.jena.riot - [line: 12910, col: 38] Bad IRI: <%3Chttp://www.openlinksw.com/schemas/virtrdf#Geometry%3E> Code: 0/ILLEGAL_CHARACTER in SCHEME: The character violates the grammar rules for URIs/IRIs.
14:15:20.041 [main] WARN org.apache.jena.riot - [line: 12986, col: 38] Bad IRI: <%3Chttp://www.openlinksw.com/schemas/virtrdf#Geometry%3E> Code: 0/ILLEGAL_CHARACTER in SCHEME: The character violates the grammar rules for URIs/IRIs.
14:15:20.042 [main] WARN org.apache.jena.riot - [line: 13084, col: 38] Bad IRI: <%3Chttp://www.openlinksw.com/schemas/virtrdf#Geometry%3E> Code: 0/ILLEGAL_CHARACTER in SCHEME: The character violates the grammar rules for URIs/IRIs.
14:15:20.042 [main] WARN org.apache.jena.riot - [line: 13178, col: 38] Bad IRI: <%3Chttp://www.openlinksw.com/schemas/virtrdf#Geometry%3E> Code: 0/ILLEGAL_CHARACTER in SCHEME: The character violates the grammar rules for URIs/IRIs.
14:15:20.042 [main] WARN org.apache.jena.riot - [line: 13225, col: 38] Bad IRI: <%3Chttp://www.openlinksw.com/schemas/virtrdf#Geometry%3E> Code: 0/ILLEGAL_CHARACTER in SCHEME: The character violates the grammar rules for URIs/IRIs.
14:15:20.043 [main] WARN org.apache.jena.riot - [line: 13330, col: 38] Bad IRI: <%3Chttp://www.openlinksw.com/schemas/virtrdf#Geometry%3E> Code: 0/ILLEGAL_CHARACTER in SCHEME: The character violates the grammar rules for URIs/IRIs.
14:15:20.043 [main] WARN org.apache.jena.riot - [line: 13454, col: 38] Bad IRI: <%3Chttp://www.openlinksw.com/schemas/virtrdf#Geometry%3E> Code: 0/ILLEGAL_CHARACTER in SCHEME: The character violates the grammar rules for URIs/IRIs.
14:15:20.043 [main] WARN org.apache.jena.riot - [line: 13533, col: 38] Bad IRI: <%3Chttp://www.openlinksw.com/schemas/virtrdf#Geometry%3E> Code: 0/ILLEGAL_CHARACTER in SCHEME: The character violates the grammar rules for URIs/IRIs.
14:15:20.044 [main] WARN org.apache.jena.riot - [line: 13641, col: 38] Bad IRI: <%3Chttp://www.openlinksw.com/schemas/virtrdf#Geometry%3E> Code: 0/ILLEGAL_CHARACTER in SCHEME: The character violates the grammar rules for URIs/IRIs.
14:15:20.044 [main] WARN org.apache.jena.riot - [line: 13685, col: 38] Bad IRI: <%3Chttp://www.openlinksw.com/schemas/virtrdf#Geometry%3E> Code: 0/ILLEGAL_CHARACTER in SCHEME: The character violates the grammar rules for URIs/IRIs.
14:15:20.045 [main] WARN org.apache.jena.riot - [line: 13834, col: 38] Bad IRI: <%3Chttp://www.openlinksw.com/schemas/virtrdf#Geometry%3E> Code: 0/ILLEGAL_CHARACTER in SCHEME: The character violates the grammar rules for URIs/IRIs.
14:15:20.045 [main] WARN org.apache.jena.riot - [line: 13881, col: 38] Bad IRI: <%3Chttp://www.openlinksw.com/schemas/virtrdf#Geometry%3E> Code: 0/ILLEGAL_CHARACTER in SCHEME: The character violates the grammar rules for URIs/IRIs.
14:15:20.045 [main] WARN org.apache.jena.riot - [line: 13957, col: 38] Bad IRI: <%3Chttp://www.openlinksw.com/schemas/virtrdf#Geometry%3E> Code: 0/ILLEGAL_CHARACTER in SCHEME: The character violates the grammar rules for URIs/IRIs.
14:15:20.045 [main] WARN org.apache.jena.riot - [line: 14080, col: 38] Bad IRI: <%3Chttp://www.openlinksw.com/schemas/virtrdf#Geometry%3E> Code: 0/ILLEGAL_CHARACTER in SCHEME: The character violates the grammar rules for URIs/IRIs.
14:15:20.046 [main] WARN org.apache.jena.riot - [line: 14171, col: 38] Bad IRI: <%3Chttp://www.openlinksw.com/schemas/virtrdf#Geometry%3E> Code: 0/ILLEGAL_CHARACTER in SCHEME: The character violates the grammar rules for URIs/IRIs.
14:15:20.047 [main] WARN org.apache.jena.riot - [line: 14264, col: 38] Bad IRI: <%3Chttp://www.openlinksw.com/schemas/virtrdf#Geometry%3E> Code: 0/ILLEGAL_CHARACTER in SCHEME: The character violates the grammar rules for URIs/IRIs.
14:15:20.047 [main] WARN org.apache.jena.riot - [line: 14366, col: 38] Bad IRI: <%3Chttp://www.openlinksw.com/schemas/virtrdf#Geometry%3E> Code: 0/ILLEGAL_CHARACTER in SCHEME: The character violates the grammar rules for URIs/IRIs.
14:15:20.047 [main] WARN org.apache.jena.riot - [line: 14413, col: 38] Bad IRI: <%3Chttp://www.openlinksw.com/schemas/virtrdf#Geometry%3E> Code: 0/ILLEGAL_CHARACTER in SCHEME: The character violates the grammar rules for URIs/IRIs.
14:15:20.047 [main] WARN org.apache.jena.riot - [line: 14484, col: 38] Bad IRI: <%3Chttp://www.openlinksw.com/schemas/virtrdf#Geometry%3E> Code: 0/ILLEGAL_CHARACTER in SCHEME: The character violates the grammar rules for URIs/IRIs.
14:15:20.048 [main] WARN org.apache.jena.riot - [line: 14578, col: 38] Bad IRI: <%3Chttp://www.openlinksw.com/schemas/virtrdf#Geometry%3E> Code: 0/ILLEGAL_CHARACTER in SCHEME: The character violates the grammar rules for URIs/IRIs.
14:15:20.048 [main] WARN org.apache.jena.riot - [line: 14629, col: 38] Bad IRI: <%3Chttp://www.openlinksw.com/schemas/virtrdf#Geometry%3E> Code: 0/ILLEGAL_CHARACTER in SCHEME: The character violates the grammar rules for URIs/IRIs.
14:15:20.048 [main] WARN org.apache.jena.riot - [line: 14709, col: 38] Bad IRI: <%3Chttp://www.openlinksw.com/schemas/virtrdf#Geometry%3E> Code: 0/ILLEGAL_CHARACTER in SCHEME: The character violates the grammar rules for URIs/IRIs.
14:15:20.049 [main] WARN org.apache.jena.riot - [line: 14821, col: 38] Bad IRI: <%3Chttp://www.openlinksw.com/schemas/virtrdf#Geometry%3E> Code: 0/ILLEGAL_CHARACTER in SCHEME: The character violates the grammar rules for URIs/IRIs.
14:15:20.049 [main] WARN org.apache.jena.riot - [line: 14866, col: 38] Bad IRI: <%3Chttp://www.openlinksw.com/schemas/virtrdf#Geometry%3E> Code: 0/ILLEGAL_CHARACTER in SCHEME: The character violates the grammar rules for URIs/IRIs.
14:15:20.049 [main] WARN org.apache.jena.riot - [line: 14939, col: 38] Bad IRI: <%3Chttp://www.openlinksw.com/schemas/virtrdf#Geometry%3E> Code: 0/ILLEGAL_CHARACTER in SCHEME: The character violates the grammar rules for URIs/IRIs.
14:15:20.050 [main] WARN org.apache.jena.riot - [line: 15070, col: 38] Bad IRI: <%3Chttp://www.openlinksw.com/schemas/virtrdf#Geometry%3E> Code: 0/ILLEGAL_CHARACTER in SCHEME: The character violates the grammar rules for URIs/IRIs.
prettyFormatTurtle  - 0 - 0
Time Elapsed 0.1_20 1 sec , 0 min
***** Total Parsing Time 13 sec , 0 min *****
/home/koen/shape-generation-clean/generated-output/qse/marine-regions/db_0.95_50 created successfully.
Invoked:: PostConstraintsAnnotator
MODEL:: CUSTOM - SIZE: 5718 | PARAMS: 95.0 - 50
::: ShapesExtractor ~ WRITING MODEL TO FILE: /home/koen/shape-generation-clean/generated-output/qse/marine-regions/DATASET_QSE_0.95_50.ttl
writeModelToFile  - 0 - 0
::: ShapesExtractor ~ PRETTY FORMATTING TURTLE FILE: /home/koen/shape-generation-clean/generated-output/qse/marine-regions/DATASET_QSE_0.95_50_SHACL.ttl
Pretty Formatting
14:15:20.645 [main] WARN org.apache.jena.riot - [line: 16, col: 38] Bad IRI: <%3Chttp://www.openlinksw.com/schemas/virtrdf#Geometry%3E> Code: 0/ILLEGAL_CHARACTER in SCHEME: The character violates the grammar rules for URIs/IRIs.
14:15:20.645 [main] WARN org.apache.jena.riot - [line: 59, col: 38] Bad IRI: <%3Chttp://www.openlinksw.com/schemas/virtrdf#Geometry%3E> Code: 0/ILLEGAL_CHARACTER in SCHEME: The character violates the grammar rules for URIs/IRIs.
14:15:20.645 [main] WARN org.apache.jena.riot - [line: 105, col: 38] Bad IRI: <%3Chttp://www.openlinksw.com/schemas/virtrdf#Geometry%3E> Code: 0/ILLEGAL_CHARACTER in SCHEME: The character violates the grammar rules for URIs/IRIs.
14:15:20.645 [main] WARN org.apache.jena.riot - [line: 173, col: 38] Bad IRI: <%3Chttp://www.openlinksw.com/schemas/virtrdf#Geometry%3E> Code: 0/ILLEGAL_CHARACTER in SCHEME: The character violates the grammar rules for URIs/IRIs.
14:15:20.645 [main] WARN org.apache.jena.riot - [line: 217, col: 38] Bad IRI: <%3Chttp://www.openlinksw.com/schemas/virtrdf#Geometry%3E> Code: 0/ILLEGAL_CHARACTER in SCHEME: The character violates the grammar rules for URIs/IRIs.
14:15:20.646 [main] WARN org.apache.jena.riot - [line: 264, col: 38] Bad IRI: <%3Chttp://www.openlinksw.com/schemas/virtrdf#Geometry%3E> Code: 0/ILLEGAL_CHARACTER in SCHEME: The character violates the grammar rules for URIs/IRIs.
14:15:20.646 [main] WARN org.apache.jena.riot - [line: 307, col: 38] Bad IRI: <%3Chttp://www.openlinksw.com/schemas/virtrdf#Geometry%3E> Code: 0/ILLEGAL_CHARACTER in SCHEME: The character violates the grammar rules for URIs/IRIs.
14:15:20.646 [main] WARN org.apache.jena.riot - [line: 379, col: 38] Bad IRI: <%3Chttp://www.openlinksw.com/schemas/virtrdf#Geometry%3E> Code: 0/ILLEGAL_CHARACTER in SCHEME: The character violates the grammar rules for URIs/IRIs.
14:15:20.646 [main] WARN org.apache.jena.riot - [line: 426, col: 38] Bad IRI: <%3Chttp://www.openlinksw.com/schemas/virtrdf#Geometry%3E> Code: 0/ILLEGAL_CHARACTER in SCHEME: The character violates the grammar rules for URIs/IRIs.
14:15:20.646 [main] WARN org.apache.jena.riot - [line: 497, col: 38] Bad IRI: <%3Chttp://www.openlinksw.com/schemas/virtrdf#Geometry%3E> Code: 0/ILLEGAL_CHARACTER in SCHEME: The character violates the grammar rules for URIs/IRIs.
14:15:20.647 [main] WARN org.apache.jena.riot - [line: 615, col: 38] Bad IRI: <%3Chttp://www.openlinksw.com/schemas/virtrdf#Geometry%3E> Code: 0/ILLEGAL_CHARACTER in SCHEME: The character violates the grammar rules for URIs/IRIs.
14:15:20.647 [main] WARN org.apache.jena.riot - [line: 708, col: 38] Bad IRI: <%3Chttp://www.openlinksw.com/schemas/virtrdf#Geometry%3E> Code: 0/ILLEGAL_CHARACTER in SCHEME: The character violates the grammar rules for URIs/IRIs.
14:15:20.647 [main] WARN org.apache.jena.riot - [line: 792, col: 38] Bad IRI: <%3Chttp://www.openlinksw.com/schemas/virtrdf#Geometry%3E> Code: 0/ILLEGAL_CHARACTER in SCHEME: The character violates the grammar rules for URIs/IRIs.
14:15:20.647 [main] WARN org.apache.jena.riot - [line: 885, col: 38] Bad IRI: <%3Chttp://www.openlinksw.com/schemas/virtrdf#Geometry%3E> Code: 0/ILLEGAL_CHARACTER in SCHEME: The character violates the grammar rules for URIs/IRIs.
14:15:20.648 [main] WARN org.apache.jena.riot - [line: 951, col: 38] Bad IRI: <%3Chttp://www.openlinksw.com/schemas/virtrdf#Geometry%3E> Code: 0/ILLEGAL_CHARACTER in SCHEME: The character violates the grammar rules for URIs/IRIs.
14:15:20.648 [main] WARN org.apache.jena.riot - [line: 1086, col: 38] Bad IRI: <%3Chttp://www.openlinksw.com/schemas/virtrdf#Geometry%3E> Code: 0/ILLEGAL_CHARACTER in SCHEME: The character violates the grammar rules for URIs/IRIs.
14:15:20.648 [main] WARN org.apache.jena.riot - [line: 1166, col: 38] Bad IRI: <%3Chttp://www.openlinksw.com/schemas/virtrdf#Geometry%3E> Code: 0/ILLEGAL_CHARACTER in SCHEME: The character violates the grammar rules for URIs/IRIs.
14:15:20.648 [main] WARN org.apache.jena.riot - [line: 1229, col: 38] Bad IRI: <%3Chttp://www.openlinksw.com/schemas/virtrdf#Geometry%3E> Code: 0/ILLEGAL_CHARACTER in SCHEME: The character violates the grammar rules for URIs/IRIs.
14:15:20.649 [main] WARN org.apache.jena.riot - [line: 1288, col: 38] Bad IRI: <%3Chttp://www.openlinksw.com/schemas/virtrdf#Geometry%3E> Code: 0/ILLEGAL_CHARACTER in SCHEME: The character violates the grammar rules for URIs/IRIs.
14:15:20.649 [main] WARN org.apache.jena.riot - [line: 1376, col: 38] Bad IRI: <%3Chttp://www.openlinksw.com/schemas/virtrdf#Geometry%3E> Code: 0/ILLEGAL_CHARACTER in SCHEME: The character violates the grammar rules for URIs/IRIs.
14:15:20.649 [main] WARN org.apache.jena.riot - [line: 1479, col: 38] Bad IRI: <%3Chttp://www.openlinksw.com/schemas/virtrdf#Geometry%3E> Code: 0/ILLEGAL_CHARACTER in SCHEME: The character violates the grammar rules for URIs/IRIs.
14:15:20.649 [main] WARN org.apache.jena.riot - [line: 1556, col: 38] Bad IRI: <%3Chttp://www.openlinksw.com/schemas/virtrdf#Geometry%3E> Code: 0/ILLEGAL_CHARACTER in SCHEME: The character violates the grammar rules for URIs/IRIs.
14:15:20.650 [main] WARN org.apache.jena.riot - [line: 1600, col: 38] Bad IRI: <%3Chttp://www.openlinksw.com/schemas/virtrdf#Geometry%3E> Code: 0/ILLEGAL_CHARACTER in SCHEME: The character violates the grammar rules for URIs/IRIs.
14:15:20.650 [main] WARN org.apache.jena.riot - [line: 1681, col: 38] Bad IRI: <%3Chttp://www.openlinksw.com/schemas/virtrdf#Geometry%3E> Code: 0/ILLEGAL_CHARACTER in SCHEME: The character violates the grammar rules for URIs/IRIs.
14:15:20.650 [main] WARN org.apache.jena.riot - [line: 1837, col: 38] Bad IRI: <%3Chttp://www.openlinksw.com/schemas/virtrdf#Geometry%3E> Code: 0/ILLEGAL_CHARACTER in SCHEME: The character violates the grammar rules for URIs/IRIs.
14:15:20.651 [main] WARN org.apache.jena.riot - [line: 1915, col: 38] Bad IRI: <%3Chttp://www.openlinksw.com/schemas/virtrdf#Geometry%3E> Code: 0/ILLEGAL_CHARACTER in SCHEME: The character violates the grammar rules for URIs/IRIs.
14:15:20.651 [main] WARN org.apache.jena.riot - [line: 1996, col: 38] Bad IRI: <%3Chttp://www.openlinksw.com/schemas/virtrdf#Geometry%3E> Code: 0/ILLEGAL_CHARACTER in SCHEME: The character violates the grammar rules for URIs/IRIs.
14:15:20.651 [main] WARN org.apache.jena.riot - [line: 2042, col: 38] Bad IRI: <%3Chttp://www.openlinksw.com/schemas/virtrdf#Geometry%3E> Code: 0/ILLEGAL_CHARACTER in SCHEME: The character violates the grammar rules for URIs/IRIs.
14:15:20.652 [main] WARN org.apache.jena.riot - [line: 2097, col: 38] Bad IRI: <%3Chttp://www.openlinksw.com/schemas/virtrdf#Geometry%3E> Code: 0/ILLEGAL_CHARACTER in SCHEME: The character violates the grammar rules for URIs/IRIs.
14:15:20.652 [main] WARN org.apache.jena.riot - [line: 2176, col: 38] Bad IRI: <%3Chttp://www.openlinksw.com/schemas/virtrdf#Geometry%3E> Code: 0/ILLEGAL_CHARACTER in SCHEME: The character violates the grammar rules for URIs/IRIs.
14:15:20.652 [main] WARN org.apache.jena.riot - [line: 2231, col: 38] Bad IRI: <%3Chttp://www.openlinksw.com/schemas/virtrdf#Geometry%3E> Code: 0/ILLEGAL_CHARACTER in SCHEME: The character violates the grammar rules for URIs/IRIs.
14:15:20.652 [main] WARN org.apache.jena.riot - [line: 2289, col: 38] Bad IRI: <%3Chttp://www.openlinksw.com/schemas/virtrdf#Geometry%3E> Code: 0/ILLEGAL_CHARACTER in SCHEME: The character violates the grammar rules for URIs/IRIs.
14:15:20.653 [main] WARN org.apache.jena.riot - [line: 2398, col: 38] Bad IRI: <%3Chttp://www.openlinksw.com/schemas/virtrdf#Geometry%3E> Code: 0/ILLEGAL_CHARACTER in SCHEME: The character violates the grammar rules for URIs/IRIs.
14:15:20.653 [main] WARN org.apache.jena.riot - [line: 2442, col: 38] Bad IRI: <%3Chttp://www.openlinksw.com/schemas/virtrdf#Geometry%3E> Code: 0/ILLEGAL_CHARACTER in SCHEME: The character violates the grammar rules for URIs/IRIs.
14:15:20.653 [main] WARN org.apache.jena.riot - [line: 2541, col: 38] Bad IRI: <%3Chttp://www.openlinksw.com/schemas/virtrdf#Geometry%3E> Code: 0/ILLEGAL_CHARACTER in SCHEME: The character violates the grammar rules for URIs/IRIs.
14:15:20.654 [main] WARN org.apache.jena.riot - [line: 2619, col: 38] Bad IRI: <%3Chttp://www.openlinksw.com/schemas/virtrdf#Geometry%3E> Code: 0/ILLEGAL_CHARACTER in SCHEME: The character violates the grammar rules for URIs/IRIs.
14:15:20.654 [main] WARN org.apache.jena.riot - [line: 2661, col: 38] Bad IRI: <%3Chttp://www.openlinksw.com/schemas/virtrdf#Geometry%3E> Code: 0/ILLEGAL_CHARACTER in SCHEME: The character violates the grammar rules for URIs/IRIs.
14:15:20.654 [main] WARN org.apache.jena.riot - [line: 2707, col: 38] Bad IRI: <%3Chttp://www.openlinksw.com/schemas/virtrdf#Geometry%3E> Code: 0/ILLEGAL_CHARACTER in SCHEME: The character violates the grammar rules for URIs/IRIs.
14:15:20.654 [main] WARN org.apache.jena.riot - [line: 2788, col: 38] Bad IRI: <%3Chttp://www.openlinksw.com/schemas/virtrdf#Geometry%3E> Code: 0/ILLEGAL_CHARACTER in SCHEME: The character violates the grammar rules for URIs/IRIs.
14:15:20.655 [main] WARN org.apache.jena.riot - [line: 2841, col: 38] Bad IRI: <%3Chttp://www.openlinksw.com/schemas/virtrdf#Geometry%3E> Code: 0/ILLEGAL_CHARACTER in SCHEME: The character violates the grammar rules for URIs/IRIs.
14:15:20.655 [main] WARN org.apache.jena.riot - [line: 2898, col: 38] Bad IRI: <%3Chttp://www.openlinksw.com/schemas/virtrdf#Geometry%3E> Code: 0/ILLEGAL_CHARACTER in SCHEME: The character violates the grammar rules for URIs/IRIs.
14:15:20.655 [main] WARN org.apache.jena.riot - [line: 2980, col: 38] Bad IRI: <%3Chttp://www.openlinksw.com/schemas/virtrdf#Geometry%3E> Code: 0/ILLEGAL_CHARACTER in SCHEME: The character violates the grammar rules for URIs/IRIs.
14:15:20.655 [main] WARN org.apache.jena.riot - [line: 3095, col: 38] Bad IRI: <%3Chttp://www.openlinksw.com/schemas/virtrdf#Geometry%3E> Code: 0/ILLEGAL_CHARACTER in SCHEME: The character violates the grammar rules for URIs/IRIs.
14:15:20.656 [main] WARN org.apache.jena.riot - [line: 3141, col: 38] Bad IRI: <%3Chttp://www.openlinksw.com/schemas/virtrdf#Geometry%3E> Code: 0/ILLEGAL_CHARACTER in SCHEME: The character violates the grammar rules for URIs/IRIs.
14:15:20.656 [main] WARN org.apache.jena.riot - [line: 3187, col: 38] Bad IRI: <%3Chttp://www.openlinksw.com/schemas/virtrdf#Geometry%3E> Code: 0/ILLEGAL_CHARACTER in SCHEME: The character violates the grammar rules for URIs/IRIs.
14:15:20.656 [main] WARN org.apache.jena.riot - [line: 3229, col: 38] Bad IRI: <%3Chttp://www.openlinksw.com/schemas/virtrdf#Geometry%3E> Code: 0/ILLEGAL_CHARACTER in SCHEME: The character violates the grammar rules for URIs/IRIs.
14:15:20.656 [main] WARN org.apache.jena.riot - [line: 3286, col: 38] Bad IRI: <%3Chttp://www.openlinksw.com/schemas/virtrdf#Geometry%3E> Code: 0/ILLEGAL_CHARACTER in SCHEME: The character violates the grammar rules for URIs/IRIs.
14:15:20.657 [main] WARN org.apache.jena.riot - [line: 3363, col: 38] Bad IRI: <%3Chttp://www.openlinksw.com/schemas/virtrdf#Geometry%3E> Code: 0/ILLEGAL_CHARACTER in SCHEME: The character violates the grammar rules for URIs/IRIs.
14:15:20.657 [main] WARN org.apache.jena.riot - [line: 3430, col: 38] Bad IRI: <%3Chttp://www.openlinksw.com/schemas/virtrdf#Geometry%3E> Code: 0/ILLEGAL_CHARACTER in SCHEME: The character violates the grammar rules for URIs/IRIs.
14:15:20.657 [main] WARN org.apache.jena.riot - [line: 3533, col: 38] Bad IRI: <%3Chttp://www.openlinksw.com/schemas/virtrdf#Geometry%3E> Code: 0/ILLEGAL_CHARACTER in SCHEME: The character violates the grammar rules for URIs/IRIs.
14:15:20.658 [main] WARN org.apache.jena.riot - [line: 3579, col: 38] Bad IRI: <%3Chttp://www.openlinksw.com/schemas/virtrdf#Geometry%3E> Code: 0/ILLEGAL_CHARACTER in SCHEME: The character violates the grammar rules for URIs/IRIs.
14:15:20.658 [main] WARN org.apache.jena.riot - [line: 3625, col: 38] Bad IRI: <%3Chttp://www.openlinksw.com/schemas/virtrdf#Geometry%3E> Code: 0/ILLEGAL_CHARACTER in SCHEME: The character violates the grammar rules for URIs/IRIs.
14:15:20.658 [main] WARN org.apache.jena.riot - [line: 3691, col: 38] Bad IRI: <%3Chttp://www.openlinksw.com/schemas/virtrdf#Geometry%3E> Code: 0/ILLEGAL_CHARACTER in SCHEME: The character violates the grammar rules for URIs/IRIs.
14:15:20.658 [main] WARN org.apache.jena.riot - [line: 3793, col: 38] Bad IRI: <%3Chttp://www.openlinksw.com/schemas/virtrdf#Geometry%3E> Code: 0/ILLEGAL_CHARACTER in SCHEME: The character violates the grammar rules for URIs/IRIs.
14:15:20.659 [main] WARN org.apache.jena.riot - [line: 3914, col: 38] Bad IRI: <%3Chttp://www.openlinksw.com/schemas/virtrdf#Geometry%3E> Code: 0/ILLEGAL_CHARACTER in SCHEME: The character violates the grammar rules for URIs/IRIs.
14:15:20.659 [main] WARN org.apache.jena.riot - [line: 3957, col: 38] Bad IRI: <%3Chttp://www.openlinksw.com/schemas/virtrdf#Geometry%3E> Code: 0/ILLEGAL_CHARACTER in SCHEME: The character violates the grammar rules for URIs/IRIs.
14:15:20.660 [main] WARN org.apache.jena.riot - [line: 4016, col: 38] Bad IRI: <%3Chttp://www.openlinksw.com/schemas/virtrdf#Geometry%3E> Code: 0/ILLEGAL_CHARACTER in SCHEME: The character violates the grammar rules for URIs/IRIs.
14:15:20.660 [main] WARN org.apache.jena.riot - [line: 4096, col: 38] Bad IRI: <%3Chttp://www.openlinksw.com/schemas/virtrdf#Geometry%3E> Code: 0/ILLEGAL_CHARACTER in SCHEME: The character violates the grammar rules for URIs/IRIs.
14:15:20.660 [main] WARN org.apache.jena.riot - [line: 4143, col: 38] Bad IRI: <%3Chttp://www.openlinksw.com/schemas/virtrdf#Geometry%3E> Code: 0/ILLEGAL_CHARACTER in SCHEME: The character violates the grammar rules for URIs/IRIs.
14:15:20.661 [main] WARN org.apache.jena.riot - [line: 4222, col: 38] Bad IRI: <%3Chttp://www.openlinksw.com/schemas/virtrdf#Geometry%3E> Code: 0/ILLEGAL_CHARACTER in SCHEME: The character violates the grammar rules for URIs/IRIs.
14:15:20.661 [main] WARN org.apache.jena.riot - [line: 4374, col: 38] Bad IRI: <%3Chttp://www.openlinksw.com/schemas/virtrdf#Geometry%3E> Code: 0/ILLEGAL_CHARACTER in SCHEME: The character violates the grammar rules for URIs/IRIs.
14:15:20.661 [main] WARN org.apache.jena.riot - [line: 4452, col: 38] Bad IRI: <%3Chttp://www.openlinksw.com/schemas/virtrdf#Geometry%3E> Code: 0/ILLEGAL_CHARACTER in SCHEME: The character violates the grammar rules for URIs/IRIs.
14:15:20.662 [main] WARN org.apache.jena.riot - [line: 4504, col: 38] Bad IRI: <%3Chttp://www.openlinksw.com/schemas/virtrdf#Geometry%3E> Code: 0/ILLEGAL_CHARACTER in SCHEME: The character violates the grammar rules for URIs/IRIs.
14:15:20.662 [main] WARN org.apache.jena.riot - [line: 4591, col: 38] Bad IRI: <%3Chttp://www.openlinksw.com/schemas/virtrdf#Geometry%3E> Code: 0/ILLEGAL_CHARACTER in SCHEME: The character violates the grammar rules for URIs/IRIs.
14:15:20.662 [main] WARN org.apache.jena.riot - [line: 4711, col: 38] Bad IRI: <%3Chttp://www.openlinksw.com/schemas/virtrdf#Geometry%3E> Code: 0/ILLEGAL_CHARACTER in SCHEME: The character violates the grammar rules for URIs/IRIs.
14:15:20.663 [main] WARN org.apache.jena.riot - [line: 4814, col: 38] Bad IRI: <%3Chttp://www.openlinksw.com/schemas/virtrdf#Geometry%3E> Code: 0/ILLEGAL_CHARACTER in SCHEME: The character violates the grammar rules for URIs/IRIs.
14:15:20.663 [main] WARN org.apache.jena.riot - [line: 4871, col: 38] Bad IRI: <%3Chttp://www.openlinksw.com/schemas/virtrdf#Geometry%3E> Code: 0/ILLEGAL_CHARACTER in SCHEME: The character violates the grammar rules for URIs/IRIs.
14:15:20.663 [main] WARN org.apache.jena.riot - [line: 4932, col: 38] Bad IRI: <%3Chttp://www.openlinksw.com/schemas/virtrdf#Geometry%3E> Code: 0/ILLEGAL_CHARACTER in SCHEME: The character violates the grammar rules for URIs/IRIs.
14:15:20.663 [main] WARN org.apache.jena.riot - [line: 5026, col: 38] Bad IRI: <%3Chttp://www.openlinksw.com/schemas/virtrdf#Geometry%3E> Code: 0/ILLEGAL_CHARACTER in SCHEME: The character violates the grammar rules for URIs/IRIs.
14:15:20.664 [main] WARN org.apache.jena.riot - [line: 5072, col: 38] Bad IRI: <%3Chttp://www.openlinksw.com/schemas/virtrdf#Geometry%3E> Code: 0/ILLEGAL_CHARACTER in SCHEME: The character violates the grammar rules for URIs/IRIs.
14:15:20.664 [main] WARN org.apache.jena.riot - [line: 5118, col: 38] Bad IRI: <%3Chttp://www.openlinksw.com/schemas/virtrdf#Geometry%3E> Code: 0/ILLEGAL_CHARACTER in SCHEME: The character violates the grammar rules for URIs/IRIs.
14:15:20.665 [main] WARN org.apache.jena.riot - [line: 5219, col: 38] Bad IRI: <%3Chttp://www.openlinksw.com/schemas/virtrdf#Geometry%3E> Code: 0/ILLEGAL_CHARACTER in SCHEME: The character violates the grammar rules for URIs/IRIs.
14:15:20.665 [main] WARN org.apache.jena.riot - [line: 5294, col: 38] Bad IRI: <%3Chttp://www.openlinksw.com/schemas/virtrdf#Geometry%3E> Code: 0/ILLEGAL_CHARACTER in SCHEME: The character violates the grammar rules for URIs/IRIs.
14:15:20.665 [main] WARN org.apache.jena.riot - [line: 5414, col: 38] Bad IRI: <%3Chttp://www.openlinksw.com/schemas/virtrdf#Geometry%3E> Code: 0/ILLEGAL_CHARACTER in SCHEME: The character violates the grammar rules for URIs/IRIs.
14:15:20.666 [main] WARN org.apache.jena.riot - [line: 5552, col: 38] Bad IRI: <%3Chttp://www.openlinksw.com/schemas/virtrdf#Geometry%3E> Code: 0/ILLEGAL_CHARACTER in SCHEME: The character violates the grammar rules for URIs/IRIs.
14:15:20.666 [main] WARN org.apache.jena.riot - [line: 5684, col: 38] Bad IRI: <%3Chttp://www.openlinksw.com/schemas/virtrdf#Geometry%3E> Code: 0/ILLEGAL_CHARACTER in SCHEME: The character violates the grammar rules for URIs/IRIs.
prettyFormatTurtle  - 0 - 0
Time Elapsed 0.95_50 0 sec , 0 min
***** Total Parsing Time 13 sec , 0 min *****
/home/koen/shape-generation-clean/generated-output/qse/marine-regions/db_0.95_100 created successfully.
Invoked:: PostConstraintsAnnotator
MODEL:: CUSTOM - SIZE: 4001 | PARAMS: 95.0 - 100
::: ShapesExtractor ~ WRITING MODEL TO FILE: /home/koen/shape-generation-clean/generated-output/qse/marine-regions/DATASET_QSE_0.95_100.ttl
writeModelToFile  - 0 - 0
::: ShapesExtractor ~ PRETTY FORMATTING TURTLE FILE: /home/koen/shape-generation-clean/generated-output/qse/marine-regions/DATASET_QSE_0.95_100_SHACL.ttl
Pretty Formatting
14:15:21.000 [main] WARN org.apache.jena.riot - [line: 16, col: 38] Bad IRI: <%3Chttp://www.openlinksw.com/schemas/virtrdf#Geometry%3E> Code: 0/ILLEGAL_CHARACTER in SCHEME: The character violates the grammar rules for URIs/IRIs.
14:15:21.000 [main] WARN org.apache.jena.riot - [line: 59, col: 38] Bad IRI: <%3Chttp://www.openlinksw.com/schemas/virtrdf#Geometry%3E> Code: 0/ILLEGAL_CHARACTER in SCHEME: The character violates the grammar rules for URIs/IRIs.
14:15:21.001 [main] WARN org.apache.jena.riot - [line: 105, col: 38] Bad IRI: <%3Chttp://www.openlinksw.com/schemas/virtrdf#Geometry%3E> Code: 0/ILLEGAL_CHARACTER in SCHEME: The character violates the grammar rules for URIs/IRIs.
14:15:21.001 [main] WARN org.apache.jena.riot - [line: 173, col: 38] Bad IRI: <%3Chttp://www.openlinksw.com/schemas/virtrdf#Geometry%3E> Code: 0/ILLEGAL_CHARACTER in SCHEME: The character violates the grammar rules for URIs/IRIs.
14:15:21.001 [main] WARN org.apache.jena.riot - [line: 217, col: 38] Bad IRI: <%3Chttp://www.openlinksw.com/schemas/virtrdf#Geometry%3E> Code: 0/ILLEGAL_CHARACTER in SCHEME: The character violates the grammar rules for URIs/IRIs.
14:15:21.001 [main] WARN org.apache.jena.riot - [line: 264, col: 38] Bad IRI: <%3Chttp://www.openlinksw.com/schemas/virtrdf#Geometry%3E> Code: 0/ILLEGAL_CHARACTER in SCHEME: The character violates the grammar rules for URIs/IRIs.
14:15:21.001 [main] WARN org.apache.jena.riot - [line: 307, col: 38] Bad IRI: <%3Chttp://www.openlinksw.com/schemas/virtrdf#Geometry%3E> Code: 0/ILLEGAL_CHARACTER in SCHEME: The character violates the grammar rules for URIs/IRIs.
14:15:21.001 [main] WARN org.apache.jena.riot - [line: 379, col: 38] Bad IRI: <%3Chttp://www.openlinksw.com/schemas/virtrdf#Geometry%3E> Code: 0/ILLEGAL_CHARACTER in SCHEME: The character violates the grammar rules for URIs/IRIs.
14:15:21.001 [main] WARN org.apache.jena.riot - [line: 426, col: 38] Bad IRI: <%3Chttp://www.openlinksw.com/schemas/virtrdf#Geometry%3E> Code: 0/ILLEGAL_CHARACTER in SCHEME: The character violates the grammar rules for URIs/IRIs.
14:15:21.002 [main] WARN org.apache.jena.riot - [line: 497, col: 38] Bad IRI: <%3Chttp://www.openlinksw.com/schemas/virtrdf#Geometry%3E> Code: 0/ILLEGAL_CHARACTER in SCHEME: The character violates the grammar rules for URIs/IRIs.
14:15:21.002 [main] WARN org.apache.jena.riot - [line: 615, col: 38] Bad IRI: <%3Chttp://www.openlinksw.com/schemas/virtrdf#Geometry%3E> Code: 0/ILLEGAL_CHARACTER in SCHEME: The character violates the grammar rules for URIs/IRIs.
14:15:21.002 [main] WARN org.apache.jena.riot - [line: 708, col: 38] Bad IRI: <%3Chttp://www.openlinksw.com/schemas/virtrdf#Geometry%3E> Code: 0/ILLEGAL_CHARACTER in SCHEME: The character violates the grammar rules for URIs/IRIs.
14:15:21.002 [main] WARN org.apache.jena.riot - [line: 792, col: 38] Bad IRI: <%3Chttp://www.openlinksw.com/schemas/virtrdf#Geometry%3E> Code: 0/ILLEGAL_CHARACTER in SCHEME: The character violates the grammar rules for URIs/IRIs.
14:15:21.003 [main] WARN org.apache.jena.riot - [line: 885, col: 38] Bad IRI: <%3Chttp://www.openlinksw.com/schemas/virtrdf#Geometry%3E> Code: 0/ILLEGAL_CHARACTER in SCHEME: The character violates the grammar rules for URIs/IRIs.
14:15:21.003 [main] WARN org.apache.jena.riot - [line: 951, col: 38] Bad IRI: <%3Chttp://www.openlinksw.com/schemas/virtrdf#Geometry%3E> Code: 0/ILLEGAL_CHARACTER in SCHEME: The character violates the grammar rules for URIs/IRIs.
14:15:21.003 [main] WARN org.apache.jena.riot - [line: 1086, col: 38] Bad IRI: <%3Chttp://www.openlinksw.com/schemas/virtrdf#Geometry%3E> Code: 0/ILLEGAL_CHARACTER in SCHEME: The character violates the grammar rules for URIs/IRIs.
14:15:21.004 [main] WARN org.apache.jena.riot - [line: 1166, col: 38] Bad IRI: <%3Chttp://www.openlinksw.com/schemas/virtrdf#Geometry%3E> Code: 0/ILLEGAL_CHARACTER in SCHEME: The character violates the grammar rules for URIs/IRIs.
14:15:21.004 [main] WARN org.apache.jena.riot - [line: 1229, col: 38] Bad IRI: <%3Chttp://www.openlinksw.com/schemas/virtrdf#Geometry%3E> Code: 0/ILLEGAL_CHARACTER in SCHEME: The character violates the grammar rules for URIs/IRIs.
14:15:21.004 [main] WARN org.apache.jena.riot - [line: 1288, col: 38] Bad IRI: <%3Chttp://www.openlinksw.com/schemas/virtrdf#Geometry%3E> Code: 0/ILLEGAL_CHARACTER in SCHEME: The character violates the grammar rules for URIs/IRIs.
14:15:21.004 [main] WARN org.apache.jena.riot - [line: 1376, col: 38] Bad IRI: <%3Chttp://www.openlinksw.com/schemas/virtrdf#Geometry%3E> Code: 0/ILLEGAL_CHARACTER in SCHEME: The character violates the grammar rules for URIs/IRIs.
14:15:21.005 [main] WARN org.apache.jena.riot - [line: 1479, col: 38] Bad IRI: <%3Chttp://www.openlinksw.com/schemas/virtrdf#Geometry%3E> Code: 0/ILLEGAL_CHARACTER in SCHEME: The character violates the grammar rules for URIs/IRIs.
14:15:21.005 [main] WARN org.apache.jena.riot - [line: 1556, col: 38] Bad IRI: <%3Chttp://www.openlinksw.com/schemas/virtrdf#Geometry%3E> Code: 0/ILLEGAL_CHARACTER in SCHEME: The character violates the grammar rules for URIs/IRIs.
14:15:21.005 [main] WARN org.apache.jena.riot - [line: 1600, col: 38] Bad IRI: <%3Chttp://www.openlinksw.com/schemas/virtrdf#Geometry%3E> Code: 0/ILLEGAL_CHARACTER in SCHEME: The character violates the grammar rules for URIs/IRIs.
14:15:21.005 [main] WARN org.apache.jena.riot - [line: 1681, col: 38] Bad IRI: <%3Chttp://www.openlinksw.com/schemas/virtrdf#Geometry%3E> Code: 0/ILLEGAL_CHARACTER in SCHEME: The character violates the grammar rules for URIs/IRIs.
14:15:21.006 [main] WARN org.apache.jena.riot - [line: 1837, col: 38] Bad IRI: <%3Chttp://www.openlinksw.com/schemas/virtrdf#Geometry%3E> Code: 0/ILLEGAL_CHARACTER in SCHEME: The character violates the grammar rules for URIs/IRIs.
14:15:21.006 [main] WARN org.apache.jena.riot - [line: 1915, col: 38] Bad IRI: <%3Chttp://www.openlinksw.com/schemas/virtrdf#Geometry%3E> Code: 0/ILLEGAL_CHARACTER in SCHEME: The character violates the grammar rules for URIs/IRIs.
14:15:21.006 [main] WARN org.apache.jena.riot - [line: 1996, col: 38] Bad IRI: <%3Chttp://www.openlinksw.com/schemas/virtrdf#Geometry%3E> Code: 0/ILLEGAL_CHARACTER in SCHEME: The character violates the grammar rules for URIs/IRIs.
14:15:21.006 [main] WARN org.apache.jena.riot - [line: 2042, col: 38] Bad IRI: <%3Chttp://www.openlinksw.com/schemas/virtrdf#Geometry%3E> Code: 0/ILLEGAL_CHARACTER in SCHEME: The character violates the grammar rules for URIs/IRIs.
14:15:21.007 [main] WARN org.apache.jena.riot - [line: 2097, col: 38] Bad IRI: <%3Chttp://www.openlinksw.com/schemas/virtrdf#Geometry%3E> Code: 0/ILLEGAL_CHARACTER in SCHEME: The character violates the grammar rules for URIs/IRIs.
14:15:21.007 [main] WARN org.apache.jena.riot - [line: 2176, col: 38] Bad IRI: <%3Chttp://www.openlinksw.com/schemas/virtrdf#Geometry%3E> Code: 0/ILLEGAL_CHARACTER in SCHEME: The character violates the grammar rules for URIs/IRIs.
14:15:21.007 [main] WARN org.apache.jena.riot - [line: 2242, col: 38] Bad IRI: <%3Chttp://www.openlinksw.com/schemas/virtrdf#Geometry%3E> Code: 0/ILLEGAL_CHARACTER in SCHEME: The character violates the grammar rules for URIs/IRIs.
14:15:21.007 [main] WARN org.apache.jena.riot - [line: 2286, col: 38] Bad IRI: <%3Chttp://www.openlinksw.com/schemas/virtrdf#Geometry%3E> Code: 0/ILLEGAL_CHARACTER in SCHEME: The character violates the grammar rules for URIs/IRIs.
14:15:21.008 [main] WARN org.apache.jena.riot - [line: 2385, col: 38] Bad IRI: <%3Chttp://www.openlinksw.com/schemas/virtrdf#Geometry%3E> Code: 0/ILLEGAL_CHARACTER in SCHEME: The character violates the grammar rules for URIs/IRIs.
14:15:21.008 [main] WARN org.apache.jena.riot - [line: 2463, col: 38] Bad IRI: <%3Chttp://www.openlinksw.com/schemas/virtrdf#Geometry%3E> Code: 0/ILLEGAL_CHARACTER in SCHEME: The character violates the grammar rules for URIs/IRIs.
14:15:21.008 [main] WARN org.apache.jena.riot - [line: 2505, col: 38] Bad IRI: <%3Chttp://www.openlinksw.com/schemas/virtrdf#Geometry%3E> Code: 0/ILLEGAL_CHARACTER in SCHEME: The character violates the grammar rules for URIs/IRIs.
14:15:21.008 [main] WARN org.apache.jena.riot - [line: 2551, col: 38] Bad IRI: <%3Chttp://www.openlinksw.com/schemas/virtrdf#Geometry%3E> Code: 0/ILLEGAL_CHARACTER in SCHEME: The character violates the grammar rules for URIs/IRIs.
14:15:21.009 [main] WARN org.apache.jena.riot - [line: 2632, col: 38] Bad IRI: <%3Chttp://www.openlinksw.com/schemas/virtrdf#Geometry%3E> Code: 0/ILLEGAL_CHARACTER in SCHEME: The character violates the grammar rules for URIs/IRIs.
14:15:21.009 [main] WARN org.apache.jena.riot - [line: 2685, col: 38] Bad IRI: <%3Chttp://www.openlinksw.com/schemas/virtrdf#Geometry%3E> Code: 0/ILLEGAL_CHARACTER in SCHEME: The character violates the grammar rules for URIs/IRIs.
14:15:21.009 [main] WARN org.apache.jena.riot - [line: 2758, col: 38] Bad IRI: <%3Chttp://www.openlinksw.com/schemas/virtrdf#Geometry%3E> Code: 0/ILLEGAL_CHARACTER in SCHEME: The character violates the grammar rules for URIs/IRIs.
14:15:21.009 [main] WARN org.apache.jena.riot - [line: 2873, col: 38] Bad IRI: <%3Chttp://www.openlinksw.com/schemas/virtrdf#Geometry%3E> Code: 0/ILLEGAL_CHARACTER in SCHEME: The character violates the grammar rules for URIs/IRIs.
14:15:21.010 [main] WARN org.apache.jena.riot - [line: 2919, col: 38] Bad IRI: <%3Chttp://www.openlinksw.com/schemas/virtrdf#Geometry%3E> Code: 0/ILLEGAL_CHARACTER in SCHEME: The character violates the grammar rules for URIs/IRIs.
14:15:21.010 [main] WARN org.apache.jena.riot - [line: 2965, col: 38] Bad IRI: <%3Chttp://www.openlinksw.com/schemas/virtrdf#Geometry%3E> Code: 0/ILLEGAL_CHARACTER in SCHEME: The character violates the grammar rules for URIs/IRIs.
14:15:21.010 [main] WARN org.apache.jena.riot - [line: 3007, col: 38] Bad IRI: <%3Chttp://www.openlinksw.com/schemas/virtrdf#Geometry%3E> Code: 0/ILLEGAL_CHARACTER in SCHEME: The character violates the grammar rules for URIs/IRIs.
14:15:21.010 [main] WARN org.apache.jena.riot - [line: 3052, col: 38] Bad IRI: <%3Chttp://www.openlinksw.com/schemas/virtrdf#Geometry%3E> Code: 0/ILLEGAL_CHARACTER in SCHEME: The character violates the grammar rules for URIs/IRIs.
14:15:21.010 [main] WARN org.apache.jena.riot - [line: 3119, col: 38] Bad IRI: <%3Chttp://www.openlinksw.com/schemas/virtrdf#Geometry%3E> Code: 0/ILLEGAL_CHARACTER in SCHEME: The character violates the grammar rules for URIs/IRIs.
14:15:21.011 [main] WARN org.apache.jena.riot - [line: 3197, col: 38] Bad IRI: <%3Chttp://www.openlinksw.com/schemas/virtrdf#Geometry%3E> Code: 0/ILLEGAL_CHARACTER in SCHEME: The character violates the grammar rules for URIs/IRIs.
14:15:21.011 [main] WARN org.apache.jena.riot - [line: 3299, col: 38] Bad IRI: <%3Chttp://www.openlinksw.com/schemas/virtrdf#Geometry%3E> Code: 0/ILLEGAL_CHARACTER in SCHEME: The character violates the grammar rules for URIs/IRIs.
14:15:21.012 [main] WARN org.apache.jena.riot - [line: 3420, col: 38] Bad IRI: <%3Chttp://www.openlinksw.com/schemas/virtrdf#Geometry%3E> Code: 0/ILLEGAL_CHARACTER in SCHEME: The character violates the grammar rules for URIs/IRIs.
14:15:21.012 [main] WARN org.apache.jena.riot - [line: 3463, col: 38] Bad IRI: <%3Chttp://www.openlinksw.com/schemas/virtrdf#Geometry%3E> Code: 0/ILLEGAL_CHARACTER in SCHEME: The character violates the grammar rules for URIs/IRIs.
14:15:21.012 [main] WARN org.apache.jena.riot - [line: 3509, col: 38] Bad IRI: <%3Chttp://www.openlinksw.com/schemas/virtrdf#Geometry%3E> Code: 0/ILLEGAL_CHARACTER in SCHEME: The character violates the grammar rules for URIs/IRIs.
14:15:21.012 [main] WARN org.apache.jena.riot - [line: 3588, col: 38] Bad IRI: <%3Chttp://www.openlinksw.com/schemas/virtrdf#Geometry%3E> Code: 0/ILLEGAL_CHARACTER in SCHEME: The character violates the grammar rules for URIs/IRIs.
14:15:21.012 [main] WARN org.apache.jena.riot - [line: 3667, col: 38] Bad IRI: <%3Chttp://www.openlinksw.com/schemas/virtrdf#Geometry%3E> Code: 0/ILLEGAL_CHARACTER in SCHEME: The character violates the grammar rules for URIs/IRIs.
14:15:21.013 [main] WARN org.apache.jena.riot - [line: 3719, col: 38] Bad IRI: <%3Chttp://www.openlinksw.com/schemas/virtrdf#Geometry%3E> Code: 0/ILLEGAL_CHARACTER in SCHEME: The character violates the grammar rules for URIs/IRIs.
14:15:21.013 [main] WARN org.apache.jena.riot - [line: 3806, col: 38] Bad IRI: <%3Chttp://www.openlinksw.com/schemas/virtrdf#Geometry%3E> Code: 0/ILLEGAL_CHARACTER in SCHEME: The character violates the grammar rules for URIs/IRIs.
14:15:21.013 [main] WARN org.apache.jena.riot - [line: 3913, col: 38] Bad IRI: <%3Chttp://www.openlinksw.com/schemas/virtrdf#Geometry%3E> Code: 0/ILLEGAL_CHARACTER in SCHEME: The character violates the grammar rules for URIs/IRIs.
14:15:21.013 [main] WARN org.apache.jena.riot - [line: 3970, col: 38] Bad IRI: <%3Chttp://www.openlinksw.com/schemas/virtrdf#Geometry%3E> Code: 0/ILLEGAL_CHARACTER in SCHEME: The character violates the grammar rules for URIs/IRIs.
prettyFormatTurtle  - 0 - 0
Time Elapsed 0.95_100 0 sec , 0 min
***** Total Parsing Time 13 sec , 0 min *****
/home/koen/shape-generation-clean/generated-output/qse/marine-regions/db_0.95_200 created successfully.
Invoked:: PostConstraintsAnnotator
MODEL:: CUSTOM - SIZE: 2769 | PARAMS: 95.0 - 200
::: ShapesExtractor ~ WRITING MODEL TO FILE: /home/koen/shape-generation-clean/generated-output/qse/marine-regions/DATASET_QSE_0.95_200.ttl
writeModelToFile  - 0 - 0
::: ShapesExtractor ~ PRETTY FORMATTING TURTLE FILE: /home/koen/shape-generation-clean/generated-output/qse/marine-regions/DATASET_QSE_0.95_200_SHACL.ttl
Pretty Formatting
14:15:21.238 [main] WARN org.apache.jena.riot - [line: 16, col: 38] Bad IRI: <%3Chttp://www.openlinksw.com/schemas/virtrdf#Geometry%3E> Code: 0/ILLEGAL_CHARACTER in SCHEME: The character violates the grammar rules for URIs/IRIs.
14:15:21.238 [main] WARN org.apache.jena.riot - [line: 59, col: 38] Bad IRI: <%3Chttp://www.openlinksw.com/schemas/virtrdf#Geometry%3E> Code: 0/ILLEGAL_CHARACTER in SCHEME: The character violates the grammar rules for URIs/IRIs.
14:15:21.238 [main] WARN org.apache.jena.riot - [line: 105, col: 38] Bad IRI: <%3Chttp://www.openlinksw.com/schemas/virtrdf#Geometry%3E> Code: 0/ILLEGAL_CHARACTER in SCHEME: The character violates the grammar rules for URIs/IRIs.
14:15:21.239 [main] WARN org.apache.jena.riot - [line: 173, col: 38] Bad IRI: <%3Chttp://www.openlinksw.com/schemas/virtrdf#Geometry%3E> Code: 0/ILLEGAL_CHARACTER in SCHEME: The character violates the grammar rules for URIs/IRIs.
14:15:21.239 [main] WARN org.apache.jena.riot - [line: 217, col: 38] Bad IRI: <%3Chttp://www.openlinksw.com/schemas/virtrdf#Geometry%3E> Code: 0/ILLEGAL_CHARACTER in SCHEME: The character violates the grammar rules for URIs/IRIs.
14:15:21.239 [main] WARN org.apache.jena.riot - [line: 264, col: 38] Bad IRI: <%3Chttp://www.openlinksw.com/schemas/virtrdf#Geometry%3E> Code: 0/ILLEGAL_CHARACTER in SCHEME: The character violates the grammar rules for URIs/IRIs.
14:15:21.239 [main] WARN org.apache.jena.riot - [line: 307, col: 38] Bad IRI: <%3Chttp://www.openlinksw.com/schemas/virtrdf#Geometry%3E> Code: 0/ILLEGAL_CHARACTER in SCHEME: The character violates the grammar rules for URIs/IRIs.
14:15:21.239 [main] WARN org.apache.jena.riot - [line: 379, col: 38] Bad IRI: <%3Chttp://www.openlinksw.com/schemas/virtrdf#Geometry%3E> Code: 0/ILLEGAL_CHARACTER in SCHEME: The character violates the grammar rules for URIs/IRIs.
14:15:21.239 [main] WARN org.apache.jena.riot - [line: 426, col: 38] Bad IRI: <%3Chttp://www.openlinksw.com/schemas/virtrdf#Geometry%3E> Code: 0/ILLEGAL_CHARACTER in SCHEME: The character violates the grammar rules for URIs/IRIs.
14:15:21.240 [main] WARN org.apache.jena.riot - [line: 497, col: 38] Bad IRI: <%3Chttp://www.openlinksw.com/schemas/virtrdf#Geometry%3E> Code: 0/ILLEGAL_CHARACTER in SCHEME: The character violates the grammar rules for URIs/IRIs.
14:15:21.240 [main] WARN org.apache.jena.riot - [line: 615, col: 38] Bad IRI: <%3Chttp://www.openlinksw.com/schemas/virtrdf#Geometry%3E> Code: 0/ILLEGAL_CHARACTER in SCHEME: The character violates the grammar rules for URIs/IRIs.
14:15:21.240 [main] WARN org.apache.jena.riot - [line: 708, col: 38] Bad IRI: <%3Chttp://www.openlinksw.com/schemas/virtrdf#Geometry%3E> Code: 0/ILLEGAL_CHARACTER in SCHEME: The character violates the grammar rules for URIs/IRIs.
14:15:21.240 [main] WARN org.apache.jena.riot - [line: 792, col: 38] Bad IRI: <%3Chttp://www.openlinksw.com/schemas/virtrdf#Geometry%3E> Code: 0/ILLEGAL_CHARACTER in SCHEME: The character violates the grammar rules for URIs/IRIs.
14:15:21.241 [main] WARN org.apache.jena.riot - [line: 885, col: 38] Bad IRI: <%3Chttp://www.openlinksw.com/schemas/virtrdf#Geometry%3E> Code: 0/ILLEGAL_CHARACTER in SCHEME: The character violates the grammar rules for URIs/IRIs.
14:15:21.241 [main] WARN org.apache.jena.riot - [line: 951, col: 38] Bad IRI: <%3Chttp://www.openlinksw.com/schemas/virtrdf#Geometry%3E> Code: 0/ILLEGAL_CHARACTER in SCHEME: The character violates the grammar rules for URIs/IRIs.
14:15:21.241 [main] WARN org.apache.jena.riot - [line: 1086, col: 38] Bad IRI: <%3Chttp://www.openlinksw.com/schemas/virtrdf#Geometry%3E> Code: 0/ILLEGAL_CHARACTER in SCHEME: The character violates the grammar rules for URIs/IRIs.
14:15:21.242 [main] WARN org.apache.jena.riot - [line: 1221, col: 38] Bad IRI: <%3Chttp://www.openlinksw.com/schemas/virtrdf#Geometry%3E> Code: 0/ILLEGAL_CHARACTER in SCHEME: The character violates the grammar rules for URIs/IRIs.
14:15:21.242 [main] WARN org.apache.jena.riot - [line: 1309, col: 38] Bad IRI: <%3Chttp://www.openlinksw.com/schemas/virtrdf#Geometry%3E> Code: 0/ILLEGAL_CHARACTER in SCHEME: The character violates the grammar rules for URIs/IRIs.
14:15:21.242 [main] WARN org.apache.jena.riot - [line: 1387, col: 38] Bad IRI: <%3Chttp://www.openlinksw.com/schemas/virtrdf#Geometry%3E> Code: 0/ILLEGAL_CHARACTER in SCHEME: The character violates the grammar rules for URIs/IRIs.
14:15:21.242 [main] WARN org.apache.jena.riot - [line: 1431, col: 38] Bad IRI: <%3Chttp://www.openlinksw.com/schemas/virtrdf#Geometry%3E> Code: 0/ILLEGAL_CHARACTER in SCHEME: The character violates the grammar rules for URIs/IRIs.
14:15:21.243 [main] WARN org.apache.jena.riot - [line: 1512, col: 38] Bad IRI: <%3Chttp://www.openlinksw.com/schemas/virtrdf#Geometry%3E> Code: 0/ILLEGAL_CHARACTER in SCHEME: The character violates the grammar rules for URIs/IRIs.
14:15:21.243 [main] WARN org.apache.jena.riot - [line: 1589, col: 38] Bad IRI: <%3Chttp://www.openlinksw.com/schemas/virtrdf#Geometry%3E> Code: 0/ILLEGAL_CHARACTER in SCHEME: The character violates the grammar rules for URIs/IRIs.
14:15:21.243 [main] WARN org.apache.jena.riot - [line: 1670, col: 38] Bad IRI: <%3Chttp://www.openlinksw.com/schemas/virtrdf#Geometry%3E> Code: 0/ILLEGAL_CHARACTER in SCHEME: The character violates the grammar rules for URIs/IRIs.
14:15:21.243 [main] WARN org.apache.jena.riot - [line: 1716, col: 38] Bad IRI: <%3Chttp://www.openlinksw.com/schemas/virtrdf#Geometry%3E> Code: 0/ILLEGAL_CHARACTER in SCHEME: The character violates the grammar rules for URIs/IRIs.
14:15:21.244 [main] WARN org.apache.jena.riot - [line: 1771, col: 38] Bad IRI: <%3Chttp://www.openlinksw.com/schemas/virtrdf#Geometry%3E> Code: 0/ILLEGAL_CHARACTER in SCHEME: The character violates the grammar rules for URIs/IRIs.
14:15:21.244 [main] WARN org.apache.jena.riot - [line: 1850, col: 38] Bad IRI: <%3Chttp://www.openlinksw.com/schemas/virtrdf#Geometry%3E> Code: 0/ILLEGAL_CHARACTER in SCHEME: The character violates the grammar rules for URIs/IRIs.
14:15:21.244 [main] WARN org.apache.jena.riot - [line: 1916, col: 38] Bad IRI: <%3Chttp://www.openlinksw.com/schemas/virtrdf#Geometry%3E> Code: 0/ILLEGAL_CHARACTER in SCHEME: The character violates the grammar rules for URIs/IRIs.
14:15:21.244 [main] WARN org.apache.jena.riot - [line: 1960, col: 38] Bad IRI: <%3Chttp://www.openlinksw.com/schemas/virtrdf#Geometry%3E> Code: 0/ILLEGAL_CHARACTER in SCHEME: The character violates the grammar rules for URIs/IRIs.
14:15:21.244 [main] WARN org.apache.jena.riot - [line: 2016, col: 38] Bad IRI: <%3Chttp://www.openlinksw.com/schemas/virtrdf#Geometry%3E> Code: 0/ILLEGAL_CHARACTER in SCHEME: The character violates the grammar rules for URIs/IRIs.
14:15:21.245 [main] WARN org.apache.jena.riot - [line: 2094, col: 38] Bad IRI: <%3Chttp://www.openlinksw.com/schemas/virtrdf#Geometry%3E> Code: 0/ILLEGAL_CHARACTER in SCHEME: The character violates the grammar rules for URIs/IRIs.
14:15:21.245 [main] WARN org.apache.jena.riot - [line: 2136, col: 38] Bad IRI: <%3Chttp://www.openlinksw.com/schemas/virtrdf#Geometry%3E> Code: 0/ILLEGAL_CHARACTER in SCHEME: The character violates the grammar rules for URIs/IRIs.
14:15:21.245 [main] WARN org.apache.jena.riot - [line: 2182, col: 38] Bad IRI: <%3Chttp://www.openlinksw.com/schemas/virtrdf#Geometry%3E> Code: 0/ILLEGAL_CHARACTER in SCHEME: The character violates the grammar rules for URIs/IRIs.
14:15:21.245 [main] WARN org.apache.jena.riot - [line: 2225, col: 38] Bad IRI: <%3Chttp://www.openlinksw.com/schemas/virtrdf#Geometry%3E> Code: 0/ILLEGAL_CHARACTER in SCHEME: The character violates the grammar rules for URIs/IRIs.
14:15:21.245 [main] WARN org.apache.jena.riot - [line: 2296, col: 38] Bad IRI: <%3Chttp://www.openlinksw.com/schemas/virtrdf#Geometry%3E> Code: 0/ILLEGAL_CHARACTER in SCHEME: The character violates the grammar rules for URIs/IRIs.
14:15:21.246 [main] WARN org.apache.jena.riot - [line: 2374, col: 38] Bad IRI: <%3Chttp://www.openlinksw.com/schemas/virtrdf#Geometry%3E> Code: 0/ILLEGAL_CHARACTER in SCHEME: The character violates the grammar rules for URIs/IRIs.
14:15:21.246 [main] WARN org.apache.jena.riot - [line: 2417, col: 38] Bad IRI: <%3Chttp://www.openlinksw.com/schemas/virtrdf#Geometry%3E> Code: 0/ILLEGAL_CHARACTER in SCHEME: The character violates the grammar rules for URIs/IRIs.
14:15:21.246 [main] WARN org.apache.jena.riot - [line: 2463, col: 38] Bad IRI: <%3Chttp://www.openlinksw.com/schemas/virtrdf#Geometry%3E> Code: 0/ILLEGAL_CHARACTER in SCHEME: The character violates the grammar rules for URIs/IRIs.
14:15:21.246 [main] WARN org.apache.jena.riot - [line: 2582, col: 38] Bad IRI: <%3Chttp://www.openlinksw.com/schemas/virtrdf#Geometry%3E> Code: 0/ILLEGAL_CHARACTER in SCHEME: The character violates the grammar rules for URIs/IRIs.
14:15:21.247 [main] WARN org.apache.jena.riot - [line: 2689, col: 38] Bad IRI: <%3Chttp://www.openlinksw.com/schemas/virtrdf#Geometry%3E> Code: 0/ILLEGAL_CHARACTER in SCHEME: The character violates the grammar rules for URIs/IRIs.
14:15:21.247 [main] WARN org.apache.jena.riot - [line: 2746, col: 38] Bad IRI: <%3Chttp://www.openlinksw.com/schemas/virtrdf#Geometry%3E> Code: 0/ILLEGAL_CHARACTER in SCHEME: The character violates the grammar rules for URIs/IRIs.
prettyFormatTurtle  - 0 - 0
Time Elapsed 0.95_200 0 sec , 0 min
***** Total Parsing Time 13 sec , 0 min *****
Time Elapsed extractSHACLShapes-Time.For.Pruning.Only 18 sec , 0 min
***** Total Parsing Time 31 sec , 0 min *****
[DATASET, Confidence, Support, COUNT_MCC, MIN_CC, AVG_CC, COUNT_CC, MIN_MCC, COUNT_PS, MIN_LC, AVG_MCC, COUNT_NS, AVG_LC, MAX_LC, AVG_PS, MAX_CC, MAX_PS, MAX_MCC, COUNT_LC, MIN_PS, ]
Done
Time Elapsed extractSHACLShapes 30 sec , 0 min
***** Total Parsing Time 61 sec , 0 min *****
STATS: 
	No. of Classes: 257
2026/03/09 14:15:21
